po_line_id,po_id,part_id,ordered_qty,unit_price
1,1,41,14,157.86
2,1,39,39,49.25
3,2,149,221,451.8
4,3,175,344,305.44
5,3,197,29,386.94
6,3,12,82,118.44
7,4,178,416,413.05
8,4,172,190,70.27
9,5,49,15,454.15
10,5,36,46,304.59
11,5,33,11,341.76
12,6,89,149,58.52
13,6,178,11,458.18
14,7,19,147,467.99
15,7,50,860,32.62
16,8,101,660,28.8
17,8,29,29,174.21
18,9,38,918,445.59
19,9,123,453,769.86
20,9,174,27,328.35
21,9,188,230,238.71
22,9,194,263,177.51
23,9,4,46,657.56
24,10,2,43,715.95
25,10,66,54,484.38
26,11,55,99,88.49
27,11,181,1172,231.35
28,11,86,15,338.35
29,11,110,136,573.46
30,11,2,550,599.33
31,11,128,911,378.13
32,12,190,744,247.4
33,13,37,29,531.07
34,13,109,11,412.56
35,13,145,59,533.5
36,13,5,127,398.07
37,14,119,15,629.66
38,14,7,11,606.84
39,14,185,709,241.67
40,15,112,195,337.28
41,16,47,287,489.92
42,17,194,247,205.8
43,17,176,12,444.11
44,17,60,128,73.21
45,18,87,10,461.0
46,19,107,14,672.12
47,20,38,147,520.33
48,21,47,39,476.25
49,21,117,124,236.84
50,21,200,129,63.97
51,21,14,11,581.0
52,22,170,266,244.67
53,23,21,18,218.48
54,24,75,46,221.84
55,25,83,50,146.35
56,25,36,183,312.3
57,25,190,11,272.81
58,26,113,17,590.95
59,26,40,193,51.46
60,26,178,105,477.53
61,26,161,9,281.46
62,26,66,553,552.3
63,26,88,97,742.01
64,27,112,6,393.25
65,28,117,33,235.84
66,28,40,1099,56.26
67,28,140,28,145.93
68,29,165,878,60.35
69,30,88,27,585.88
70,31,109,123,415.84
71,31,9,102,503.01
72,31,86,670,401.73
73,32,121,868,141.2
74,32,148,108,358.41
75,33,45,1262,341.56
76,34,93,593,139.05
77,34,61,129,473.14
78,34,96,117,565.91
79,35,143,50,570.71
80,35,6,50,672.69
81,35,134,593,167.63
82,36,94,302,634.06
83,36,44,133,280.82
84,36,11,14,242.99
85,36,123,175,666.78
86,36,120,95,464.82
87,37,106,6,69.71
88,37,22,285,75.17
89,37,172,55,66.37
90,37,14,247,546.03
91,37,84,10,288.37
92,38,74,66,275.98
93,38,145,365,584.44
94,39,21,15,190.25
95,40,121,57,174.1
96,40,94,582,631.89
97,40,160,365,83.05
98,40,155,55,274.48
99,40,122,125,201.6
100,41,89,590,74.78
101,41,39,58,48.0
102,41,99,29,206.38
103,41,170,64,204.96
104,42,175,14,410.44
105,42,94,19,603.65
106,43,59,1252,698.47
107,43,114,1283,362.55
108,43,109,103,464.51
109,44,197,127,401.87
110,44,2,80,683.21
111,44,136,863,319.87
112,44,82,445,396.15
113,44,88,39,705.66
114,45,55,67,94.09
115,45,87,428,490.76
116,45,129,26,681.16
117,46,54,63,613.86
118,46,47,124,407.4
119,46,67,6,221.37
120,47,133,46,217.94
121,47,96,222,575.1
122,47,178,411,429.04
123,47,19,12,483.17
124,47,137,182,316.34
125,48,169,597,50.17
126,48,117,718,236.56
127,49,11,33,218.29
128,49,40,116,49.32
129,49,38,68,491.58
130,49,169,664,48.97
131,49,108,1384,283.05
132,50,27,14,215.08
133,50,184,147,263.47
134,50,157,520,597.42
135,50,37,50,529.27
136,51,117,122,266.21
137,51,27,487,214.44
138,52,68,58,411.95
139,53,13,65,251.48
140,53,70,18,539.76
141,54,159,191,326.47
142,54,129,192,649.69
143,54,133,39,224.41
144,54,167,126,525.48
145,55,2,285,572.39
146,55,30,298,330.5
147,56,1,73,297.68
148,56,177,477,466.22
149,57,179,142,212.97
150,58,155,7,235.46
151,58,7,157,626.04
152,59,109,45,489.52
153,59,185,15,250.13
154,59,172,902,81.31
155,60,62,12,430.5
156,60,16,51,561.15
157,60,120,12,444.81
158,61,116,15,465.07
159,61,163,146,512.54
160,61,77,608,144.94
161,62,106,574,56.85
162,63,91,27,308.85
163,63,108,6,245.08
164,64,4,686,699.86
165,64,126,252,423.29
166,64,140,92,129.37
167,65,89,88,65.55
168,65,160,60,75.08
169,65,131,286,457.31
170,65,85,1051,561.86
171,65,132,32,686.01
172,66,134,108,191.85
173,66,181,1452,188.09
174,66,139,284,213.29
175,66,98,810,376.03
176,66,111,30,743.66
177,67,115,27,280.2
178,67,10,208,671.75
179,67,85,59,600.44
180,67,40,668,60.54
181,67,12,7,130.39
182,67,63,102,654.33
183,67,21,26,243.06
184,67,172,490,73.43
185,68,139,639,184.98
186,68,180,21,434.2
187,69,185,145,238.24
188,69,63,15,474.28
189,69,39,23,49.09
190,69,2,15,678.1
191,69,130,1370,27.47
192,69,124,602,659.07
193,69,115,70,280.81
194,70,34,6,87.15
195,70,116,52,547.8
196,70,128,72,511.59
197,70,165,962,74.47
198,70,183,662,264.11
199,70,197,66,402.08
200,71,6,13,772.72
201,71,80,42,81.62
202,71,182,102,629.85
203,71,42,592,50.29
204,71,66,950,645.02
205,72,10,6,595.13
206,72,76,207,95.98
207,73,150,642,339.64
208,73,108,1145,259.64
209,74,88,102,783.99
210,74,98,51,423.53
211,75,172,125,68.89
212,75,111,339,745.29
213,76,42,193,46.14
214,76,73,5,225.93
215,76,140,15,142.69
216,76,155,54,261.55
217,76,85,779,495.67
218,76,91,27,273.21
219,77,153,6,531.3
220,77,83,7,200.02
221,77,53,202,164.5
222,78,130,14,24.31
223,78,128,145,425.91
224,79,14,1498,548.17
225,79,83,258,152.27
226,79,141,718,387.96
227,80,51,6,550.22
228,80,84,67,368.0
229,80,104,15,82.64
230,80,118,55,525.5
231,81,179,699,211.27
232,81,149,84,487.7
233,82,95,70,94.25
234,82,7,443,685.02
235,82,88,291,594.83
236,83,74,22,290.91
237,83,20,406,462.22
238,83,144,698,505.85
239,84,117,133,253.99
240,84,172,115,66.12
241,84,199,11,649.08
242,84,136,8,388.18
243,84,166,80,39.44
244,85,53,13,163.03
245,86,99,276,219.39
246,86,196,10,52.84
247,87,15,26,631.97
248,88,45,746,416.16
249,88,186,25,609.81
250,88,24,140,228.1
251,88,44,16,364.33
252,89,148,1217,440.87
253,89,65,9,469.53
254,89,24,17,214.31
255,89,46,214,161.66
256,90,123,29,746.36
257,90,156,368,573.26
258,91,3,280,346.58
259,91,23,614,681.67
260,92,187,433,479.42
261,92,60,22,74.97
262,92,68,119,518.65
263,92,129,105,567.37
264,93,75,616,192.52
265,93,33,22,359.81
266,93,30,352,246.44
267,94,24,272,213.54
268,94,75,22,261.5
269,95,140,514,118.17
270,96,106,860,54.93
271,96,78,1072,710.14
272,97,10,14,578.62
273,97,132,245,638.5
274,97,40,9,49.64
275,97,18,931,2.06
276,97,172,99,88.45
277,98,183,24,335.01
278,98,179,11,250.08
279,98,18,1263,1.72
280,98,124,66,561.34
281,98,22,24,96.23
282,98,3,13,464.51
283,98,168,73,499.18
284,99,8,8,509.75
285,99,127,891,276.4
286,100,117,327,250.02
287,100,89,480,62.67
288,100,193,877,456.13
289,101,7,696,670.59
290,102,187,736,589.62
291,102,20,555,466.64
292,102,24,628,242.06
293,103,49,9,511.22
294,103,195,5,249.2
295,103,147,45,69.56
296,103,157,1468,587.54
297,103,98,149,397.78
298,103,198,748,228.07
299,103,53,5,134.85
300,104,134,199,191.18
301,104,3,58,408.55
302,104,7,15,608.82
303,105,8,84,512.29
304,105,193,79,474.82
305,106,135,275,107.91
306,106,142,84,723.44
307,106,50,1078,31.61
308,107,84,24,344.01
309,107,139,62,196.44
310,107,178,613,490.48
311,108,148,128,459.28
312,109,133,100,227.93
313,109,43,21,648.12
314,109,200,138,63.05
315,109,193,13,386.25
316,109,61,5,582.47
317,110,113,162,634.33
318,110,94,773,540.29
319,111,183,9,295.2
320,111,69,6,324.6
321,112,86,70,393.42
322,113,10,51,502.53
323,113,32,6,583.71
324,113,67,65,184.06
325,114,29,406,153.06
326,115,18,104,1.61
327,115,19,44,429.1
328,116,97,6,89.12
329,117,192,833,496.95
330,117,6,385,772.81
331,118,45,101,340.71
332,118,190,1443,279.54
333,118,102,20,545.24
334,118,129,65,591.25
335,118,64,1177,507.47
336,119,87,59,583.71
337,119,146,5,603.38
338,120,24,13,228.27
339,120,154,29,60.18
340,120,106,194,56.51
341,120,165,24,72.35
342,121,197,130,332.99
343,121,114,58,393.13
344,121,191,165,163.77
345,121,54,52,714.86
346,122,8,1216,518.76
347,123,93,123,144.62
348,123,9,1193,513.66
349,124,199,376,562.06
350,124,5,1246,465.12
351,124,62,53,483.48
352,124,71,26,189.77
353,124,136,61,351.05
354,125,32,39,578.91
355,125,79,108,190.37
356,125,47,585,504.11
357,125,153,488,493.54
358,125,91,67,247.24
359,126,129,6,756.23
360,126,2,694,732.25
361,127,18,15,1.82
362,127,166,642,44.99
363,127,115,54,287.06
364,128,105,146,405.39
365,128,183,70,297.46
366,128,55,122,92.72
367,129,12,51,135.79
368,129,14,6,690.6
369,129,24,57,198.29
370,130,20,370,478.69
371,130,189,1499,684.12
372,131,144,711,533.03
373,131,73,603,211.87
374,131,24,745,224.04
375,132,139,67,208.51
376,132,52,121,641.65
377,132,164,496,551.48
378,132,55,12,74.46
379,133,84,77,333.59
380,134,25,212,249.87
381,134,22,742,97.79
382,134,88,1488,673.69
383,135,134,1095,144.87
384,136,1,6,295.84
385,136,125,8,581.68
386,136,187,44,585.56
387,136,148,15,445.24
388,137,195,86,226.23
389,137,148,634,447.45
390,138,188,283,253.7
391,138,198,836,229.51
392,138,172,20,81.71
393,139,75,1471,227.55
394,139,144,6,583.99
395,139,173,11,383.99
396,140,25,12,232.89
397,141,8,18,518.46
398,141,141,112,381.79
399,141,42,91,36.62
400,141,194,186,209.15
401,142,141,48,381.89
402,142,56,126,507.64
403,142,147,30,73.34
404,142,166,13,37.96
405,143,121,746,165.79
406,143,3,10,402.35
407,143,194,458,197.26
408,143,192,935,577.25
409,143,152,145,561.62
410,143,6,1341,724.85
411,143,115,11,354.47
412,143,12,147,133.53
413,144,173,122,410.53
414,144,178,909,500.35
415,144,112,182,324.34
416,145,74,769,240.86
417,145,173,47,395.45
418,146,174,13,290.74
419,146,71,121,193.58
420,147,123,25,772.82
421,147,148,7,377.07
422,148,39,7,62.28
423,149,58,13,429.82
424,149,15,726,608.86
425,150,96,72,457.69
426,151,195,758,262.4
427,151,9,441,527.42
428,151,119,101,526.16
429,151,193,15,408.24
430,151,199,87,532.87
431,152,52,537,664.95
432,152,124,12,632.55
433,152,195,1380,233.82
434,153,105,93,413.56
435,153,154,31,63.39
436,153,54,60,580.1
437,153,50,1020,34.83
438,153,35,1333,241.05
439,154,46,1080,131.67
440,154,48,26,722.25
441,154,87,1267,568.18
442,155,2,23,596.8
443,155,140,7,135.07
444,155,178,35,430.71
445,155,150,697,320.31
446,155,80,519,96.54
447,156,72,113,377.89
448,156,94,17,550.44
449,157,4,19,636.82
450,157,69,1211,349.41
451,157,119,1435,629.53
452,158,108,443,239.5
453,158,147,564,62.91
454,159,92,1191,172.3
455,159,79,117,206.79
456,159,78,19,708.51
457,159,187,79,525.92
458,160,162,735,466.01
459,160,116,102,490.18
460,160,51,15,602.58
461,161,143,1072,486.36
462,161,55,111,90.45
463,161,163,586,641.29
464,162,21,7,184.84
465,162,178,175,484.52
466,162,96,460,517.51
467,163,21,614,187.15
468,163,175,9,345.6
469,164,167,537,477.7
470,164,135,30,120.7
471,164,104,59,67.73
472,164,164,215,479.74
473,164,172,13,78.27
474,165,23,167,582.23
475,165,188,970,202.49
476,165,1,8,310.72
477,165,60,74,74.77
478,166,147,73,69.7
479,166,174,167,298.96
480,167,143,170,585.67
481,168,93,1163,154.06
482,168,112,10,380.69
483,169,14,676,543.42
484,169,39,25,61.75
485,170,98,17,358.24
486,170,172,961,81.67
487,170,97,686,98.68
488,170,57,16,494.87
489,170,175,53,364.56
490,170,191,9,149.2
491,171,149,8,517.33
492,171,32,122,575.13
493,171,9,471,644.4
494,171,155,327,238.02
495,172,115,595,331.33
496,172,199,171,580.16
497,172,197,30,423.78
498,172,143,558,590.62
499,172,147,262,60.75
500,173,107,71,647.49
501,174,94,5,525.69
502,174,164,131,508.32
503,174,144,94,586.68
504,175,127,730,294.99
505,175,55,127,98.31
506,176,183,106,279.76
507,176,84,84,392.41
508,176,34,138,93.54
509,176,129,62,643.66
510,177,193,30,390.8
511,177,139,764,175.35
512,177,129,903,617.12
513,178,11,25,179.86
514,178,102,11,704.19
515,179,173,130,465.08
516,179,100,15,367.22
517,179,72,1375,312.48
518,180,153,7,403.48
519,180,85,44,616.68
520,180,46,190,126.87
521,181,54,112,627.63
522,181,85,14,573.75
523,181,80,7,84.83
524,182,118,707,437.66
525,182,111,691,652.86
526,183,30,838,330.62
527,184,148,120,461.26
528,184,175,258,377.47
529,185,180,281,342.68
530,185,18,1329,1.61
531,185,164,220,430.48
532,186,140,608,133.06
533,186,107,13,597.76
534,187,1,526,312.72
535,187,197,1355,328.36
536,188,28,27,509.82
537,188,8,966,583.34
538,188,18,14,1.88
539,189,168,159,553.14
540,189,24,123,237.73
541,190,186,42,586.11
542,190,96,656,600.48
543,190,10,27,614.7
544,191,21,1160,183.6
545,191,129,10,686.49
546,191,111,290,690.4
547,192,42,1448,48.42
548,192,193,727,470.1
549,193,5,29,426.15
550,193,126,640,539.54
551,193,180,54,358.33
552,193,26,11,612.2
553,193,154,1272,57.89
554,193,109,276,499.5
555,193,22,20,93.19
556,194,121,44,176.36
557,194,127,52,311.36
558,194,93,6,183.05
559,194,134,28,184.34
560,194,143,316,453.41
561,195,16,299,479.84
562,195,100,9,402.66
563,196,29,11,143.88
564,197,139,615,230.68
565,197,21,573,194.28
566,197,32,557,554.36
567,198,16,43,562.53
568,198,47,254,479.48
569,199,16,784,527.75
570,199,110,186,670.82
571,199,39,240,62.66
572,199,57,605,416.48
573,199,30,241,297.77
574,200,104,43,68.82
575,200,141,6,426.28
576,200,13,717,235.7
577,201,104,14,81.79
578,201,71,513,153.12
579,201,199,1307,674.93
580,202,180,8,442.85
581,202,20,268,396.86
582,202,178,165,438.01
583,202,157,26,588.88
584,202,128,236,498.15
585,203,129,133,697.29
586,203,9,76,538.98
587,204,57,523,547.92
588,204,176,231,498.06
589,204,159,22,260.33
590,205,171,258,613.48
591,205,159,143,326.81
592,206,111,67,707.27
593,206,46,517,149.12
594,207,155,11,244.76
595,207,22,1467,87.98
596,207,154,296,60.68
597,207,89,149,72.73
598,208,133,281,196.76
599,208,82,1462,380.42
600,209,115,13,302.77
601,209,100,1219,390.58
602,209,22,13,82.59
603,210,70,283,560.86
604,210,103,457,699.05
605,210,141,9,377.85
606,211,191,7,174.79
607,211,126,1435,570.35
608,211,176,12,571.84
609,211,76,32,74.79
610,212,39,1243,59.74
611,212,88,10,735.26
612,213,159,138,276.75
613,213,80,9,97.64
614,213,154,64,52.62
615,214,188,35,196.45
616,214,59,310,599.04
617,215,5,58,429.55
618,215,85,25,596.33
619,215,157,11,684.25
620,215,160,154,74.07
621,215,59,363,564.47
622,216,179,531,251.2
623,216,165,985,62.67
624,216,20,703,478.93
625,216,72,671,323.98
626,217,152,687,563.47
627,217,196,12,42.37
628,217,140,129,119.18
629,217,39,112,55.06
630,218,191,122,130.17
631,218,133,13,228.37
632,218,21,27,189.58
633,219,119,1117,654.45
634,219,133,717,211.23
635,220,116,847,450.68
636,220,73,25,189.53
637,220,199,290,536.56
638,221,127,40,289.9
639,221,161,411,241.03
640,221,39,14,62.19
641,221,81,529,582.51
642,222,12,15,127.47
643,223,135,66,140.21
644,223,48,90,659.95
645,223,131,121,519.0
646,224,127,598,323.2
647,224,77,12,112.34
648,224,83,486,157.43
649,225,56,172,432.21
650,225,184,64,306.02
651,225,100,63,424.64
652,226,76,699,72.13
653,227,68,622,505.53
654,227,57,8,459.49
655,227,1,22,340.71
656,227,163,143,545.61
657,228,70,11,528.94
658,228,53,979,170.42
659,229,93,64,183.82
660,229,59,22,719.75
661,229,63,53,477.59
662,230,53,1133,140.83
663,231,154,62,63.59
664,231,128,66,478.74
665,232,188,118,259.25
666,232,136,181,392.7
667,232,135,1383,105.72
668,233,40,36,54.88
669,233,128,20,445.69
670,233,156,54,550.24
671,234,55,27,82.28
672,234,31,108,382.52
673,234,42,8,39.28
674,234,43,15,699.81
675,234,48,689,679.85
676,235,143,122,534.61
677,235,119,10,540.67
678,235,80,91,101.91
679,235,118,853,419.68
680,236,116,13,595.97
681,236,97,655,96.39
682,236,184,26,299.99
683,237,149,1428,574.42
684,238,138,258,506.13
685,238,43,19,694.8
686,238,124,22,597.68
687,239,77,640,133.87
688,240,111,53,619.39
689,240,146,74,450.67
690,240,43,15,738.62
691,240,170,30,227.91
692,240,195,389,271.71
693,240,10,118,691.28
694,240,103,405,744.78
695,240,169,85,42.4
696,241,31,889,310.73
697,241,8,236,502.23
698,242,79,719,223.49
699,242,144,56,578.13
700,242,182,12,629.89
701,243,93,1125,154.28
702,243,189,33,620.86
703,243,142,107,605.75
704,244,196,910,54.98
705,245,148,20,393.69
706,245,128,198,445.26
707,246,93,7,175.53
708,246,144,10,666.1
709,246,109,11,390.81
710,247,143,260,479.04
711,247,7,991,589.94
712,247,141,22,330.78
713,247,168,990,524.42
714,248,8,6,460.8
715,248,9,8,562.21
716,249,73,25,196.98
717,250,159,575,326.44
718,250,41,103,123.6
719,251,101,1407,26.01
720,251,25,120,187.03
721,251,99,1129,243.92
722,251,199,214,525.79
723,252,124,288,637.48
724,252,58,366,391.89
725,252,136,11,330.65
726,252,170,13,245.74
727,252,7,68,628.44
728,252,98,337,354.99
729,252,117,887,239.17
730,253,69,432,381.11
731,253,93,112,142.94
732,253,159,97,246.01
733,253,121,418,174.28
734,253,27,13,193.45
735,253,171,71,649.82
736,253,193,668,410.18
737,254,151,101,705.99
738,254,109,1141,437.31
739,254,131,563,585.5
740,254,88,169,704.03
741,255,89,149,68.37
742,255,129,1318,726.97
743,256,55,30,84.83
744,256,179,69,189.31
745,257,39,134,56.68
746,257,126,1265,472.58
747,258,68,51,483.05
748,258,189,89,549.88
749,259,68,8,511.04
750,259,114,1238,324.41
751,259,191,141,173.11
752,260,184,26,273.7
753,260,164,100,490.41
754,260,34,11,85.41
755,261,135,23,111.38
756,261,157,7,668.63
757,261,102,39,705.49
758,261,81,13,645.28
759,262,59,143,695.89
760,263,104,14,75.08
761,263,149,18,493.84
762,264,135,19,103.33
763,264,11,1375,181.89
764,264,179,12,213.66
765,264,71,26,177.71
766,264,200,529,49.36
767,264,8,1238,447.07
768,264,122,51,245.71
769,265,149,14,478.97
770,265,111,97,701.41
771,266,101,269,25.71
772,266,111,1452,757.4
773,267,147,195,58.84
774,268,14,157,712.49
775,268,182,14,494.5
776,268,195,495,205.77
777,269,29,9,195.2
778,269,175,55,348.73
779,269,153,227,418.67
780,269,84,30,378.64
781,270,23,38,699.86
782,271,168,60,536.29
783,271,96,142,516.78
784,272,89,18,61.77
785,272,172,53,73.78
786,272,194,194,180.31
787,272,197,56,315.48
788,272,165,1414,69.87
789,272,176,14,516.49
790,273,185,14,263.66
791,273,103,14,657.9
792,274,166,293,48.63
793,274,151,12,766.54
794,275,64,8,517.27
795,275,128,1479,445.43
796,275,106,13,63.74
797,275,129,904,686.31
798,275,115,14,347.2
799,276,127,103,350.78
800,276,10,573,588.2
801,277,132,51,652.76
802,277,51,71,597.12
803,277,3,58,425.69
804,277,59,14,727.3
805,278,123,11,610.41
806,278,48,952,755.71
807,278,132,149,632.03
808,279,66,724,554.43
809,279,63,510,611.01
810,280,69,212,343.51
811,280,67,75,197.77
812,280,11,7,188.7
813,281,119,51,636.48
814,281,161,33,265.48
815,281,96,554,588.46
816,282,167,14,471.85
817,283,160,14,92.53
818,283,103,1392,755.7
819,283,98,67,359.34
820,284,1,9,318.35
821,284,63,13,523.86
822,285,16,28,423.3
823,285,47,27,486.69
824,285,175,36,359.94
825,285,119,25,554.5
826,286,171,24,640.1
827,286,137,677,361.19
828,287,15,51,580.44
829,288,146,40,483.55
830,288,61,72,550.46
831,288,15,126,658.61
832,289,53,1025,167.27
833,289,151,67,627.99
834,290,61,68,553.96
835,290,135,65,128.0
836,290,27,1015,172.43
837,291,34,34,88.11
838,291,151,484,647.43
839,291,91,257,296.11
840,291,26,8,516.97
841,291,130,7,28.96
842,292,109,613,476.77
843,293,78,501,646.76
844,293,68,650,386.64
845,294,76,54,73.03
846,294,132,673,646.54
847,294,142,214,706.32
848,295,183,7,279.83
849,295,75,143,221.39
850,296,89,17,65.08
851,296,91,116,240.94
852,296,154,1212,66.08
853,296,179,94,209.55
854,296,199,127,597.84
855,297,127,275,309.38
856,297,70,309,437.57
857,297,96,65,507.34
858,298,64,112,409.58
859,298,124,12,744.57
860,298,153,55,431.12
861,299,146,140,591.4
862,299,177,1393,433.33
863,299,189,14,609.33
864,299,107,922,661.95
865,300,85,54,529.23
866,301,44,950,322.56
867,302,6,13,759.64
868,302,97,20,91.15
869,302,78,86,738.52
870,303,95,10,117.47
871,303,29,549,159.95
872,303,178,42,431.86
873,303,161,43,265.74
874,303,52,69,548.48
875,303,71,130,191.42
876,304,143,14,586.8
877,304,170,492,261.21
878,305,107,1282,566.71
879,305,131,8,564.59
880,305,14,118,646.35
881,305,144,1218,534.02
882,306,23,71,657.41
883,307,197,609,359.87
884,307,41,14,150.34
885,307,24,13,217.35
886,308,18,291,2.07
887,308,172,209,79.83
888,308,175,15,299.25
889,308,108,65,289.34
890,308,10,116,522.77
891,308,135,705,102.87
892,309,13,242,256.58
893,309,9,369,505.91
894,310,63,7,473.39
895,310,128,695,453.34
896,310,151,474,593.17
897,311,17,142,247.64
898,311,144,102,620.05
899,311,137,127,309.32
900,312,70,254,440.06
901,312,35,240,196.12
902,313,197,93,362.73
903,314,106,39,51.76
904,315,144,1184,510.17
905,315,50,110,34.47
906,316,153,51,491.68
907,316,167,195,504.34
908,317,157,16,613.27
909,317,146,294,593.14
910,318,157,1069,648.42
911,318,56,12,453.85
912,319,104,22,60.91
913,319,80,23,96.01
914,319,168,252,602.49
915,319,37,261,547.45
916,320,100,743,361.9
917,320,108,22,311.58
918,320,171,23,619.21
919,320,133,318,214.97
920,320,17,64,300.26
921,320,32,19,488.08
922,321,199,118,520.78
923,321,70,183,548.54
924,321,14,692,650.17
925,322,129,14,717.66
926,322,63,54,599.98
927,323,84,115,356.82
928,323,173,1481,448.3
929,323,199,100,619.63
930,323,116,6,488.48
931,323,170,13,199.07
932,324,192,462,548.34
933,324,123,153,783.64
934,325,43,8,636.49
935,325,120,28,576.08
936,325,10,11,558.85
937,325,95,15,103.36
938,325,106,75,65.49
939,326,36,537,300.67
940,326,13,170,277.01
941,326,64,13,471.96
942,326,84,301,307.84
943,326,22,1047,75.12
944,327,68,28,509.69
945,328,129,121,592.62
946,328,122,990,225.75
947,328,109,274,399.13
948,329,141,9,447.6
949,329,25,650,230.41
950,330,126,5,440.13
951,331,136,140,359.78
952,331,69,1418,344.37
953,331,90,906,58.63
954,332,34,52,82.61
955,333,110,790,599.52
956,333,25,264,188.93
957,333,29,506,167.96
958,334,190,11,208.66
959,334,185,250,291.26
960,334,94,12,561.82
961,334,32,79,588.5
962,335,118,75,456.73
963,335,29,655,156.88
964,336,33,78,351.12
965,337,109,85,480.33
966,338,52,59,557.93
967,339,131,126,471.65
968,339,6,42,592.79
969,340,36,371,306.19
970,340,14,125,570.53
971,341,29,1342,179.08
972,341,2,105,552.29
973,341,92,101,196.12
974,341,192,13,605.38
975,342,134,13,165.85
976,343,52,65,515.42
977,343,47,730,497.13
978,343,62,10,509.39
979,344,73,240,233.85
980,344,188,1371,214.52
981,345,114,27,373.82
982,345,149,11,475.61
983,345,76,118,81.16
984,345,49,257,475.16
985,346,190,6,205.31
986,346,29,14,177.27
987,346,147,8,63.11
988,347,200,11,50.97
989,347,81,127,696.55
990,347,26,30,492.79
991,348,81,636,691.56
992,348,124,19,743.78
993,349,139,31,224.44
994,350,116,11,453.91
995,350,115,962,348.2
996,351,113,60,730.81
997,351,16,21,530.57
998,351,29,724,152.94
999,351,48,660,728.29
1000,352,165,1347,66.09
1001,353,117,87,222.98
1002,353,97,10,92.84
1003,353,155,637,232.15
1004,354,18,432,2.04
1005,354,15,13,684.86
1006,354,176,138,535.77
1007,354,89,10,62.35
1008,355,74,243,233.99
1009,355,165,27,65.55
1010,355,128,651,417.16
1011,355,8,855,448.41
1012,355,133,417,201.73
1013,356,120,1440,504.4
1014,356,6,25,617.15
1015,356,170,27,224.05
1016,356,128,410,395.39
1017,357,47,53,410.36
1018,357,116,1132,493.6
1019,357,29,660,144.8
1020,357,149,187,574.76
1021,357,170,12,191.27
1022,357,41,277,161.55
1023,358,1,284,282.09
1024,358,151,101,677.24
1025,359,13,119,255.06
1026,359,51,105,597.02
1027,359,35,1168,232.23
1028,360,126,550,460.69
1029,360,127,193,344.04
1030,361,26,46,573.71
1031,361,27,550,189.27
1032,361,145,53,549.82
1033,362,82,45,433.51
1034,362,153,306,477.98
1035,363,10,68,678.52
1036,364,53,45,172.68
1037,365,146,782,524.84
1038,365,190,555,230.45
1039,365,170,10,197.15
1040,365,118,125,561.33
1041,366,107,52,604.64
1042,366,164,307,510.05
1043,366,122,50,251.06
1044,366,49,50,472.05
1045,367,158,589,41.7
1046,367,160,161,81.41
1047,368,155,194,222.62
1048,368,149,32,436.02
1049,369,52,12,647.78
1050,370,148,18,397.56
1051,370,32,118,521.34
1052,371,49,24,413.19
1053,371,54,7,664.67
1054,371,95,143,96.98
1055,372,34,1238,100.81
1056,372,132,37,566.49
1057,373,109,11,444.05
1058,373,177,64,508.6
1059,374,130,7,22.5
1060,374,32,271,550.95
1061,375,95,73,118.98
1062,375,32,628,549.16
1063,376,166,101,39.99
1064,377,63,656,554.25
1065,377,146,1258,544.86
1066,377,167,41,453.25
1067,377,71,497,165.51
1068,377,176,1063,493.41
1069,378,33,36,334.47
1070,378,172,17,76.26
1071,379,18,85,2.06
1072,379,177,28,436.67
1073,379,85,11,560.64
1074,380,49,873,477.49
1075,380,98,69,385.15
1076,380,152,14,575.45
1077,380,180,176,445.79
1078,381,2,163,546.96
1079,381,134,252,153.41
1080,382,165,1217,58.0
1081,382,70,27,526.39
1082,382,69,195,348.96
1083,382,28,39,475.57
1084,382,16,14,419.3
1085,383,19,183,572.2
1086,383,130,228,22.97
1087,383,140,25,153.84
1088,383,164,149,466.75
1089,384,54,6,699.18
1090,384,136,14,320.02
1091,384,79,45,213.72
1092,384,129,1478,637.11
1093,384,163,1433,608.39
1094,384,20,69,475.29
1095,385,83,149,145.79
1096,385,73,29,224.71
1097,386,65,242,377.89
1098,386,100,375,375.44
1099,387,22,23,80.3
1100,387,193,88,361.6
1101,387,114,1124,331.91
1102,388,121,9,180.66
1103,388,176,29,504.34
1104,388,13,6,248.04
1105,388,185,857,248.58
1106,388,170,32,208.56
1107,389,22,13,91.95
1108,389,190,84,207.91
1109,389,46,108,156.71
1110,389,1,75,337.0
1111,390,86,14,345.91
1112,390,70,86,530.19
1113,390,32,20,619.5
1114,391,18,630,1.73
1115,391,85,9,578.36
1116,391,111,437,663.25
1117,392,16,415,540.05
1118,393,46,13,169.36
1119,393,44,593,344.44
1120,394,150,154,319.01
1121,395,2,584,716.86
1122,396,178,124,526.7
1123,396,181,82,170.35
1124,396,102,13,695.99
1125,396,148,6,372.91
1126,396,149,7,534.14
1127,396,49,229,486.17
1128,397,129,178,626.8
1129,397,132,52,637.49
1130,398,48,1100,618.49
1131,399,172,290,86.49
1132,399,84,73,359.9
1133,400,81,307,681.94
1134,400,49,6,390.62
1135,400,39,69,48.92
1136,401,137,28,288.98
1137,401,197,21,416.89
1138,402,187,29,553.95
1139,402,33,11,371.97
1140,402,38,10,464.51
1141,402,186,29,659.47
1142,402,189,33,604.11
1143,402,65,130,467.18
1144,402,102,88,590.89
1145,403,188,23,237.09
1146,404,152,114,750.84
1147,404,193,121,478.73
1148,404,138,28,472.04
1149,405,128,115,399.96
1150,405,125,67,512.92
1151,405,35,27,232.85
1152,405,20,870,368.78
1153,405,11,587,231.21
1154,406,127,962,373.33
1155,406,38,39,514.98
1156,406,73,69,198.58
1157,407,137,136,367.9
1158,407,152,125,760.28
1159,407,172,607,78.21
1160,407,54,60,592.96
1161,408,142,138,646.23
1162,408,44,29,341.88
1163,408,131,1334,521.86
1164,409,6,709,620.05
1165,409,123,688,646.69
1166,410,198,220,220.26
1167,410,167,13,489.52
1168,410,60,539,63.44
1169,410,21,12,200.47
1170,410,134,60,180.53
1171,411,121,10,157.96
1172,411,168,529,615.23
1173,412,145,258,533.33
1174,412,73,847,194.67
1175,412,169,120,46.47
1176,412,148,571,404.86
1177,412,157,13,689.97
1178,413,157,757,564.12
1179,413,200,39,50.62
1180,414,150,1346,328.09
1181,414,86,12,398.1
1182,414,87,40,547.73
1183,414,26,23,519.82
1184,414,51,602,594.9
1185,415,106,81,53.31
1186,416,110,126,686.69
1187,416,59,14,612.38
1188,417,17,74,298.49
1189,418,37,1202,658.93
1190,418,61,1310,613.56
1191,418,67,15,173.3
1192,418,35,1178,198.33
1193,418,108,1045,250.99
1194,419,17,1373,292.68
1195,420,146,72,486.84
1196,420,193,124,470.67
1197,420,59,69,743.52
1198,421,42,125,49.82
1199,422,194,717,159.49
1200,422,128,268,403.97
1201,423,27,932,212.68
1202,423,5,1471,528.8
1203,423,137,665,267.34
1204,423,129,1428,569.16
1205,423,104,519,77.4
1206,423,42,52,41.63
1207,423,62,12,517.23
1208,423,14,11,572.45
1209,424,65,10,416.46
1210,425,68,56,479.82
1211,426,115,1132,281.86
1212,426,165,8,71.33
1213,427,3,314,337.88
1214,427,54,23,688.0
1215,428,186,40,497.92
1216,428,53,86,173.46
1217,429,76,11,72.91
1218,429,102,7,602.32
1219,429,1,478,284.59
1220,429,17,12,287.81
1221,430,176,1361,531.67
1222,430,175,23,351.93
1223,430,33,1281,341.8
1224,430,174,1264,326.91
1225,430,60,288,71.93
1226,430,153,527,516.87
1227,430,92,99,197.01
1228,430,109,142,481.58
1229,431,123,288,744.0
1230,431,119,207,601.39
1231,432,158,650,37.49
1232,432,117,195,198.79
1233,432,165,31,63.35
1234,433,129,262,566.79
1235,433,105,645,504.73
1236,434,30,280,241.5
1237,434,138,231,508.62
1238,435,11,607,236.2
1239,435,64,819,459.64
1240,435,161,28,222.56
1241,435,163,228,524.2
1242,436,36,70,325.25
1243,436,9,138,509.27
1244,437,21,532,195.79
1245,438,59,30,697.9
1246,438,133,287,212.88
1247,438,81,106,602.17
1248,438,108,12,270.21
1249,438,117,574,250.9
1250,438,3,719,377.1
1251,439,195,126,274.89
1252,439,10,547,582.67
1253,440,129,294,674.85
1254,440,135,23,136.66
1255,441,28,1425,499.16
1256,442,36,255,272.36
1257,442,174,1256,271.82
1258,443,18,61,1.81
1259,443,32,496,569.1
1260,443,45,30,417.34
1261,443,76,743,84.98
1262,444,21,76,197.31
1263,444,134,63,156.96
1264,445,128,210,442.61
1265,445,16,13,579.72
1266,445,179,193,242.14
1267,445,67,15,181.32
1268,446,178,26,399.19
1269,446,74,13,282.43
1270,446,169,462,48.28
1271,446,76,275,87.86
1272,447,174,714,315.97
1273,447,16,65,456.39
1274,448,119,129,576.26
1275,448,114,132,346.42
1276,448,160,68,70.47
1277,448,153,346,402.13
1278,448,190,127,225.43
1279,448,129,15,723.43
1280,448,152,59,730.4
1281,449,32,19,551.9
1282,450,122,28,216.37
1283,450,15,25,586.96
1284,450,6,131,662.74
1285,450,63,15,619.87
1286,450,70,1189,436.49
1287,451,24,586,189.22
1288,452,87,30,457.76
1289,453,7,9,668.69
1290,453,164,25,498.04
1291,453,36,11,248.89
1292,454,46,23,147.61
1293,454,20,115,491.29
1294,454,173,627,447.05
1295,454,80,153,77.19
1296,454,68,924,403.0
1297,455,176,632,511.77
1298,455,81,162,698.92
1299,456,180,155,445.83
1300,456,22,35,95.7
1301,457,82,174,399.35
1302,457,138,68,478.37
1303,457,40,1157,64.6
1304,457,103,26,586.34
1305,457,136,53,352.93
1306,457,33,848,273.28
1307,457,185,29,277.73
1308,457,165,417,72.2
1309,458,8,27,506.08
1310,458,87,504,548.44
1311,458,127,661,355.74
1312,459,76,34,89.13
1313,459,34,99,91.73
1314,460,71,76,171.21
1315,460,145,8,512.18
1316,461,112,9,382.98
1317,462,35,187,251.54
1318,462,100,479,444.42
1319,462,77,708,126.28
1320,463,144,683,601.41
1321,463,91,52,244.5
1322,464,66,10,634.65
1323,465,91,22,239.24
1324,465,188,934,232.56
1325,466,57,129,567.18
1326,466,37,58,668.52
1327,466,162,12,377.19
1328,466,191,12,168.57
1329,466,65,13,362.51
1330,466,120,731,555.61
1331,466,8,638,472.93
1332,466,113,567,652.96
1333,467,69,215,297.69
1334,467,40,19,61.28
1335,467,118,109,460.87
1336,468,68,806,489.49
1337,468,87,61,507.96
1338,469,130,19,22.8
1339,469,30,10,320.26
1340,470,169,303,43.56
1341,470,37,645,627.81
1342,470,113,7,672.39
1343,471,171,89,582.84
1344,471,34,771,78.08
1345,472,11,84,201.11
1346,472,72,7,314.57
1347,472,187,116,489.31
1348,473,2,24,714.54
1349,474,155,127,236.56
1350,474,42,419,41.41
1351,474,10,1446,604.79
1352,475,35,99,239.69
1353,475,114,14,316.97
1354,475,200,382,64.34
1355,476,164,25,417.79
1356,476,117,102,212.36
1357,477,192,12,603.15
1358,477,149,5,453.16
1359,478,113,665,599.46
1360,479,161,233,245.69
1361,479,65,1426,401.97
1362,479,179,997,211.83
1363,479,134,49,146.99
1364,479,99,9,186.04
1365,480,50,72,37.13
1366,480,17,298,226.34
1367,480,143,142,488.46
1368,481,59,22,750.87
1369,481,27,72,211.09
1370,482,14,595,681.66
1371,482,197,55,404.39
1372,482,41,263,130.69
1373,483,5,10,418.9
1374,483,1,231,301.92
1375,483,156,657,700.06
1376,484,193,15,490.61
1377,484,72,412,318.4
1378,484,89,6,62.31
1379,485,159,482,267.38
1380,485,200,86,62.09
1381,485,160,7,72.45
1382,485,133,1436,225.36
1383,486,112,503,392.03
1384,487,120,31,476.73
1385,487,87,5,535.76
1386,487,4,185,648.39
1387,487,44,240,326.63
1388,487,188,59,215.06
1389,488,151,56,754.07
1390,488,87,28,514.39
1391,488,148,158,384.83
1392,488,193,68,412.32
1393,488,25,30,251.89
1394,488,78,63,591.09
1395,488,86,65,436.62
1396,488,12,527,144.92
1397,489,12,380,129.03
1398,489,175,10,340.01
1399,490,76,1074,77.72
1400,490,155,128,288.85
1401,490,52,626,551.13
1402,491,9,279,568.42
1403,491,114,460,351.42
1404,492,179,77,191.07
1405,492,93,586,155.49
1406,492,137,1437,311.96
1407,492,81,30,604.42
1408,493,115,147,322.54
1409,494,82,55,455.34
1410,494,56,54,540.73
1411,494,117,9,216.19
1412,495,153,74,537.75
1413,495,134,105,155.76
1414,495,38,8,523.63
1415,496,100,1009,396.93
1416,496,89,129,61.6
1417,496,18,140,2.09
1418,497,13,1471,263.82
1419,498,172,996,67.24
1420,498,186,139,663.72
1421,498,41,7,135.51
1422,498,121,11,156.15
1423,498,54,503,669.15
1424,498,88,1087,651.12
1425,499,79,17,196.7
1426,500,149,257,573.64
1427,501,86,553,408.84
1428,501,126,11,562.22
1429,501,138,29,528.66
1430,501,55,26,84.68
1431,501,105,345,468.93
1432,502,188,56,240.45
1433,502,138,944,499.66
1434,503,8,130,494.33
1435,503,189,10,682.59
1436,504,72,740,367.56
1437,505,14,778,665.05
1438,506,170,18,221.74
1439,506,125,614,665.21
1440,506,80,74,99.4
1441,506,73,94,227.66
1442,507,123,413,784.56
1443,507,182,1002,572.79
1444,507,126,130,539.2
1445,507,78,500,576.31
1446,507,2,20,620.31
1447,508,17,12,274.31
1448,508,65,194,412.37
1449,509,176,11,440.64
1450,509,147,359,75.57
1451,509,45,1301,418.47
1452,510,41,524,145.75
1453,510,32,623,598.59
1454,510,81,23,544.31
1455,510,145,387,553.54
1456,511,90,67,59.52
1457,511,108,12,281.22
1458,511,117,440,196.35
1459,511,124,46,682.68
1460,511,19,22,571.91
1461,512,190,47,234.33
1462,512,80,1319,100.42
1463,513,103,88,745.03
1464,513,96,147,464.24
1465,513,122,31,219.23
1466,513,185,714,287.27
1467,514,112,41,356.76
1468,515,126,28,508.78
1469,516,127,212,321.83
1470,516,136,19,319.97
1471,516,35,32,183.19
1472,517,180,172,342.17
1473,518,44,23,320.95
1474,518,153,388,397.34
1475,518,138,979,436.38
1476,518,120,1460,473.49
1477,518,174,7,318.27
1478,519,64,7,493.48
1479,520,146,1398,475.72
1480,521,21,14,234.1
1481,522,172,38,76.98
1482,522,6,51,630.04
1483,522,103,24,634.73
1484,523,27,35,202.55
1485,523,88,42,726.88
1486,523,20,142,368.76
1487,524,147,23,66.45
1488,524,140,12,129.78
1489,525,109,1341,460.08
1490,525,159,171,316.54
1491,525,111,187,614.39
1492,525,64,115,553.89
1493,525,169,72,46.04
1494,525,53,12,159.75
1495,526,29,15,164.68
1496,526,199,161,601.52
1497,526,189,724,614.86
1498,526,111,130,709.35
1499,527,36,862,256.95
1500,527,111,192,654.63
1501,527,135,245,125.13
1502,528,24,558,229.04
1503,528,2,163,696.6
1504,528,34,682,102.43
1505,528,168,21,569.47
1506,528,127,12,283.86
1507,528,20,1360,409.79
1508,528,156,11,674.83
1509,529,188,46,203.53
1510,529,98,6,351.68
1511,529,44,72,359.65
1512,529,79,142,216.06
1513,529,186,10,532.27
1514,530,99,519,255.09
1515,530,33,7,334.73
1516,530,83,41,194.32
1517,530,62,1027,422.84
1518,531,41,51,132.64
1519,531,16,27,464.99
1520,531,37,13,640.0
1521,532,64,111,499.89
1522,532,48,222,666.67
1523,533,70,8,527.68
1524,534,159,10,243.96
1525,535,61,595,626.17
1526,535,174,25,288.76
1527,535,85,572,555.88
1528,536,66,56,498.54
1529,536,113,49,592.59
1530,537,143,48,464.71
1531,537,28,91,403.06
1532,538,64,685,503.54
1533,538,149,19,438.53
1534,538,56,29,456.8
1535,538,198,299,241.75
1536,538,148,1354,416.57
1537,539,112,271,383.92
1538,539,41,229,139.45
1539,539,121,28,181.53
1540,540,56,1065,533.25
1541,540,181,273,227.47
1542,541,29,122,195.73
1543,541,177,55,452.3
1544,542,81,65,560.78
1545,542,119,295,680.72
1546,542,171,30,500.15
1547,542,23,446,651.92
1548,543,154,12,69.57
1549,543,23,18,697.24
1550,543,12,77,122.47
1551,544,192,119,463.92
1552,544,200,630,64.58
1553,544,145,11,544.86
1554,544,108,13,320.75
1555,545,184,16,282.82
1556,545,129,13,657.56
1557,546,115,6,357.21
1558,546,140,21,131.76
1559,546,82,5,406.34
1560,546,172,12,69.0
1561,546,124,17,713.46
1562,547,122,39,209.87
1563,547,115,62,280.01
1564,548,119,16,654.04
1565,548,168,358,485.07
1566,548,8,66,482.31
1567,549,195,72,263.24
1568,549,172,40,73.97
1569,549,106,17,60.48
1570,549,136,70,395.49
1571,550,132,1492,579.54
1572,550,94,443,589.66
1573,550,28,172,474.87
1574,550,187,64,469.18
1575,551,164,19,446.01
1576,551,197,21,352.51
1577,551,59,51,676.41
1578,551,181,5,180.6
1579,552,33,142,333.75
1580,552,84,1220,333.24
1581,552,24,15,202.31
1582,552,188,8,211.1
1583,552,68,81,393.04
1584,552,87,269,454.23
1585,552,91,7,280.03
1586,553,144,12,595.17
1587,554,164,16,549.21
1588,554,194,22,164.23
1589,555,9,584,636.94
1590,555,23,179,546.2
1591,555,184,26,315.01
1592,556,171,22,671.6
1593,556,152,104,599.71
1594,556,85,397,557.58
1595,557,160,15,78.81
1596,557,7,16,649.02
1597,558,97,660,91.16
1598,558,156,227,585.22
1599,558,80,101,98.49
1600,558,177,428,475.68
1601,558,144,165,587.55
1602,558,57,64,482.29
1603,558,111,195,599.95
1604,559,193,26,460.51
1605,559,38,47,580.88
1606,560,162,1382,459.87
1607,560,78,1218,717.94
1608,560,184,146,307.74
1609,561,46,1172,138.55
1610,561,50,376,39.58
1611,562,102,9,720.01
1612,562,27,55,211.19
1613,563,13,137,233.62
1614,564,141,623,418.66
1615,564,99,144,230.5
1616,564,194,15,169.32
1617,565,66,1259,600.48
1618,565,5,172,472.23
1619,565,194,112,173.75
1620,565,63,587,596.42
1621,565,175,27,360.28
1622,566,179,601,203.58
1623,566,168,6,555.1
1624,566,61,15,533.36
1625,567,35,666,248.55
1626,568,127,735,328.54
1627,568,155,6,268.25
1628,568,64,13,534.21
1629,569,56,10,460.15
1630,570,161,15,222.01
1631,571,19,15,560.97
1632,572,176,8,419.12
1633,572,56,135,428.81
1634,572,174,7,253.98
1635,573,110,13,571.64
1636,573,124,55,749.65
1637,573,48,12,734.56
1638,574,82,595,331.35
1639,574,103,12,700.29
1640,574,148,749,431.2
1641,575,97,809,78.72
1642,575,88,26,682.95
1643,575,55,981,83.74
1644,575,194,8,197.58
1645,575,45,47,323.71
1646,575,76,148,71.49
1647,576,142,20,679.62
1648,576,116,28,570.99
1649,576,3,5,366.32
1650,577,185,534,225.2
1651,577,134,705,147.09
1652,577,3,591,338.46
1653,577,140,1100,146.97
1654,577,187,15,480.78
1655,577,52,13,618.47
1656,577,73,34,199.51
1657,577,161,17,268.51
1658,578,42,7,37.74
1659,579,89,33,79.09
1660,579,186,358,645.06
1661,580,7,583,659.28
1662,580,26,6,533.87
1663,580,192,129,565.98
1664,581,35,7,189.7
1665,581,154,20,70.4
1666,582,111,7,568.51
1667,582,114,160,348.27
1668,582,60,1431,66.93
1669,582,200,679,52.69
1670,583,93,204,175.73
1671,583,51,12,442.55
1672,583,20,65,358.9
1673,584,82,158,450.43
1674,584,42,56,47.46
1675,585,112,55,317.85
1676,585,116,613,596.59
1677,585,157,475,562.75
1678,586,11,146,198.43
1679,586,87,6,603.76
1680,587,117,296,214.38
1681,587,165,319,61.88
1682,588,177,282,389.02
1683,589,24,11,188.38
1684,589,193,9,380.03
1685,590,8,219,484.0
1686,590,19,16,490.51
1687,591,173,114,449.12
1688,592,122,55,211.53
1689,592,20,170,472.46
1690,592,185,107,292.54
1691,592,23,181,558.83
1692,593,42,124,44.93
1693,593,66,57,575.8
1694,593,15,14,670.96
1695,594,31,6,368.41
1696,594,148,774,452.1
1697,594,16,453,549.56
1698,595,113,11,616.69
1699,595,107,53,641.0
1700,596,10,131,520.13
1701,597,85,137,551.72
1702,597,20,540,482.6
1703,598,143,743,615.34
1704,598,2,48,729.28
1705,598,65,96,373.23
1706,599,187,544,592.88
1707,599,39,154,55.03
1708,599,16,128,478.23
1709,599,159,200,325.12
1710,599,91,22,315.9
1711,600,161,420,253.21
1712,601,5,27,517.59
1713,601,42,22,42.04
1714,601,180,70,416.75
1715,602,197,157,321.47
1716,602,99,75,226.22
1717,602,74,61,245.23
1718,603,34,115,99.3
1719,603,182,116,568.21
1720,603,62,1471,451.06
1721,604,58,812,333.37
1722,604,61,113,468.08
1723,605,109,15,469.58
1724,606,177,12,427.82
1725,607,177,34,496.66
1726,608,44,184,369.85
1727,608,136,17,290.05
1728,609,94,1217,596.28
1729,609,93,722,145.38
1730,610,38,38,539.73
1731,610,22,75,83.28
1732,610,20,394,465.91
1733,610,27,11,197.61
1734,610,120,34,546.17
1735,611,61,14,471.32
1736,611,130,122,29.31
1737,612,193,555,477.64
1738,612,126,444,444.51
1739,613,129,47,592.51
1740,613,114,23,364.14
1741,613,45,276,355.15
1742,614,31,502,336.3
1743,614,93,619,154.09
1744,614,62,288,459.35
1745,615,123,11,781.36
1746,615,146,1389,463.76
1747,615,46,62,176.04
1748,615,176,12,433.35
1749,616,77,489,133.7
1750,616,62,1478,520.52
1751,617,191,1136,176.01
1752,617,13,458,235.99
1753,618,152,9,741.09
1754,618,100,457,436.98
1755,618,30,55,320.9
1756,618,186,26,627.33
1757,619,126,268,470.55
1758,619,154,58,68.31
1759,619,180,58,413.44
1760,620,43,25,698.81
1761,621,107,5,546.9
1762,622,124,21,730.93
1763,623,131,12,458.56
1764,623,59,178,558.31
1765,623,164,601,482.25
1766,624,10,962,579.1
1767,625,155,1465,254.28
1768,625,163,33,654.22
1769,626,74,770,233.96
1770,626,22,11,80.12
1771,626,72,67,349.72
1772,627,109,54,383.71
1773,627,18,713,1.74
1774,627,184,242,295.74
1775,628,83,120,157.76
1776,628,169,1398,50.97
1777,629,44,8,328.16
1778,629,152,194,731.53
1779,629,59,517,717.59
1780,630,112,81,394.6
1781,630,5,9,425.9
1782,631,173,8,441.16
1783,631,138,1347,476.73
1784,632,88,1052,660.56
1785,632,112,732,369.77
1786,632,190,14,235.8
1787,632,7,40,664.12
1788,632,35,52,217.62
1789,632,136,582,305.66
1790,632,92,6,184.98
1791,633,170,81,237.86
1792,633,36,10,329.98
1793,634,72,54,280.59
1794,635,156,16,619.73
1795,635,163,33,531.33
1796,636,198,1230,221.09
1797,636,117,13,251.19
1798,637,175,1274,348.41
1799,637,93,20,179.97
1800,638,192,710,465.19
1801,638,187,7,639.19
1802,638,91,1244,311.58
1803,639,152,6,660.24
1804,639,164,64,529.5
1805,640,151,155,705.51
1806,640,193,1492,398.3
1807,640,163,14,596.58
1808,640,45,75,415.6
1809,641,145,509,509.82
1810,641,158,50,44.98
1811,641,14,590,660.64
1812,641,37,14,550.28
1813,641,16,106,471.53
1814,641,58,36,423.5
1815,642,182,721,657.55
1816,642,52,121,542.87
1817,643,107,24,642.95
1818,643,19,8,508.74
1819,643,80,10,95.96
1820,644,105,10,455.49
1821,644,20,69,378.73
1822,645,98,75,419.35
1823,646,56,504,447.53
1824,647,157,13,668.77
1825,647,17,15,239.41
1826,647,124,1238,701.85
1827,648,96,39,550.28
1828,649,108,1365,243.01
1829,649,168,24,564.16
1830,650,23,12,658.15
1831,650,57,5,452.07
1832,650,121,99,190.38
1833,650,142,100,663.04
1834,650,139,95,229.99
1835,651,117,43,218.7
1836,651,97,277,77.86
1837,652,130,35,27.59
1838,652,29,306,191.05
1839,652,158,18,39.84
1840,652,85,44,509.43
1841,652,179,10,238.73
1842,653,177,14,507.17
1843,654,94,623,474.99
1844,655,134,18,141.81
1845,655,81,26,632.65
1846,655,87,94,571.38
1847,655,192,57,459.8
1848,655,8,797,558.78
1849,655,119,94,518.51
1850,655,6,146,683.22
1851,656,66,19,638.19
1852,656,170,191,193.35
1853,657,14,66,734.16
1854,657,112,33,321.15
1855,657,146,25,566.39
1856,658,159,96,245.38
1857,658,53,52,156.56
1858,659,197,11,411.67
1859,659,144,545,659.06
1860,659,155,1103,291.36
1861,660,186,216,618.59
1862,660,86,542,360.55
1863,661,169,63,42.24
1864,661,76,1084,70.71
1865,661,77,15,114.03
1866,661,111,656,751.4
1867,662,135,42,120.68
1868,662,97,13,86.15
1869,662,127,126,333.62
1870,662,138,63,408.87
1871,663,97,717,91.13
1872,663,116,18,453.32
1873,663,12,727,150.95
1874,664,129,1191,691.64
1875,664,179,98,237.24
1876,664,8,1135,463.68
1877,664,15,675,562.77
1878,665,106,23,51.42
1879,665,26,109,479.29
1880,666,23,49,690.43
1881,666,99,85,232.79
1882,666,69,501,381.84
1883,667,33,119,319.96
1884,667,195,15,256.03
1885,667,144,141,552.31
1886,667,194,114,175.84
1887,667,103,61,628.11
1888,668,174,106,297.61
1889,668,107,74,607.5
1890,668,21,143,194.91
1891,668,108,45,239.28
1892,669,95,457,115.27
1893,669,81,7,667.58
1894,669,31,148,305.42
1895,670,96,130,526.33
1896,670,20,57,376.59
1897,671,165,53,74.79
1898,671,182,108,596.65
1899,671,110,196,690.77
1900,671,146,225,603.02
1901,671,116,349,525.28
1902,671,190,11,215.42
1903,672,67,107,213.06
1904,672,182,14,557.14
1905,672,53,246,150.74
1906,673,2,6,603.31
1907,674,184,10,258.64
1908,674,197,13,316.11
1909,674,3,1002,390.95
1910,675,175,13,337.33
1911,675,167,36,439.22
1912,676,39,10,48.41
1913,676,45,97,387.45
1914,677,117,112,217.98
1915,677,96,1108,511.07
1916,678,77,13,136.63
1917,679,191,70,140.42
1918,679,41,16,148.78
1919,680,78,25,632.96
1920,680,178,612,516.25
1921,680,98,913,324.85
1922,681,193,27,427.63
1923,681,39,672,60.2
1924,681,4,602,634.85
1925,682,106,11,55.17
1926,682,36,734,329.8
1927,682,170,301,237.9
1928,683,196,10,53.17
1929,684,54,446,628.31
1930,685,167,161,407.42
1931,685,185,12,228.94
1932,686,84,14,358.79
1933,686,149,110,459.06
1934,686,132,551,695.78
1935,686,72,13,326.66
1936,686,87,17,566.35
1937,686,3,621,421.76
1938,687,65,421,471.61
1939,688,177,95,384.34
1940,688,85,421,614.99
1941,689,188,100,231.22
1942,689,64,129,426.9
1943,689,14,1273,609.79
1944,689,95,67,107.15
1945,690,155,26,262.1
1946,690,19,148,507.36
1947,690,129,28,743.36
1948,690,92,8,184.04
1949,691,128,54,409.85
1950,691,106,292,68.32
1951,692,89,280,61.33
1952,692,36,24,323.1
1953,693,146,58,555.07
1954,693,168,233,456.72
1955,694,34,764,100.68
1956,694,145,23,595.63
1957,694,79,62,192.12
1958,694,144,133,663.92
1959,695,20,937,446.27
1960,695,185,13,296.28
1961,695,61,12,562.36
1962,695,139,12,212.52
1963,695,138,450,457.48
1964,696,54,239,753.95
1965,697,94,131,629.47
1966,697,194,256,159.45
1967,697,152,480,643.62
1968,697,49,11,430.25
1969,698,9,199,473.88
1970,698,181,64,214.46
1971,699,58,606,404.72
1972,700,18,1413,1.91
1973,700,41,135,144.18
1974,700,3,19,459.03
1975,701,114,16,321.56
1976,702,97,98,84.96
1977,702,93,11,171.37
1978,703,169,131,53.11
1979,703,84,694,328.24
1980,704,82,132,356.35
1981,704,67,12,176.6
1982,705,152,74,747.44
1983,705,191,516,167.17
1984,705,88,24,580.43
1985,706,129,125,731.1
1986,706,110,36,553.18
1987,707,46,128,170.94
1988,707,109,266,405.97
1989,707,108,8,317.05
1990,707,33,794,280.2
1991,707,81,55,642.05
1992,707,70,256,407.39
1993,708,172,201,71.71
1994,708,15,94,717.71
1995,708,9,23,599.21
1996,708,116,37,496.77
1997,708,54,146,668.65
1998,709,142,206,770.56
1999,709,155,100,255.81
2000,709,71,12,191.47
2001,709,27,40,223.28
2002,709,54,227,685.96
2003,709,28,338,482.5
2004,710,150,271,395.85
2005,711,192,33,537.74
2006,711,4,13,580.39
2007,711,148,112,429.85
2008,712,187,1272,511.98
2009,712,175,242,373.92
2010,712,59,89,632.51
2011,713,100,1449,378.78
2012,713,43,356,674.28
2013,713,187,105,564.39
2014,713,135,40,128.84
2015,713,148,10,346.54
2016,713,82,18,351.16
2017,713,19,1068,457.88
2018,713,52,275,634.05
2019,714,47,74,416.2
2020,714,99,10,211.03
2021,714,193,53,429.13
2022,715,58,1367,343.1
2023,716,107,47,584.8
2024,716,15,952,568.96
2025,717,181,1374,214.19
2026,718,35,728,248.79
2027,718,196,294,56.27
2028,718,9,65,515.52
2029,719,160,15,89.28
2030,719,193,18,405.25
2031,720,124,1143,612.6
2032,720,29,194,192.55
2033,720,153,82,501.94
2034,721,49,54,443.24
2035,721,104,60,62.91
2036,722,81,678,637.07
2037,722,59,74,604.33
2038,722,116,1449,516.3
2039,722,92,30,187.07
2040,723,168,306,544.71
2041,723,155,13,220.86
2042,723,147,8,65.93
2043,723,13,26,245.3
2044,724,82,79,384.69
2045,724,118,11,427.49
2046,725,137,209,316.75
2047,725,3,30,447.91
2048,726,112,280,411.18
2049,726,83,50,170.01
2050,727,161,623,242.47
2051,727,77,24,142.66
2052,728,148,294,380.42
2053,728,39,63,53.05
2054,728,63,29,632.75
2055,728,77,837,126.61
2056,729,164,21,398.27
2057,729,35,351,194.73
2058,729,104,75,78.2
2059,730,119,249,573.48
2060,730,23,24,658.94
2061,730,97,439,98.36
2062,730,29,375,164.32
2063,730,171,680,666.02
2064,731,121,24,156.32
2065,731,7,48,727.69
2066,732,178,11,528.72
2067,732,48,13,598.13
2068,732,106,536,56.78
2069,732,135,1294,139.26
2070,733,180,250,460.59
2071,733,58,892,378.39
2072,733,36,540,329.12
2073,733,131,14,490.13
2074,733,193,43,361.93
2075,734,43,278,739.09
2076,734,82,8,330.8
2077,734,138,17,424.08
2078,735,41,19,132.69
2079,735,130,401,26.27
2080,736,115,1255,360.84
2081,736,149,47,501.73
2082,737,150,12,323.17
2083,737,183,647,253.4
2084,737,112,67,383.95
2085,737,168,163,504.26
2086,738,77,12,128.85
2087,738,113,1443,581.85
2088,738,99,11,247.57
2089,739,46,1151,140.96
2090,739,134,143,177.47
2091,739,154,71,60.59
2092,740,142,54,665.55
2093,740,76,447,94.28
2094,741,4,695,580.0
2095,741,61,10,603.09
2096,741,54,1386,652.81
2097,742,162,1499,371.57
2098,742,24,604,233.96
2099,742,111,267,766.02
2100,743,177,9,404.14
2101,744,46,20,144.59
2102,744,193,40,393.1
2103,745,163,48,650.91
2104,746,97,29,95.6
2105,746,39,251,50.59
2106,746,42,58,41.78
2107,746,148,915,339.21
2108,747,16,8,516.01
2109,747,47,302,430.72
2110,747,100,418,405.4
2111,748,28,634,434.34
2112,748,185,15,250.71
2113,748,98,496,376.95
2114,749,121,1328,186.75
2115,749,57,85,554.68
2116,750,71,139,153.71
2117,750,40,67,47.12
2118,750,55,13,91.45
2119,750,199,12,658.26
2120,750,135,203,102.09
2121,751,169,57,51.71
2122,751,7,926,658.96
2123,752,87,23,581.67
2124,752,60,126,65.0
2125,753,82,655,352.4
2126,753,92,1366,211.24
2127,753,66,63,582.48
2128,754,47,292,528.35
2129,755,168,11,556.38
2130,756,91,658,291.13
2131,756,36,17,250.08
2132,756,29,63,167.59
2133,756,113,30,573.55
2134,756,101,709,24.28
2135,756,141,159,336.08
2136,756,1,1464,329.07
2137,756,31,27,368.7
2138,757,154,1473,63.97
2139,757,102,292,587.74
2140,757,39,1413,61.82
2141,758,60,22,72.8
2142,758,124,27,676.83
2143,758,165,62,58.08
2144,758,101,30,28.54
2145,758,91,377,244.07
2146,758,66,182,520.57
2147,759,167,10,502.45
2148,760,15,772,698.82
2149,760,194,996,160.59
2150,761,81,28,642.01
2151,761,31,12,352.96
2152,761,143,75,492.71
2153,762,60,286,62.0
2154,762,146,68,436.28
2155,762,28,24,441.04
2156,763,130,179,26.79
2157,763,177,125,439.48
2158,763,71,778,159.83
2159,764,2,14,623.91
2160,764,114,13,390.43
2161,765,68,121,384.64
2162,765,27,102,177.08
2163,765,38,327,585.29
2164,765,2,26,687.69
2165,766,73,22,220.94
2166,766,2,9,572.51
2167,766,79,255,192.71
2168,767,96,287,494.6
2169,767,34,299,83.09
2170,767,177,102,436.74
2171,767,111,15,701.36
2172,767,108,7,260.69
2173,767,144,139,508.35
2174,767,75,1379,229.01
2175,768,57,1478,452.08
2176,768,3,32,426.75
2177,768,54,897,657.57
2178,768,160,296,72.23
2179,769,144,60,484.63
2180,769,120,8,577.8
2181,769,61,134,512.53
2182,770,70,963,446.83
2183,770,187,291,474.16
2184,770,126,96,426.6
2185,770,52,43,628.96
2186,770,173,836,402.37
2187,770,168,73,520.69
2188,770,116,1429,540.68
2189,771,65,28,410.04
2190,771,6,1229,581.13
2191,771,88,10,735.41
2192,771,121,66,175.79
2193,772,81,389,588.46
2194,772,110,136,723.8
2195,772,160,604,85.3
2196,773,130,130,26.81
2197,773,117,145,239.96
2198,773,170,9,226.82
2199,774,106,16,52.57
2200,775,138,832,541.85
2201,776,108,65,302.6
2202,776,116,266,522.19
2203,776,29,27,173.65
2204,776,38,7,525.02
2205,776,99,225,247.34
2206,777,167,291,468.19
2207,777,43,276,549.52
2208,777,67,158,206.03
2209,778,144,69,515.2
2210,778,200,363,60.55
2211,779,117,12,220.4
2212,779,107,181,593.55
2213,780,32,267,492.44
2214,780,112,711,328.83
2215,780,193,403,353.69
2216,781,70,55,440.98
2217,781,10,1495,511.57
2218,781,114,81,381.76
2219,781,95,127,106.63
2220,782,106,248,54.7
2221,783,170,806,222.9
2222,783,85,25,513.73
2223,783,192,242,537.45
2224,784,39,196,48.52
2225,784,96,91,602.88
2226,784,30,75,280.22
2227,784,165,50,76.5
2228,785,180,492,345.64
2229,785,171,13,555.98
2230,785,187,249,492.98
2231,785,63,607,483.14
2232,786,127,11,290.89
2233,786,118,50,521.44
2234,787,58,8,458.46
2235,787,180,17,462.57
2236,788,76,7,72.61
2237,789,127,20,375.98
2238,789,120,61,465.52
2239,789,91,108,300.28
2240,790,27,25,184.44
2241,790,113,137,706.78
2242,790,111,30,659.98
2243,791,156,36,656.6
2244,791,7,10,719.32
2245,791,177,90,505.25
2246,792,113,6,618.7
2247,793,19,742,462.46
2248,793,102,8,590.48
2249,794,124,46,734.15
2250,794,33,131,370.9
2251,795,168,19,456.32
2252,795,12,704,125.49
2253,795,175,1203,299.18
2254,796,101,12,31.76
2255,796,17,73,296.95
2256,796,61,26,578.38
2257,796,66,1314,555.16
2258,797,104,58,68.36
2259,797,83,567,161.42
2260,798,167,912,465.61
2261,798,30,17,304.12
2262,798,178,249,535.77
2263,799,171,53,506.75
2264,799,4,106,584.32
2265,800,30,128,280.06
2266,800,58,251,451.89
2267,801,76,872,81.06
2268,801,92,31,194.7
2269,801,86,424,367.07
2270,802,94,27,534.45
2271,802,41,139,136.37
2272,802,160,6,72.3
2273,803,151,337,759.5
2274,803,150,179,323.5
2275,803,179,75,216.89
2276,803,140,9,123.43
2277,803,112,423,362.41
2278,804,195,119,230.96
2279,804,151,1085,659.58
2280,804,194,150,174.39
2281,805,45,130,342.12
2282,806,86,11,383.04
2283,806,136,330,308.56
2284,806,166,46,36.58
2285,806,6,59,576.83
2286,806,172,29,83.78
2287,807,86,26,337.17
2288,807,64,645,550.63
2289,808,11,15,176.05
2290,808,190,51,211.14
2291,808,174,244,249.24
2292,808,131,207,436.86
2293,809,154,127,71.92
2294,809,169,233,54.34
2295,809,65,614,456.05
2296,809,64,13,549.24
2297,810,125,10,505.53
2298,810,194,518,185.28
2299,810,154,1093,70.36
2300,811,168,10,499.94
2301,811,131,14,549.28
2302,812,9,268,486.78
2303,813,13,17,253.07
2304,813,87,662,521.59
2305,813,97,1091,73.07
2306,813,182,29,639.73
2307,814,25,29,191.13
2308,814,106,70,70.44
2309,814,180,922,370.86
2310,814,107,123,634.74
2311,814,146,614,530.85
2312,814,78,690,732.38
2313,814,108,10,313.26
2314,814,6,202,682.68
2315,815,150,115,326.09
2316,815,177,14,391.65
2317,815,186,14,613.89
2318,815,83,62,166.65
2319,816,91,85,313.53
2320,816,127,226,292.58
2321,816,184,74,297.99
2322,816,31,557,310.74
2323,816,195,214,261.86
2324,816,108,57,275.01
2325,817,136,28,365.62
2326,817,99,276,199.54
2327,818,197,30,412.03
2328,818,33,283,307.77
2329,818,58,14,386.82
2330,818,6,23,684.54
2331,818,121,1340,179.75
2332,819,83,10,146.36
2333,819,140,68,124.02
2334,819,102,16,725.58
2335,820,95,1426,114.49
2336,820,70,570,484.63
2337,820,163,53,653.56
2338,821,45,9,356.17
2339,822,51,58,540.28
2340,822,46,642,149.33
2341,823,36,147,323.22
2342,823,62,84,515.46
2343,823,107,10,616.71
2344,824,193,745,468.38
2345,824,89,1248,79.01
2346,824,87,28,582.93
2347,825,35,954,188.61
2348,825,132,9,612.55
2349,825,5,68,395.09
2350,825,23,443,673.24
2351,826,117,865,212.17
2352,826,58,15,442.29
2353,827,64,5,441.41
2354,827,160,25,70.53
2355,828,170,136,236.51
2356,828,192,92,522.11
2357,828,110,379,634.08
2358,829,193,6,473.55
2359,829,14,25,588.8
2360,829,183,37,292.99
2361,830,101,523,28.04
2362,830,5,129,507.97
2363,830,22,361,98.68
2364,831,73,22,232.05
2365,831,37,13,520.29
2366,831,35,993,215.11
2367,831,84,19,310.99
2368,832,87,30,561.09
2369,832,13,205,229.54
2370,833,73,162,235.64
2371,834,97,146,95.3
2372,834,49,633,454.43
2373,835,77,648,118.87
2374,835,46,70,157.62
2375,835,5,254,430.23
2376,835,195,501,249.22
2377,836,122,108,251.66
2378,836,15,744,681.21
2379,837,62,277,528.12
2380,837,34,41,79.62
2381,837,166,121,45.09
2382,838,75,744,238.68
2383,838,106,233,52.53
2384,839,146,725,532.24
2385,839,133,244,243.98
2386,839,112,74,389.64
2387,839,56,736,420.43
2388,839,184,167,280.61
2389,839,107,29,562.05
2390,839,192,276,544.84
2391,839,21,71,212.23
2392,840,103,20,727.72
2393,840,173,138,385.64
2394,841,145,107,589.01
2395,841,160,225,71.32
2396,841,127,1294,272.41
2397,841,174,244,254.08
2398,842,25,263,234.2
2399,842,191,112,138.61
2400,842,66,8,534.98
2401,842,46,30,169.57
2402,843,195,95,252.26
2403,843,11,1171,231.25
2404,843,145,506,461.51
2405,843,180,57,383.35
2406,844,47,337,521.83
2407,844,70,396,557.39
2408,844,41,545,142.52
2409,845,169,159,48.06
2410,845,33,545,371.45
2411,846,32,193,577.88
2412,847,168,27,497.86
2413,848,61,87,538.14
2414,848,84,100,306.61
2415,848,60,644,62.12
2416,848,111,1333,632.89
2417,849,83,5,185.99
2418,849,13,188,209.58
2419,849,53,10,153.54
2420,849,171,698,614.92
2421,850,8,107,563.32
2422,850,106,89,65.34
2423,850,22,110,88.04
2424,850,170,386,200.54
2425,850,148,1398,431.37
2426,851,193,63,403.9
2427,851,44,100,361.55
2428,852,189,63,574.8
2429,852,13,1417,231.71
2430,852,56,28,453.68
2431,852,40,123,63.17
2432,853,82,147,428.48
2433,853,187,278,558.08
2434,853,3,238,420.75
2435,854,119,72,578.45
2436,854,99,733,190.96
2437,855,23,570,642.58
2438,855,67,452,219.44
2439,855,157,13,587.08
2440,856,113,36,729.46
2441,856,86,11,329.15
2442,856,101,267,27.34
2443,856,179,72,186.8
2444,856,77,447,123.25
2445,857,31,289,313.39
2446,857,14,101,723.99
2447,857,92,1212,208.18
2448,858,129,432,734.05
2449,858,28,695,528.23
2450,858,24,488,218.43
2451,858,53,565,159.97
2452,858,190,72,240.84
2453,859,42,54,44.08
2454,859,196,96,51.61
2455,859,153,43,466.44
2456,860,198,15,228.31
2457,860,10,177,651.83
2458,860,122,8,233.84
2459,861,123,5,596.65
2460,862,199,605,702.91
2461,862,179,101,199.76
2462,863,108,19,288.71
2463,863,6,157,638.79
2464,863,41,58,130.02
2465,863,17,298,267.53
2466,864,161,437,274.1
2467,865,106,10,64.51
2468,865,193,42,435.92
2469,866,178,43,414.71
2470,867,143,14,605.01
2471,867,126,10,524.01
2472,867,172,648,83.13
2473,868,156,73,655.63
2474,868,58,103,397.85
2475,868,61,61,492.7
2476,869,154,144,60.88
2477,869,167,405,491.32
2478,869,105,46,481.99
2479,869,77,27,135.57
2480,870,63,290,607.29
2481,870,27,10,166.73
2482,870,195,196,234.11
2483,870,3,66,458.72
2484,870,32,526,566.44
2485,871,167,102,381.51
2486,871,4,528,654.62
2487,871,82,99,393.91
2488,872,65,103,461.42
2489,872,128,291,428.99
2490,872,112,884,395.63
2491,872,21,126,195.13
2492,872,151,15,734.15
2493,872,55,78,89.5
2494,873,51,20,543.4
2495,873,123,8,608.67
2496,873,148,79,405.2
2497,873,38,499,490.16
2498,873,40,28,64.53
2499,873,178,11,396.03
2500,873,111,252,663.2
2501,874,7,185,692.06
2502,874,160,43,82.74
2503,874,123,74,784.12
2504,874,165,52,69.66
2505,875,82,119,427.46
2506,875,149,148,468.96
2507,875,30,86,295.97
2508,875,156,514,614.78
2509,876,77,548,135.38
2510,876,130,686,24.95
2511,877,162,151,372.67
2512,877,157,1223,694.1
2513,878,112,27,356.69
2514,879,65,98,387.24
2515,879,123,329,599.83
2516,880,132,44,661.8
2517,880,117,1357,243.38
2518,880,114,251,388.3
2519,881,96,274,551.83
2520,881,127,13,290.08
2521,882,164,8,399.01
2522,882,200,43,49.54
2523,882,8,18,514.94
2524,883,83,113,158.37
2525,883,187,71,519.94
2526,884,169,685,41.6
2527,885,157,15,684.28
2528,886,196,84,43.76
2529,887,50,72,38.93
2530,887,183,521,302.88
2531,887,95,656,92.43
2532,887,157,310,588.76
2533,887,121,10,167.94
2534,888,84,680,299.25
2535,888,163,643,664.13
2536,888,121,135,160.65
2537,888,130,11,25.08
2538,889,165,374,67.52
2539,889,132,91,613.57
2540,890,128,74,489.56
2541,890,129,555,686.61
2542,890,84,75,356.35
2543,891,36,66,304.34
2544,891,154,745,68.32
2545,892,21,14,220.93
2546,893,177,32,444.98
2547,893,38,39,481.43
2548,893,104,56,76.58
2549,894,109,94,388.45
2550,894,128,268,513.89
2551,894,31,942,315.51
2552,894,18,408,1.6
2553,895,142,500,563.9
2554,895,118,61,542.62
2555,895,172,525,63.78
2556,895,9,25,528.1
2557,895,130,489,24.82
2558,896,159,13,303.25
2559,896,95,8,113.05
2560,897,105,11,400.34
2561,897,156,8,656.55
2562,897,107,190,502.87
2563,897,115,20,360.13
2564,898,58,12,460.48
2565,898,116,537,481.36
2566,898,146,19,516.13
2567,898,143,14,522.3
2568,898,198,21,237.83
2569,899,136,106,363.05
2570,899,56,141,537.82
2571,899,9,1433,560.42
2572,900,114,14,338.11
2573,901,106,97,58.6
2574,901,12,53,131.1
2575,902,193,30,353.44
2576,902,84,629,357.16
2577,903,169,74,44.58
2578,903,34,17,102.08
2579,904,167,113,475.01
2580,904,158,65,44.52
2581,904,189,14,593.86
2582,904,129,63,717.01
2583,905,12,16,116.5
2584,905,135,786,115.78
2585,905,6,967,768.13
2586,906,149,51,542.86
2587,906,63,127,625.08
2588,906,30,8,272.88
2589,906,104,147,62.78
2590,907,5,116,447.07
2591,907,181,5,225.12
2592,907,71,53,141.07
2593,908,151,489,644.67
2594,908,36,225,249.28
2595,908,34,442,95.49
2596,909,62,115,490.64
2597,909,86,1396,424.75
2598,910,174,18,288.6
2599,910,58,665,380.26
2600,910,168,1010,584.23
2601,910,101,54,30.45
2602,910,55,17,95.46
2603,910,144,797,599.46
2604,911,70,568,527.0
2605,912,182,374,607.02
2606,912,105,541,386.38
2607,912,103,36,755.03
2608,913,5,1402,476.83
2609,913,70,1044,519.62
2610,913,180,113,447.82
2611,914,3,538,349.54
2612,915,145,289,499.27
2613,915,149,132,590.19
2614,916,30,282,248.22
2615,916,102,7,655.98
2616,916,105,44,397.37
2617,917,25,28,213.36
2618,918,105,17,415.73
2619,918,99,27,201.64
2620,919,113,109,641.01
2621,920,42,1256,48.94
2622,921,128,542,419.07
2623,921,191,43,157.5
2624,922,166,951,41.8
2625,922,130,23,21.94
2626,922,158,64,38.25
2627,923,72,144,362.74
2628,923,45,67,403.07
2629,924,107,13,548.49
2630,924,86,9,375.2
2631,925,89,500,71.84
2632,925,175,281,343.25
2633,926,187,12,620.21
2634,926,95,1383,114.32
2635,926,66,659,578.53
2636,927,130,929,21.37
2637,927,125,26,661.68
2638,928,153,62,435.41
2639,928,101,26,29.9
2640,929,125,58,526.55
2641,930,196,13,47.46
2642,930,70,7,433.54
2643,931,91,44,286.5
2644,932,111,326,578.91
2645,933,32,29,449.28
2646,933,177,426,504.78
2647,933,93,1468,153.74
2648,934,124,25,642.06
2649,935,164,57,478.76
2650,935,16,24,491.0
2651,935,131,57,495.3
2652,936,9,342,579.11
2653,936,178,103,410.96
2654,937,39,75,47.81
2655,937,105,63,447.88
2656,937,121,465,153.45
2657,937,41,167,147.95
2658,938,32,793,515.13
2659,938,149,114,506.97
2660,938,163,54,507.81
2661,939,69,26,302.73
2662,939,156,85,727.92
2663,939,157,30,673.51
2664,940,104,657,83.54
2665,940,105,14,430.45
2666,940,130,115,28.64
2667,940,67,501,208.82
2668,941,20,62,458.59
2669,942,28,8,432.84
2670,942,124,21,670.72
2671,942,116,14,539.14
2672,942,153,1473,530.9
2673,943,132,78,662.38
2674,943,5,15,413.12
2675,943,27,14,219.36
2676,943,102,20,699.23
2677,944,158,6,40.88
2678,944,165,697,70.36
2679,944,94,282,527.4
2680,944,50,15,30.46
2681,945,22,439,85.98
2682,945,6,184,600.14
2683,946,91,54,248.22
2684,946,16,337,442.61
2685,946,75,1452,231.77
2686,947,38,641,611.65
2687,947,87,27,602.19
2688,947,27,300,214.29
2689,948,12,11,134.62
2690,948,107,6,666.04
2691,949,149,64,533.44
2692,949,128,113,456.41
2693,949,167,196,434.07
2694,949,5,1456,473.89
2695,950,96,143,554.42
2696,950,13,891,275.9
2697,951,42,9,39.55
2698,951,30,11,302.69
2699,951,75,58,211.51
2700,952,5,22,484.92
2701,953,7,18,570.02
2702,953,14,11,748.26
2703,953,88,50,683.7
2704,953,190,70,238.15
2705,953,171,243,656.53
2706,953,101,134,25.83
2707,954,137,72,280.38
2708,954,31,1326,303.81
2709,955,172,828,64.65
2710,955,174,55,323.34
2711,955,45,21,424.97
2712,956,126,293,502.89
2713,956,198,811,221.76
2714,956,95,105,88.09
2715,956,75,1129,252.5
2716,956,61,25,506.26
2717,957,103,267,610.03
2718,957,106,850,70.74
2719,958,166,1418,42.88
2720,958,5,199,398.31
2721,958,72,1242,354.24
2722,959,158,129,38.26
2723,959,149,13,558.8
2724,959,14,241,540.6
2725,959,188,14,198.11
2726,959,49,875,444.2
2727,959,30,76,249.42
2728,960,104,6,75.33
2729,961,54,34,727.51
2730,962,45,12,334.84
2731,962,99,124,195.21
2732,963,59,9,603.41
2733,963,60,291,63.51
2734,964,122,12,192.03
2735,965,76,27,90.73
2736,965,82,233,404.36
2737,965,120,11,541.46
2738,965,190,256,269.28
2739,966,86,1309,401.29
2740,966,106,26,71.14
2741,966,198,55,185.7
2742,966,113,932,621.63
2743,967,62,7,408.23
2744,967,167,257,437.44
2745,968,14,54,744.44
2746,968,102,69,617.55
2747,968,107,29,555.99
2748,968,84,9,292.51
2749,968,191,35,135.89
2750,968,109,136,447.69
2751,968,6,269,668.04
2752,968,44,1178,311.94
2753,969,32,193,607.61
2754,969,81,241,722.16
2755,970,183,1229,331.13
2756,970,30,10,248.52
2757,970,103,1457,577.63
2758,971,186,7,609.72
2759,971,68,162,439.19
2760,972,107,11,628.35
2761,972,113,19,741.31
2762,973,183,11,336.96
2763,973,68,455,474.21
2764,974,82,10,391.81
2765,974,168,505,497.53
2766,975,167,53,396.84
2767,975,24,688,182.9
2768,975,127,313,292.81
2769,975,104,27,76.44
2770,975,23,226,651.21
2771,976,8,49,486.78
2772,976,63,922,475.2
2773,977,17,637,278.27
2774,978,82,122,422.06
2775,978,75,938,251.74
2776,978,34,27,79.43
2777,978,200,137,51.26
2778,979,45,570,324.54
2779,979,78,82,625.65
2780,979,170,144,200.02
2781,979,182,1028,514.8
2782,980,16,13,488.39
2783,980,165,152,58.89
2784,980,109,261,492.37
2785,980,76,848,87.06
2786,980,33,56,292.33
2787,980,191,461,145.52
2788,981,193,79,388.55
2789,982,60,14,76.51
2790,983,81,53,611.62
2791,983,3,788,347.79
2792,984,122,395,213.86
2793,984,168,742,471.15
2794,984,27,256,195.36
2795,984,58,270,338.91
2796,984,165,104,70.66
2797,985,83,55,177.36
2798,985,116,1027,594.53
2799,985,192,30,554.26
2800,986,72,81,327.49
2801,986,164,15,431.73
2802,986,73,665,226.43
2803,987,111,196,580.11
2804,987,195,100,230.72
2805,988,93,1342,160.15
2806,988,62,820,418.41
2807,988,20,13,388.6
2808,988,171,6,638.08
2809,989,160,239,74.35
2810,989,102,12,600.69
2811,989,143,104,574.53
2812,990,91,49,287.75
2813,990,9,113,514.99
2814,990,154,327,60.62
2815,991,53,689,160.03
2816,992,74,11,284.24
2817,992,20,13,459.7
2818,992,110,665,698.2
2819,992,163,25,575.68
2820,992,25,105,256.67
2821,993,191,7,163.19
2822,993,168,10,555.68
2823,993,14,128,657.27
2824,993,101,1326,25.17
2825,993,129,29,588.45
2826,993,52,99,505.91
2827,993,23,13,663.09
2828,993,196,20,46.01
2829,994,110,480,557.69
2830,994,32,30,496.64
2831,994,109,20,459.57
2832,994,45,13,347.99
2833,995,180,28,350.17
2834,995,126,61,417.49
2835,995,66,34,556.52
2836,996,124,9,665.12
2837,996,67,11,199.58
2838,997,13,1163,281.15
2839,998,85,29,631.51
2840,999,1,59,327.96
2841,999,197,198,377.91
2842,999,148,553,385.1
2843,999,94,642,550.75
2844,1000,90,14,60.54
2845,1000,117,9,247.99
2846,1001,33,30,336.45
2847,1001,150,287,383.88
2848,1001,39,6,53.47
2849,1001,22,17,95.75
2850,1001,62,7,419.31
2851,1002,72,14,362.29
2852,1002,135,14,135.02
2853,1002,199,11,664.1
2854,1002,74,251,286.29
2855,1002,183,1305,253.36
2856,1002,188,1257,243.41
2857,1002,27,35,216.78
2858,1003,123,15,785.16
2859,1004,113,112,571.0
2860,1004,133,9,256.12
2861,1004,53,137,148.4
2862,1005,2,299,670.18
2863,1006,96,146,620.97
2864,1006,28,1043,427.93
2865,1007,144,101,562.24
2866,1007,198,74,210.34
2867,1007,64,652,493.44
2868,1008,54,56,599.52
2869,1009,44,866,307.72
2870,1009,79,136,229.71
2871,1010,83,28,163.94
2872,1011,133,12,243.89
2873,1011,34,12,101.66
2874,1011,53,230,141.14
2875,1011,68,28,524.36
2876,1011,142,705,624.01
2877,1011,186,109,581.94
2878,1012,88,197,648.15
2879,1013,96,795,513.17
2880,1013,110,1307,582.48
2881,1014,115,92,354.71
2882,1014,198,11,226.14
2883,1014,5,71,531.38
2884,1014,98,6,406.67
2885,1015,111,297,582.43
2886,1016,86,20,412.43
2887,1016,87,690,565.77
2888,1016,191,20,160.92
2889,1016,57,51,566.49
2890,1016,7,107,704.57
2891,1016,153,9,511.06
2892,1017,14,51,549.63
2893,1017,4,26,596.1
2894,1017,74,770,293.55
2895,1018,77,154,126.93
2896,1018,111,17,732.42
2897,1019,197,67,374.06
2898,1019,109,105,460.71
2899,1020,113,310,549.76
2900,1020,160,149,91.14
2901,1021,9,263,643.22
2902,1021,160,13,75.54
2903,1021,89,410,78.32
2904,1021,123,120,702.78
2905,1022,107,41,560.97
2906,1022,139,473,239.68
2907,1022,192,610,572.48
2908,1022,68,1229,424.04
2909,1023,9,583,542.89
2910,1023,81,1487,544.92
2911,1023,67,674,168.16
2912,1023,15,115,726.51
2913,1023,163,247,606.97
2914,1023,93,14,135.93
2915,1023,22,28,98.61
2916,1023,95,8,87.28
2917,1024,138,52,400.82
2918,1024,14,64,597.53
2919,1024,100,86,406.46
2920,1024,162,15,339.75
2921,1025,10,67,551.02
2922,1025,6,89,733.5
2923,1025,75,62,230.53
2924,1025,183,85,282.62
2925,1025,106,8,69.09
2926,1026,37,63,581.42
2927,1026,73,6,182.36
2928,1026,102,12,650.98
2929,1027,23,696,680.19
2930,1027,130,85,26.84
2931,1027,29,28,178.52
2932,1027,44,53,339.2
2933,1028,28,9,513.99
2934,1028,87,571,532.97
2935,1029,111,387,767.47
2936,1030,197,138,403.09
2937,1030,185,1315,268.37
2938,1030,170,731,206.25
2939,1031,180,90,344.46
2940,1031,64,40,466.69
2941,1031,32,101,609.01
2942,1031,150,44,355.65
2943,1032,165,281,61.71
2944,1032,130,404,29.0
2945,1033,48,14,752.85
2946,1033,131,742,504.15
2947,1033,198,15,232.0
2948,1034,197,263,324.07
2949,1034,127,192,346.09
2950,1034,183,118,330.87
2951,1035,77,11,119.88
2952,1035,136,68,383.28
2953,1035,148,70,364.12
2954,1035,79,1080,213.81
2955,1035,6,53,744.69
2956,1036,144,125,568.64
2957,1036,5,569,516.05
2958,1036,165,130,76.91
2959,1037,53,109,141.94
2960,1037,116,648,447.99
2961,1038,138,62,409.16
2962,1039,115,131,307.47
2963,1039,79,725,221.1
2964,1039,114,555,360.31
2965,1040,94,753,524.33
2966,1040,42,574,39.33
2967,1040,98,94,381.2
2968,1041,4,1357,581.41
2969,1041,136,5,328.45
2970,1041,91,468,307.6
2971,1041,108,1391,293.01
2972,1042,107,402,551.4
2973,1042,125,98,597.42
2974,1042,12,1494,123.37
2975,1043,116,6,490.6
2976,1043,120,259,453.47
2977,1044,73,156,212.06
2978,1044,66,1121,590.66
2979,1045,118,44,520.58
2980,1045,83,76,197.25
2981,1045,34,525,87.94
2982,1046,182,144,670.75
2983,1046,172,455,69.76
2984,1046,168,59,624.56
2985,1046,122,12,253.86
2986,1047,145,73,602.07
2987,1048,42,63,45.23
2988,1048,121,637,163.34
2989,1048,188,165,227.65
2990,1049,16,298,557.06
2991,1049,184,658,322.15
2992,1049,143,132,451.66
2993,1050,109,106,449.4
2994,1050,157,965,644.08
2995,1051,139,702,212.91
2996,1051,45,1304,344.34
2997,1052,12,266,146.51
2998,1052,15,85,657.05
2999,1052,124,1281,702.58
3000,1053,72,9,304.93
3001,1053,126,11,478.92
3002,1054,110,674,660.24
3003,1054,149,27,495.26
3004,1054,86,8,398.19
3005,1054,6,112,696.89
3006,1054,176,14,496.61
3007,1054,121,5,141.16
3008,1055,192,1237,441.79
3009,1055,79,29,202.85
3010,1056,111,1216,725.53
3011,1056,147,56,58.54
3012,1057,179,117,231.99
3013,1058,157,269,592.18
3014,1058,31,27,292.15
3015,1058,166,10,43.0
3016,1058,178,281,435.34
3017,1058,45,55,321.36
3018,1059,38,13,582.91
3019,1060,192,290,607.5
3020,1060,16,466,514.13
3021,1060,95,14,118.1
3022,1061,49,354,453.31
3023,1061,143,1176,602.71
3024,1062,41,160,135.18
3025,1062,136,490,320.8
3026,1063,200,372,62.59
3027,1063,84,340,332.73
3028,1063,14,637,707.67
3029,1064,148,35,388.9
3030,1064,53,221,143.44
3031,1064,20,1155,401.36
3032,1064,103,1203,610.88
3033,1064,41,64,169.58
3034,1064,92,481,212.04
3035,1064,12,277,143.54
3036,1064,85,513,618.42
3037,1065,21,20,211.73
3038,1065,44,129,315.77
3039,1065,135,117,112.8
3040,1065,112,88,425.15
3041,1065,114,665,336.11
3042,1066,98,1249,322.95
3043,1066,81,49,558.67
3044,1066,47,110,393.48
3045,1067,20,698,423.1
3046,1068,18,22,2.03
3047,1069,177,56,504.23
3048,1069,64,86,491.11
3049,1070,159,72,268.0
3050,1071,150,17,413.42
3051,1072,8,51,484.91
3052,1072,30,134,327.76
3053,1072,185,13,255.83
3054,1073,186,15,608.1
3055,1073,179,53,192.3
3056,1073,184,86,328.73
3057,1074,60,717,82.2
3058,1074,2,1475,588.75
3059,1074,48,15,695.35
3060,1074,27,1134,166.42
3061,1075,2,134,576.71
3062,1075,26,1299,555.05
3063,1075,170,658,253.4
3064,1075,75,589,210.06
3065,1076,107,1192,580.38
3066,1076,20,55,486.98
3067,1076,54,68,754.57
3068,1076,135,37,122.61
3069,1076,98,13,411.52
3070,1076,86,6,391.16
3071,1076,70,531,527.44
3072,1077,87,12,546.05
3073,1077,14,56,732.7
3074,1077,22,1127,75.37
3075,1077,81,20,670.43
3076,1077,192,26,559.26
3077,1077,63,65,654.51
3078,1078,125,55,567.13
3079,1078,156,269,611.01
3080,1078,112,16,360.39
3081,1079,44,761,280.68
3082,1079,46,275,159.46
3083,1079,80,500,95.0
3084,1079,103,1229,664.5
3085,1080,28,128,403.61
3086,1080,190,8,246.81
3087,1080,133,597,190.97
3088,1080,41,104,127.13
3089,1081,85,11,539.81
3090,1081,91,524,313.5
3091,1081,126,69,458.27
3092,1082,24,22,238.48
3093,1082,77,645,123.85
3094,1082,72,1129,330.9
3095,1082,192,12,584.19
3096,1083,32,19,537.38
3097,1084,198,101,241.27
3098,1084,46,54,133.7
3099,1085,186,233,500.15
3100,1086,2,148,683.67
3101,1087,168,5,547.24
3102,1088,57,23,449.7
3103,1088,110,575,631.04
3104,1088,93,124,170.66
3105,1088,148,38,446.45
3106,1088,121,584,139.78
3107,1089,111,1371,635.75
3108,1089,4,12,625.58
3109,1089,21,5,209.54
3110,1089,177,105,396.06
3111,1090,95,94,104.01
3112,1090,93,142,160.08
3113,1091,110,63,552.73
3114,1092,46,54,132.43
3115,1092,142,10,702.07
3116,1092,195,651,230.89
3117,1092,60,145,76.35
3118,1093,137,145,312.59
3119,1093,57,64,422.01
3120,1093,51,236,455.36
3121,1094,12,262,146.78
3122,1094,89,483,77.37
3123,1094,152,109,737.28
3124,1095,139,63,226.23
3125,1095,8,10,492.46
3126,1095,24,257,213.47
3127,1095,46,6,150.94
3128,1095,172,269,65.46
3129,1095,199,137,541.46
3130,1095,43,12,628.79
3131,1096,16,71,520.59
3132,1096,58,121,349.04
3133,1097,97,9,83.65
3134,1097,193,181,464.26
3135,1098,102,18,730.22
3136,1098,192,26,480.42
3137,1099,132,130,565.86
3138,1099,125,43,661.11
3139,1099,49,9,421.45
3140,1099,37,188,650.68
3141,1099,16,132,553.93
3142,1100,144,694,646.16
3143,1100,128,556,381.3
3144,1100,25,9,209.12
3145,1100,138,51,541.18
3146,1100,52,27,622.08
3147,1101,60,47,64.32
3148,1101,7,813,704.12
3149,1101,194,50,186.41
3150,1101,2,676,677.13
3151,1102,99,87,243.63
3152,1102,71,39,187.35
3153,1102,145,11,632.18
3154,1102,175,527,323.43
3155,1102,63,48,496.35
3156,1103,148,955,367.81
3157,1103,7,15,562.29
3158,1103,41,548,167.98
3159,1104,31,83,338.25
3160,1104,160,202,67.28
3161,1104,140,34,128.85
3162,1104,84,66,301.28
3163,1105,1,17,276.65
3164,1105,114,9,308.93
3165,1106,19,6,478.61
3166,1106,82,48,342.21
3167,1106,95,105,102.14
3168,1107,199,31,703.47
3169,1107,89,249,60.29
3170,1107,4,227,534.73
3171,1107,185,9,223.39
3172,1108,33,718,267.76
3173,1108,6,57,569.11
3174,1109,96,46,563.58
3175,1109,18,713,2.02
3176,1110,105,562,498.21
3177,1111,147,47,67.66
3178,1111,150,1112,310.54
3179,1112,173,9,345.62
3180,1112,95,70,113.51
3181,1112,46,58,141.56
3182,1112,53,1348,139.68
3183,1112,155,22,236.98
3184,1113,166,52,46.61
3185,1114,111,68,653.88
3186,1114,100,29,384.1
3187,1114,149,347,540.62
3188,1115,81,105,567.81
3189,1115,178,13,484.83
3190,1115,153,14,445.89
3191,1115,72,26,373.69
3192,1115,96,10,566.01
3193,1116,106,30,66.37
3194,1116,200,14,52.66
3195,1116,59,1325,592.36
3196,1117,133,629,194.49
3197,1117,135,177,131.56
3198,1118,157,579,607.13
3199,1118,186,25,624.04
3200,1119,140,93,128.66
3201,1119,112,13,397.9
3202,1120,189,81,642.55
3203,1120,42,184,42.41
3204,1121,8,29,504.17
3205,1121,92,112,202.12
3206,1122,38,543,519.83
3207,1122,52,11,666.78
3208,1122,49,134,450.69
3209,1123,176,86,504.04
3210,1124,36,563,322.25
3211,1124,27,1401,217.33
3212,1124,1,96,347.4
3213,1124,145,337,578.35
3214,1124,130,14,25.71
3215,1125,3,1384,387.5
3216,1125,4,1004,700.67
3217,1125,97,14,76.5
3218,1126,80,34,92.56
3219,1126,187,82,636.58
3220,1126,42,105,37.41
3221,1127,35,393,230.48
3222,1127,41,257,171.47
3223,1128,56,11,485.99
3224,1128,32,53,448.49
3225,1129,89,70,79.8
3226,1129,186,215,655.09
3227,1129,67,1445,217.26
3228,1130,50,818,33.81
3229,1130,66,479,611.7
3230,1130,107,18,532.98
3231,1131,172,265,81.26
3232,1131,130,614,23.66
3233,1132,164,195,503.34
3234,1132,156,23,653.1
3235,1133,3,135,463.14
3236,1133,180,834,458.34
3237,1133,55,19,76.71
3238,1133,114,688,353.15
3239,1134,74,1455,253.03
3240,1134,21,299,222.3
3241,1134,86,70,330.93
3242,1135,31,148,314.63
3243,1135,123,220,783.06
3244,1135,172,37,84.54
3245,1135,87,148,473.92
3246,1136,10,682,595.31
3247,1136,91,63,283.82
3248,1137,113,75,547.48
3249,1137,134,8,165.6
3250,1137,71,147,146.79
3251,1137,184,223,285.07
3252,1138,110,16,605.17
3253,1138,88,801,627.87
3254,1138,162,258,391.11
3255,1139,46,221,175.86
3256,1140,184,97,264.96
3257,1141,7,74,618.39
3258,1141,26,20,534.81
3259,1142,60,144,64.58
3260,1142,143,26,593.81
3261,1142,105,625,459.45
3262,1142,172,13,79.85
3263,1142,138,46,466.24
3264,1143,145,148,472.13
3265,1143,106,45,61.12
3266,1144,14,20,735.81
3267,1144,144,403,623.67
3268,1144,80,18,87.09
3269,1145,2,6,559.84
3270,1145,166,928,47.27
3271,1145,103,890,737.75
3272,1146,112,257,387.26
3273,1146,20,584,365.12
3274,1146,73,9,193.19
3275,1147,83,72,159.77
3276,1147,80,6,98.67
3277,1147,87,769,516.01
3278,1148,126,1260,527.91
3279,1148,187,1322,633.37
3280,1148,77,34,136.8
3281,1149,173,201,457.21
3282,1149,141,715,354.54
3283,1150,51,149,501.83
3284,1150,41,1401,150.99
3285,1150,28,5,454.81
3286,1151,174,1408,324.38
3287,1151,171,995,534.88
3288,1151,104,25,64.15
3289,1152,6,77,592.33
3290,1153,108,16,291.53
3291,1153,66,63,551.81
3292,1154,111,593,637.56
3293,1155,50,675,30.38
3294,1155,73,51,203.33
3295,1155,128,537,425.4
3296,1155,126,669,562.44
3297,1156,185,55,291.52
3298,1156,128,142,456.33
3299,1156,88,344,627.26
3300,1157,89,33,75.37
3301,1158,43,13,565.09
3302,1158,196,61,40.87
3303,1158,59,373,746.06
3304,1159,127,120,301.45
3305,1160,59,240,614.47
3306,1160,199,103,696.57
3307,1160,184,119,308.09
3308,1160,38,277,612.34
3309,1161,117,122,265.81
3310,1161,34,65,103.37
3311,1161,68,653,416.15
3312,1161,163,796,585.08
3313,1161,196,9,50.51
3314,1162,20,188,399.44
3315,1162,6,22,596.13
3316,1162,9,150,535.49
3317,1162,153,32,407.51
3318,1163,92,170,205.35
3319,1164,13,5,253.2
3320,1164,197,106,373.14
3321,1164,47,63,517.43
3322,1164,73,381,187.14
3323,1164,133,70,212.53
3324,1164,152,12,769.03
3325,1165,53,28,173.38
3326,1165,68,263,500.55
3327,1166,167,14,416.99
3328,1166,56,56,448.41
3329,1167,116,642,583.19
3330,1167,139,826,173.81
3331,1168,177,624,445.88
3332,1168,187,11,611.96
3333,1169,79,326,235.71
3334,1170,82,996,401.9
3335,1170,66,143,561.19
3336,1170,68,55,393.16
3337,1171,114,611,366.05
3338,1171,7,18,609.06
3339,1171,160,90,91.8
3340,1171,95,578,111.88
3341,1172,34,111,78.75
3342,1172,110,496,633.91
3343,1172,86,300,414.46
3344,1172,116,371,530.76
3345,1172,40,200,59.03
3346,1172,1,24,319.26
3347,1172,197,218,357.23
3348,1173,100,43,373.23
3349,1173,145,1179,567.03
3350,1173,28,362,463.82
3351,1173,133,48,239.44
3352,1174,135,647,125.07
3353,1174,43,9,739.43
3354,1174,103,8,714.97
3355,1175,124,135,672.76
3356,1175,73,747,233.15
3357,1176,85,14,503.9
3358,1176,189,473,683.01
3359,1177,171,399,589.3
3360,1177,55,138,90.71
3361,1178,25,86,189.35
3362,1178,119,13,653.72
3363,1179,44,58,357.41
3364,1179,128,69,494.06
3365,1179,136,708,383.77
3366,1179,109,56,360.53
3367,1180,33,36,361.34
3368,1181,167,922,395.54
3369,1182,85,1397,646.57
3370,1182,56,13,489.95
3371,1182,127,538,357.83
3372,1183,128,59,489.93
3373,1184,46,195,136.25
3374,1184,102,12,598.51
3375,1184,132,380,657.55
3376,1184,174,198,323.88
3377,1185,84,110,364.22
3378,1186,167,58,421.22
3379,1186,77,1299,131.77
3380,1187,169,537,55.2
3381,1187,70,1152,431.1
3382,1187,81,58,660.33
3383,1188,148,664,433.58
3384,1189,171,855,658.58
3385,1189,20,23,416.62
3386,1190,166,8,36.87
3387,1190,114,131,303.04
3388,1191,8,95,588.99
3389,1191,50,86,30.68
3390,1191,23,66,595.0
3391,1191,168,145,466.19
3392,1191,137,131,339.96
3393,1192,3,28,370.63
3394,1192,24,75,227.81
3395,1192,185,15,248.66
3396,1193,117,402,224.17
3397,1193,97,1142,93.69
3398,1194,93,22,159.78
3399,1194,191,29,132.36
3400,1194,118,9,470.65
3401,1194,50,13,38.71
3402,1194,186,15,488.57
3403,1195,110,8,634.74
3404,1195,195,14,268.51
3405,1195,180,875,446.63
3406,1195,48,27,761.94
3407,1196,4,26,693.72
3408,1196,83,21,145.61
3409,1197,136,918,351.32
3410,1197,18,14,2.03
3411,1197,163,61,642.26
3412,1198,13,62,250.09
3413,1198,111,19,750.09
3414,1199,148,8,349.11
3415,1200,147,94,65.89
3416,1200,164,12,486.48
3417,1200,175,46,299.12
3418,1201,100,56,447.21
3419,1201,173,649,419.05
3420,1201,13,144,242.9
3421,1201,141,990,395.7
3422,1201,119,485,663.02
3423,1202,130,717,24.08
3424,1202,40,149,60.45
3425,1202,66,237,660.02
3426,1203,65,29,386.87
3427,1203,129,1279,556.33
3428,1204,17,131,273.1
3429,1204,84,26,373.03
3430,1204,66,27,623.9
3431,1205,116,579,440.29
3432,1205,39,44,58.57
3433,1206,17,132,268.26
3434,1206,71,63,161.32
3435,1206,5,229,520.19
3436,1207,31,9,320.86
3437,1207,165,156,72.08
3438,1207,62,655,412.83
3439,1207,116,9,525.01
3440,1208,121,723,185.29
3441,1208,138,1111,445.43
3442,1208,22,245,94.14
3443,1209,149,8,503.99
3444,1209,6,8,720.73
3445,1210,68,847,505.55
3446,1210,16,8,518.26
3447,1211,66,106,639.65
3448,1211,40,1203,64.78
3449,1212,176,1342,515.97
3450,1212,42,11,48.34
3451,1212,112,146,323.19
3452,1213,134,792,188.26
3453,1213,19,140,494.72
3454,1214,25,118,246.37
3455,1214,27,33,163.71
3456,1214,123,969,692.24
3457,1214,195,8,243.27
3458,1215,142,490,718.93
3459,1215,40,295,52.77
3460,1215,72,68,381.13
3461,1215,174,7,261.1
3462,1215,3,28,438.32
3463,1215,66,914,558.02
3464,1215,160,212,78.73
3465,1216,176,715,486.97
3466,1216,80,730,90.78
3467,1216,157,293,577.4
3468,1216,78,286,601.37
3469,1217,154,6,55.25
3470,1217,147,1310,61.51
3471,1218,160,19,87.07
3472,1218,35,630,186.76
3473,1219,79,18,182.26
3474,1219,174,232,276.57
3475,1220,51,38,572.82
3476,1220,178,7,492.55
3477,1221,81,679,644.27
3478,1222,200,69,49.34
3479,1222,26,209,616.02
3480,1222,173,65,371.76
3481,1223,53,716,154.43
3482,1223,121,10,186.11
3483,1223,93,820,170.57
3484,1223,4,360,573.36
3485,1223,130,60,21.99
3486,1224,90,129,63.57
3487,1224,190,72,215.71
3488,1225,51,17,439.95
3489,1226,177,61,376.54
3490,1226,84,64,301.95
3491,1226,198,27,239.87
3492,1227,133,62,225.06
3493,1227,98,340,333.77
3494,1227,48,625,569.07
3495,1228,193,570,473.06
3496,1228,41,122,141.86
3497,1229,95,27,90.74
3498,1229,91,25,321.49
3499,1229,138,291,452.17
3500,1230,6,9,746.25
3501,1230,17,721,286.72
3502,1231,56,63,536.38
3503,1231,77,202,135.2
3504,1231,197,25,316.02
3505,1231,25,149,228.39
3506,1231,74,51,215.13
3507,1231,114,1190,390.21
3508,1231,123,20,688.35
3509,1232,190,325,264.62
3510,1232,20,30,480.44
3511,1232,46,130,142.97
3512,1233,94,493,599.8
3513,1233,50,65,33.29
3514,1233,195,23,275.55
3515,1234,44,10,378.21
3516,1235,72,756,302.89
3517,1235,198,22,227.88
3518,1235,105,62,458.41
3519,1236,144,54,615.59
3520,1236,174,219,304.24
3521,1237,68,15,483.38
3522,1237,88,140,729.76
3523,1237,20,128,412.01
3524,1238,133,101,238.19
3525,1238,188,1299,245.69
3526,1238,97,18,77.37
3527,1238,4,9,638.04
3528,1238,79,727,221.24
3529,1238,178,16,400.03
3530,1238,48,177,630.14
3531,1239,82,21,400.95
3532,1240,1,252,306.04
3533,1240,174,126,292.21
3534,1240,141,14,329.57
3535,1241,153,337,533.54
3536,1242,7,101,672.82
3537,1242,63,74,595.51
3538,1242,200,38,61.73
3539,1243,125,613,541.76
3540,1243,35,136,233.92
3541,1244,127,1059,371.02
3542,1244,107,1443,636.58
3543,1244,55,12,87.5
3544,1245,60,11,72.79
3545,1245,132,107,597.67
3546,1245,77,876,136.88
3547,1245,179,34,225.93
3548,1246,9,1247,517.25
3549,1246,17,22,283.78
3550,1246,135,695,105.29
3551,1247,99,56,217.76
3552,1248,56,24,419.19
3553,1248,15,10,578.03
3554,1249,5,27,468.2
3555,1249,79,51,207.59
3556,1249,46,579,142.34
3557,1249,181,667,197.54
3558,1250,67,9,168.99
3559,1251,102,278,548.01
3560,1251,23,169,538.85
3561,1252,18,110,2.05
3562,1253,17,13,269.0
3563,1253,58,6,419.31
3564,1253,102,7,702.13
3565,1253,164,694,535.02
3566,1254,153,25,519.38
3567,1255,100,26,342.58
3568,1255,158,100,49.8
3569,1255,22,11,95.12
3570,1255,181,27,217.39
3571,1256,2,36,747.7
3572,1256,112,26,435.41
3573,1256,189,344,525.02
3574,1256,53,5,172.06
3575,1256,177,154,506.03
3576,1256,176,74,562.13
3577,1257,20,30,389.59
3578,1257,187,11,539.19
3579,1258,151,74,660.26
3580,1258,39,11,48.64
3581,1259,175,37,360.52
3582,1259,108,26,258.94
3583,1259,107,291,567.84
3584,1260,57,11,554.47
3585,1260,155,12,214.6
3586,1261,27,439,186.67
3587,1261,101,12,27.68
3588,1261,37,23,547.4
3589,1262,5,151,489.58
3590,1262,58,68,379.99
3591,1263,186,136,532.2
3592,1263,184,11,286.59
3593,1263,75,1146,235.17
3594,1264,44,6,379.59
3595,1265,134,286,141.24
3596,1266,153,27,535.09
3597,1266,29,14,182.28
3598,1266,125,18,680.49
3599,1266,197,113,401.16
3600,1267,25,330,196.24
3601,1267,101,704,29.51
3602,1268,51,235,497.08
3603,1268,188,276,254.62
3604,1269,195,1457,203.02
3605,1269,164,8,547.79
3606,1269,128,296,385.61
3607,1270,59,128,613.26
3608,1271,97,29,80.21
3609,1271,193,24,451.2
3610,1272,30,42,244.65
3611,1272,176,43,478.6
3612,1272,150,15,420.39
3613,1272,113,6,676.12
3614,1273,110,541,597.12
3615,1274,81,141,596.9
3616,1275,177,18,383.57
3617,1275,36,1110,300.08
3618,1275,152,15,565.97
3619,1275,66,123,606.79
3620,1276,114,698,293.57
3621,1276,11,31,179.96
3622,1276,39,51,48.14
3623,1277,83,23,150.17
3624,1278,24,69,187.93
3625,1278,116,14,487.45
3626,1279,126,9,574.51
3627,1279,95,111,97.99
3628,1279,69,154,298.72
3629,1279,174,9,300.58
3630,1279,9,25,577.77
3631,1280,162,13,464.86
3632,1280,27,133,201.04
3633,1281,91,26,307.16
3634,1281,112,78,351.44
3635,1281,28,134,538.49
3636,1282,119,856,530.62
3637,1282,143,11,609.12
3638,1283,175,11,410.83
3639,1284,64,138,547.08
3640,1284,147,277,67.74
3641,1284,149,5,517.6
3642,1284,145,417,611.51
3643,1284,40,37,59.26
3644,1284,92,16,187.75
3645,1285,48,685,683.42
3646,1286,145,253,483.28
3647,1286,31,1063,379.69
3648,1287,90,21,51.0
3649,1288,11,15,209.53
3650,1288,87,12,540.65
3651,1288,50,553,35.94
3652,1289,5,114,463.6
3653,1289,27,109,208.14
3654,1289,189,565,668.22
3655,1290,5,26,467.54
3656,1291,118,11,577.5
3657,1292,195,72,224.16
3658,1292,79,936,233.81
3659,1293,80,403,76.63
3660,1293,64,713,457.41
3661,1293,131,873,512.79
3662,1293,117,163,265.9
3663,1293,112,133,363.76
3664,1293,121,454,146.59
3665,1293,54,72,751.88
3666,1293,142,20,571.76
3667,1294,163,233,487.03
3668,1294,158,91,41.53
3669,1294,21,1476,242.68
3670,1295,176,35,564.47
3671,1295,60,102,78.91
3672,1296,148,1007,383.7
3673,1297,22,466,100.58
3674,1297,165,1221,59.61
3675,1297,163,10,480.86
3676,1298,48,370,619.17
3677,1298,61,358,502.64
3678,1298,110,6,735.93
3679,1299,68,7,513.68
3680,1299,50,122,38.74
3681,1299,74,531,246.99
3682,1300,190,48,275.91
3683,1301,114,15,354.62
3684,1302,193,8,486.22
3685,1302,59,65,629.83
3686,1302,188,48,259.59
3687,1302,89,11,59.78
3688,1302,80,101,82.66
3689,1303,104,19,77.9
3690,1304,166,278,39.07
3691,1305,12,234,132.2
3692,1305,32,748,465.95
3693,1305,77,70,107.34
3694,1306,13,10,251.43
3695,1306,174,1450,254.7
3696,1306,68,72,505.7
3697,1307,135,670,103.74
3698,1308,178,14,520.03
3699,1308,97,72,94.78
3700,1309,21,297,184.19
3701,1309,68,141,499.18
3702,1309,145,248,555.1
3703,1309,50,8,29.54
3704,1310,199,257,553.68
3705,1310,165,122,59.47
3706,1311,106,137,60.72
3707,1311,66,238,550.55
3708,1312,53,316,164.74
3709,1312,60,494,75.2
3710,1312,187,121,480.61
3711,1312,122,70,230.64
3712,1313,177,207,375.08
3713,1314,52,99,556.85
3714,1315,63,14,560.58
3715,1315,129,191,551.52
3716,1315,80,199,90.43
3717,1316,41,141,156.61
3718,1317,19,265,521.44
3719,1317,1,98,261.8
3720,1317,87,202,488.64
3721,1318,57,166,515.76
3722,1318,155,29,295.01
3723,1318,166,1056,37.5
3724,1319,48,107,619.08
3725,1319,115,37,342.6
3726,1319,166,203,37.41
3727,1319,133,674,218.99
3728,1319,25,400,222.86
3729,1319,71,14,143.88
3730,1320,173,659,470.53
3731,1320,200,1195,56.69
3732,1321,174,156,288.98
3733,1322,71,61,192.85
3734,1322,181,658,235.63
3735,1322,20,25,376.52
3736,1322,39,189,53.97
3737,1322,144,69,631.97
3738,1322,1,229,309.74
3739,1322,66,285,647.09
3740,1322,76,1301,91.7
3741,1323,105,458,494.25
3742,1323,7,275,712.13
3743,1324,181,214,208.69
3744,1324,62,86,451.23
3745,1324,105,12,469.73
3746,1325,57,143,452.62
3747,1325,107,20,659.78
3748,1326,200,1007,54.0
3749,1326,22,49,87.58
3750,1327,135,24,112.09
3751,1327,93,50,156.48
3752,1327,145,295,628.87
3753,1328,179,41,249.23
3754,1328,50,14,36.6
3755,1328,113,54,572.41
3756,1329,2,67,626.35
3757,1329,47,281,409.12
3758,1330,133,167,257.09
3759,1330,45,209,318.42
3760,1331,28,15,453.4
3761,1331,186,71,508.66
3762,1332,58,1226,337.02
3763,1332,131,20,444.67
3764,1333,157,1049,510.42
3765,1334,82,128,343.48
3766,1334,31,1094,386.77
3767,1334,4,14,688.51
3768,1334,135,501,125.86
3769,1335,21,22,180.49
3770,1335,61,485,523.74
3771,1336,92,14,192.29
3772,1336,11,86,197.86
3773,1337,97,324,74.01
3774,1337,55,12,92.14
3775,1338,194,56,207.86
3776,1338,1,49,306.48
3777,1338,88,632,755.97
3778,1339,147,51,57.02
3779,1340,98,138,408.53
3780,1340,30,567,270.65
3781,1341,113,60,624.85
3782,1341,97,120,74.58
3783,1341,104,8,66.13
3784,1341,6,698,738.96
3785,1341,178,1120,464.43
3786,1341,43,83,712.64
3787,1341,76,45,70.34
3788,1342,69,52,301.98
3789,1342,199,1025,539.28
3790,1342,47,405,498.38
3791,1343,151,641,760.29
3792,1343,103,1186,669.27
3793,1343,97,820,87.67
3794,1343,186,30,598.06
3795,1343,13,18,219.94
3796,1343,140,51,126.72
3797,1344,191,62,157.93
3798,1345,116,14,455.83
3799,1345,157,697,549.95
3800,1346,166,396,38.33
3801,1347,176,1213,472.4
3802,1347,42,111,44.82
3803,1347,22,10,83.57
3804,1347,51,128,583.91
3805,1347,71,197,190.35
3806,1348,165,29,65.51
3807,1349,51,435,603.16
3808,1349,114,8,319.95
3809,1349,179,96,254.91
3810,1349,19,111,557.42
3811,1349,166,597,38.14
3812,1350,34,69,88.73
3813,1351,21,97,201.15
3814,1351,151,108,582.01
3815,1352,155,42,267.96
3816,1353,138,35,531.03
3817,1353,181,128,225.87
3818,1353,160,90,74.62
3819,1353,177,7,426.42
3820,1353,72,77,332.6
3821,1354,130,178,28.42
3822,1354,155,253,255.35
3823,1355,21,10,194.93
3824,1355,77,108,137.25
3825,1356,157,64,560.32
3826,1356,14,34,551.36
3827,1356,176,17,462.96
3828,1357,123,11,624.51
3829,1357,144,1149,581.99
3830,1357,106,70,60.3
3831,1357,17,14,243.17
3832,1358,65,130,387.55
3833,1359,144,46,656.96
3834,1359,8,238,535.74
3835,1359,59,11,678.38
3836,1360,123,485,574.88
3837,1360,118,22,527.51
3838,1360,1,27,314.17
3839,1361,83,147,171.35
3840,1362,123,64,748.46
3841,1362,178,745,512.54
3842,1362,198,128,184.3
3843,1363,105,123,508.09
3844,1363,188,57,256.98
3845,1364,196,1034,44.39
3846,1364,144,13,628.8
3847,1364,101,16,31.28
3848,1364,54,184,551.87
3849,1365,102,1325,643.68
3850,1365,94,53,518.95
3851,1366,69,757,342.48
3852,1366,64,39,427.88
3853,1367,98,230,413.85
3854,1367,44,338,331.62
3855,1367,13,28,274.94
3856,1368,3,13,412.46
3857,1369,91,8,267.9
3858,1369,64,185,473.54
3859,1369,99,5,191.51
3860,1369,83,28,156.32
3861,1370,81,70,568.97
3862,1370,35,57,206.24
3863,1370,77,383,140.46
3864,1370,4,92,601.38
3865,1371,167,1417,523.74
3866,1371,45,249,333.66
3867,1371,123,15,752.7
3868,1371,115,144,326.3
3869,1372,6,820,646.24
3870,1372,24,58,234.67
3871,1372,142,584,600.89
3872,1372,69,268,381.0
3873,1372,66,864,610.8
3874,1373,4,10,529.71
3875,1373,55,719,101.43
3876,1374,172,641,70.1
3877,1374,47,87,527.24
3878,1374,164,39,513.29
3879,1374,105,26,500.54
3880,1374,95,25,104.42
3881,1375,106,76,64.67
3882,1375,117,14,268.1
3883,1375,173,1013,361.75
3884,1375,45,280,323.62
3885,1376,54,17,720.26
3886,1376,86,66,364.23
3887,1377,111,682,736.09
3888,1377,33,251,340.0
3889,1377,137,117,343.11
3890,1378,130,833,21.8
3891,1378,73,632,221.0
3892,1378,183,117,307.54
3893,1378,117,274,220.12
3894,1379,138,380,505.47
3895,1379,36,717,319.63
3896,1380,90,11,58.6
3897,1380,20,564,418.97
3898,1381,185,64,253.91
3899,1382,40,501,49.04
3900,1382,85,155,523.0
3901,1382,62,1096,417.84
3902,1383,195,38,203.55
3903,1383,33,298,349.0
3904,1383,141,627,342.95
3905,1383,5,72,399.71
3906,1383,177,106,405.31
3907,1384,88,538,738.35
3908,1384,176,616,521.85
3909,1384,49,25,405.16
3910,1384,149,64,580.29
3911,1384,7,432,717.06
3912,1385,186,160,571.55
3913,1385,98,130,399.91
3914,1385,38,105,478.33
3915,1386,59,11,663.89
3916,1386,153,29,469.88
3917,1386,63,171,555.28
3918,1386,155,103,227.82
3919,1386,149,288,432.5
3920,1386,198,1066,213.48
3921,1386,75,685,228.61
3922,1387,133,677,227.93
3923,1387,51,186,499.75
3924,1387,4,544,672.1
3925,1388,104,616,80.43
3926,1388,194,792,206.65
3927,1388,163,23,606.85
3928,1389,120,28,515.62
3929,1389,1,261,304.9
3930,1390,116,13,522.01
3931,1390,85,12,472.83
3932,1391,170,8,248.07
3933,1391,33,282,360.2
3934,1392,54,49,651.81
3935,1392,149,134,455.03
3936,1392,6,647,740.68
3937,1392,162,769,428.16
3938,1392,103,23,682.41
3939,1392,67,14,201.86
3940,1392,137,586,277.07
3941,1393,194,25,183.67
3942,1394,175,286,341.02
3943,1395,65,638,408.77
3944,1395,33,460,318.01
3945,1395,111,10,685.08
3946,1395,22,34,83.54
3947,1396,180,10,350.85
3948,1396,182,701,636.65
3949,1397,167,6,438.91
3950,1398,135,8,140.29
3951,1398,57,6,567.6
3952,1398,46,28,163.2
3953,1399,183,176,325.41
3954,1399,179,21,233.78
3955,1399,69,9,296.04
3956,1399,54,27,610.31
3957,1399,10,1239,694.99
3958,1400,10,13,513.61
3959,1400,98,146,339.56
3960,1401,136,31,299.65
3961,1401,137,10,348.04
3962,1401,159,10,258.77
3963,1401,43,262,721.07
3964,1401,19,273,441.32
3965,1402,16,422,483.14
3966,1403,174,416,302.12
3967,1403,110,126,627.36
3968,1404,58,1232,384.9
3969,1405,187,545,599.86
3970,1405,82,63,450.77
3971,1406,6,662,665.82
3972,1406,150,52,407.5
3973,1406,195,33,263.22
3974,1406,159,101,264.16
3975,1406,184,14,321.73
3976,1406,161,8,282.08
3977,1406,56,11,475.26
3978,1407,7,18,730.29
3979,1408,68,35,491.03
3980,1408,115,187,292.86
3981,1409,109,17,374.48
3982,1409,54,1319,721.31
3983,1409,136,351,308.01
3984,1410,130,1458,29.34
3985,1410,42,24,48.65
3986,1410,23,253,529.92
3987,1410,122,709,223.05
3988,1411,164,290,422.93
3989,1411,4,50,578.18
3990,1411,138,690,398.98
3991,1411,177,59,482.93
3992,1411,132,63,521.42
3993,1411,183,61,286.83
3994,1411,110,5,644.25
3995,1412,169,954,46.49
3996,1413,60,12,62.63
3997,1413,95,98,114.08
3998,1414,19,126,579.22
3999,1414,4,182,647.41
4000,1415,189,8,672.38
4001,1415,79,69,226.87
4002,1416,146,23,484.22
4003,1416,86,17,361.05
4004,1417,98,267,388.59
4005,1417,138,122,513.56
4006,1418,147,9,76.25
4007,1418,96,7,484.62
4008,1419,64,664,422.77
4009,1419,169,612,53.78
4010,1419,123,61,783.23
4011,1420,166,748,36.7
4012,1420,20,289,460.73
4013,1420,90,619,49.81
4014,1421,79,141,180.84
4015,1422,108,9,327.77
4016,1422,20,295,406.88
4017,1422,180,564,367.13
4018,1423,130,63,27.47
4019,1423,199,658,643.85
4020,1423,75,517,204.4
4021,1423,24,632,181.1
4022,1424,187,12,611.49
4023,1424,105,11,519.91
4024,1424,102,112,720.9
4025,1425,56,66,434.61
4026,1425,68,16,463.74
4027,1425,52,748,578.31
4028,1426,162,16,357.13
4029,1426,194,380,196.67
4030,1427,37,1037,639.91
4031,1427,25,10,215.26
4032,1428,34,13,93.12
4033,1428,155,401,252.43
4034,1428,164,244,496.29
4035,1429,86,334,410.32
4036,1429,27,11,185.89
4037,1429,108,258,273.12
4038,1430,53,14,138.85
4039,1430,58,119,420.33
4040,1431,144,8,498.52
4041,1431,120,147,566.23
4042,1431,101,71,28.02
4043,1431,104,61,80.83
4044,1431,58,16,443.06
4045,1431,69,102,316.99
4046,1432,106,87,60.4
4047,1432,152,17,696.05
4048,1432,46,527,142.85
4049,1432,18,477,1.97
4050,1433,2,1385,598.68
4051,1433,161,60,293.55
4052,1433,6,92,628.42
4053,1433,91,102,245.82
4054,1434,64,94,485.74
4055,1434,31,735,323.54
4056,1434,46,52,158.19
4057,1435,33,207,307.91
4058,1435,66,12,638.41
4059,1435,93,748,140.35
4060,1435,74,120,241.9
4061,1435,194,61,170.02
4062,1436,197,231,309.2
4063,1437,173,962,368.31
4064,1438,175,27,353.93
4065,1438,21,368,234.38
4066,1438,162,150,412.03
4067,1439,3,57,451.47
4068,1439,173,120,460.08
4069,1439,26,115,634.37
4070,1439,35,27,225.88
4071,1439,118,1091,528.95
4072,1440,125,26,606.24
4073,1440,146,346,569.51
4074,1441,194,272,178.48
4075,1441,138,597,484.04
4076,1441,153,83,501.66
4077,1441,188,7,231.93
4078,1441,41,92,139.03
4079,1441,43,916,611.92
4080,1441,145,147,555.93
4081,1442,61,30,465.79
4082,1442,141,11,376.12
4083,1442,99,105,248.87
4084,1442,82,1026,401.65
4085,1442,108,5,261.0
4086,1443,50,104,35.76
4087,1444,135,113,132.25
4088,1444,189,674,529.42
4089,1445,49,1042,515.69
4090,1445,3,107,357.48
4091,1445,117,14,250.03
4092,1445,19,88,531.37
4093,1445,16,12,463.2
4094,1446,179,298,189.92
4095,1446,18,13,1.95
4096,1447,188,22,202.32
4097,1448,153,182,438.4
4098,1448,79,1352,191.22
4099,1448,40,24,54.02
4100,1448,170,217,255.66
4101,1449,125,165,622.54
4102,1449,166,11,46.02
4103,1449,168,365,494.98
4104,1449,69,67,336.0
4105,1450,39,361,52.14
4106,1450,132,23,662.04
4107,1451,112,12,320.3
4108,1452,143,35,569.97
4109,1452,125,22,519.71
4110,1453,154,15,70.42
4111,1453,172,1324,78.92
4112,1453,195,9,247.03
4113,1454,41,19,161.2
4114,1454,167,223,490.29
4115,1454,11,8,234.44
4116,1455,21,113,214.04
4117,1455,19,64,473.86
4118,1455,144,492,588.98
4119,1455,158,13,45.21
4120,1455,31,18,346.09
4121,1456,102,522,709.28
4122,1456,89,343,58.06
4123,1456,189,11,628.55
4124,1456,139,48,173.81
4125,1457,128,1158,519.31
4126,1457,74,82,224.77
4127,1457,54,126,619.52
4128,1458,179,100,236.6
4129,1458,195,154,266.94
4130,1458,96,257,474.43
4131,1458,163,577,500.34
4132,1459,98,16,389.25
4133,1459,40,393,55.73
4134,1459,70,5,556.94
4135,1459,181,31,216.04
4136,1460,167,16,421.46
4137,1460,115,55,359.55
4138,1461,122,787,217.72
4139,1461,177,48,405.3
4140,1461,125,14,607.28
4141,1461,41,47,155.82
4142,1462,159,5,298.66
4143,1462,25,75,232.25
4144,1462,173,56,428.3
4145,1463,68,12,408.0
4146,1463,199,8,680.52
4147,1463,35,138,215.51
4148,1464,199,255,657.25
4149,1464,111,270,642.38
4150,1465,93,183,151.73
4151,1465,187,138,532.66
4152,1465,92,728,215.6
4153,1465,89,74,68.87
4154,1465,36,134,284.25
4155,1465,85,1473,552.86
4156,1466,14,43,625.74
4157,1466,45,42,339.96
4158,1467,160,32,74.26
4159,1467,131,738,477.63
4160,1468,74,600,243.48
4161,1468,31,58,327.5
4162,1469,124,57,739.92
4163,1469,11,121,202.99
4164,1469,110,7,668.08
4165,1469,155,1375,266.71
4166,1470,145,14,555.89
4167,1470,72,12,300.45
4168,1471,39,192,62.05
4169,1471,74,122,219.29
4170,1471,20,14,458.68
4171,1471,158,94,48.21
4172,1471,171,72,531.07
4173,1472,68,225,384.78
4174,1473,85,60,513.67
4175,1473,155,458,276.24
4176,1473,40,75,57.95
4177,1474,79,216,218.55
4178,1474,199,58,633.59
4179,1474,123,12,685.42
4180,1474,100,131,388.48
4181,1474,179,408,234.54
4182,1474,133,159,192.86
4183,1475,163,284,609.72
4184,1475,82,1064,335.03
4185,1475,42,528,40.91
4186,1476,35,41,243.36
4187,1476,108,28,322.38
4188,1476,6,1032,763.64
4189,1477,160,107,77.13
4190,1477,95,1340,107.75
4191,1477,138,102,424.46
4192,1477,196,102,47.71
4193,1477,114,12,352.5
4194,1478,90,7,51.57
4195,1478,149,745,485.1
4196,1478,79,336,182.54
4197,1479,133,341,212.33
4198,1479,15,1000,752.1
4199,1480,46,708,131.7
4200,1480,180,783,353.37
4201,1480,120,912,461.76
4202,1480,70,277,435.79
4203,1481,163,20,493.4
4204,1481,9,50,581.48
4205,1482,60,14,74.83
4206,1482,76,7,97.23
4207,1482,71,438,191.52
4208,1483,94,29,535.35
4209,1483,102,22,639.61
4210,1484,10,611,518.87
4211,1484,44,570,352.73
4212,1484,85,68,483.92
4213,1484,39,23,56.87
4214,1484,25,173,204.81
4215,1484,93,647,151.11
4216,1485,100,692,356.57
4217,1485,14,746,610.64
4218,1486,40,14,63.87
4219,1486,44,65,370.89
4220,1486,66,13,641.18
4221,1487,58,515,411.72
4222,1487,157,86,634.77
4223,1487,5,15,470.15
4224,1487,2,13,632.5
4225,1487,69,1403,389.64
4226,1487,94,14,528.57
4227,1488,62,55,390.0
4228,1488,131,654,473.34
4229,1489,145,80,603.85
4230,1489,200,212,48.25
4231,1490,93,730,178.17
4232,1490,126,702,500.87
4233,1491,189,113,499.42
4234,1491,33,394,299.23
4235,1492,95,10,96.77
4236,1492,7,46,745.56
4237,1493,83,253,181.71
4238,1493,133,269,216.0
4239,1494,102,1289,673.51
4240,1494,152,13,590.36
4241,1494,128,11,409.0
4242,1495,62,282,396.21
4243,1496,110,1064,708.4
4244,1497,64,126,460.98
4245,1498,172,1303,84.79
4246,1499,38,644,467.66
4247,1499,13,118,274.81
4248,1499,40,621,46.9
4249,1499,141,632,366.14
4250,1499,102,40,556.81
4251,1499,28,547,412.91
4252,1499,35,10,199.4
4253,1500,180,5,349.54
4254,1501,135,134,127.24
4255,1502,170,17,236.77
4256,1503,146,37,462.11
4257,1503,25,74,194.15
4258,1503,183,150,265.43
4259,1503,60,70,75.22
4260,1504,189,876,510.17
4261,1504,125,1037,692.87
4262,1505,117,57,216.89
4263,1505,118,138,522.54
4264,1505,149,11,495.92
4265,1505,93,18,141.46
4266,1505,56,28,515.93
4267,1506,121,18,164.15
4268,1506,186,698,513.37
4269,1507,83,1098,176.66
4270,1508,116,21,553.77
4271,1508,117,400,268.32
4272,1509,72,67,291.21
4273,1510,42,271,39.14
4274,1511,22,24,79.96
4275,1511,51,299,503.76
4276,1511,129,118,714.27
4277,1511,84,1205,384.88
4278,1512,11,40,187.7
4279,1512,185,71,231.23
4280,1512,176,15,478.84
4281,1512,25,118,223.64
4282,1513,146,28,553.19
4283,1513,57,27,480.32
4284,1513,148,24,413.58
4285,1513,181,14,233.45
4286,1514,91,842,310.62
4287,1514,51,692,585.84
4288,1515,134,229,172.96
4289,1515,115,1124,338.21
4290,1516,157,532,635.66
4291,1516,6,42,665.63
4292,1516,88,169,682.61
4293,1516,63,17,641.18
4294,1517,47,599,419.9
4295,1518,2,184,732.37
4296,1519,155,798,268.9
4297,1519,78,48,700.03
4298,1519,129,33,681.71
4299,1520,64,73,467.5
4300,1520,190,27,253.15
4301,1521,35,639,243.25
4302,1521,171,1435,493.79
4303,1522,34,592,101.41
4304,1523,181,13,219.59
4305,1523,68,14,515.9
4306,1523,161,62,228.57
4307,1524,19,116,497.89
4308,1524,37,504,647.81
4309,1525,68,80,389.72
4310,1525,13,18,223.39
4311,1525,190,789,263.27
4312,1525,81,699,694.8
4313,1525,146,9,480.62
4314,1526,58,8,361.73
4315,1526,36,559,309.72
4316,1526,105,1266,505.33
4317,1526,163,57,507.49
4318,1527,69,113,354.85
4319,1527,49,103,478.52
4320,1527,31,11,384.02
4321,1527,12,37,153.76
4322,1528,48,30,599.99
4323,1529,103,47,658.29
4324,1529,71,94,173.33
4325,1529,151,79,591.82
4326,1529,114,113,392.49
4327,1530,169,265,48.19
4328,1531,188,16,252.31
4329,1531,18,51,1.55
4330,1531,10,111,559.93
4331,1531,28,12,498.95
4332,1532,184,5,263.55
4333,1532,151,13,699.47
4334,1532,168,1223,530.32
4335,1533,177,1306,503.01
4336,1533,19,30,470.93
4337,1533,188,142,242.92
4338,1534,15,6,566.26
4339,1534,68,12,425.69
4340,1535,20,9,431.8
4341,1535,8,105,430.12
4342,1535,90,52,55.16
4343,1535,95,858,90.06
4344,1535,3,8,365.08
4345,1535,56,8,405.67
4346,1536,69,29,332.7
4347,1536,185,328,244.49
4348,1537,100,15,353.99
4349,1537,30,14,279.2
4350,1538,121,56,151.94
4351,1538,25,9,232.7
4352,1538,66,146,476.83
4353,1538,54,73,732.65
4354,1538,193,29,401.07
4355,1539,179,10,221.86
4356,1540,38,9,495.96
4357,1541,166,41,45.37
4358,1542,6,204,717.56
4359,1543,157,117,534.04
4360,1544,59,12,736.85
4361,1544,61,247,567.82
4362,1544,105,26,505.45
4363,1544,10,297,686.83
4364,1545,69,13,347.75
4365,1545,198,123,238.24
4366,1545,16,1124,573.46
4367,1546,151,23,740.26
4368,1547,133,1399,240.52
4369,1547,134,60,188.45
4370,1547,115,56,345.33
4371,1548,50,415,29.97
4372,1548,77,93,133.91
4373,1549,137,113,353.01
4374,1549,182,937,543.88
4375,1550,22,8,101.15
4376,1551,164,318,533.52
4377,1552,70,10,470.6
4378,1553,159,23,277.01
4379,1553,133,113,222.98
4380,1554,35,222,198.8
4381,1554,65,29,450.69
4382,1554,14,14,701.13
4383,1555,117,932,202.24
4384,1555,148,444,354.9
4385,1555,46,9,174.9
4386,1555,15,22,762.95
4387,1555,144,309,505.29
4388,1555,47,671,452.02
4389,1555,172,531,85.25
4390,1555,64,185,424.44
4391,1556,6,154,707.53
4392,1557,191,578,177.29
4393,1557,146,89,516.8
4394,1557,47,912,509.1
4395,1558,53,1083,162.19
4396,1558,56,27,463.93
4397,1559,127,13,306.26
4398,1559,110,10,538.98
4399,1560,13,554,245.69
4400,1561,161,137,217.7
4401,1562,195,74,278.45
4402,1562,130,143,23.78
4403,1562,10,11,648.54
4404,1563,33,9,306.33
4405,1563,67,340,200.79
4406,1563,55,222,74.29
4407,1563,107,59,520.3
4408,1564,29,275,152.85
4409,1564,190,102,250.92
4410,1564,80,13,100.4
4411,1565,72,1456,284.09
4412,1565,145,13,539.82
4413,1566,6,645,621.12
4414,1566,178,994,493.8
4415,1567,27,66,186.27
4416,1568,34,519,102.02
4417,1568,46,54,136.42
4418,1568,159,112,274.16
4419,1568,83,53,170.79
4420,1568,14,69,639.85
4421,1569,53,825,133.17
4422,1569,198,37,226.06
4423,1570,127,121,276.26
4424,1570,73,109,224.44
4425,1570,52,7,581.59
4426,1570,154,502,52.51
4427,1570,35,322,244.76
4428,1570,128,130,408.87
4429,1570,1,13,294.7
4430,1571,158,85,47.06
4431,1571,7,261,638.98
4432,1571,148,90,406.91
4433,1572,102,70,536.68
4434,1572,67,26,178.97
4435,1572,80,603,98.73
4436,1573,112,24,439.19
4437,1573,166,670,41.49
4438,1573,37,60,561.45
4439,1574,10,12,536.92
4440,1574,44,401,360.0
4441,1574,186,61,587.82
4442,1574,98,12,382.22
4443,1575,130,69,26.38
4444,1575,103,27,703.02
4445,1576,71,28,191.7
4446,1576,91,109,256.71
4447,1577,113,13,609.32
4448,1577,106,36,65.5
4449,1578,174,140,278.21
4450,1578,197,573,379.43
4451,1579,132,26,593.67
4452,1579,85,47,604.12
4453,1579,113,10,591.01
4454,1579,87,34,546.09
4455,1580,74,133,253.08
4456,1581,88,725,586.74
4457,1581,41,13,166.84
4458,1581,52,12,633.16
4459,1581,76,90,70.01
4460,1581,103,286,646.38
4461,1582,97,137,86.25
4462,1583,129,405,706.46
4463,1583,174,922,294.78
4464,1583,41,1077,150.38
4465,1584,180,11,376.44
4466,1584,164,56,399.86
4467,1585,148,69,448.81
4468,1585,141,25,377.66
4469,1586,100,40,408.04
4470,1586,155,6,271.38
4471,1586,194,831,167.79
4472,1586,6,528,755.48
4473,1586,134,577,177.38
4474,1586,31,10,286.41
4475,1587,27,239,196.64
4476,1587,159,6,240.82
4477,1587,11,633,231.06
4478,1587,75,29,211.26
4479,1587,181,29,210.29
4480,1588,166,376,39.13
4481,1589,54,26,665.73
4482,1590,167,125,486.99
4483,1591,90,10,64.11
4484,1592,35,700,208.28
4485,1592,12,280,142.54
4486,1593,131,95,575.29
4487,1594,9,35,603.12
4488,1594,199,130,677.01
4489,1595,99,360,248.13
4490,1595,183,14,285.31
4491,1595,16,34,460.59
4492,1596,92,593,194.31
4493,1596,196,13,45.56
4494,1597,17,50,288.63
4495,1597,165,1191,79.32
4496,1598,62,52,391.77
4497,1598,107,132,584.91
4498,1599,127,11,311.17
4499,1599,122,69,211.4
4500,1600,172,63,78.57
4501,1601,186,13,588.46
4502,1601,16,46,502.83
4503,1602,174,231,282.85
4504,1602,85,19,512.05
4505,1603,143,38,471.15
4506,1603,122,72,217.14
4507,1603,123,8,593.8
4508,1603,98,19,390.85
4509,1604,33,229,284.52
4510,1605,166,21,47.98
4511,1605,198,98,206.88
4512,1605,111,87,614.72
4513,1605,88,662,572.36
4514,1606,150,149,359.18
4515,1606,163,172,523.91
4516,1606,131,399,587.38
4517,1606,194,24,205.86
4518,1607,9,69,556.59
4519,1607,85,86,626.49
4520,1608,157,677,510.73
4521,1608,170,246,224.02
4522,1608,197,1191,377.78
4523,1609,16,166,537.58
4524,1609,70,1371,474.49
4525,1609,62,1376,495.13
4526,1609,131,147,539.03
4527,1610,69,26,348.71
4528,1610,58,483,426.38
4529,1610,7,164,620.7
4530,1611,72,760,369.25
4531,1611,16,507,533.68
4532,1611,40,205,59.75
4533,1611,158,560,50.72
4534,1612,12,90,150.28
4535,1612,139,755,216.76
4536,1612,183,67,290.17
4537,1613,29,105,151.91
4538,1613,90,1443,48.78
4539,1614,32,71,611.07
4540,1614,104,586,78.28
4541,1614,41,498,126.52
4542,1614,17,12,307.04
4543,1614,190,11,269.43
4544,1615,107,310,530.41
4545,1615,199,587,586.93
4546,1616,134,466,189.35
4547,1616,186,67,616.24
4548,1616,148,128,374.22
4549,1616,165,295,71.86
4550,1617,127,115,364.36
4551,1618,113,60,724.05
4552,1618,11,11,211.59
4553,1618,176,172,518.12
4554,1619,138,336,535.73
4555,1619,95,22,88.02
4556,1620,159,15,259.89
4557,1620,49,49,511.56
4558,1620,75,596,195.47
4559,1620,195,51,216.91
4560,1620,18,29,1.88
4561,1620,58,1066,343.96
4562,1620,199,13,700.4
4563,1620,114,132,342.71
4564,1621,110,139,715.16
4565,1621,171,12,657.43
4566,1622,77,18,119.31
4567,1622,81,41,544.6
4568,1622,63,29,518.25
4569,1622,142,709,726.77
4570,1622,51,26,453.01
4571,1623,87,60,524.92
4572,1624,153,234,442.35
4573,1624,18,253,2.0
4574,1624,75,54,197.7
4575,1624,149,980,490.58
4576,1625,186,139,486.06
4577,1625,33,65,290.07
4578,1625,95,44,113.28
4579,1626,102,652,727.32
4580,1626,121,100,150.43
4581,1626,158,676,41.23
4582,1626,131,406,481.54
4583,1626,132,202,524.79
4584,1627,50,913,34.63
4585,1627,193,21,440.58
4586,1627,34,132,100.85
4587,1628,149,22,575.27
4588,1628,76,576,86.68
4589,1629,115,73,329.05
4590,1630,88,492,769.68
4591,1630,13,11,260.69
4592,1630,111,196,751.14
4593,1630,155,6,213.84
4594,1631,186,138,620.01
4595,1631,152,276,752.32
4596,1631,158,9,36.93
4597,1632,200,170,52.97
4598,1632,174,58,295.39
4599,1632,95,561,107.33
4600,1633,9,8,642.72
4601,1633,61,5,632.21
4602,1634,179,103,243.98
4603,1634,70,701,532.79
4604,1634,108,36,260.33
4605,1635,92,76,178.14
4606,1636,28,166,482.66
4607,1636,31,573,299.04
4608,1636,89,13,68.26
4609,1636,69,734,346.12
4610,1637,160,566,77.26
4611,1637,169,10,46.5
4612,1637,13,534,203.72
4613,1637,155,1327,293.57
4614,1638,163,898,648.52
4615,1638,53,14,179.34
4616,1639,134,13,159.61
4617,1639,4,1162,717.25
4618,1640,160,36,75.16
4619,1640,99,672,199.94
4620,1641,156,13,541.34
4621,1641,127,183,370.3
4622,1642,86,1131,443.62
4623,1642,52,9,513.82
4624,1643,111,744,682.33
4625,1643,191,679,162.14
4626,1643,45,660,375.13
4627,1643,79,1299,237.19
4628,1644,68,277,434.11
4629,1644,106,74,53.11
4630,1644,71,107,150.68
4631,1645,9,696,604.36
4632,1645,86,727,357.49
4633,1645,196,14,49.53
4634,1646,146,251,521.85
4635,1646,26,1079,580.42
4636,1647,103,11,705.08
4637,1647,128,33,517.55
4638,1647,113,832,652.06
4639,1647,176,103,535.55
4640,1648,49,32,383.51
4641,1648,156,1015,680.42
4642,1649,37,1040,618.44
4643,1649,84,101,305.19
4644,1649,199,659,616.19
4645,1650,7,19,606.61
4646,1651,14,73,707.08
4647,1652,165,51,62.28
4648,1652,177,10,445.51
4649,1653,20,60,375.03
4650,1653,49,26,389.97
4651,1653,66,11,520.0
4652,1653,6,1209,576.4
4653,1653,186,5,659.63
4654,1653,152,264,619.65
4655,1654,186,24,602.93
4656,1654,198,285,180.17
4657,1654,190,541,256.35
4658,1655,84,24,325.71
4659,1656,93,8,139.99
4660,1656,111,23,716.47
4661,1657,188,56,257.67
4662,1657,145,11,580.59
4663,1657,139,8,212.15
4664,1658,111,6,753.32
4665,1659,60,63,59.98
4666,1659,41,125,168.32
4667,1660,174,131,254.88
4668,1661,106,160,52.93
4669,1661,183,673,253.47
4670,1662,43,354,752.03
4671,1663,108,108,273.49
4672,1664,161,245,280.49
4673,1664,100,18,378.48
4674,1664,167,37,423.29
4675,1664,119,14,596.0
4676,1664,63,493,595.53
4677,1664,48,278,780.49
4678,1664,57,235,552.21
4679,1665,165,557,57.82
4680,1665,4,1404,664.52
4681,1665,88,33,712.08
4682,1666,60,17,69.42
4683,1666,102,12,671.12
4684,1667,120,13,502.77
4685,1667,74,14,288.51
4686,1667,32,480,600.0
4687,1668,192,42,533.35
4688,1668,22,171,101.8
4689,1668,96,33,531.55
4690,1669,82,12,355.96
4691,1669,36,161,271.14
4692,1670,165,207,72.61
4693,1670,172,14,79.11
4694,1670,44,715,380.82
4695,1671,199,574,650.91
4696,1671,28,11,481.72
4697,1672,133,8,257.04
4698,1672,193,880,452.72
4699,1672,29,11,144.56
4700,1672,63,16,485.03
4701,1673,30,7,264.94
4702,1674,79,8,201.82
4703,1674,48,100,756.99
4704,1675,96,58,565.98
4705,1676,123,19,733.02
4706,1676,122,193,228.04
4707,1676,7,487,689.54
4708,1676,170,287,240.86
4709,1677,172,115,71.34
4710,1677,152,7,557.03
4711,1678,112,225,373.01
4712,1678,75,474,220.64
4713,1679,106,14,60.03
4714,1679,130,11,23.54
4715,1680,169,57,41.99
4716,1680,200,6,63.85
4717,1681,124,13,706.69
4718,1681,3,245,366.06
4719,1681,188,705,205.56
4720,1681,73,117,189.8
4721,1682,105,148,491.35
4722,1682,20,276,424.71
4723,1683,106,10,53.41
4724,1683,150,261,374.85
4725,1683,125,13,525.89
4726,1684,117,112,210.92
4727,1684,33,8,306.03
4728,1684,62,180,407.64
4729,1685,54,678,725.65
4730,1685,104,65,73.43
4731,1686,183,781,310.3
4732,1686,97,85,72.73
4733,1686,190,262,253.79
4734,1686,149,113,441.31
4735,1686,53,1345,156.14
4736,1686,115,403,268.01
4737,1686,18,25,2.04
4738,1687,155,72,248.98
4739,1687,66,705,547.32
4740,1687,44,8,332.44
4741,1687,71,129,179.24
4742,1688,138,115,400.17
4743,1689,126,470,451.38
4744,1690,119,147,641.86
4745,1690,74,60,251.05
4746,1690,151,24,609.02
4747,1690,107,570,622.08
4748,1691,134,83,156.55
4749,1691,27,714,185.04
4750,1691,82,634,412.15
4751,1691,107,58,613.63
4752,1692,8,257,433.79
4753,1692,186,114,634.18
4754,1692,118,570,472.77
4755,1693,6,70,730.05
4756,1693,19,30,502.04
4757,1694,151,527,639.39
4758,1694,45,314,316.08
4759,1694,28,42,484.84
4760,1694,164,331,529.37
4761,1694,47,10,434.83
4762,1694,148,171,375.35
4763,1695,104,36,67.97
4764,1695,79,249,223.01
4765,1695,40,7,47.8
4766,1695,195,5,225.37
4767,1695,192,181,517.18
4768,1696,41,15,165.81
4769,1696,183,12,297.38
4770,1697,160,145,78.83
4771,1697,106,27,62.65
4772,1698,31,679,326.25
4773,1698,189,9,567.09
4774,1698,147,139,64.95
4775,1698,88,307,729.84
4776,1698,100,71,406.56
4777,1698,185,58,226.26
4778,1698,160,75,91.15
4779,1698,50,6,38.03
4780,1699,174,175,280.7
4781,1699,44,8,376.37
4782,1699,9,64,638.82
4783,1699,138,13,408.09
4784,1700,120,259,591.69
4785,1700,81,53,653.98
4786,1700,32,37,614.03
4787,1700,155,648,234.77
4788,1700,97,14,85.96
4789,1700,122,14,198.91
4790,1701,12,13,131.88
4791,1701,117,286,241.59
4792,1701,118,71,510.2
4793,1701,44,450,374.74
4794,1702,187,53,555.69
4795,1703,177,117,446.86
4796,1703,165,28,74.86
4797,1704,31,707,357.26
4798,1704,27,24,200.75
4799,1704,17,21,253.45
4800,1705,38,39,530.84
4801,1705,54,9,597.8
4802,1705,120,15,533.26
4803,1705,127,180,296.74
4804,1705,86,8,334.93
4805,1705,12,335,116.09
4806,1706,94,19,507.16
4807,1706,84,544,334.98
4808,1706,162,12,454.85
4809,1706,80,440,94.55
4810,1707,191,49,148.63
4811,1707,195,6,250.54
4812,1707,9,116,584.62
4813,1708,68,765,458.0
4814,1708,76,533,86.78
4815,1708,22,96,99.03
4816,1708,151,26,626.22
4817,1708,192,1327,467.53
4818,1708,12,132,154.3
4819,1708,194,45,170.41
4820,1709,102,52,711.74
4821,1709,3,69,346.33
4822,1710,104,123,64.84
4823,1710,82,23,393.06
4824,1710,193,13,363.66
4825,1711,87,55,476.07
4826,1711,30,68,328.98
4827,1711,47,9,435.2
4828,1712,38,28,545.08
4829,1713,64,83,543.96
4830,1713,140,59,133.25
4831,1713,66,492,504.6
4832,1713,19,68,578.08
4833,1713,142,1021,742.38
4834,1714,61,15,576.74
4835,1714,112,10,407.92
4836,1714,111,695,671.52
4837,1714,4,135,539.71
4838,1714,128,1135,400.55
4839,1714,150,91,354.02
4840,1714,144,509,580.58
4841,1715,151,46,608.2
4842,1716,48,643,784.32
4843,1717,52,455,633.16
4844,1718,2,21,593.38
4845,1718,159,19,243.11
4846,1719,29,26,157.17
4847,1720,128,23,474.1
4848,1720,146,602,540.39
4849,1720,59,1071,596.46
4850,1720,149,132,554.69
4851,1721,64,614,446.12
4852,1722,147,13,63.21
4853,1722,131,486,563.7
4854,1723,158,121,50.03
4855,1723,89,142,72.56
4856,1723,157,11,609.22
4857,1724,154,8,65.28
4858,1724,137,18,282.89
4859,1724,144,30,624.74
4860,1724,186,66,513.12
4861,1725,67,99,210.96
4862,1725,35,602,233.35
4863,1726,38,13,612.26
4864,1727,82,596,410.29
4865,1727,13,138,271.45
4866,1728,114,6,369.11
4867,1728,65,66,491.47
4868,1728,93,568,134.89
4869,1729,199,1093,572.59
4870,1729,76,7,85.78
4871,1730,185,725,285.42
4872,1730,2,67,679.83
4873,1731,191,57,163.82
4874,1731,79,117,231.73
4875,1732,1,66,327.72
4876,1733,182,10,677.24
4877,1734,94,911,501.67
4878,1734,14,239,721.37
4879,1735,17,138,297.38
4880,1735,97,687,82.01
4881,1736,193,176,466.96
4882,1736,149,189,440.29
4883,1736,20,13,411.6
4884,1737,147,117,72.67
4885,1737,182,28,538.79
4886,1737,89,16,59.91
4887,1737,176,66,450.66
4888,1737,27,97,212.49
4889,1737,75,700,201.62
4890,1737,61,12,491.27
4891,1738,166,1217,43.52
4892,1738,28,69,464.77
4893,1739,175,15,318.97
4894,1739,148,83,337.58
4895,1739,8,22,484.24
4896,1740,144,10,517.55
4897,1740,84,19,285.75
4898,1741,189,15,561.31
4899,1741,83,123,201.7
4900,1742,58,146,411.87
4901,1742,17,733,299.44
4902,1742,179,73,244.16
4903,1743,67,429,177.18
4904,1743,115,15,328.7
4905,1743,161,289,227.61
4906,1743,22,30,96.78
4907,1744,37,11,674.39
4908,1744,177,21,463.54
4909,1744,173,377,441.24
4910,1745,45,48,391.47
4911,1745,132,107,636.64
4912,1745,78,13,707.44
4913,1746,22,17,82.15
4914,1746,110,139,725.55
4915,1746,191,37,150.56
4916,1747,56,293,419.84
4917,1748,120,67,452.82
4918,1748,178,9,396.37
4919,1749,58,260,431.01
4920,1749,116,1194,469.06
4921,1750,33,380,267.85
4922,1750,128,251,498.85
4923,1751,20,161,358.59
4924,1751,45,444,403.02
4925,1751,28,30,451.59
4926,1751,117,27,216.72
4927,1751,136,186,355.13
4928,1751,197,11,422.11
4929,1752,114,81,371.91
4930,1752,142,177,619.06
4931,1752,162,26,441.0
4932,1753,37,432,543.28
4933,1754,86,65,353.88
4934,1755,112,21,407.93
4935,1755,29,27,174.54
4936,1755,76,63,80.24
4937,1755,181,39,199.23
4938,1756,162,8,385.01
4939,1756,15,626,687.01
4940,1756,149,70,543.89
4941,1756,76,7,78.91
4942,1757,130,137,22.16
4943,1757,194,13,191.59
4944,1758,132,1360,541.6
4945,1758,56,52,509.92
4946,1759,149,1106,578.35
4947,1759,28,91,464.62
4948,1760,101,130,26.79
4949,1760,181,599,187.91
4950,1760,169,119,43.05
4951,1761,129,6,723.07
4952,1761,128,937,499.84
4953,1762,88,154,651.54
4954,1762,153,9,474.23
4955,1762,194,167,201.17
4956,1762,86,22,388.77
4957,1762,89,26,58.96
4958,1762,50,246,37.58
4959,1763,84,31,347.33
4960,1763,178,666,489.87
4961,1763,161,12,288.71
4962,1764,68,38,493.03
4963,1764,41,533,142.87
4964,1764,19,889,475.59
4965,1765,93,76,150.96
4966,1766,95,595,119.6
4967,1766,41,520,141.26
4968,1766,191,93,176.67
4969,1766,172,1314,64.97
4970,1766,178,129,496.46
4971,1766,125,107,622.27
4972,1767,171,11,570.01
4973,1767,166,427,46.65
4974,1768,160,1300,73.29
4975,1768,73,908,193.65
4976,1768,6,8,716.01
4977,1768,125,10,603.73
4978,1768,44,130,280.22
4979,1769,82,13,357.56
4980,1770,46,238,128.83
4981,1771,24,664,205.68
4982,1771,78,214,717.21
4983,1771,113,41,595.87
4984,1771,66,138,589.74
4985,1772,127,120,301.24
4986,1772,89,143,63.96
4987,1773,98,14,410.87
4988,1774,163,278,645.38
4989,1774,143,914,459.26
4990,1775,54,553,575.52
4991,1775,183,7,259.0
4992,1775,75,549,239.95
4993,1775,144,755,639.73
4994,1775,52,65,487.88
4995,1776,191,27,144.1
4996,1776,145,15,584.47
4997,1777,161,594,233.24
4998,1777,50,1209,29.95
4999,1777,53,1204,175.78
5000,1777,73,61,217.35
5001,1778,26,675,485.03
5002,1779,172,21,87.7
5003,1779,5,10,450.13
5004,1779,112,583,331.06
5005,1779,171,12,652.84
5006,1780,16,211,564.58
5007,1780,40,236,63.55
5008,1780,61,1176,600.91
5009,1781,92,37,189.32
5010,1781,116,39,439.98
5011,1781,156,11,684.92
5012,1782,200,342,54.69
5013,1782,116,296,547.08
5014,1783,5,328,469.47
5015,1784,160,7,79.78
5016,1784,37,56,546.11
5017,1785,12,229,140.09
5018,1786,94,20,530.44
5019,1786,197,22,333.44
5020,1786,123,641,763.51
5021,1787,99,1218,202.18
5022,1788,134,88,195.22
5023,1788,48,716,731.86
5024,1789,14,54,622.78
5025,1789,46,215,135.1
5026,1789,178,172,447.99
5027,1790,47,5,531.77
5028,1790,7,600,759.77
5029,1791,175,808,393.55
5030,1791,94,109,463.07
5031,1791,174,28,252.33
5032,1791,80,662,89.04
5033,1791,78,51,603.05
5034,1792,27,576,192.79
5035,1793,14,751,729.65
5036,1793,35,288,220.73
5037,1793,89,115,79.24
5038,1794,2,30,554.54
5039,1794,177,493,443.73
5040,1795,39,1381,53.09
5041,1796,115,7,285.04
5042,1796,84,11,337.75
5043,1796,92,185,226.31
5044,1797,55,13,77.61
5045,1797,54,10,637.81
5046,1797,180,1033,417.37
5047,1798,43,79,578.16
5048,1799,55,424,78.15
5049,1799,78,289,772.95
5050,1799,94,45,473.92
5051,1799,148,22,428.16
5052,1800,9,69,479.99
5053,1800,150,50,415.32
5054,1800,188,939,252.81
5055,1800,146,952,529.09
5056,1801,45,63,352.63
5057,1801,90,141,65.59
5058,1801,107,92,567.1
5059,1802,174,252,253.54
5060,1802,128,136,511.52
5061,1802,125,9,620.59
5062,1803,106,9,64.0
5063,1803,72,56,367.73
5064,1803,87,831,533.98
5065,1803,18,8,1.64
5066,1804,157,171,677.26
5067,1804,128,109,487.47
5068,1805,105,445,456.83
5069,1805,2,1319,582.46
5070,1805,178,27,440.37
5071,1806,196,25,53.22
5072,1806,119,331,622.11
5073,1807,86,12,417.4
5074,1808,144,1172,531.77
5075,1808,4,660,715.03
5076,1808,45,634,369.45
5077,1808,149,16,550.91
5078,1809,76,971,72.39
5079,1809,131,299,542.64
5080,1809,119,39,644.38
5081,1809,68,220,494.22
5082,1809,152,163,748.16
5083,1810,59,668,685.96
5084,1810,85,1252,545.61
5085,1810,129,36,623.4
5086,1810,170,1145,233.76
5087,1810,76,32,84.93
5088,1810,147,115,63.48
5089,1810,156,30,661.59
5090,1811,141,10,367.99
5091,1812,64,6,549.15
5092,1812,197,74,355.91
5093,1812,17,11,274.81
5094,1813,14,58,599.66
5095,1814,83,140,200.42
5096,1814,155,5,270.86
5097,1814,193,198,460.3
5098,1814,100,15,426.72
5099,1814,163,43,617.44
5100,1814,27,12,209.43
5101,1814,159,10,281.93
5102,1814,168,66,607.72
5103,1815,161,82,261.38
5104,1816,141,27,377.18
5105,1816,114,8,394.52
5106,1816,45,110,334.6
5107,1816,84,67,367.13
5108,1817,114,14,341.45
5109,1817,149,31,557.89
5110,1817,98,601,410.12
5111,1817,169,64,48.69
5112,1817,8,135,475.59
5113,1817,175,1285,363.35
5114,1817,103,52,592.13
5115,1818,16,108,557.89
5116,1818,178,18,524.24
5117,1819,96,106,575.65
5118,1820,8,14,530.6
5119,1820,112,92,319.4
5120,1821,58,66,418.72
5121,1822,160,1368,76.9
5122,1823,200,8,61.94
5123,1823,99,24,229.4
5124,1823,150,21,416.36
5125,1824,52,53,576.36
5126,1824,53,384,164.44
5127,1824,123,25,731.91
5128,1825,136,118,374.26
5129,1825,128,678,473.44
5130,1825,1,12,277.64
5131,1825,29,111,189.71
5132,1825,144,14,496.55
5133,1826,71,703,139.9
5134,1826,21,138,231.39
5135,1827,129,127,638.02
5136,1828,131,1313,538.1
5137,1828,125,1013,516.23
5138,1829,45,1007,326.92
5139,1829,189,8,600.62
5140,1829,13,657,221.22
5141,1830,155,255,276.96
5142,1830,126,9,457.1
5143,1831,29,13,194.95
5144,1831,195,685,280.68
5145,1832,4,20,550.16
5146,1832,181,63,203.13
5147,1832,162,312,443.85
5148,1833,58,20,421.06
5149,1833,161,15,232.44
5150,1833,25,13,239.36
5151,1834,44,653,284.33
5152,1834,86,14,436.98
5153,1835,60,25,60.19
5154,1835,105,689,508.96
5155,1835,129,291,696.55
5156,1836,142,68,582.66
5157,1836,95,51,87.96
5158,1836,74,11,223.94
5159,1837,34,25,102.52
5160,1838,111,568,705.81
5161,1838,73,18,224.55
5162,1838,185,12,274.3
5163,1839,86,15,437.27
5164,1839,12,104,141.57
5165,1839,163,1080,484.55
5166,1839,26,26,471.27
5167,1839,27,1027,196.15
5168,1840,152,58,710.01
5169,1840,66,62,556.5
5170,1840,92,40,220.83
5171,1841,196,75,53.79
5172,1841,15,24,650.46
5173,1841,74,46,259.88
5174,1842,68,14,429.68
5175,1842,99,46,243.94
5176,1842,84,81,290.61
5177,1843,82,32,445.04
5178,1843,41,1011,155.67
5179,1844,98,517,378.88
5180,1844,82,28,362.65
5181,1845,122,7,214.69
5182,1845,143,223,535.11
5183,1845,76,51,86.71
5184,1845,40,98,63.28
5185,1845,20,25,498.34
5186,1845,61,311,522.83
5187,1845,153,652,427.05
5188,1846,82,1488,330.53
5189,1847,135,16,105.02
5190,1847,174,49,259.5
5191,1848,117,85,258.88
5192,1848,38,14,449.43
5193,1848,12,74,121.76
5194,1848,114,211,364.74
5195,1848,77,144,115.7
5196,1848,18,33,2.14
5197,1848,154,168,63.32
5198,1849,118,144,443.64
5199,1849,94,10,513.22
5200,1849,92,1266,223.19
5201,1849,175,280,355.88
5202,1849,140,1007,146.78
5203,1849,46,203,161.79
5204,1850,32,13,553.12
5205,1851,144,132,612.19
5206,1851,31,16,371.41
5207,1852,66,14,645.53
5208,1853,82,14,403.22
5209,1853,87,121,580.35
5210,1853,49,63,383.3
5211,1853,80,13,98.29
5212,1854,56,16,433.22
5213,1854,48,736,748.48
5214,1854,75,14,236.3
5215,1855,190,960,211.42
5216,1856,35,57,183.11
5217,1857,171,16,586.41
5218,1857,128,27,481.63
5219,1857,196,62,42.7
5220,1858,43,186,671.77
5221,1858,94,5,517.23
5222,1858,127,11,323.47
5223,1858,159,1159,278.41
5224,1858,139,30,192.04
5225,1859,46,107,157.75
5226,1859,10,9,661.75
5227,1859,113,142,563.78
5228,1860,119,30,576.6
5229,1860,127,1414,368.74
5230,1860,130,110,24.28
5231,1860,148,74,431.56
5232,1861,100,12,354.55
5233,1861,16,9,474.75
5234,1862,24,5,201.58
5235,1862,7,125,637.94
5236,1863,62,21,508.28
5237,1863,150,147,403.18
5238,1863,200,12,57.59
5239,1863,122,1410,219.43
5240,1863,165,888,77.07
5241,1864,28,14,416.38
5242,1864,45,975,325.99
5243,1864,152,613,583.88
5244,1864,20,511,362.92
5245,1864,138,706,504.92
5246,1865,40,65,54.94
5247,1866,99,397,238.25
5248,1866,117,24,208.08
5249,1867,148,389,382.58
5250,1867,41,577,152.56
5251,1867,84,44,382.66
5252,1867,73,554,195.13
5253,1867,101,17,30.62
5254,1867,87,1389,473.84
5255,1867,194,19,213.83
5256,1867,181,47,200.03
5257,1868,33,141,317.84
5258,1868,43,10,681.12
5259,1869,72,72,355.14
5260,1869,92,61,177.16
5261,1869,193,9,461.02
5262,1870,38,55,532.24
5263,1870,94,77,549.61
5264,1871,168,573,503.89
5265,1871,102,1304,655.08
5266,1871,11,11,205.35
5267,1872,98,843,418.73
5268,1873,95,13,107.71
5269,1873,48,409,743.06
5270,1873,24,25,198.93
5271,1874,67,111,210.43
5272,1874,55,512,97.04
5273,1874,164,10,476.61
5274,1875,184,70,331.96
5275,1875,192,724,477.15
5276,1876,68,190,499.55
5277,1876,163,107,624.3
5278,1877,67,396,170.99
5279,1877,35,230,186.98
5280,1877,90,1348,51.14
5281,1878,123,151,786.19
5282,1878,84,514,289.89
5283,1878,104,695,71.42
5284,1879,111,11,671.6
5285,1879,124,51,672.75
5286,1879,47,146,470.56
5287,1879,196,1425,50.0
5288,1879,82,30,439.71
5289,1880,57,57,528.65
5290,1880,174,223,257.02
5291,1880,41,34,144.69
5292,1880,73,5,170.15
5293,1880,106,25,63.63
5294,1881,157,29,661.0
5295,1881,165,986,67.85
5296,1881,99,35,198.89
5297,1881,49,244,437.58
5298,1882,162,8,444.68
5299,1882,6,65,583.71
5300,1883,41,279,144.12
5301,1883,182,52,493.17
5302,1883,145,256,501.32
5303,1883,169,615,52.08
5304,1883,74,278,234.69
5305,1883,19,15,499.6
5306,1884,9,53,550.21
5307,1884,193,153,468.17
5308,1884,64,111,480.94
5309,1884,181,1198,201.62
5310,1885,28,20,449.71
5311,1885,107,6,500.56
5312,1885,147,114,76.51
5313,1885,37,943,552.06
5314,1885,115,11,310.49
5315,1885,89,10,60.56
5316,1885,157,588,664.21
5317,1886,19,9,424.48
5318,1886,140,64,151.5
5319,1887,128,13,388.52
5320,1888,193,24,430.33
5321,1888,36,27,336.46
5322,1888,34,8,102.68
5323,1888,186,6,659.28
5324,1888,30,13,322.04
5325,1889,188,544,190.32
5326,1889,97,142,84.3
5327,1889,145,280,613.39
5328,1889,51,13,456.67
5329,1889,69,161,289.59
5330,1890,199,130,538.17
5331,1890,109,11,396.05
5332,1890,59,28,735.65
5333,1890,46,50,145.75
5334,1891,38,14,524.01
5335,1891,28,1283,510.14
5336,1892,78,82,569.49
5337,1892,153,24,528.19
5338,1893,184,13,301.71
5339,1894,84,8,334.73
5340,1894,68,56,530.44
5341,1894,163,15,511.48
5342,1894,135,29,126.9
5343,1895,56,29,430.61
5344,1896,119,410,595.58
5345,1897,32,10,450.63
5346,1897,176,12,519.09
5347,1897,50,315,32.17
5348,1898,107,1317,551.91
5349,1898,116,277,459.14
5350,1898,109,495,361.36
5351,1898,188,22,193.2
5352,1899,77,12,145.19
5353,1899,157,89,597.87
5354,1899,111,937,683.88
5355,1899,59,11,742.06
5356,1900,112,1110,325.68
5357,1900,167,271,499.45
5358,1900,80,62,85.19
5359,1901,153,501,428.16
5360,1901,84,70,321.17
5361,1901,66,122,496.83
5362,1901,83,658,181.68
5363,1902,51,33,523.84
5364,1903,163,964,519.8
5365,1903,45,1277,407.41
5366,1903,134,878,193.81
5367,1904,188,395,227.07
5368,1904,137,63,344.33
5369,1905,110,42,590.88
5370,1905,177,7,475.79
5371,1906,40,18,52.85
5372,1906,165,1392,70.36
5373,1906,26,70,492.47
5374,1906,77,134,147.87
5375,1907,64,64,459.87
5376,1908,90,101,50.2
5377,1908,100,25,407.09
5378,1909,196,40,54.86
5379,1909,107,23,686.81
5380,1909,94,27,573.58
5381,1909,198,6,195.94
5382,1909,124,483,640.92
5383,1909,172,1111,86.17
5384,1910,124,69,579.8
5385,1910,3,9,436.44
5386,1910,26,11,606.16
5387,1911,91,155,285.75
5388,1911,63,9,558.56
5389,1912,104,564,65.46
5390,1912,87,190,557.47
5391,1912,10,9,587.77
5392,1912,148,553,436.02
5393,1913,95,5,117.8
5394,1914,24,539,193.28
5395,1914,16,10,441.89
5396,1914,8,73,548.01
5397,1915,86,32,401.98
5398,1915,102,344,528.55
5399,1915,145,513,530.29
5400,1916,43,894,638.8
5401,1917,178,37,510.0
5402,1917,165,84,77.04
5403,1917,26,273,613.7
5404,1917,23,149,575.3
5405,1918,48,698,593.5
5406,1918,111,11,642.0
5407,1919,66,1405,568.97
5408,1919,188,282,226.89
5409,1919,98,612,394.72
5410,1919,29,548,158.52
5411,1919,73,69,193.2
5412,1919,51,58,482.31
5413,1919,130,258,23.62
5414,1919,52,32,575.68
5415,1920,42,66,42.86
5416,1920,167,211,469.25
5417,1920,79,14,224.05
5418,1921,178,12,539.52
5419,1921,76,12,70.14
5420,1922,152,62,718.58
5421,1922,157,973,613.32
5422,1923,96,1149,584.55
5423,1923,54,120,662.8
5424,1923,145,143,637.47
5425,1923,190,109,269.92
5426,1924,146,741,592.66
5427,1924,87,508,576.4
5428,1925,33,426,287.86
5429,1925,168,68,484.98
5430,1925,89,435,73.2
5431,1926,125,359,537.3
5432,1926,172,33,72.75
5433,1927,126,30,535.59
5434,1927,9,6,530.34
5435,1927,32,74,483.85
5436,1928,106,1063,54.69
5437,1928,37,29,578.56
5438,1928,76,41,85.01
5439,1929,122,692,198.82
5440,1929,18,585,1.95
5441,1929,118,14,567.0
5442,1929,60,1321,71.57
5443,1929,83,1276,155.52
5444,1930,185,22,281.89
5445,1930,124,23,598.67
5446,1931,22,654,92.27
5447,1932,141,232,419.73
5448,1932,108,159,300.03
5449,1932,170,98,196.94
5450,1933,169,637,50.83
5451,1933,113,136,704.13
5452,1934,99,219,235.44
5453,1934,97,314,92.65
5454,1935,189,166,667.46
5455,1935,102,29,585.67
5456,1936,53,6,148.69
5457,1936,26,604,513.27
5458,1936,197,7,394.72
5459,1937,133,9,237.61
5460,1938,184,13,303.71
5461,1938,63,311,533.15
5462,1938,193,13,444.09
5463,1938,105,132,440.69
5464,1939,16,940,552.2
5465,1940,132,395,558.58
5466,1940,113,73,610.21
5467,1940,21,699,178.52
5468,1940,166,396,40.01
5469,1941,116,142,449.6
5470,1941,189,70,659.77
5471,1941,126,663,471.88
5472,1942,54,9,588.93
5473,1943,94,27,634.52
5474,1944,111,8,720.43
5475,1944,51,119,577.24
5476,1945,15,7,749.77
5477,1945,117,26,250.91
5478,1946,110,108,674.1
5479,1946,12,10,127.27
5480,1947,21,9,221.22
5481,1948,189,18,690.27
5482,1948,54,77,568.98
5483,1949,17,26,287.18
5484,1949,47,35,457.34
5485,1949,173,51,366.71
5486,1950,198,5,184.31
5487,1950,100,593,338.86
5488,1950,13,198,232.96
5489,1951,142,143,711.3
5490,1951,32,570,531.24
5491,1952,130,720,28.17
5492,1952,152,15,669.45
5493,1952,148,126,387.44
5494,1953,135,10,115.47
5495,1954,3,106,403.37
5496,1954,27,470,217.5
5497,1955,33,257,302.35
5498,1955,106,509,55.67
5499,1955,34,121,101.2
5500,1955,79,904,199.92
5501,1956,21,7,237.23
5502,1956,125,1304,679.96
5503,1956,126,149,454.48
5504,1956,52,24,629.19
5505,1957,110,56,732.27
5506,1957,47,116,400.26
5507,1957,89,1019,60.45
5508,1958,109,838,413.8
5509,1958,161,122,227.87
5510,1959,85,52,501.99
5511,1960,24,1238,239.9
5512,1961,60,7,65.66
5513,1961,86,12,360.25
5514,1962,163,47,600.62
5515,1962,130,46,23.81
5516,1962,113,376,574.94
5517,1963,126,232,432.76
5518,1963,56,28,544.93
5519,1963,158,209,43.96
5520,1964,11,28,228.84
5521,1964,200,28,53.2
5522,1965,96,581,513.54
5523,1965,14,112,734.48
5524,1965,140,623,139.56
5525,1966,76,16,74.41
5526,1966,123,369,746.62
5527,1966,126,1196,562.17
5528,1966,21,374,238.49
5529,1967,109,64,476.27
5530,1968,187,739,580.29
5531,1969,98,126,426.18
5532,1969,94,543,538.53
5533,1970,13,14,232.04
5534,1970,61,1180,539.34
5535,1970,156,67,547.79
5536,1971,176,194,438.3
5537,1971,144,1262,576.39
5538,1971,65,277,356.07
5539,1971,52,709,531.91
5540,1972,63,1011,561.28
5541,1972,86,307,432.08
5542,1972,189,24,679.13
5543,1973,14,9,623.49
5544,1973,55,120,75.84
5545,1973,21,286,211.36
5546,1973,171,1008,632.0
5547,1974,120,298,498.82
5548,1974,135,225,129.85
5549,1974,141,246,374.89
5550,1975,123,69,587.6
5551,1975,22,269,85.71
5552,1975,26,684,466.19
5553,1976,182,725,628.19
5554,1976,46,854,127.64
5555,1977,186,993,575.09
5556,1977,200,89,63.34
5557,1977,189,294,691.16
5558,1977,53,205,136.77
5559,1977,35,7,250.24
5560,1978,85,71,514.26
5561,1978,16,8,446.69
5562,1978,165,471,66.83
5563,1978,59,595,712.23
5564,1978,13,17,268.71
5565,1979,96,55,582.9
5566,1979,122,627,213.3
5567,1980,8,1475,528.55
5568,1980,139,133,220.9
5569,1980,70,55,525.32
5570,1981,109,90,380.03
5571,1981,139,1068,200.16
5572,1982,30,696,266.65
5573,1982,163,45,492.27
5574,1983,59,62,739.34
5575,1983,31,225,360.71
5576,1984,165,1086,77.19
5577,1984,148,30,342.16
5578,1985,13,285,226.97
5579,1985,9,530,498.29
5580,1985,134,15,165.72
5581,1985,197,18,335.35
5582,1985,85,26,598.48
5583,1986,53,1133,145.14
5584,1986,77,69,125.33
5585,1987,147,575,66.98
5586,1987,124,111,756.05
5587,1987,101,1234,32.48
5588,1987,42,321,49.8
5589,1988,26,64,615.92
5590,1988,9,253,481.05
5591,1988,27,70,221.39
5592,1989,6,184,577.54
5593,1989,188,15,194.42
5594,1989,126,1227,460.19
5595,1989,176,132,520.19
5596,1990,165,30,66.59
5597,1990,163,20,531.32
5598,1991,109,280,420.86
5599,1991,82,187,438.39
5600,1991,177,714,444.21
5601,1992,115,692,310.61
5602,1992,119,11,612.63
5603,1992,25,27,233.32
5604,1993,23,621,519.38
5605,1993,127,1252,322.02
5606,1993,98,5,331.58
5607,1994,109,25,402.92
5608,1994,199,19,704.86
5609,1995,51,735,475.43
5610,1995,1,199,317.8
5611,1996,74,140,240.87
5612,1997,189,631,604.82
5613,1997,153,229,513.03
5614,1997,23,55,623.02
5615,1998,155,339,229.71
5616,1998,182,128,563.0
5617,1998,50,1431,35.24
5618,1999,176,19,479.24
5619,2000,126,699,559.77
5620,2000,137,10,279.41
5621,2000,95,727,95.86
5622,2000,74,14,221.84
5623,2000,84,13,321.37
5624,2000,124,87,610.95
5625,2000,181,13,196.12
5626,2001,178,11,524.16
5627,2001,96,43,587.73
5628,2001,188,472,197.22
5629,2001,195,1070,254.4
5630,2002,46,1158,150.96
5631,2002,38,50,609.39
5632,2003,175,112,406.56
5633,2004,37,41,645.21
5634,2005,174,31,286.0
5635,2005,195,148,249.93
5636,2005,110,111,659.33
5637,2006,194,1295,200.41
5638,2006,164,20,509.66
5639,2006,58,189,388.95
5640,2007,142,216,678.8
5641,2007,185,51,296.53
5642,2007,103,21,714.19
5643,2008,27,17,195.03
5644,2008,97,1135,95.49
5645,2008,90,558,56.07
5646,2008,47,73,487.28
5647,2008,191,12,159.95
5648,2008,37,9,595.56
5649,2009,153,29,414.77
5650,2009,104,1280,77.87
5651,2009,8,10,500.55
5652,2009,171,327,621.67
5653,2009,51,69,452.95
5654,2010,104,96,83.95
5655,2011,138,364,481.6
5656,2011,106,10,52.52
5657,2011,114,109,367.61
5658,2011,172,76,74.45
5659,2012,147,24,62.58
5660,2012,146,462,600.33
5661,2012,59,18,553.1
5662,2012,56,15,446.39
5663,2012,9,239,557.17
5664,2012,93,85,162.5
5665,2013,156,207,627.21
5666,2013,29,58,149.02
5667,2014,103,74,597.01
5668,2014,61,90,494.49
5669,2015,122,897,233.54
5670,2015,196,27,47.93
5671,2015,38,286,562.32
5672,2016,131,51,576.28
5673,2016,166,5,43.95
5674,2016,183,283,289.16
5675,2016,178,716,482.48
5676,2017,69,14,287.75
5677,2017,166,56,39.65
5678,2017,81,967,590.36
5679,2017,177,554,424.4
5680,2018,74,30,282.49
5681,2018,83,213,151.32
5682,2019,128,709,462.39
5683,2020,37,13,578.67
5684,2020,39,1407,57.97
5685,2021,83,15,147.55
5686,2022,3,19,382.83
5687,2023,122,919,245.98
5688,2024,121,269,154.95
5689,2024,196,43,54.37
5690,2024,178,115,499.33
5691,2024,112,14,380.96
5692,2024,145,570,598.7
5693,2024,63,10,634.38
5694,2024,138,5,483.15
5695,2025,159,51,320.42
5696,2025,176,144,514.15
5697,2025,21,328,188.26
5698,2025,90,38,53.78
5699,2026,47,13,437.12
5700,2026,55,297,81.92
5701,2027,49,175,394.17
5702,2027,160,90,83.06
5703,2027,199,29,555.39
5704,2027,147,8,69.27
5705,2028,11,62,222.25
5706,2028,124,110,708.58
5707,2028,4,13,683.3
5708,2029,29,564,148.97
5709,2029,167,985,387.4
5710,2030,166,691,35.7
5711,2030,29,108,174.44
5712,2030,17,1030,227.86
5713,2030,117,32,229.59
5714,2031,133,215,255.6
5715,2031,150,13,327.88
5716,2031,155,28,224.31
5717,2031,194,172,173.54
5718,2031,149,552,587.37
5719,2031,145,303,478.55
5720,2031,102,454,580.94
5721,2031,35,523,236.09
5722,2032,108,287,244.29
5723,2032,84,39,284.76
5724,2032,68,742,526.36
5725,2033,91,254,318.49
5726,2033,79,672,174.19
5727,2033,118,38,492.38
5728,2033,18,194,1.74
5729,2034,58,1286,427.68
5730,2034,8,872,588.89
5731,2035,80,137,83.63
5732,2035,70,597,535.94
5733,2035,161,1173,274.38
5734,2036,14,876,716.85
5735,2036,107,1485,567.48
5736,2036,102,56,698.8
5737,2036,161,861,244.85
5738,2036,96,93,542.35
5739,2037,55,119,90.29
5740,2037,122,77,216.47
5741,2037,147,269,57.3
5742,2037,180,17,356.91
5743,2037,64,645,530.42
5744,2038,100,6,393.7
5745,2038,5,772,403.31
5746,2038,152,1269,620.53
5747,2038,32,59,487.64
5748,2039,20,1132,365.44
5749,2040,107,317,591.79
5750,2040,196,30,55.33
5751,2041,57,1289,414.42
5752,2042,138,15,471.27
5753,2042,63,1295,511.3
5754,2042,26,72,491.54
5755,2042,68,20,424.15
5756,2042,95,26,100.21
5757,2043,142,126,569.82
5758,2043,101,729,32.22
5759,2044,13,430,246.31
5760,2045,180,123,398.65
5761,2045,193,68,360.37
5762,2045,56,14,444.8
5763,2046,177,104,451.21
5764,2046,192,15,516.57
5765,2046,86,650,398.96
5766,2047,28,1307,439.68
5767,2047,73,1343,234.8
5768,2047,136,614,319.5
5769,2047,134,91,189.83
5770,2048,88,59,570.1
5771,2048,65,907,404.77
5772,2048,29,642,163.08
5773,2049,142,68,631.35
5774,2049,93,37,180.71
5775,2050,57,86,513.58
5776,2050,128,56,380.52
5777,2050,109,364,399.47
5778,2051,34,928,82.74
5779,2051,60,147,70.91
5780,2051,144,56,499.16
5781,2051,27,446,183.56
5782,2052,141,418,450.22
5783,2052,133,437,202.02
5784,2052,60,12,61.01
5785,2052,104,12,83.89
5786,2052,56,47,530.72
5787,2053,2,16,640.45
5788,2053,42,1078,39.06
5789,2053,125,25,547.32
5790,2053,130,278,27.39
5791,2053,75,126,196.27
5792,2053,122,736,212.57
5793,2054,44,51,311.21
5794,2055,70,626,513.24
5795,2055,170,498,190.43
5796,2055,51,81,484.76
5797,2055,31,952,352.49
5798,2055,56,21,468.47
5799,2055,163,494,555.89
5800,2056,151,1349,640.04
5801,2056,147,280,72.73
5802,2057,85,10,575.56
5803,2057,32,42,461.37
5804,2058,170,20,221.31
5805,2058,33,52,268.06
5806,2058,75,134,197.09
5807,2058,27,55,216.85
5808,2058,95,440,106.62
5809,2059,79,36,187.15
5810,2060,90,13,54.25
5811,2060,46,8,173.23
5812,2060,6,9,767.06
5813,2061,90,560,50.93
5814,2061,122,11,219.71
5815,2061,59,11,644.53
5816,2061,49,175,477.29
5817,2061,109,729,487.05
5818,2061,133,8,213.12
5819,2061,70,54,512.35
5820,2061,2,41,708.19
5821,2062,55,15,86.44
5822,2062,99,179,238.52
5823,2062,141,1369,335.5
5824,2063,134,9,170.66
5825,2063,133,128,221.17
5826,2064,51,693,578.87
5827,2065,117,719,216.92
5828,2065,5,25,395.73
5829,2065,80,9,73.36
5830,2066,186,555,487.27
5831,2066,32,13,531.71
5832,2067,8,114,486.27
5833,2067,46,747,166.64
5834,2068,43,996,721.29
5835,2068,53,271,132.37
5836,2069,38,54,485.35
5837,2069,167,17,430.13
5838,2069,99,13,240.79
5839,2069,12,705,122.87
5840,2070,195,709,278.03
5841,2070,89,139,74.9
5842,2071,25,65,228.36
5843,2071,50,32,30.15
5844,2071,174,132,310.2
5845,2071,169,212,51.04
5846,2072,66,12,491.56
5847,2073,63,30,485.68
5848,2073,30,271,304.11
5849,2073,100,87,378.88
5850,2074,165,656,65.79
5851,2075,45,5,325.15
5852,2075,110,1146,670.99
5853,2076,134,35,187.75
5854,2077,158,548,50.23
5855,2077,49,43,516.45
5856,2077,138,133,439.55
5857,2078,72,22,340.83
5858,2078,125,86,574.78
5859,2078,83,7,193.8
5860,2079,173,70,363.77
5861,2079,159,91,267.03
5862,2079,172,56,65.72
5863,2079,86,6,337.19
5864,2080,58,630,424.17
5865,2081,92,1180,183.08
5866,2081,54,8,703.55
5867,2081,165,26,65.22
5868,2082,195,954,246.84
5869,2082,85,242,508.7
5870,2082,194,139,212.77
5871,2083,33,68,289.93
5872,2083,93,271,184.11
5873,2083,39,374,58.41
5874,2084,17,28,238.83
5875,2085,98,533,397.44
5876,2085,108,29,261.77
5877,2085,6,15,664.23
5878,2085,111,46,582.66
5879,2085,137,109,358.78
5880,2085,186,13,631.72
5881,2085,147,14,58.65
5882,2086,150,73,318.25
5883,2087,107,202,523.95
5884,2088,91,30,325.09
5885,2089,105,750,400.21
5886,2089,60,38,63.8
5887,2089,161,61,267.71
5888,2089,35,41,242.56
5889,2089,106,99,68.42
5890,2090,129,1460,694.43
5891,2090,9,426,576.77
5892,2090,197,14,369.42
5893,2091,45,593,332.79
5894,2092,69,236,303.43
5895,2092,107,443,640.67
5896,2093,23,58,611.6
5897,2093,9,14,566.31
5898,2093,88,40,644.69
5899,2094,144,94,624.83
5900,2094,187,440,627.55
5901,2095,85,147,580.17
5902,2095,110,1116,623.96
5903,2095,73,296,209.39
5904,2095,6,26,712.45
5905,2095,174,100,296.35
5906,2096,147,143,67.96
5907,2096,156,15,751.9
5908,2097,161,158,294.81
5909,2098,118,29,431.28
5910,2098,70,581,409.05
5911,2098,100,30,382.37
5912,2098,31,135,320.95
5913,2098,45,896,336.13
5914,2099,116,28,435.02
5915,2099,54,255,672.79
5916,2099,86,91,375.75
5917,2099,53,131,176.72
5918,2099,52,66,636.75
5919,2100,18,66,1.58
5920,2100,23,586,601.47
5921,2101,194,67,166.68
5922,2101,22,287,94.86
5923,2101,79,645,220.8
5924,2101,180,5,383.44
5925,2101,158,57,37.54
5926,2102,15,644,625.07
5927,2102,170,54,257.52
5928,2103,149,177,505.89
5929,2103,196,30,54.32
5930,2103,85,35,631.11
5931,2104,68,155,434.55
5932,2105,44,55,289.49
5933,2105,89,505,71.65
5934,2105,182,121,498.98
5935,2105,141,27,403.06
5936,2106,187,13,522.05
5937,2106,159,8,268.07
5938,2106,150,11,307.21
5939,2106,30,12,301.62
5940,2106,82,113,422.78
5941,2107,177,26,414.04
5942,2107,103,16,615.43
5943,2107,57,24,532.84
5944,2107,107,16,538.64
5945,2107,66,449,632.33
5946,2107,19,15,513.01
5947,2107,47,10,498.9
5948,2108,95,29,109.73
5949,2108,173,1232,451.61
5950,2109,87,19,588.1
5951,2109,193,100,377.47
5952,2109,161,120,267.84
5953,2110,40,64,60.97
5954,2111,67,1267,163.25
5955,2111,41,988,131.27
5956,2112,120,11,554.52
5957,2112,151,68,578.36
5958,2112,181,1186,211.39
5959,2113,88,357,595.4
5960,2114,172,850,68.8
5961,2115,122,55,247.78
5962,2115,1,19,302.02
5963,2115,137,53,283.21
5964,2116,120,64,556.34
5965,2116,23,37,565.32
5966,2117,48,73,690.89
5967,2118,70,7,546.39
5968,2118,114,14,333.77
5969,2118,196,183,44.15
5970,2118,65,74,458.45
5971,2119,41,466,127.67
5972,2119,37,69,498.86
5973,2119,106,1115,71.12
5974,2120,168,123,466.0
5975,2120,80,881,83.12
5976,2120,178,1320,453.25
5977,2121,54,138,696.88
5978,2121,103,29,759.52
5979,2121,79,33,205.16
5980,2122,55,358,81.91
5981,2122,36,410,263.69
5982,2122,84,548,367.47
5983,2123,183,906,341.95
5984,2123,66,82,519.47
5985,2123,153,361,414.74
5986,2124,128,79,513.5
5987,2124,1,29,273.92
5988,2124,175,723,380.7
5989,2125,72,7,302.08
5990,2126,53,139,130.11
5991,2126,3,70,400.42
5992,2127,49,385,398.59
5993,2128,5,423,450.78
5994,2129,102,33,719.03
5995,2129,52,287,651.38
5996,2129,106,145,56.4
5997,2130,73,99,203.41
5998,2130,52,981,659.84
5999,2131,79,113,232.69
6000,2131,100,110,391.82
6001,2132,23,366,563.98
6002,2133,199,1444,617.35
6003,2133,144,26,634.51
6004,2133,189,7,684.81
6005,2134,124,177,619.19
6006,2134,31,157,295.03
6007,2134,155,170,237.9
6008,2135,109,124,471.93
6009,2135,32,157,613.9
6010,2136,39,192,50.61
6011,2136,102,57,687.31
6012,2136,8,511,575.13
6013,2136,108,57,325.08
6014,2136,132,134,674.66
6015,2136,48,25,774.26
6016,2136,41,103,125.7
6017,2137,86,103,328.04
6018,2137,12,689,121.23
6019,2137,109,624,427.78
6020,2138,187,7,491.96
6021,2138,195,10,268.92
6022,2138,189,28,669.82
6023,2138,19,658,484.11
6024,2139,85,594,574.69
6025,2139,180,30,341.46
6026,2139,25,13,189.0
6027,2140,96,130,495.9
6028,2140,189,223,569.43
6029,2141,31,23,395.0
6030,2142,196,744,53.62
6031,2142,190,110,237.37
6032,2142,121,89,161.33
6033,2143,41,11,157.99
6034,2143,63,13,615.51
6035,2143,101,1373,31.55
6036,2144,27,59,214.56
6037,2144,78,84,621.06
6038,2145,104,26,69.73
6039,2146,174,737,295.22
6040,2147,145,312,552.51
6041,2147,158,64,39.39
6042,2148,21,13,214.35
6043,2148,17,28,240.81
6044,2148,54,15,738.02
6045,2149,141,12,410.62
6046,2149,30,182,322.01
6047,2149,194,11,214.28
6048,2150,193,60,469.13
6049,2150,72,21,369.16
6050,2150,147,6,67.86
6051,2150,87,382,607.82
6052,2150,14,1284,558.37
6053,2150,73,109,234.56
6054,2150,62,131,421.23
6055,2150,44,10,331.1
6056,2151,30,464,251.03
6057,2151,168,121,539.29
6058,2152,189,7,579.5
6059,2152,82,14,440.6
6060,2152,124,55,581.32
6061,2152,183,31,337.84
6062,2152,171,1034,595.34
6063,2152,76,13,76.29
6064,2152,20,102,497.89
6065,2153,73,1276,217.01
6066,2154,129,979,725.37
6067,2154,71,24,172.98
6068,2155,26,1104,474.56
6069,2155,199,51,678.76
6070,2155,16,1174,474.98
6071,2155,46,13,153.91
6072,2156,31,44,299.21
6073,2156,14,1246,592.93
6074,2156,25,57,228.7
6075,2157,42,103,47.5
6076,2157,131,10,572.25
6077,2158,87,582,532.6
6078,2158,110,90,563.27
6079,2158,59,9,664.88
6080,2159,163,155,567.38
6081,2159,143,1186,528.22
6082,2160,20,1116,476.91
6083,2161,79,125,194.01
6084,2161,128,5,493.53
6085,2161,172,608,75.55
6086,2162,161,12,272.0
6087,2162,143,1011,502.15
6088,2162,8,592,546.26
6089,2162,48,367,624.39
6090,2162,133,40,228.39
6091,2162,43,225,607.17
6092,2162,25,828,215.66
6093,2162,56,54,534.05
6094,2163,6,11,651.95
6095,2164,156,25,595.36
6096,2164,58,173,419.84
6097,2164,64,23,441.02
6098,2164,71,128,186.01
6099,2165,2,120,566.03
6100,2166,103,68,624.99
6101,2166,143,519,607.36
6102,2166,188,1141,192.23
6103,2167,126,63,564.94
6104,2167,33,10,323.36
6105,2167,136,179,302.1
6106,2168,66,64,646.58
6107,2168,15,126,590.55
6108,2168,84,722,346.26
6109,2168,95,696,118.69
6110,2169,182,115,491.9
6111,2170,70,73,478.65
6112,2170,150,329,328.67
6113,2170,174,106,284.01
6114,2171,100,74,395.72
6115,2171,109,12,471.59
6116,2171,135,1055,109.67
6117,2172,65,711,445.23
6118,2172,187,1304,554.83
6119,2173,94,1396,491.11
6120,2173,178,82,543.18
6121,2173,117,136,248.91
6122,2173,23,12,583.27
6123,2174,118,48,547.18
6124,2174,25,15,245.42
6125,2175,127,6,343.1
6126,2176,87,513,545.09
6127,2177,146,262,571.32
6128,2177,109,68,461.4
6129,2177,126,32,490.43
6130,2177,162,8,432.04
6131,2178,61,229,553.92
6132,2178,49,1016,391.21
6133,2178,89,117,72.66
6134,2178,156,508,743.04
6135,2178,161,510,234.84
6136,2179,38,221,555.17
6137,2179,42,104,39.42
6138,2180,32,370,605.57
6139,2180,177,213,401.59
6140,2180,1,103,255.11
6141,2180,17,20,292.44
6142,2181,142,1235,758.92
6143,2181,80,232,73.75
6144,2182,11,6,200.1
6145,2182,87,198,563.57
6146,2182,111,1301,569.75
6147,2182,86,56,339.12
6148,2182,189,124,609.33
6149,2183,50,272,38.43
6150,2183,102,1075,549.76
6151,2184,197,251,327.72
6152,2184,134,18,190.97
6153,2184,108,58,303.18
6154,2184,69,145,354.4
6155,2185,18,479,1.65
6156,2185,117,122,248.0
6157,2186,173,112,386.23
6158,2186,47,60,487.39
6159,2186,177,143,448.94
6160,2187,163,30,505.41
6161,2188,42,1323,36.84
6162,2188,114,13,385.1
6163,2189,87,46,492.51
6164,2189,11,1323,181.41
6165,2190,191,661,148.9
6166,2190,185,292,275.95
6167,2190,138,525,424.25
6168,2190,137,123,324.3
6169,2191,16,1215,468.07
6170,2191,113,10,595.9
6171,2191,72,1123,344.44
6172,2192,80,337,92.32
6173,2192,55,14,81.97
6174,2192,142,45,630.97
6175,2193,176,858,490.36
6176,2193,187,685,541.88
6177,2193,51,20,476.77
6178,2194,170,102,211.97
6179,2195,80,65,80.43
6180,2195,102,679,539.75
6181,2195,168,721,459.96
6182,2195,129,164,754.39
6183,2196,108,96,304.81
6184,2196,27,11,221.37
6185,2197,1,12,326.16
6186,2197,147,228,77.82
6187,2197,159,646,310.49
6188,2198,72,10,338.05
6189,2198,102,31,681.88
6190,2198,115,24,299.09
6191,2198,108,735,267.62
6192,2199,35,563,185.25
6193,2199,18,105,1.81
6194,2199,15,1090,705.73
6195,2200,7,757,621.55
6196,2200,15,46,736.02
6197,2201,175,474,313.46
6198,2201,61,47,601.66
6199,2201,11,687,187.15
6200,2201,96,82,557.25
6201,2202,144,8,565.09
6202,2202,55,12,91.44
6203,2202,145,446,594.96
6204,2202,180,478,337.46
6205,2203,40,139,61.09
6206,2203,188,23,256.17
6207,2203,72,142,319.14
6208,2203,133,111,206.73
6209,2204,140,27,127.49
6210,2204,84,794,314.39
6211,2205,144,295,615.45
6212,2205,155,94,251.87
6213,2206,74,168,274.92
6214,2206,112,174,418.89
6215,2206,89,29,73.25
6216,2207,36,107,271.22
6217,2208,33,530,305.43
6218,2208,168,85,485.03
6219,2208,158,198,49.67
6220,2209,23,98,599.07
6221,2209,141,75,337.86
6222,2210,123,94,667.29
6223,2210,171,128,606.51
6224,2211,20,10,420.1
6225,2211,5,1498,538.86
6226,2211,50,20,39.54
6227,2212,15,441,698.08
6228,2212,105,783,518.31
6229,2212,171,8,629.44
6230,2212,139,660,194.31
6231,2212,130,294,24.54
6232,2212,134,26,163.19
6233,2213,105,10,441.54
6234,2213,85,64,529.71
6235,2214,17,70,280.59
6236,2215,134,558,176.22
6237,2215,33,112,323.05
6238,2216,111,64,761.19
6239,2216,170,47,219.67
6240,2216,131,13,446.76
6241,2216,110,13,687.49
6242,2217,158,6,49.85
6243,2217,107,417,632.09
6244,2217,119,14,557.62
6245,2218,68,24,525.07
6246,2218,99,172,221.07
6247,2218,96,147,628.58
6248,2218,86,28,335.57
6249,2219,36,26,290.24
6250,2219,2,6,682.19
6251,2219,47,110,412.57
6252,2220,154,632,63.4
6253,2220,133,147,209.95
6254,2220,14,833,634.49
6255,2220,9,75,591.58
6256,2221,144,28,491.77
6257,2221,47,30,498.64
6258,2222,163,18,588.32
6259,2223,68,54,480.84
6260,2223,160,154,83.08
6261,2223,133,1254,202.0
6262,2223,64,296,479.02
6263,2224,70,46,478.19
6264,2224,194,345,157.42
6265,2225,77,135,128.9
6266,2226,139,265,176.55
6267,2226,158,143,37.3
6268,2227,135,13,106.96
6269,2227,51,926,507.31
6270,2228,129,38,613.17
6271,2228,137,12,339.92
6272,2228,145,390,486.46
6273,2228,152,11,591.12
6274,2228,142,54,713.16
6275,2228,128,544,449.29
6276,2228,46,290,133.47
6277,2229,193,8,366.34
6278,2230,176,171,452.73
6279,2231,9,608,537.03
6280,2231,84,33,308.52
6281,2231,75,5,230.67
6282,2232,128,13,403.94
6283,2232,122,29,214.26
6284,2232,96,74,591.48
6285,2232,20,101,398.79
6286,2232,158,19,50.68
6287,2233,80,13,96.72
6288,2233,109,13,498.42
6289,2233,70,286,530.89
6290,2233,163,758,563.26
6291,2233,57,146,491.01
6292,2234,92,169,177.38
6293,2235,191,55,160.41
6294,2235,72,130,303.17
6295,2235,196,14,51.34
6296,2236,39,139,55.96
6297,2236,92,353,197.08
6298,2236,94,8,485.44
6299,2236,129,1268,648.99
6300,2236,158,456,49.93
6301,2237,159,615,301.31
6302,2237,181,1148,225.95
6303,2238,183,62,339.62
6304,2238,88,58,783.96
6305,2239,60,610,77.81
6306,2240,107,12,505.47
6307,2240,135,33,132.98
6308,2240,125,55,660.58
6309,2241,147,51,72.02
6310,2241,72,513,335.46
6311,2241,110,27,649.26
6312,2241,136,50,339.82
6313,2241,74,69,228.14
6314,2242,90,285,50.06
6315,2242,9,34,602.39
6316,2242,48,15,736.32
6317,2242,126,662,554.45
6318,2243,141,695,421.06
6319,2243,8,53,505.51
6320,2243,126,115,549.61
6321,2243,64,242,407.29
6322,2243,112,592,331.5
6323,2243,107,905,620.13
6324,2244,191,370,150.35
6325,2244,170,22,247.7
6326,2245,20,621,489.55
6327,2246,2,5,728.86
6328,2246,176,13,427.34
6329,2246,12,13,118.79
6330,2247,61,44,595.28
6331,2247,148,214,337.46
6332,2247,184,88,319.14
6333,2248,4,592,612.08
6334,2249,68,223,399.38
6335,2249,120,14,471.65
6336,2249,91,13,273.77
6337,2250,104,206,77.94
6338,2251,184,539,283.1
6339,2251,110,12,537.6
6340,2252,90,70,53.49
6341,2252,14,132,741.3
6342,2252,40,25,61.25
6343,2252,177,14,470.79
6344,2253,71,735,162.51
6345,2253,23,757,674.9
6346,2254,111,88,646.41
6347,2254,77,716,137.56
6348,2254,98,46,414.95
6349,2254,138,8,498.77
6350,2255,5,514,499.47
6351,2255,2,25,748.26
6352,2256,115,49,273.0
6353,2256,131,975,514.86
6354,2257,47,17,501.3
6355,2258,139,20,225.07
6356,2258,177,23,390.59
6357,2258,58,24,367.98
6358,2259,88,31,679.27
6359,2260,138,937,396.27
6360,2260,108,275,239.73
6361,2261,23,279,552.22
6362,2261,32,384,554.3
6363,2262,56,29,482.38
6364,2262,161,117,218.38
6365,2263,151,444,756.28
6366,2263,165,12,64.87
6367,2264,163,110,483.01
6368,2264,90,87,61.47
6369,2264,174,83,332.2
6370,2265,131,25,522.24
6371,2265,196,20,51.11
6372,2266,71,287,156.63
6373,2266,66,12,592.15
6374,2266,100,7,386.33
6375,2267,174,13,280.6
6376,2267,77,75,125.9
6377,2267,28,10,509.71
6378,2267,141,75,437.41
6379,2267,80,116,75.2
6380,2267,46,86,146.51
6381,2267,158,40,47.35
6382,2268,22,147,91.77
6383,2268,48,131,649.56
6384,2268,122,574,216.91
6385,2269,199,221,630.07
6386,2269,187,9,470.9
6387,2270,112,264,318.31
6388,2271,99,21,195.15
6389,2271,104,12,84.09
6390,2271,26,50,510.86
6391,2271,22,53,80.54
6392,2271,189,199,542.83
6393,2271,143,24,482.38
6394,2272,149,119,545.37
6395,2272,35,12,205.72
6396,2272,129,105,595.44
6397,2272,162,58,443.57
6398,2272,152,144,698.31
6399,2272,105,13,443.24
6400,2273,146,17,492.95
6401,2273,195,741,203.07
6402,2273,147,1333,68.18
6403,2273,171,601,600.25
6404,2274,104,15,67.54
6405,2274,161,12,285.8
6406,2275,90,283,51.64
6407,2275,60,14,78.4
6408,2275,75,19,264.31
6409,2276,114,108,371.45
6410,2276,130,688,28.99
6411,2276,54,116,665.05
6412,2276,74,116,219.71
6413,2276,13,95,209.71
6414,2277,73,7,233.58
6415,2278,57,81,486.79
6416,2278,112,30,394.71
6417,2278,17,10,277.3
6418,2279,16,13,562.8
6419,2280,62,13,482.91
6420,2281,31,66,350.11
6421,2282,3,12,452.86
6422,2282,21,1287,223.05
6423,2283,91,568,314.8
6424,2284,149,15,471.98
6425,2284,39,121,61.85
6426,2284,120,44,527.67
6427,2284,197,691,342.37
6428,2284,126,215,431.61
6429,2285,163,144,595.99
6430,2285,140,81,154.79
6431,2285,191,731,134.67
6432,2285,51,192,608.39
6433,2285,53,11,164.68
6434,2286,4,29,696.61
6435,2286,131,1246,487.95
6436,2286,58,11,402.65
6437,2287,149,18,499.17
6438,2287,97,216,82.85
6439,2287,140,1074,140.51
6440,2287,19,25,586.2
6441,2288,173,642,385.9
6442,2288,7,796,679.72
6443,2288,129,87,676.85
6444,2288,163,116,539.46
6445,2288,109,99,427.75
6446,2289,161,14,240.29
6447,2289,130,657,25.54
6448,2289,5,23,430.47
6449,2290,58,16,433.61
6450,2290,145,297,581.12
6451,2291,128,200,493.22
6452,2292,115,660,356.05
6453,2292,63,38,547.45
6454,2293,194,149,210.85
6455,2293,93,11,146.14
6456,2293,40,416,61.5
6457,2293,21,530,189.92
6458,2294,135,638,138.44
6459,2294,4,231,587.07
6460,2294,43,1252,717.93
6461,2295,194,10,186.64
6462,2295,56,131,407.38
6463,2296,150,1195,377.38
6464,2296,186,255,502.21
6465,2296,18,581,1.59
6466,2297,58,116,440.69
6467,2297,198,70,211.5
6468,2297,79,523,230.2
6469,2297,76,249,83.23
6470,2298,113,1271,607.06
6471,2299,81,15,632.63
6472,2299,150,1288,392.09
6473,2299,97,15,79.06
6474,2300,37,640,645.18
6475,2300,162,68,339.4
6476,2301,42,56,49.0
6477,2301,144,13,497.91
6478,2301,171,1353,575.54
6479,2302,174,1120,290.83
6480,2303,29,8,159.66
6481,2304,154,10,54.06
6482,2304,41,273,150.07
6483,2304,184,739,253.58
6484,2305,27,217,189.04
6485,2306,49,61,519.25
6486,2306,80,10,81.76
6487,2307,124,134,629.79
6488,2307,181,41,223.61
6489,2307,66,29,634.59
6490,2307,23,43,534.4
6491,2307,72,1488,306.41
6492,2308,90,69,59.96
6493,2308,168,70,543.28
6494,2308,106,404,59.16
6495,2309,115,38,296.46
6496,2310,82,9,360.2
6497,2310,167,48,501.69
6498,2310,1,468,296.88
6499,2310,17,1125,280.76
6500,2310,146,101,451.45
6501,2311,68,15,513.2
6502,2311,17,287,245.69
6503,2311,80,113,96.82
6504,2311,88,17,574.73
6505,2312,68,29,494.94
6506,2313,134,27,189.75
6507,2314,154,452,54.47
6508,2314,40,13,55.22
6509,2314,183,5,307.52
6510,2314,66,121,507.04
6511,2314,164,1454,537.59
6512,2315,193,153,418.24
6513,2315,61,12,558.47
6514,2316,41,27,152.74
6515,2316,166,136,38.66
6516,2316,5,617,415.61
6517,2317,101,54,25.73
6518,2317,33,1052,305.23
6519,2318,31,24,393.52
6520,2318,29,304,169.45
6521,2318,178,705,427.42
6522,2318,156,9,724.99
6523,2319,29,134,161.34
6524,2319,132,99,519.33
6525,2319,55,90,92.59
6526,2319,168,187,539.55
6527,2320,25,649,202.27
6528,2320,121,413,144.37
6529,2320,37,355,535.43
6530,2320,157,37,594.42
6531,2321,140,24,159.19
6532,2321,118,664,421.23
6533,2321,185,61,299.71
6534,2322,148,65,420.3
6535,2322,65,13,413.88
6536,2322,27,21,202.63
6537,2323,138,314,433.35
6538,2324,25,63,221.15
6539,2324,103,20,743.27
6540,2324,50,57,37.49
6541,2325,169,28,54.97
6542,2325,164,33,464.35
6543,2325,165,148,70.2
6544,2325,113,18,703.59
6545,2325,60,17,61.52
6546,2325,37,75,676.49
6547,2325,184,985,315.77
6548,2325,42,49,45.03
6549,2326,120,295,511.63
6550,2326,73,15,174.76
6551,2327,151,616,640.44
6552,2327,77,34,121.56
6553,2328,64,314,454.46
6554,2329,138,16,446.9
6555,2329,194,290,176.47
6556,2330,193,98,480.41
6557,2330,141,50,421.44
6558,2330,167,621,429.36
6559,2330,179,53,216.68
6560,2330,155,17,271.55
6561,2331,110,14,596.23
6562,2332,115,56,292.31
6563,2332,114,67,352.25
6564,2332,32,293,522.99
6565,2333,133,739,204.29
6566,2333,194,63,187.36
6567,2334,144,12,599.18
6568,2334,13,504,241.98
6569,2334,131,13,435.59
6570,2334,45,629,331.19
6571,2335,166,651,39.14
6572,2336,163,59,571.61
6573,2337,13,328,270.78
6574,2338,151,16,561.22
6575,2338,149,1173,458.19
6576,2338,3,110,456.43
6577,2339,93,964,186.08
6578,2340,132,64,637.54
6579,2340,135,584,137.88
6580,2340,64,19,412.27
6581,2341,44,27,275.04
6582,2342,122,7,238.74
6583,2342,165,10,75.4
6584,2342,9,14,565.2
6585,2343,98,10,419.07
6586,2344,150,29,311.48
6587,2344,95,31,98.23
6588,2344,148,687,417.82
6589,2345,99,217,237.95
6590,2345,12,395,123.76
6591,2345,6,6,656.83
6592,2346,150,18,405.07
6593,2346,16,244,459.76
6594,2347,89,235,72.52
6595,2348,28,16,474.25
6596,2349,134,63,179.36
6597,2349,177,286,469.73
6598,2349,53,284,150.96
6599,2350,86,684,424.53
6600,2350,80,1067,95.16
6601,2350,169,59,54.43
6602,2351,83,1082,170.63
6603,2351,125,1155,512.89
6604,2351,21,148,220.1
6605,2352,165,622,58.71
6606,2353,57,723,469.7
6607,2353,103,12,760.75
6608,2354,69,15,363.36
6609,2355,83,292,198.64
6610,2356,112,1429,438.97
6611,2356,108,386,258.56
6612,2356,64,56,424.37
6613,2357,38,13,560.58
6614,2357,30,1000,313.89
6615,2358,153,130,495.76
6616,2358,182,59,554.88
6617,2358,30,71,275.42
6618,2359,79,8,176.64
6619,2359,141,951,363.09
6620,2360,191,608,174.81
6621,2360,1,21,272.41
6622,2360,180,771,357.77
6623,2360,24,64,241.29
6624,2360,146,265,488.04
6625,2360,140,507,143.16
6626,2360,15,124,678.94
6627,2360,30,231,269.48
6628,2361,116,8,575.82
6629,2361,154,108,70.99
6630,2362,165,15,71.24
6631,2363,153,15,431.04
6632,2363,53,27,131.74
6633,2364,9,111,483.33
6634,2364,2,240,583.45
6635,2364,107,12,589.0
6636,2364,151,668,730.23
6637,2364,84,26,384.45
6638,2365,182,25,598.66
6639,2365,13,213,254.17
6640,2365,115,78,316.04
6641,2366,115,6,273.72
6642,2367,95,1304,97.15
6643,2367,26,27,461.07
6644,2367,5,83,503.58
6645,2368,70,429,487.47
6646,2368,91,138,283.58
6647,2369,188,69,261.62
6648,2369,112,71,435.5
6649,2369,99,13,241.61
6650,2369,184,102,287.71
6651,2369,86,5,400.03
6652,2370,190,586,216.51
6653,2370,143,11,454.64
6654,2370,97,718,85.82
6655,2370,181,1025,200.85
6656,2371,64,17,552.98
6657,2371,184,123,300.16
6658,2372,160,25,79.47
6659,2372,167,14,508.29
6660,2372,30,106,331.78
6661,2373,80,93,93.36
6662,2373,33,6,358.44
6663,2373,68,26,436.32
6664,2373,100,138,379.55
6665,2374,87,40,507.27
6666,2375,113,739,619.79
6667,2375,146,178,477.84
6668,2376,158,382,46.89
6669,2376,5,291,443.76
6670,2376,18,400,2.06
6671,2376,169,67,51.62
6672,2377,29,37,191.13
6673,2377,108,191,310.21
6674,2378,56,140,463.82
6675,2378,150,99,389.38
6676,2378,173,757,378.27
6677,2378,13,15,221.33
6678,2379,197,199,353.61
6679,2379,83,64,149.34
6680,2379,124,16,719.16
6681,2379,151,973,676.13
6682,2380,84,649,329.74
6683,2380,11,110,182.97
6684,2381,38,62,574.3
6685,2382,53,364,138.5
6686,2382,156,50,638.27
6687,2383,115,42,269.89
6688,2383,45,13,427.29
6689,2383,107,7,625.02
6690,2384,35,1382,188.72
6691,2384,116,1051,465.18
6692,2385,34,6,86.96
6693,2385,165,361,63.86
6694,2385,161,1223,253.08
6695,2386,200,10,61.75
6696,2386,117,648,212.67
6697,2387,20,45,456.33
6698,2388,107,1438,605.53
6699,2388,46,84,160.62
6700,2389,67,53,167.76
6701,2389,139,26,231.15
6702,2389,61,183,523.15
6703,2389,97,193,73.78
6704,2390,167,24,412.24
6705,2390,157,13,594.87
6706,2391,183,1493,328.22
6707,2391,132,1398,664.54
6708,2391,12,49,153.79
6709,2391,120,1173,592.92
6710,2391,1,1253,264.38
6711,2391,25,10,199.52
6712,2391,40,348,47.14
6713,2392,121,11,154.14
6714,2392,148,605,415.65
6715,2392,183,140,319.02
6716,2393,194,18,204.48
6717,2393,183,10,320.27
6718,2393,97,7,99.48
6719,2393,39,736,57.29
6720,2393,89,11,79.39
6721,2394,89,722,62.27
6722,2394,159,5,247.11
6723,2395,46,29,148.92
6724,2395,34,149,86.56
6725,2396,170,1099,235.26
6726,2396,187,622,634.56
6727,2396,50,6,31.0
6728,2396,189,132,646.12
6729,2396,178,13,545.01
6730,2396,92,539,213.21
6731,2396,22,131,86.06
6732,2397,13,599,211.52
6733,2397,163,593,652.11
6734,2398,63,615,649.81
6735,2398,20,762,363.57
6736,2398,11,832,220.5
6737,2398,157,8,576.24
6738,2399,107,901,564.82
6739,2399,137,7,351.72
6740,2400,121,341,162.51
6741,2400,176,639,455.99
6742,2401,47,7,511.35
6743,2401,189,16,602.53
6744,2401,154,273,52.91
6745,2402,105,86,451.75
6746,2402,154,81,56.83
6747,2402,186,73,657.12
6748,2402,182,213,539.63
6749,2403,19,1156,472.96
6750,2403,43,368,640.58
6751,2404,175,53,354.26
6752,2404,17,653,269.08
6753,2404,20,11,378.88
6754,2405,183,386,303.14
6755,2405,69,39,367.28
6756,2406,78,64,648.38
6757,2406,138,258,501.96
6758,2406,135,74,104.32
6759,2407,31,48,353.66
6760,2407,162,119,355.49
6761,2408,123,26,587.32
6762,2408,17,28,233.1
6763,2408,57,129,520.44
6764,2409,197,14,377.11
6765,2410,94,710,624.52
6766,2410,190,536,211.43
6767,2411,45,913,366.54
6768,2411,3,680,363.74
6769,2412,174,245,266.6
6770,2412,118,179,425.95
6771,2412,144,84,656.51
6772,2412,7,21,740.72
6773,2412,62,13,497.2
6774,2412,157,290,617.75
6775,2413,176,265,501.82
6776,2414,186,22,535.16
6777,2414,83,720,164.96
6778,2414,4,27,620.03
6779,2414,114,30,302.81
6780,2415,118,45,577.83
6781,2415,129,66,649.45
6782,2416,193,339,384.81
6783,2416,101,266,32.57
6784,2416,42,38,41.5
6785,2416,173,1326,385.35
6786,2416,119,673,549.9
6787,2417,88,6,627.1
6788,2417,53,356,156.92
6789,2417,167,41,431.06
6790,2418,33,321,275.1
6791,2419,176,159,434.71
6792,2419,134,6,143.81
6793,2419,166,69,38.74
6794,2420,134,10,172.04
6795,2420,159,23,252.16
6796,2420,183,270,317.14
6797,2421,18,55,2.02
6798,2421,128,1180,501.24
6799,2421,110,24,566.62
6800,2421,105,18,442.15
6801,2421,152,28,755.25
6802,2422,154,72,66.63
6803,2422,170,54,219.65
6804,2422,124,58,684.55
6805,2423,188,7,214.64
6806,2423,30,11,253.74
6807,2423,37,15,688.51
6808,2424,67,108,190.05
6809,2424,100,98,381.23
6810,2425,75,23,210.57
6811,2425,6,14,576.19
6812,2426,85,10,623.69
6813,2426,194,41,167.91
6814,2426,179,9,255.98
6815,2426,127,619,366.11
6816,2427,142,7,743.6
6817,2427,84,157,323.74
6818,2427,91,73,310.38
6819,2427,82,446,390.13
6820,2428,144,156,587.35
6821,2429,149,26,568.98
6822,2430,144,453,551.72
6823,2430,188,206,197.21
6824,2430,183,113,280.61
6825,2431,186,73,615.81
6826,2431,47,8,491.63
6827,2431,136,748,298.01
6828,2431,89,68,74.83
6829,2432,60,52,73.87
6830,2432,168,141,577.44
6831,2433,12,23,124.34
6832,2433,169,505,54.76
6833,2433,164,223,432.34
6834,2433,90,97,57.57
6835,2433,14,583,736.87
6836,2434,150,1098,394.11
6837,2434,26,765,614.08
6838,2434,90,53,55.47
6839,2435,12,13,133.31
6840,2435,79,8,216.18
6841,2436,133,849,244.39
6842,2436,119,60,575.6
6843,2436,125,266,529.06
6844,2436,148,14,359.54
6845,2437,150,9,368.09
6846,2437,9,257,593.79
6847,2437,161,904,233.4
6848,2438,160,739,82.59
6849,2439,165,8,78.04
6850,2439,153,747,475.49
6851,2440,129,99,729.37
6852,2440,78,30,635.43
6853,2440,36,945,333.94
6854,2440,120,438,604.09
6855,2441,108,60,265.57
6856,2441,53,57,179.15
6857,2441,176,6,484.59
6858,2442,151,29,663.84
6859,2442,96,102,509.54
6860,2442,36,133,284.82
6861,2443,188,13,196.46
6862,2443,190,14,204.72
6863,2444,143,309,494.59
6864,2444,134,637,155.73
6865,2444,52,6,619.5
6866,2445,21,477,199.55
6867,2446,144,59,585.56
6868,2446,24,15,234.74
6869,2447,34,1001,82.78
6870,2447,49,7,429.5
6871,2448,40,125,56.19
6872,2448,68,12,390.9
6873,2448,200,19,59.39
6874,2449,69,18,312.27
6875,2449,188,39,240.24
6876,2450,16,276,522.27
6877,2450,45,1293,345.16
6878,2450,99,94,231.21
6879,2451,1,192,267.47
6880,2451,124,1274,706.93
6881,2451,199,716,636.79
6882,2451,179,10,215.39
6883,2451,45,370,410.07
6884,2452,188,37,222.6
6885,2452,71,69,141.77
6886,2453,168,12,621.53
6887,2454,83,1095,148.22
6888,2454,100,21,374.65
6889,2454,180,19,363.21
6890,2455,169,704,49.65
6891,2455,97,30,96.66
6892,2455,142,65,663.06
6893,2456,74,83,241.35
6894,2457,163,13,560.39
6895,2457,156,254,723.54
6896,2457,43,24,575.22
6897,2457,103,258,705.91
6898,2457,164,22,480.43
6899,2458,124,1052,690.67
6900,2458,188,81,213.24
6901,2459,38,14,469.78
6902,2460,141,9,331.8
6903,2461,82,24,349.66
6904,2461,138,20,424.21
6905,2461,56,32,413.6
6906,2461,199,1381,676.88
6907,2462,143,291,580.34
6908,2462,135,230,111.87
6909,2462,165,333,72.77
6910,2463,50,20,37.85
6911,2463,33,125,370.65
6912,2464,150,189,310.94
6913,2465,197,13,414.71
6914,2465,131,7,467.65
6915,2465,103,1193,713.27
6916,2466,46,42,144.31
6917,2466,21,38,187.39
6918,2466,200,53,48.39
6919,2467,133,569,259.38
6920,2467,157,763,559.1
6921,2468,169,11,47.68
6922,2468,88,272,650.52
6923,2468,158,10,48.2
6924,2468,175,134,393.25
6925,2468,116,25,555.53
6926,2469,14,1051,540.51
6927,2469,103,99,765.44
6928,2469,169,582,47.54
6929,2469,2,73,619.08
6930,2469,166,188,42.08
6931,2470,188,409,252.4
6932,2471,86,142,417.39
6933,2471,57,293,443.03
6934,2472,192,1175,494.68
6935,2472,152,246,700.81
6936,2472,75,88,198.4
6937,2473,119,7,629.34
6938,2473,190,10,252.67
6939,2473,135,16,102.57
6940,2474,158,15,38.81
6941,2474,91,83,245.9
6942,2474,41,122,166.86
6943,2475,14,135,686.62
6944,2475,21,6,209.36
6945,2476,86,96,358.13
6946,2476,178,17,401.35
6947,2476,101,95,26.5
6948,2477,178,1105,473.16
6949,2477,155,13,253.09
6950,2478,103,113,670.47
6951,2479,183,13,342.29
6952,2479,132,1076,528.42
6953,2479,14,588,540.51
6954,2479,61,11,498.16
6955,2480,137,131,277.03
6956,2481,81,15,584.51
6957,2481,176,347,545.56
6958,2482,3,869,362.17
6959,2482,49,1422,447.24
6960,2483,39,174,57.33
6961,2483,183,1275,300.99
6962,2484,188,1116,226.99
6963,2484,140,53,159.52
6964,2484,28,73,492.18
6965,2485,35,11,193.09
6966,2485,124,147,728.76
6967,2485,135,538,122.49
6968,2486,148,269,356.8
6969,2486,25,73,246.02
6970,2487,51,21,583.74
6971,2487,11,113,215.21
6972,2487,197,52,362.61
6973,2488,98,290,401.93
6974,2488,179,1373,204.22
6975,2489,151,29,579.29
6976,2489,17,58,260.07
6977,2489,31,16,383.42
6978,2489,140,10,119.62
6979,2490,12,17,124.67
6980,2490,135,724,106.34
6981,2490,127,616,368.35
6982,2491,47,12,519.5
6983,2491,125,20,691.53
6984,2491,177,324,380.13
6985,2491,96,12,495.42
6986,2491,41,12,142.01
6987,2492,139,865,211.74
6988,2492,41,19,146.0
6989,2492,107,536,633.72
6990,2492,119,53,534.35
6991,2492,113,73,740.34
6992,2493,113,1252,675.39
6993,2493,74,1038,234.14
6994,2494,112,198,369.96
6995,2494,161,63,247.19
6996,2494,153,22,473.74
6997,2495,123,519,622.03
6998,2495,193,1097,479.3
6999,2495,50,282,30.45
7000,2495,100,5,401.57
7001,2496,139,1018,238.57
7002,2496,61,454,543.36
7003,2496,30,29,289.06
7004,2497,13,16,260.32
7005,2497,54,11,595.39
7006,2497,47,325,463.27
7007,2498,167,425,525.72
7008,2498,75,783,226.55
7009,2498,95,19,116.96
7010,2498,68,550,410.68
7011,2498,169,65,52.76
7012,2499,118,9,481.68
7013,2499,20,95,466.66
7014,2499,117,380,262.26
7015,2499,80,636,76.75
7016,2500,156,665,636.48
7017,2500,137,13,278.12
7018,2501,155,106,262.16
7019,2501,53,20,133.26
7020,2501,8,14,572.59
7021,2501,140,16,156.17
7022,2501,127,644,282.07
7023,2501,133,98,189.37
7024,2501,198,67,229.43
7025,2502,189,16,524.73
7026,2502,27,1007,182.03
7027,2502,156,20,579.49
7028,2502,52,137,651.68
7029,2503,186,668,644.17
7030,2503,26,11,503.92
7031,2504,145,10,551.53
7032,2505,40,179,54.54
7033,2505,75,1161,228.85
7034,2505,124,7,575.97
7035,2506,191,28,160.24
7036,2507,122,139,232.29
7037,2507,90,758,49.28
7038,2507,21,577,227.97
7039,2507,55,440,89.19
7040,2507,125,1499,522.34
7041,2508,84,131,339.4
7042,2508,18,75,1.99
7043,2509,132,14,553.32
7044,2509,87,72,540.35
7045,2510,89,376,78.66
7046,2510,163,5,566.11
7047,2510,149,675,506.13
7048,2510,55,1475,90.73
7049,2511,87,129,561.12
7050,2512,33,56,361.01
7051,2512,45,618,328.71
7052,2513,122,59,224.25
7053,2513,44,71,341.73
7054,2513,96,24,536.68
7055,2513,69,52,316.9
7056,2514,121,175,173.7
7057,2514,113,138,546.92
7058,2514,39,82,46.5
7059,2514,61,21,529.75
7060,2515,194,112,172.24
7061,2516,149,19,452.87
7062,2516,10,293,523.43
7063,2516,118,77,420.09
7064,2517,74,635,237.81
7065,2517,163,12,513.67
7066,2518,157,44,512.35
7067,2519,192,29,548.35
7068,2519,134,136,147.84
7069,2519,72,27,350.53
7070,2519,144,12,504.25
7071,2520,92,494,185.57
7072,2520,17,227,238.29
7073,2520,21,149,215.92
7074,2521,138,45,394.89
7075,2522,68,17,489.39
7076,2523,156,66,737.32
7077,2523,50,14,29.85
7078,2523,21,662,201.02
7079,2524,166,1384,41.53
7080,2524,20,295,373.12
7081,2525,86,10,410.56
7082,2526,93,820,181.44
7083,2526,86,220,381.08
7084,2526,130,287,28.15
7085,2527,108,272,275.64
7086,2527,132,6,609.64
7087,2528,130,401,25.13
7088,2528,142,681,666.78
7089,2528,115,149,341.65
7090,2528,74,41,236.27
7091,2529,175,9,355.6
7092,2529,119,647,641.23
7093,2530,130,52,24.29
7094,2530,172,78,87.26
7095,2530,49,29,508.81
7096,2531,79,662,199.2
7097,2531,22,19,75.17
7098,2531,19,14,481.06
7099,2532,99,208,224.96
7100,2532,42,867,42.75
7101,2532,100,1088,341.34
7102,2532,103,165,644.01
7103,2532,194,602,197.59
7104,2532,160,778,86.05
7105,2533,103,113,680.22
7106,2533,176,27,457.41
7107,2534,178,20,425.83
7108,2534,138,725,489.56
7109,2535,64,17,452.34
7110,2535,167,72,483.6
7111,2536,162,14,444.66
7112,2536,45,93,334.91
7113,2536,191,111,175.77
7114,2537,9,1037,481.33
7115,2537,146,5,586.95
7116,2537,6,459,649.67
7117,2537,39,10,45.31
7118,2538,104,562,77.38
7119,2538,66,9,655.87
7120,2538,79,119,222.75
7121,2539,38,253,601.43
7122,2539,188,17,246.27
7123,2540,147,9,60.83
7124,2541,84,30,291.14
7125,2541,150,193,352.75
7126,2542,30,16,295.23
7127,2542,97,690,86.95
7128,2543,172,13,75.55
7129,2544,30,1418,266.06
7130,2544,113,52,591.7
7131,2544,119,282,549.27
7132,2545,191,25,157.11
7133,2546,52,12,540.08
7134,2546,25,363,229.17
7135,2546,34,67,102.44
7136,2546,53,29,130.88
7137,2547,164,8,456.11
7138,2547,57,247,479.25
7139,2547,116,103,526.3
7140,2547,90,28,50.71
7141,2548,173,19,390.95
7142,2548,50,26,32.8
7143,2548,166,288,46.12
7144,2549,93,58,186.48
7145,2549,94,6,581.35
7146,2550,146,546,534.88
7147,2550,21,16,239.97
7148,2550,68,54,419.99
7149,2551,199,178,561.97
7150,2552,15,43,696.98
7151,2552,87,120,500.81
7152,2552,160,1430,67.39
7153,2552,75,11,205.87
7154,2553,122,57,243.42
7155,2553,1,465,338.76
7156,2553,162,11,464.42
7157,2554,2,8,658.55
7158,2555,91,14,283.67
7159,2555,37,186,553.52
7160,2555,21,59,201.33
7161,2556,181,131,182.13
7162,2556,133,111,241.5
7163,2557,69,595,290.35
7164,2557,73,73,194.99
7165,2558,188,143,254.41
7166,2558,37,456,606.6
7167,2559,3,880,424.3
7168,2560,37,63,682.17
7169,2560,184,1258,257.15
7170,2560,62,227,466.31
7171,2561,86,11,379.54
7172,2561,22,5,88.72
7173,2561,119,254,682.42
7174,2561,94,63,620.72
7175,2561,163,17,519.48
7176,2562,187,36,509.67
7177,2563,102,627,538.83
7178,2563,196,1284,45.37
7179,2563,42,19,49.16
7180,2564,36,8,336.94
7181,2564,60,46,67.52
7182,2564,1,1449,279.16
7183,2565,155,62,287.0
7184,2566,81,333,587.94
7185,2567,12,8,123.32
7186,2567,31,11,369.57
7187,2567,178,208,520.97
7188,2568,62,540,441.46
7189,2568,66,6,573.2
7190,2568,11,138,203.7
7191,2569,135,41,127.69
7192,2569,101,13,25.41
7193,2570,100,48,386.25
7194,2570,134,134,189.69
7195,2571,37,20,561.61
7196,2571,149,11,454.59
7197,2572,182,941,607.47
7198,2572,105,27,494.99
7199,2573,109,56,495.12
7200,2574,49,602,422.41
7201,2574,131,190,545.35
7202,2575,6,708,608.7
7203,2576,128,144,399.72
7204,2576,116,8,470.48
7205,2577,55,25,101.53
7206,2577,97,84,81.9
7207,2578,120,399,521.73
7208,2578,52,115,521.07
7209,2579,184,129,322.25
7210,2579,112,149,354.2
7211,2579,82,1129,380.54
7212,2579,138,217,400.16
7213,2579,92,568,202.09
7214,2580,163,24,620.78
7215,2580,8,75,578.01
7216,2580,164,58,502.2
7217,2581,80,1211,85.0
7218,2581,164,91,494.06
7219,2581,33,81,300.58
7220,2581,146,6,556.46
7221,2581,135,853,132.93
7222,2582,77,1095,129.73
7223,2583,103,881,579.98
7224,2583,194,53,190.9
7225,2583,156,10,696.0
7226,2584,33,140,353.61
7227,2584,152,343,643.53
7228,2585,30,906,299.16
7229,2585,92,34,191.44
7230,2586,18,9,2.0
7231,2586,200,92,47.63
7232,2587,86,27,431.27
7233,2587,196,625,55.44
7234,2588,77,474,131.28
7235,2589,34,374,92.16
7236,2590,179,128,194.75
7237,2591,94,536,639.97
7238,2591,160,799,83.42
7239,2591,36,1323,251.62
7240,2591,31,121,390.91
7241,2591,47,30,524.5
7242,2591,62,64,521.34
7243,2592,166,25,36.27
7244,2592,168,10,520.93
7245,2592,72,477,275.79
7246,2592,102,11,628.82
7247,2593,54,71,623.32
7248,2593,90,12,49.18
7249,2593,6,6,624.02
7250,2593,175,50,402.97
7251,2593,82,200,363.42
7252,2594,92,673,167.46
7253,2595,178,140,458.29
7254,2595,2,1385,566.73
7255,2596,175,23,326.6
7256,2596,99,105,193.77
7257,2596,178,8,446.13
7258,2597,60,254,69.95
7259,2597,193,26,466.09
7260,2597,158,126,49.17
7261,2597,73,692,213.82
7262,2597,142,155,680.2
7263,2598,34,19,91.76
7264,2599,2,11,555.0
7265,2599,34,934,91.81
7266,2600,115,25,338.08
7267,2600,152,38,612.41
7268,2601,32,99,559.96
7269,2601,183,12,248.37
7270,2601,151,1466,598.12
7271,2601,10,71,555.88
7272,2601,104,27,72.29
7273,2602,172,151,71.99
7274,2603,89,17,73.09
7275,2603,70,271,423.17
7276,2603,48,74,656.47
7277,2603,59,293,719.16
7278,2603,118,575,571.29
7279,2604,42,67,48.69
7280,2605,7,19,659.28
7281,2605,48,448,691.72
7282,2606,133,50,195.0
7283,2607,3,496,379.11
7284,2607,87,14,460.56
7285,2607,136,694,361.29
7286,2607,127,704,273.81
7287,2607,176,26,442.93
7288,2608,72,15,362.8
7289,2608,35,114,222.4
7290,2608,13,71,269.05
7291,2609,9,12,587.32
7292,2609,14,74,582.0
7293,2610,145,628,534.7
7294,2610,72,50,352.42
7295,2611,158,239,41.53
7296,2611,19,307,460.42
7297,2611,156,698,602.86
7298,2611,148,61,365.82
7299,2611,123,22,679.09
7300,2612,81,162,731.57
7301,2613,23,205,599.19
7302,2613,129,145,634.54
7303,2613,166,26,37.91
7304,2614,9,8,599.78
7305,2614,155,101,236.84
7306,2614,21,964,178.64
7307,2615,67,123,218.95
7308,2615,171,380,499.77
7309,2616,96,30,488.26
7310,2616,165,98,72.1
7311,2616,70,609,557.41
7312,2616,127,10,355.23
7313,2616,102,30,632.64
7314,2617,94,26,501.47
7315,2617,106,58,57.67
7316,2618,28,13,531.32
7317,2618,86,27,395.79
7318,2618,178,49,400.3
7319,2618,137,185,306.84
7320,2619,94,7,564.5
7321,2619,172,237,69.46
7322,2619,196,38,45.5
7323,2619,111,130,744.24
7324,2620,190,217,232.03
7325,2620,199,27,528.05
7326,2620,53,57,140.7
7327,2621,55,57,91.89
7328,2621,193,110,482.1
7329,2622,188,12,241.1
7330,2623,115,764,347.31
7331,2623,177,297,490.88
7332,2623,68,70,384.89
7333,2624,23,9,570.62
7334,2625,170,1103,259.1
7335,2625,141,291,421.18
7336,2625,37,119,633.77
7337,2625,101,36,28.99
7338,2626,69,772,344.07
7339,2626,6,261,726.91
7340,2626,90,160,63.6
7341,2627,163,621,502.39
7342,2627,82,79,380.81
7343,2627,169,32,53.97
7344,2628,76,15,92.71
7345,2628,92,236,221.45
7346,2629,129,23,555.08
7347,2629,145,5,503.81
7348,2629,165,118,62.7
7349,2629,199,11,702.98
7350,2630,80,684,99.93
7351,2631,10,14,690.65
7352,2631,195,225,222.75
7353,2632,148,140,385.75
7354,2632,186,728,600.47
7355,2632,164,10,398.32
7356,2633,114,71,381.59
7357,2633,14,539,714.56
7358,2634,5,39,399.44
7359,2634,55,887,77.36
7360,2635,41,270,137.0
7361,2635,57,201,491.68
7362,2635,93,233,163.0
7363,2636,73,29,181.25
7364,2636,196,15,49.59
7365,2636,133,9,252.37
7366,2636,178,25,401.23
7367,2637,119,17,573.81
7368,2637,37,732,536.11
7369,2638,63,1454,568.85
7370,2639,122,14,214.37
7371,2639,15,1121,614.17
7372,2639,182,437,548.47
7373,2639,83,146,187.67
7374,2639,121,11,151.49
7375,2640,97,222,86.5
7376,2641,132,131,600.58
7377,2641,162,284,392.67
7378,2641,91,939,290.77
7379,2641,104,25,67.95
7380,2641,185,127,282.97
7381,2641,12,142,121.42
7382,2641,32,143,600.93
7383,2642,54,261,713.71
7384,2642,33,620,370.42
7385,2642,97,436,84.35
7386,2643,74,27,257.06
7387,2643,34,124,77.42
7388,2643,190,19,239.61
7389,2644,83,10,200.07
7390,2644,138,616,412.18
7391,2644,140,67,130.22
7392,2645,82,72,380.16
7393,2645,112,710,341.18
7394,2646,171,28,521.28
7395,2646,194,655,207.58
7396,2646,30,27,323.17
7397,2647,47,736,477.94
7398,2647,25,686,187.91
7399,2647,15,519,675.38
7400,2647,60,619,70.64
7401,2647,126,14,430.61
7402,2647,153,14,505.19
7403,2648,146,113,555.05
7404,2648,191,55,133.48
7405,2648,56,126,533.5
7406,2648,190,126,214.84
7407,2649,60,19,76.32
7408,2650,122,254,222.97
7409,2650,69,27,360.15
7410,2651,76,289,96.37
7411,2651,155,22,257.04
7412,2652,106,185,57.41
7413,2653,38,106,455.56
7414,2653,198,103,180.94
7415,2654,64,735,475.92
7416,2654,144,125,635.23
7417,2654,51,29,507.16
7418,2655,16,117,431.62
7419,2655,73,69,228.57
7420,2656,172,52,76.32
7421,2656,185,287,249.15
7422,2657,155,29,217.58
7423,2657,74,198,254.52
7424,2657,170,706,214.72
7425,2657,39,511,55.33
7426,2657,149,575,437.0
7427,2657,48,539,713.95
7428,2658,133,10,203.71
7429,2658,177,649,464.83
7430,2658,20,1173,473.17
7431,2659,190,147,205.32
7432,2659,113,278,610.44
7433,2660,131,141,557.55
7434,2661,39,20,47.53
7435,2661,87,252,462.23
7436,2662,85,125,474.43
7437,2662,141,22,394.39
7438,2662,68,345,392.72
7439,2663,113,11,564.57
7440,2664,62,189,466.66
7441,2664,190,675,278.33
7442,2665,24,17,197.2
7443,2665,8,445,441.31
7444,2665,172,126,74.29
7445,2665,192,159,592.36
7446,2665,40,194,61.24
7447,2665,78,932,709.45
7448,2666,107,143,620.75
7449,2666,23,120,633.54
7450,2666,177,63,495.95
7451,2667,197,87,390.05
7452,2667,151,294,762.88
7453,2668,80,265,94.15
7454,2668,17,17,273.26
7455,2668,13,14,232.91
7456,2669,123,106,756.26
7457,2670,31,28,377.1
7458,2670,82,105,335.77
7459,2671,107,46,502.08
7460,2671,7,543,627.35
7461,2671,94,543,522.83
7462,2672,122,71,184.91
7463,2672,192,266,534.56
7464,2672,4,941,704.83
7465,2672,67,72,171.2
7466,2672,33,511,294.03
7467,2672,13,7,256.01
7468,2672,195,53,206.53
7469,2672,73,24,174.49
7470,2673,192,5,479.6
7471,2673,123,16,599.34
7472,2674,7,19,708.32
7473,2674,112,656,414.23
7474,2675,14,1375,652.28
7475,2675,131,20,495.62
7476,2676,25,60,202.01
7477,2677,57,12,517.97
7478,2677,183,214,329.07
7479,2677,78,846,630.87
7480,2677,150,393,355.8
7481,2678,60,11,78.0
7482,2678,51,28,445.39
7483,2679,180,581,352.41
7484,2679,87,507,507.22
7485,2679,141,25,441.54
7486,2680,39,73,54.52
7487,2681,192,261,486.0
7488,2682,146,676,477.36
7489,2683,51,11,577.36
7490,2683,61,1115,494.63
7491,2684,190,128,229.6
7492,2684,91,280,249.62
7493,2684,87,10,538.92
7494,2685,140,63,157.93
7495,2685,181,588,228.21
7496,2686,153,28,518.3
7497,2687,191,24,173.86
7498,2687,72,120,320.68
7499,2687,102,334,550.36
7500,2687,84,27,333.27
7501,2687,20,286,397.05
7502,2687,140,9,135.03
7503,2688,176,461,428.13
7504,2689,144,610,652.96
7505,2689,186,742,634.17
7506,2689,188,532,205.01
7507,2689,57,9,449.04
7508,2690,158,10,41.62
7509,2690,119,1484,658.25
7510,2690,83,60,156.14
7511,2690,52,329,667.91
7512,2691,165,54,68.79
7513,2691,172,417,77.18
7514,2691,13,146,205.32
7515,2691,9,7,568.59
7516,2691,35,384,252.68
7517,2692,126,148,499.6
7518,2692,96,68,619.16
7519,2692,166,29,43.11
7520,2693,182,34,612.49
7521,2693,41,128,149.2
7522,2693,112,159,365.07
7523,2694,182,50,615.18
7524,2694,72,20,340.71
7525,2695,191,679,137.02
7526,2695,51,43,451.63
7527,2695,159,867,294.9
7528,2696,65,855,453.67
7529,2697,60,56,71.95
7530,2697,3,70,408.94
7531,2697,75,266,242.1
7532,2697,57,194,460.29
7533,2698,127,15,336.96
7534,2698,53,6,130.44
7535,2699,13,6,253.17
7536,2699,140,10,131.83
7537,2699,28,194,507.09
7538,2699,176,11,486.47
7539,2699,2,15,608.43
7540,2699,57,722,451.1
7541,2699,156,8,604.42
7542,2700,193,147,476.32
7543,2700,163,13,507.2
7544,2701,38,517,457.27
7545,2701,136,58,392.65
7546,2702,149,207,560.01
7547,2702,84,73,375.01
7548,2702,176,28,438.3
7549,2703,90,32,52.85
7550,2703,88,1020,661.52
7551,2704,162,68,365.64
7552,2704,183,667,298.51
7553,2704,199,655,533.2
7554,2704,140,8,126.78
7555,2705,36,18,278.67
7556,2705,123,56,626.68
7557,2705,178,285,420.25
7558,2705,75,613,199.59
7559,2705,8,120,482.4
7560,2706,138,13,503.65
7561,2706,187,593,509.93
7562,2707,182,20,639.01
7563,2707,46,70,128.9
7564,2707,122,152,203.44
7565,2708,137,538,280.08
7566,2708,165,12,79.52
7567,2708,199,7,577.78
7568,2708,17,69,284.68
7569,2708,185,56,288.33
7570,2708,52,41,622.02
7571,2708,37,1190,532.47
7572,2708,76,525,94.53
7573,2709,166,48,41.64
7574,2710,143,12,607.98
7575,2711,37,715,666.6
7576,2711,193,268,410.23
7577,2711,170,21,216.4
7578,2712,67,11,193.04
7579,2713,47,58,432.75
7580,2713,197,85,411.6
7581,2713,115,627,278.41
7582,2713,72,26,320.11
7583,2714,59,133,710.42
7584,2715,199,63,553.83
7585,2715,52,7,535.04
7586,2716,128,682,462.76
7587,2716,16,52,551.2
7588,2717,198,285,207.17
7589,2717,193,15,359.89
7590,2718,177,78,408.39
7591,2718,82,55,381.5
7592,2719,84,52,310.42
7593,2719,37,7,656.96
7594,2719,26,191,506.42
7595,2720,55,1339,89.82
7596,2721,157,446,603.11
7597,2721,177,1099,398.57
7598,2722,182,890,644.03
7599,2722,87,412,472.26
7600,2723,35,208,242.04
7601,2723,106,29,65.87
7602,2723,117,6,228.84
7603,2723,21,118,205.26
7604,2724,37,618,584.16
7605,2724,31,1414,394.57
7606,2725,18,98,1.65
7607,2725,77,780,116.37
7608,2725,68,29,450.95
7609,2726,151,468,656.44
7610,2726,117,26,216.75
7611,2726,154,182,71.04
7612,2726,26,901,463.41
7613,2727,151,1324,677.19
7614,2727,136,10,341.44
7615,2727,45,23,353.98
7616,2727,54,72,585.61
7617,2727,182,10,577.54
7618,2727,56,603,462.83
7619,2727,164,114,530.84
7620,2728,113,586,742.5
7621,2728,57,67,542.04
7622,2728,85,562,505.26
7623,2729,106,65,51.2
7624,2729,134,159,174.84
7625,2730,194,1371,164.08
7626,2730,171,27,570.67
7627,2731,167,10,466.84
7628,2731,26,21,552.92
7629,2731,100,73,444.47
7630,2731,106,123,60.97
7631,2731,40,928,58.3
7632,2731,188,73,217.59
7633,2731,180,74,338.34
7634,2731,157,1302,580.39
7635,2732,3,529,350.16
7636,2733,131,26,525.97
7637,2734,118,71,547.36
7638,2735,2,102,649.18
7639,2735,165,1141,70.75
7640,2735,121,245,166.69
7641,2736,133,46,191.93
7642,2736,45,76,417.31
7643,2737,1,6,344.54
7644,2737,34,24,86.05
7645,2737,144,93,661.23
7646,2738,24,664,213.61
7647,2738,122,91,196.49
7648,2739,128,70,453.51
7649,2739,14,140,699.48
7650,2740,173,511,342.18
7651,2741,31,139,293.21
7652,2741,48,127,691.03
7653,2741,199,47,701.9
7654,2742,114,815,356.24
7655,2742,54,73,691.16
7656,2743,117,1428,218.79
7657,2743,7,11,697.58
7658,2743,185,77,289.35
7659,2744,37,122,654.89
7660,2744,151,61,687.78
7661,2744,106,12,59.37
7662,2745,60,307,80.95
7663,2746,21,107,211.01
7664,2747,172,7,64.06
7665,2747,12,710,141.58
7666,2748,198,20,189.18
7667,2748,34,41,81.42
7668,2749,26,58,528.22
7669,2749,43,563,575.5
7670,2749,67,7,177.02
7671,2750,7,14,686.35
7672,2750,148,83,378.93
7673,2750,65,60,367.9
7674,2750,28,889,450.01
7675,2751,57,1102,465.54
7676,2751,108,1099,319.44
7677,2751,78,65,765.42
7678,2752,95,15,108.53
7679,2752,174,24,251.81
7680,2752,126,348,417.19
7681,2752,40,8,61.75
7682,2753,94,158,469.43
7683,2753,136,541,398.31
7684,2753,148,110,428.65
7685,2754,142,26,666.28
7686,2754,145,8,565.64
7687,2754,33,60,278.36
7688,2755,65,111,487.52
7689,2755,109,516,434.14
7690,2755,139,163,235.03
7691,2756,26,23,538.8
7692,2757,159,521,281.07
7693,2757,10,12,601.09
7694,2757,87,1124,483.21
7695,2757,49,752,408.36
7696,2758,116,249,506.95
7697,2758,165,1285,62.23
7698,2758,14,101,546.55
7699,2758,59,8,743.48
7700,2759,168,1194,581.58
7701,2760,157,31,510.09
7702,2760,80,63,100.34
7703,2760,163,641,482.1
7704,2761,179,175,236.17
7705,2761,175,345,321.19
7706,2761,142,197,577.06
7707,2761,100,16,359.94
7708,2761,94,6,513.87
7709,2762,102,1398,572.03
7710,2762,120,408,560.39
7711,2762,81,30,730.37
7712,2763,49,586,423.19
7713,2764,187,192,641.44
7714,2765,122,449,191.53
7715,2765,179,27,209.38
7716,2766,182,832,564.05
7717,2766,10,31,589.69
7718,2766,11,71,179.72
7719,2767,126,7,541.35
7720,2767,85,69,596.11
7721,2767,68,1359,524.99
7722,2768,82,1079,347.33
7723,2768,15,140,681.37
7724,2768,142,12,611.73
7725,2768,165,53,72.71
7726,2769,11,147,210.03
7727,2769,56,160,407.85
7728,2769,166,20,37.95
7729,2769,132,42,528.94
7730,2770,30,117,331.63
7731,2770,158,246,41.7
7732,2771,160,12,91.08
7733,2771,185,11,228.61
7734,2772,51,52,513.42
7735,2772,187,128,532.93
7736,2772,184,148,309.43
7737,2773,15,111,747.01
7738,2774,199,662,659.0
7739,2774,41,12,164.87
7740,2774,32,44,516.16
7741,2774,27,527,185.19
7742,2774,10,125,542.98
7743,2775,34,129,93.36
7744,2776,18,712,1.92
7745,2776,3,56,368.43
7746,2776,70,180,512.08
7747,2776,44,40,312.75
7748,2777,83,55,194.36
7749,2777,67,637,214.86
7750,2777,139,107,193.06
7751,2777,133,257,221.65
7752,2778,156,56,716.89
7753,2778,149,1390,559.06
7754,2778,148,501,338.56
7755,2779,149,433,481.68
7756,2779,194,59,162.21
7757,2779,9,205,578.96
7758,2779,147,28,73.93
7759,2780,128,291,447.43
7760,2780,50,8,29.69
7761,2780,14,144,582.97
7762,2781,120,8,535.68
7763,2781,115,127,287.04
7764,2782,181,29,216.27
7765,2782,200,226,62.05
7766,2783,57,13,471.02
7767,2784,131,1485,432.46
7768,2784,67,579,171.67
7769,2784,198,34,186.41
7770,2784,166,663,36.57
7771,2785,84,57,340.01
7772,2785,78,26,710.39
7773,2785,167,908,392.2
7774,2785,70,596,464.73
7775,2786,1,28,302.62
7776,2786,127,269,322.05
7777,2786,27,14,204.18
7778,2787,25,57,242.98
7779,2787,181,9,227.52
7780,2788,79,7,182.65
7781,2789,77,71,111.22
7782,2789,3,9,380.09
7783,2789,73,146,235.49
7784,2790,53,57,146.44
7785,2790,168,533,480.21
7786,2790,194,8,159.21
7787,2790,80,21,85.76
7788,2790,52,925,566.08
7789,2791,76,293,92.2
7790,2791,103,1170,640.69
7791,2792,39,156,58.21
7792,2792,9,101,531.0
7793,2793,150,232,305.71
7794,2794,9,44,635.62
7795,2794,18,138,1.58
7796,2794,194,603,182.95
7797,2795,160,104,73.36
7798,2795,34,73,100.8
7799,2795,69,33,365.37
7800,2795,100,262,434.86
7801,2796,199,349,589.67
7802,2796,68,186,478.67
7803,2797,184,118,285.52
7804,2797,172,15,67.64
7805,2798,152,23,607.2
7806,2798,183,16,248.13
7807,2798,184,57,277.3
7808,2798,43,229,630.06
7809,2798,155,45,279.85
7810,2799,115,71,265.74
7811,2800,180,172,405.87
7812,2800,105,58,508.86
7813,2801,150,16,332.1
7814,2801,25,1022,240.32
7815,2802,87,286,478.52
7816,2803,44,94,306.76
7817,2803,22,28,77.93
7818,2803,154,8,66.67
7819,2803,114,82,310.64
7820,2803,70,14,412.0
7821,2804,64,264,432.38
7822,2804,7,140,757.51
7823,2805,3,490,404.55
7824,2805,92,78,190.52
7825,2805,199,1222,663.47
7826,2805,184,97,284.67
7827,2805,56,685,523.89
7828,2805,19,28,451.96
7829,2805,158,162,46.88
7830,2806,138,496,452.69
7831,2807,28,19,403.04
7832,2807,35,67,224.57
7833,2807,194,1339,182.05
7834,2807,189,213,664.07
7835,2807,130,745,28.17
7836,2808,80,677,84.96
7837,2809,46,146,162.45
7838,2809,118,71,508.99
7839,2809,89,133,61.81
7840,2810,134,292,169.55
7841,2810,101,9,25.17
7842,2811,100,112,420.98
7843,2811,89,1199,75.22
7844,2812,82,38,376.2
7845,2812,18,20,1.98
7846,2812,47,184,505.49
7847,2812,7,127,563.03
7848,2813,149,28,578.83
7849,2813,97,23,77.44
7850,2814,8,87,464.14
7851,2815,54,166,628.77
7852,2815,121,29,155.41
7853,2815,139,726,216.26
7854,2816,151,8,674.89
7855,2817,107,171,614.77
7856,2817,57,32,545.32
7857,2817,182,8,497.94
7858,2818,81,647,547.54
7859,2818,23,114,674.4
7860,2819,143,109,502.97
7861,2820,67,22,221.1
7862,2821,87,149,473.26
7863,2821,135,66,103.36
7864,2821,161,6,259.09
7865,2822,171,26,611.35
7866,2822,12,341,149.86
7867,2823,158,221,50.06
7868,2824,169,105,54.92
7869,2824,151,75,703.36
7870,2824,170,240,260.89
7871,2824,25,587,242.43
7872,2824,183,37,268.98
7873,2825,100,139,399.48
7874,2825,196,36,44.24
7875,2825,164,321,543.56
7876,2825,198,105,234.14
7877,2825,79,841,197.19
7878,2825,73,734,173.87
7879,2826,90,14,64.2
7880,2826,103,296,624.24
7881,2826,144,9,574.82
7882,2826,166,928,35.73
7883,2827,20,725,411.97
7884,2827,121,14,153.07
7885,2827,140,486,115.78
7886,2827,41,71,158.23
7887,2828,154,123,66.82
7888,2829,128,112,500.89
7889,2829,52,45,550.25
7890,2829,4,1305,538.35
7891,2829,29,69,177.27
7892,2829,151,53,754.5
7893,2829,158,207,39.71
7894,2830,144,726,583.45
7895,2830,76,446,84.17
7896,2830,78,13,643.72
7897,2831,91,21,241.27
7898,2831,89,462,67.76
7899,2831,189,298,624.87
7900,2831,185,116,294.01
7901,2831,117,7,197.45
7902,2832,161,9,266.52
7903,2832,59,157,668.94
7904,2832,42,29,48.03
7905,2832,124,89,655.49
7906,2832,104,442,74.51
7907,2832,56,80,537.58
7908,2832,153,10,515.68
7909,2833,124,27,648.64
7910,2833,92,537,207.58
7911,2833,59,127,718.93
7912,2834,125,46,545.65
7913,2835,72,12,337.15
7914,2835,15,131,741.09
7915,2835,106,111,63.59
7916,2835,13,142,215.15
7917,2836,130,26,22.67
7918,2836,179,30,200.08
7919,2836,62,183,457.5
7920,2836,55,35,89.71
7921,2837,194,558,163.73
7922,2837,33,62,306.19
7923,2837,12,108,139.37
7924,2837,111,607,736.01
7925,2837,122,6,227.73
7926,2837,143,142,565.99
7927,2838,197,40,410.25
7928,2838,66,78,479.96
7929,2838,176,304,425.23
7930,2839,178,85,420.31
7931,2839,174,70,247.14
7932,2840,96,577,613.59
7933,2840,121,273,155.84
7934,2841,39,626,58.12
7935,2842,197,143,346.69
7936,2843,123,57,634.37
7937,2843,166,23,36.5
7938,2843,116,720,464.68
7939,2844,37,439,637.64
7940,2844,1,193,346.21
7941,2845,128,8,479.83
7942,2846,121,528,173.43
7943,2846,165,696,70.24
7944,2847,157,15,604.7
7945,2847,100,15,372.9
7946,2847,37,421,539.25
7947,2847,32,131,553.51
7948,2848,192,611,508.38
7949,2848,191,86,170.72
7950,2848,173,13,394.76
7951,2849,42,1460,49.98
7952,2849,43,1337,659.65
7953,2850,176,521,532.61
7954,2850,8,14,577.29
7955,2850,36,736,300.86
7956,2850,26,105,616.03
7957,2850,61,209,582.51
7958,2851,194,1059,169.9
7959,2851,173,80,470.2
7960,2852,177,16,411.42
7961,2852,78,12,664.21
7962,2853,110,13,658.78
7963,2853,99,12,198.1
7964,2854,150,1087,402.34
7965,2854,47,5,420.4
7966,2854,159,602,266.36
7967,2854,96,1002,456.7
7968,2854,3,192,384.82
7969,2854,30,118,320.13
7970,2854,173,58,435.53
7971,2855,135,281,101.88
7972,2855,138,56,403.16
7973,2855,55,697,97.04
7974,2856,22,8,96.17
7975,2856,154,6,63.97
7976,2856,63,112,537.67
7977,2857,29,1050,189.7
7978,2857,21,68,212.5
7979,2858,71,7,160.44
7980,2859,7,29,674.73
7981,2859,180,6,460.62
7982,2860,149,343,460.45
7983,2860,155,136,285.03
7984,2860,161,65,235.74
7985,2861,103,846,694.49
7986,2861,111,314,571.11
7987,2861,22,198,84.79
7988,2862,139,138,235.7
7989,2862,99,17,249.7
7990,2862,17,544,247.42
7991,2863,20,614,426.25
7992,2864,97,13,74.17
7993,2864,189,11,623.95
7994,2865,30,10,324.4
7995,2865,116,17,590.74
7996,2865,132,403,671.08
7997,2866,68,28,518.07
7998,2867,92,362,189.71
7999,2867,119,874,533.98
8000,2867,16,53,538.41
8001,2868,123,22,723.96
8002,2868,168,465,554.54
8003,2868,191,558,167.68
8004,2868,148,1407,450.52
8005,2869,18,744,1.83
8006,2869,187,24,599.14
8007,2869,113,99,626.9
8008,2869,37,488,653.9
8009,2869,22,7,94.76
8010,2870,43,66,547.54
8011,2871,141,687,427.53
8012,2871,53,117,165.29
8013,2872,148,1332,366.8
8014,2872,61,13,601.52
8015,2872,138,30,493.13
8016,2873,133,11,247.03
8017,2873,153,7,458.21
8018,2873,43,208,644.47
8019,2874,116,57,582.87
8020,2875,11,100,177.43
8021,2875,78,101,724.45
8022,2875,37,131,638.58
8023,2875,60,185,62.75
8024,2875,130,138,27.31
8025,2875,121,277,166.31
8026,2875,172,32,69.85
8027,2876,151,808,571.09
8028,2876,159,14,277.48
8029,2876,17,381,268.48
8030,2876,49,418,485.69
8031,2876,135,1082,111.15
8032,2876,83,23,157.29
8033,2877,45,528,371.1
8034,2877,96,65,619.0
8035,2878,135,130,133.42
8036,2879,1,477,307.68
8037,2879,134,12,174.02
8038,2880,192,59,506.76
8039,2880,153,11,456.08
8040,2880,111,26,633.74
8041,2881,127,29,350.48
8042,2881,128,124,439.68
8043,2881,85,104,533.8
8044,2882,121,116,183.22
8045,2883,170,13,200.51
8046,2884,134,254,151.96
8047,2884,146,106,449.71
8048,2884,123,1384,723.09
8049,2884,66,587,547.05
8050,2884,200,123,58.85
8051,2884,73,55,187.57
8052,2884,108,42,293.76
8053,2885,148,25,383.14
8054,2885,47,57,513.42
8055,2886,30,64,328.11
8056,2886,123,1499,604.8
8057,2886,168,33,604.52
8058,2887,119,9,675.48
8059,2887,31,651,376.42
8060,2887,154,141,66.56
8061,2887,56,13,477.83
8062,2888,137,532,285.67
8063,2889,54,663,623.26
8064,2889,85,7,507.86
8065,2889,171,716,637.15
8066,2889,155,70,228.62
8067,2890,71,144,158.61
8068,2890,107,112,604.76
8069,2891,169,658,40.82
8070,2891,128,28,519.73
8071,2891,122,621,220.14
8072,2891,124,386,655.82
8073,2892,97,562,80.91
8074,2893,91,359,290.38
8075,2893,93,20,135.64
8076,2894,69,144,324.72
8077,2894,125,435,555.14
8078,2895,1,218,284.22
8079,2895,107,36,597.67
8080,2895,101,108,23.74
8081,2895,133,724,189.11
8082,2896,172,1041,68.08
8083,2897,146,25,591.09
8084,2897,140,12,151.48
8085,2897,187,113,529.26
8086,2898,43,312,700.2
8087,2898,171,10,576.65
8088,2898,52,122,640.32
8089,2898,138,1268,531.19
8090,2898,110,1454,710.32
8091,2899,16,167,507.78
8092,2899,177,1465,478.04
8093,2899,106,10,57.38
8094,2900,127,17,295.17
8095,2900,125,10,606.78
8096,2901,76,14,96.77
8097,2901,17,43,296.27
8098,2901,100,26,368.26
8099,2902,170,1377,205.84
8100,2902,2,27,698.16
8101,2903,162,232,470.17
8102,2904,143,29,548.2
8103,2905,180,5,396.58
8104,2905,83,104,196.9
8105,2906,68,184,392.11
8106,2906,118,44,457.38
8107,2906,161,11,235.06
8108,2907,182,205,629.79
8109,2907,116,15,537.3
8110,2907,104,1360,67.16
8111,2908,157,134,700.74
8112,2908,83,977,159.75
8113,2908,67,5,206.63
8114,2909,26,453,613.98
8115,2909,98,16,390.06
8116,2910,191,547,135.51
8117,2910,166,23,46.52
8118,2911,152,6,583.17
8119,2911,74,32,253.15
8120,2911,4,501,625.28
8121,2911,193,578,366.53
8122,2912,107,19,593.47
8123,2912,167,380,484.27
8124,2913,122,120,189.16
8125,2913,50,17,32.22
8126,2913,196,43,44.72
8127,2914,33,400,347.26
8128,2914,40,89,47.9
8129,2914,175,81,400.21
8130,2914,138,1077,477.61
8131,2915,24,145,213.16
8132,2915,166,30,36.69
8133,2915,40,1368,58.27
8134,2915,98,28,348.55
8135,2915,28,299,508.65
8136,2916,2,44,621.89
8137,2916,142,386,751.26
8138,2917,191,43,175.66
8139,2917,180,566,369.24
8140,2917,145,5,476.01
8141,2917,120,414,469.47
8142,2917,119,14,502.54
8143,2918,7,93,691.71
8144,2919,44,305,289.25
8145,2919,6,11,625.83
8146,2919,26,34,460.88
8147,2919,38,16,589.53
8148,2920,154,231,61.96
8149,2921,122,608,252.23
8150,2921,55,14,93.6
8151,2921,74,73,253.56
8152,2921,29,356,181.86
8153,2922,120,101,584.1
8154,2922,66,35,636.0
8155,2922,148,432,454.85
8156,2923,82,818,412.47
8157,2923,64,214,425.96
8158,2924,75,143,212.14
8159,2924,64,199,548.55
8160,2925,139,53,199.7
8161,2925,132,9,553.47
8162,2926,77,62,122.11
8163,2927,177,108,406.08
8164,2927,13,83,240.74
8165,2927,146,274,490.1
8166,2927,174,73,292.58
8167,2928,110,21,642.12
8168,2929,89,410,73.5
8169,2929,2,340,737.84
8170,2930,62,13,517.64
8171,2930,124,91,663.85
8172,2931,142,72,649.55
8173,2932,81,30,654.59
8174,2932,14,40,546.47
8175,2933,93,495,137.45
8176,2933,68,34,522.61
8177,2934,62,19,417.0
8178,2934,162,145,342.66
8179,2935,32,1071,454.93
8180,2935,8,667,552.78
8181,2935,69,44,323.97
8182,2935,89,28,71.88
8183,2935,77,10,124.63
8184,2936,51,137,501.88
8185,2936,80,50,100.92
8186,2936,155,1221,215.62
8187,2936,32,42,499.54
8188,2936,107,150,654.17
8189,2937,154,744,56.79
8190,2938,176,11,437.56
8191,2938,20,7,427.15
8192,2938,184,29,330.16
8193,2939,7,1457,693.42
8194,2939,9,1017,623.0
8195,2939,115,451,342.7
8196,2939,190,142,257.55
8197,2939,128,136,511.58
8198,2940,130,696,21.93
8199,2940,77,27,129.64
8200,2940,52,28,492.58
8201,2941,36,793,317.45
8202,2942,69,9,302.51
8203,2943,72,220,302.5
8204,2943,97,373,96.67
8205,2943,160,22,88.75
8206,2944,46,6,171.89
8207,2944,95,732,117.72
8208,2944,185,156,250.44
8209,2944,133,518,201.86
8210,2945,10,554,576.08
8211,2945,42,292,48.6
8212,2945,3,13,399.6
8213,2945,29,171,179.33
8214,2946,13,11,209.57
8215,2946,89,716,68.09
8216,2947,97,18,83.82
8217,2947,24,40,203.36
8218,2947,78,126,562.25
8219,2948,197,6,365.19
8220,2948,179,11,198.57
8221,2949,71,545,153.31
8222,2949,159,219,321.95
8223,2949,27,32,173.19
8224,2949,52,62,497.12
8225,2949,83,125,198.87
8226,2950,199,19,705.07
8227,2951,99,20,255.15
8228,2951,58,27,404.21
8229,2952,159,1331,304.37
8230,2952,16,7,448.09
8231,2952,7,572,590.44
8232,2953,8,149,445.7
8233,2953,100,541,466.92
8234,2954,121,31,144.72
8235,2954,76,162,77.73
8236,2955,189,30,594.23
8237,2956,162,151,425.16
8238,2956,39,74,53.42
8239,2956,20,532,492.62
8240,2956,182,7,582.53
8241,2957,162,295,438.4
8242,2957,107,675,619.73
8243,2958,154,137,66.61
8244,2958,165,656,67.83
8245,2958,20,162,401.53
8246,2958,163,708,544.04
8247,2958,40,193,62.88
8248,2959,12,195,121.19
8249,2959,155,132,235.06
8250,2960,152,172,587.46
8251,2961,158,113,40.23
8252,2962,79,26,190.43
8253,2962,100,49,413.09
8254,2963,146,5,595.98
8255,2963,32,31,476.7
8256,2963,64,15,506.38
8257,2963,26,9,591.48
8258,2964,139,7,201.14
8259,2964,137,530,307.2
8260,2965,169,296,43.62
8261,2966,96,7,560.36
8262,2966,26,333,514.16
8263,2967,175,47,319.55
8264,2967,74,90,267.37
8265,2968,23,1154,687.91
8266,2969,14,11,561.0
8267,2969,124,8,760.74
8268,2970,113,422,602.96
8269,2970,71,1259,186.25
8270,2971,114,1447,379.72
8271,2972,18,84,2.13
8272,2973,117,118,259.74
8273,2973,101,532,27.59
8274,2973,95,853,107.6
8275,2973,115,13,277.88
8276,2974,65,717,361.72
8277,2974,40,10,48.57
8278,2974,20,141,381.0
8279,2975,173,29,413.63
8280,2975,33,653,275.93
8281,2975,156,65,726.64
8282,2975,177,10,372.39
8283,2975,73,38,170.29
8284,2975,85,165,507.55
8285,2976,4,63,520.82
8286,2976,171,126,570.52
8287,2976,170,12,233.11
8288,2976,155,1129,250.77
8289,2977,152,538,570.97
8290,2977,110,6,718.09
8291,2977,85,15,587.65
8292,2978,133,47,205.99
8293,2978,190,286,212.12
8294,2978,20,986,417.97
8295,2979,121,538,186.22
8296,2979,13,99,268.0
8297,2980,31,136,306.97
8298,2980,188,299,251.58
8299,2980,109,23,411.34
8300,2981,16,72,432.75
8301,2981,17,72,256.48
8302,2981,87,1085,505.5
8303,2982,142,296,646.06
8304,2983,126,298,506.54
8305,2983,137,31,290.7
8306,2983,52,136,565.25
8307,2983,70,116,513.18
8308,2984,82,6,342.47
8309,2984,75,1474,247.33
8310,2985,48,106,699.2
8311,2985,176,1171,514.54
8312,2986,25,1397,231.76
8313,2986,57,853,416.76
8314,2987,141,42,409.68
8315,2988,70,721,430.84
8316,2989,114,728,297.95
8317,2989,138,123,434.89
8318,2989,158,89,48.79
8319,2990,147,1199,60.44
8320,2990,102,64,642.9
8321,2991,90,1449,61.69
8322,2992,52,12,481.21
8323,2992,114,210,334.1
8324,2992,110,24,560.46
8325,2993,11,74,236.48
8326,2993,111,257,764.99
8327,2993,102,71,530.2
8328,2993,119,82,544.68
8329,2994,96,1203,492.23
8330,2994,177,450,488.96
8331,2994,16,152,439.24
8332,2994,130,142,21.62
8333,2995,177,19,459.94
8334,2995,108,14,325.2
8335,2995,125,141,674.05
8336,2995,39,19,55.94
8337,2995,150,1439,309.78
8338,2995,77,1410,113.04
8339,2996,187,287,568.58
8340,2997,55,189,99.36
8341,2998,1,54,261.26
8342,2998,197,334,394.21
8343,2998,144,336,529.11
8344,2998,113,12,741.39
8345,2999,147,26,58.47
8346,3000,104,11,84.38
8347,3000,121,66,173.67
8348,3000,168,32,456.77
8349,3000,68,203,400.62
8350,3000,10,1014,525.51
8351,3001,61,11,539.83
8352,3001,199,66,663.52
8353,3001,72,359,278.55
8354,3002,79,13,223.58
8355,3002,89,28,71.93
8356,3003,154,102,72.96
8357,3003,140,11,137.21
8358,3003,182,210,625.01
8359,3004,168,52,480.19
8360,3004,113,13,659.08
8361,3005,66,59,604.33
8362,3005,43,1238,710.46
8363,3005,86,32,366.62
8364,3005,3,1044,452.94
8365,3005,78,71,774.21
8366,3005,105,94,393.84
8367,3005,72,15,276.79
8368,3006,172,13,67.64
8369,3007,181,6,197.2
8370,3007,30,90,307.75
8371,3007,142,11,741.83
8372,3008,185,341,247.35
8373,3008,42,48,46.74
8374,3008,105,11,410.25
8375,3009,18,38,1.65
8376,3009,9,62,647.51
8377,3009,152,12,726.45
8378,3009,34,1031,88.96
8379,3010,147,894,59.11
8380,3011,45,638,369.38
8381,3011,197,11,408.22
8382,3011,71,198,162.87
8383,3011,195,8,233.02
8384,3011,118,7,463.66
8385,3012,91,11,242.24
8386,3012,122,118,197.69
8387,3013,161,29,221.99
8388,3013,19,10,516.57
8389,3013,66,14,654.33
8390,3014,80,1093,87.47
8391,3014,153,20,421.63
8392,3014,34,158,91.12
8393,3015,57,49,480.5
8394,3015,187,58,570.81
8395,3015,68,27,431.71
8396,3015,37,130,642.74
8397,3016,75,528,254.0
8398,3016,13,536,267.38
8399,3017,69,390,372.05
8400,3017,57,607,472.03
8401,3018,102,196,694.55
8402,3018,56,13,424.32
8403,3019,99,57,230.23
8404,3019,54,112,673.75
8405,3019,62,70,449.16
8406,3019,91,78,295.98
8407,3019,127,88,369.2
8408,3020,148,60,346.97
8409,3020,183,253,323.64
8410,3020,24,70,189.7
8411,3020,57,64,439.32
8412,3021,180,427,429.31
8413,3021,66,1180,608.96
8414,3022,163,8,497.31
8415,3022,35,8,219.59
8416,3023,159,553,312.64
8417,3023,11,13,241.72
8418,3024,94,13,534.78
8419,3025,153,293,525.62
8420,3026,91,108,238.29
8421,3026,53,48,156.66
8422,3026,159,756,236.67
8423,3027,92,15,204.44
8424,3028,55,39,100.6
8425,3029,111,27,718.39
8426,3030,77,24,108.75
8427,3030,45,530,380.73
8428,3030,187,14,647.84
8429,3031,194,668,175.92
8430,3032,92,255,225.4
8431,3032,148,11,390.84
8432,3032,158,89,41.55
8433,3032,190,717,266.79
8434,3032,95,10,89.84
8435,3033,1,21,321.13
8436,3033,53,24,139.56
8437,3034,19,38,561.06
8438,3035,32,26,562.35
8439,3035,121,29,182.72
8440,3035,149,124,440.58
8441,3036,76,62,83.38
8442,3036,105,51,399.39
8443,3036,142,21,730.44
8444,3036,128,43,500.37
8445,3036,46,41,155.55
8446,3037,119,7,518.49
8447,3037,58,7,445.28
8448,3038,185,60,247.73
8449,3038,48,444,746.67
8450,3038,80,15,99.73
8451,3038,51,877,468.39
8452,3039,152,758,719.02
8453,3039,71,6,190.81
8454,3040,29,10,180.93
8455,3040,179,155,226.12
8456,3041,116,22,500.76
8457,3041,96,5,508.73
8458,3042,52,1185,549.59
8459,3043,178,141,437.21
8460,3043,63,943,493.49
8461,3044,1,116,292.85
8462,3045,87,248,534.54
8463,3045,84,249,383.71
8464,3045,67,1309,166.34
8465,3046,175,63,351.62
8466,3047,87,10,482.07
8467,3048,153,627,425.95
8468,3048,16,586,470.52
8469,3048,124,748,647.29
8470,3049,26,1102,528.76
8471,3049,55,24,84.42
8472,3050,148,40,336.52
8473,3050,118,290,431.28
8474,3051,182,55,643.69
8475,3052,159,21,249.93
8476,3053,44,1245,290.58
8477,3053,132,1033,602.19
8478,3054,107,1308,500.07
8479,3054,95,7,108.33
8480,3054,191,40,152.92
8481,3054,160,9,81.57
8482,3055,87,295,473.82
8483,3055,128,1089,396.57
8484,3056,73,9,203.9
8485,3056,34,25,84.65
8486,3056,60,723,78.28
8487,3056,84,1122,285.99
8488,3056,199,322,591.93
8489,3057,38,11,541.35
8490,3057,59,142,699.2
8491,3057,159,579,260.74
8492,3058,93,653,179.98
8493,3058,108,311,297.15
8494,3058,184,182,323.58
8495,3058,175,86,316.54
8496,3059,153,13,414.78
8497,3059,80,456,82.53
8498,3059,133,51,259.18
8499,3060,127,11,347.14
8500,3061,163,544,500.23
8501,3061,32,364,499.84
8502,3061,160,473,71.51
8503,3062,139,299,230.63
8504,3063,198,13,211.01
8505,3064,143,12,585.32
8506,3064,46,10,133.71
8507,3064,51,271,460.72
8508,3065,67,335,188.61
8509,3065,177,11,443.56
8510,3065,68,8,433.43
8511,3066,45,7,386.83
8512,3066,139,746,233.32
8513,3066,156,1413,733.6
8514,3066,145,944,528.77
8515,3066,96,125,588.55
8516,3067,32,26,529.94
8517,3067,129,48,700.9
8518,3068,117,623,248.53
8519,3069,97,12,98.95
8520,3069,131,14,466.35
8521,3070,95,29,117.42
8522,3070,132,579,695.51
8523,3070,31,232,293.79
8524,3070,200,1357,64.15
8525,3071,163,27,547.42
8526,3071,47,193,426.3
8527,3071,180,863,345.18
8528,3071,68,298,478.34
8529,3071,96,1017,511.96
8530,3071,39,33,48.07
8531,3072,113,129,583.39
8532,3073,142,262,763.28
8533,3073,73,785,180.06
8534,3073,91,8,302.31
8535,3074,116,7,513.91
8536,3074,46,690,154.52
8537,3074,148,74,418.58
8538,3075,176,13,488.46
8539,3075,61,13,467.12
8540,3075,117,287,202.36
8541,3076,189,277,626.03
8542,3076,91,9,273.34
8543,3076,92,14,210.96
8544,3076,123,674,673.48
8545,3076,111,1058,642.01
8546,3076,49,78,454.76
8547,3076,34,23,83.58
8548,3077,133,603,196.23
8549,3077,110,506,706.25
8550,3078,86,8,442.7
8551,3078,129,10,667.09
8552,3078,67,52,172.28
8553,3079,164,312,421.47
8554,3079,121,69,140.87
8555,3079,100,28,349.72
8556,3080,144,53,523.13
8557,3080,143,10,550.81
8558,3080,45,59,393.68
8559,3080,136,76,288.13
8560,3081,6,748,571.0
8561,3081,155,486,294.92
8562,3081,123,337,639.59
8563,3081,13,788,235.37
8564,3081,110,8,710.13
8565,3081,69,417,372.27
8566,3082,8,106,536.33
8567,3082,36,11,280.51
8568,3083,59,14,747.79
8569,3084,153,934,482.18
8570,3084,90,594,62.16
8571,3084,49,65,403.34
8572,3084,29,1480,152.55
8573,3084,20,65,366.22
8574,3085,145,1433,602.86
8575,3085,109,680,428.57
8576,3085,8,883,557.59
8577,3085,176,12,510.1
8578,3086,196,9,55.3
8579,3087,16,26,434.73
8580,3087,183,146,301.07
8581,3087,108,26,302.93
8582,3088,76,390,82.31
8583,3089,52,299,647.02
8584,3090,83,25,194.84
8585,3090,58,61,450.54
8586,3090,26,33,508.37
8587,3090,117,290,214.82
8588,3091,76,1434,73.67
8589,3091,142,525,591.65
8590,3092,95,72,92.04
8591,3092,139,21,229.74
8592,3092,179,575,230.36
8593,3092,57,1001,465.58
8594,3093,105,154,493.85
8595,3094,71,270,187.06
8596,3094,113,175,665.55
8597,3094,14,186,659.55
8598,3095,162,22,371.41
8599,3096,166,151,38.36
8600,3096,199,115,617.91
8601,3097,129,55,703.12
8602,3097,68,653,506.1
8603,3098,123,14,742.77
8604,3098,122,443,207.01
8605,3099,168,184,601.19
8606,3099,173,10,397.77
8607,3099,39,1116,46.27
8608,3100,140,119,144.17
8609,3100,183,19,252.95
8610,3100,154,5,61.87
8611,3101,165,644,63.41
8612,3101,69,1377,365.7
8613,3101,71,1174,158.24
8614,3102,23,11,678.75
8615,3102,178,15,408.05
8616,3103,93,643,155.85
8617,3103,186,1025,653.55
8618,3103,176,9,476.71
8619,3104,112,689,318.34
8620,3104,45,5,430.92
8621,3105,134,461,181.9
8622,3105,168,8,533.6
8623,3105,121,67,147.38
8624,3106,110,592,549.77
8625,3106,149,779,468.92
8626,3107,143,272,610.8
8627,3107,19,13,492.99
8628,3108,183,270,290.98
8629,3108,19,95,438.61
8630,3108,152,13,730.94
8631,3108,173,60,364.44
8632,3108,156,148,608.08
8633,3109,57,12,469.32
8634,3109,54,11,668.83
8635,3109,85,12,556.86
8636,3109,140,932,153.29
8637,3109,81,15,640.2
8638,3110,134,10,168.68
8639,3110,138,13,503.98
8640,3110,21,9,237.89
8641,3111,9,284,629.05
8642,3111,83,232,184.74
8643,3111,171,149,502.37
8644,3111,197,17,388.01
8645,3112,105,27,513.65
8646,3112,152,178,560.21
8647,3112,184,1425,313.09
8648,3112,123,21,672.77
8649,3112,64,1296,540.47
8650,3113,8,62,449.51
8651,3113,93,135,173.67
8652,3114,112,698,381.79
8653,3114,47,1188,463.7
8654,3114,155,33,259.14
8655,3114,99,12,205.02
8656,3115,84,396,326.7
8657,3115,190,11,252.51
8658,3116,104,257,66.34
8659,3116,130,11,21.83
8660,3116,135,1313,110.22
8661,3116,148,266,369.77
8662,3116,85,12,576.96
8663,3116,155,16,269.72
8664,3117,107,8,578.11
8665,3117,65,26,461.9
8666,3117,90,633,64.64
8667,3117,192,75,455.2
8668,3118,24,626,227.76
8669,3118,109,67,428.38
8670,3118,186,6,519.35
8671,3118,169,103,55.26
8672,3118,184,77,251.25
8673,3119,11,130,222.2
8674,3120,173,1001,430.8
8675,3121,84,13,363.28
8676,3121,108,541,296.37
8677,3121,152,10,663.52
8678,3122,37,33,507.47
8679,3123,5,288,460.64
8680,3123,194,65,177.09
8681,3124,199,16,570.63
8682,3124,101,1022,32.59
8683,3124,114,147,303.12
8684,3125,10,174,610.59
8685,3125,12,771,114.46
8686,3126,100,9,403.45
8687,3126,90,1085,64.93
8688,3127,17,551,295.84
8689,3128,24,62,203.84
8690,3129,150,101,408.09
8691,3130,122,13,201.66
8692,3130,36,688,336.17
8693,3130,7,58,609.38
8694,3131,142,241,608.27
8695,3131,24,276,190.77
8696,3131,180,536,426.48
8697,3132,99,12,203.58
8698,3132,37,572,612.23
8699,3132,96,370,517.18
8700,3132,165,1453,78.76
8701,3132,101,119,25.22
8702,3132,146,25,591.48
8703,3133,8,9,537.47
8704,3133,17,283,252.02
8705,3134,18,222,1.97
8706,3134,97,239,84.14
8707,3134,24,30,243.04
8708,3135,77,11,130.42
8709,3135,92,173,169.77
8710,3135,5,26,438.55
8711,3135,172,351,79.83
8712,3136,17,33,279.2
8713,3137,100,290,379.02
8714,3137,25,66,197.3
8715,3137,135,12,126.97
8716,3137,155,562,277.96
8717,3138,117,5,225.41
8718,3138,53,735,137.46
8719,3139,130,72,23.08
8720,3139,151,735,636.26
8721,3139,114,622,399.7
8722,3139,155,57,214.1
8723,3139,178,271,451.83
8724,3140,33,838,371.06
8725,3141,50,160,30.38
8726,3141,127,29,369.1
8727,3141,99,273,256.57
8728,3141,68,410,407.83
8729,3142,96,65,486.04
8730,3142,83,75,198.13
8731,3142,75,30,208.12
8732,3142,160,124,71.17
8733,3142,181,51,198.65
8734,3143,55,345,91.74
8735,3144,110,13,664.67
8736,3145,20,578,392.79
8737,3145,32,29,569.74
8738,3146,108,10,307.09
8739,3146,121,14,177.7
8740,3146,184,61,256.02
8741,3146,177,12,387.1
8742,3146,159,10,237.86
8743,3147,56,10,494.43
8744,3147,170,28,204.62
8745,3147,188,231,194.63
8746,3148,167,572,465.17
8747,3148,155,923,289.45
8748,3148,22,10,95.55
8749,3149,40,616,58.52
8750,3149,144,124,523.25
8751,3149,145,818,641.16
8752,3149,105,1495,458.64
8753,3149,169,30,43.87
8754,3150,130,298,24.94
8755,3150,184,726,295.11
8756,3150,144,107,555.42
8757,3150,3,107,358.58
8758,3150,93,46,149.07
8759,3150,139,23,235.5
8760,3151,163,51,484.77
8761,3151,185,723,264.82
8762,3151,98,636,314.31
8763,3152,11,985,201.53
8764,3153,40,48,56.78
8765,3153,164,255,523.72
8766,3153,68,902,481.79
8767,3153,142,251,636.23
8768,3153,150,178,396.92
8769,3153,10,92,604.58
8770,3153,24,8,228.6
8771,3154,138,37,459.17
8772,3154,65,1384,380.48
8773,3154,88,672,662.07
8774,3154,71,15,176.39
8775,3155,172,6,75.54
8776,3156,152,462,634.54
8777,3156,97,384,88.49
8778,3156,105,239,500.63
8779,3156,23,425,544.13
8780,3156,181,54,177.71
8781,3156,75,68,260.61
8782,3156,79,23,225.96
8783,3157,151,9,632.62
8784,3157,107,68,531.19
8785,3158,151,39,650.93
8786,3158,93,1235,162.81
8787,3158,6,1484,676.94
8788,3158,153,607,447.93
8789,3158,172,566,66.45
8790,3159,113,47,656.1
8791,3159,192,19,475.3
8792,3160,179,11,251.78
8793,3160,174,232,331.83
8794,3161,166,680,35.84
8795,3161,13,77,236.92
8796,3161,57,36,461.31
8797,3161,109,11,455.86
8798,3161,91,8,266.27
8799,3161,158,6,50.96
8800,3162,53,1388,140.88
8801,3162,50,15,34.88
8802,3162,199,30,604.76
8803,3162,75,56,222.09
8804,3163,129,37,603.9
8805,3163,130,645,28.61
8806,3164,13,269,278.84
8807,3164,32,18,605.89
8808,3164,85,28,474.92
8809,3164,191,728,155.72
8810,3165,87,238,495.27
8811,3165,121,29,157.79
8812,3165,122,32,237.13
8813,3166,133,89,224.26
8814,3167,103,402,574.57
8815,3167,59,209,601.28
8816,3168,184,378,291.06
8817,3168,113,13,691.35
8818,3169,21,428,241.12
8819,3170,27,11,197.24
8820,3170,199,519,659.9
8821,3170,50,91,31.99
8822,3170,193,26,389.38
8823,3171,115,10,334.21
8824,3171,188,180,229.87
8825,3172,72,147,363.9
8826,3173,118,67,577.6
8827,3173,29,69,155.82
8828,3174,117,14,245.66
8829,3174,153,208,455.11
8830,3174,52,15,559.83
8831,3175,176,8,462.58
8832,3175,38,1263,583.66
8833,3175,186,75,606.29
8834,3176,170,8,196.94
8835,3176,180,1201,457.73
8836,3177,106,77,54.18
8837,3177,22,53,99.12
8838,3177,56,9,422.45
8839,3178,116,72,550.15
8840,3178,83,157,193.62
8841,3178,194,32,202.8
8842,3179,176,167,485.01
8843,3179,153,6,474.71
8844,3179,148,459,419.57
8845,3179,125,119,615.32
8846,3179,152,1081,714.17
8847,3179,179,142,234.49
8848,3179,134,18,180.24
8849,3180,181,12,207.68
8850,3180,127,590,326.69
8851,3180,149,226,566.76
8852,3180,133,116,240.22
8853,3180,153,298,531.68
8854,3181,134,14,151.28
8855,3181,19,16,508.07
8856,3181,4,12,584.6
8857,3182,184,64,284.69
8858,3182,181,752,191.35
8859,3182,97,693,92.49
8860,3183,38,9,552.28
8861,3183,165,124,77.15
8862,3183,189,1161,597.07
8863,3183,85,268,617.03
8864,3184,96,79,457.2
8865,3184,148,21,407.92
8866,3184,85,14,612.2
8867,3184,68,23,514.6
8868,3185,76,676,89.24
8869,3186,129,507,718.03
8870,3187,185,1419,271.25
8871,3187,119,131,605.12
8872,3188,9,1072,577.03
8873,3188,189,82,542.77
8874,3189,87,81,610.21
8875,3189,60,29,59.39
8876,3189,161,12,285.2
8877,3190,174,44,259.2
8878,3190,140,13,137.33
8879,3190,163,7,599.71
8880,3190,13,292,264.16
8881,3191,49,9,427.51
8882,3191,119,237,551.69
8883,3191,137,21,288.46
8884,3191,5,862,448.6
8885,3192,151,26,744.83
8886,3192,49,5,487.03
8887,3193,169,59,51.23
8888,3193,33,7,333.14
8889,3193,77,601,128.34
8890,3194,125,31,539.8
8891,3194,15,25,716.61
8892,3195,26,609,615.28
8893,3195,96,127,486.24
8894,3196,172,684,82.3
8895,3197,16,15,451.0
8896,3197,20,329,494.85
8897,3197,7,621,686.33
8898,3198,35,71,242.75
8899,3198,184,8,257.03
8900,3198,139,16,184.03
8901,3199,69,1437,348.46
8902,3200,24,630,216.23
8903,3200,14,1081,587.37
8904,3201,24,8,207.99
8905,3202,170,13,258.37
8906,3202,46,747,142.65
8907,3202,139,12,214.18
8908,3203,181,272,201.12
8909,3203,32,258,599.93
8910,3204,62,11,478.18
8911,3204,6,1338,582.44
8912,3204,171,39,671.67
8913,3205,112,12,330.59
8914,3205,177,14,509.46
8915,3205,115,739,346.68
8916,3205,14,127,545.88
8917,3206,90,23,47.76
8918,3206,98,11,333.66
8919,3207,127,19,309.19
8920,3208,172,191,73.03
8921,3208,145,615,484.02
8922,3208,53,749,145.34
8923,3209,177,112,383.83
8924,3209,188,926,260.25
8925,3210,37,132,680.29
8926,3211,70,7,458.3
8927,3211,181,190,191.33
8928,3211,5,15,507.09
8929,3212,162,131,398.55
8930,3212,150,10,371.99
8931,3213,131,137,586.1
8932,3213,121,12,189.12
8933,3213,142,26,593.35
8934,3213,112,422,322.58
8935,3213,30,6,308.7
8936,3214,100,378,428.52
8937,3214,134,8,164.65
8938,3215,43,51,676.62
8939,3215,88,9,633.97
8940,3215,139,1145,213.56
8941,3216,113,113,736.45
8942,3217,88,118,757.15
8943,3217,170,22,201.93
8944,3217,191,203,145.26
8945,3217,112,14,435.38
8946,3217,78,36,681.2
8947,3217,157,708,630.18
8948,3217,199,18,598.18
8949,3218,51,15,468.04
8950,3218,54,1443,653.61
8951,3218,31,326,356.12
8952,3219,87,102,479.17
8953,3219,158,28,44.65
8954,3220,92,263,171.2
8955,3220,188,971,209.04
8956,3221,156,72,593.83
8957,3221,198,63,249.62
8958,3222,78,246,736.16
8959,3222,181,1186,209.41
8960,3222,180,41,372.46
8961,3223,47,11,405.66
8962,3223,194,139,188.62
8963,3223,135,71,124.24
8964,3224,34,227,87.28
8965,3224,48,278,782.34
8966,3224,132,33,688.4
8967,3224,61,265,531.48
8968,3224,37,10,549.39
8969,3225,166,1370,48.8
8970,3225,88,230,653.89
8971,3225,6,28,655.13
8972,3225,146,211,463.25
8973,3226,17,61,270.78
8974,3226,4,17,550.18
8975,3226,185,14,258.09
8976,3227,73,15,198.4
8977,3227,98,87,419.94
8978,3227,41,45,166.52
8979,3227,63,137,473.02
8980,3228,76,271,70.99
8981,3228,174,45,270.4
8982,3228,50,117,36.72
8983,3228,52,1483,542.08
8984,3228,82,107,440.12
8985,3229,100,150,382.81
8986,3229,187,24,502.53
8987,3230,158,63,49.45
8988,3230,99,60,233.45
8989,3230,39,13,60.73
8990,3231,94,70,535.09
8991,3231,107,9,544.81
8992,3231,176,42,482.5
8993,3231,101,62,24.21
8994,3231,193,265,416.51
8995,3232,58,16,409.16
8996,3232,158,143,40.16
8997,3233,109,20,404.25
8998,3233,154,46,67.09
8999,3234,128,784,439.29
9000,3234,154,28,67.58
9001,3235,64,720,425.3
9002,3235,107,145,680.96
9003,3236,198,9,199.45
9004,3236,175,27,333.33
9005,3237,177,117,487.06
9006,3237,200,431,53.18
9007,3237,26,693,568.64
9008,3238,161,10,239.76
9009,3238,174,53,323.3
9010,3238,101,51,28.54
9011,3239,116,876,576.92
9012,3239,101,334,26.31
9013,3239,79,256,197.8
9014,3239,110,20,724.58
9015,3239,7,321,661.66
9016,3239,53,89,177.36
9017,3240,108,1341,324.69
9018,3240,118,20,498.5
9019,3240,60,29,74.52
9020,3240,156,87,635.13
9021,3240,15,14,653.01
9022,3240,97,91,91.52
9023,3240,175,745,349.67
9024,3241,66,14,504.22
9025,3242,183,621,259.94
9026,3243,150,378,416.37
9027,3244,45,297,364.94
9028,3244,69,52,380.39
9029,3244,177,60,485.98
9030,3244,68,287,471.38
9031,3245,88,149,684.97
9032,3245,166,517,49.11
9033,3245,123,23,734.85
9034,3245,132,45,583.83
9035,3245,19,51,456.01
9036,3246,172,256,65.88
9037,3246,11,140,222.46
9038,3247,146,119,486.9
9039,3248,155,536,217.58
9040,3248,94,694,633.11
9041,3248,107,1410,583.21
9042,3249,99,239,241.25
9043,3249,55,28,81.56
9044,3250,100,91,422.75
9045,3250,20,299,470.72
9046,3251,84,170,346.56
9047,3251,73,59,223.27
9048,3252,4,212,518.2
9049,3252,75,1152,257.32
9050,3252,132,1180,604.45
9051,3252,6,492,676.09
9052,3253,185,57,233.76
9053,3253,14,220,570.17
9054,3253,44,238,310.91
9055,3253,77,63,141.6
9056,3253,196,384,53.04
9057,3253,152,281,744.1
9058,3253,63,105,632.01
9059,3253,129,141,592.07
9060,3254,32,249,504.2
9061,3255,197,426,386.49
9062,3255,71,509,184.43
9063,3256,164,73,430.39
9064,3256,103,31,669.92
9065,3257,51,938,538.13
9066,3258,23,14,707.28
9067,3258,118,1060,475.17
9068,3259,64,1134,478.1
9069,3259,101,614,32.03
9070,3259,147,614,71.31
9071,3260,63,928,585.72
9072,3260,70,25,467.29
9073,3260,53,14,142.63
9074,3260,31,15,391.3
9075,3261,45,14,348.85
9076,3262,33,23,311.87
9077,3262,18,100,1.86
9078,3263,35,506,185.22
9079,3263,171,44,553.48
9080,3264,196,671,48.01
9081,3264,60,542,60.4
9082,3264,31,5,391.47
9083,3265,11,96,194.04
9084,3265,141,705,455.82
9085,3265,147,254,62.51
9086,3266,127,863,339.03
9087,3266,19,926,464.74
9088,3266,105,9,524.05
9089,3266,180,13,425.47
9090,3266,173,743,360.52
9091,3266,29,7,142.41
9092,3267,128,73,518.0
9093,3267,41,117,152.21
9094,3267,110,7,539.43
9095,3267,129,623,756.82
9096,3267,73,9,203.28
9097,3268,187,8,520.2
9098,3268,135,166,139.64
9099,3268,191,11,162.76
9100,3269,143,132,590.13
9101,3269,189,64,622.91
9102,3269,58,105,401.79
9103,3270,191,44,176.81
9104,3270,175,93,380.42
9105,3271,158,12,39.91
9106,3271,54,7,653.97
9107,3271,14,130,601.52
9108,3272,69,233,282.49
9109,3272,60,270,67.71
9110,3273,73,628,221.4
9111,3273,69,33,307.62
9112,3274,139,34,175.59
9113,3274,123,37,689.31
9114,3274,161,64,271.06
9115,3275,152,382,664.38
9116,3275,167,146,512.15
9117,3276,109,13,425.82
9118,3276,13,1215,219.71
9119,3276,138,146,497.07
9120,3277,93,126,184.99
9121,3277,197,509,308.75
9122,3277,97,1204,77.11
9123,3278,132,22,582.54
9124,3279,75,24,206.71
9125,3279,189,1014,692.85
9126,3279,135,434,137.94
9127,3279,161,73,250.8
9128,3279,150,290,424.85
9129,3279,77,100,108.63
9130,3279,162,1315,461.42
9131,3280,171,8,626.02
9132,3280,142,405,638.91
9133,3281,44,51,376.02
9134,3282,74,190,239.7
9135,3282,140,12,137.82
9136,3282,2,12,694.88
9137,3283,124,1021,730.11
9138,3283,100,378,388.06
9139,3284,72,62,280.76
9140,3284,22,12,99.65
9141,3284,99,476,208.41
9142,3285,172,69,66.96
9143,3285,184,27,279.17
9144,3285,31,7,370.06
9145,3285,8,1234,529.46
9146,3285,84,104,328.96
9147,3285,103,733,662.0
9148,3286,101,19,30.91
9149,3286,118,28,559.06
9150,3287,174,333,272.88
9151,3288,92,111,228.24
9152,3288,71,1387,188.19
9153,3289,26,28,562.69
9154,3289,140,141,122.15
9155,3289,174,459,255.77
9156,3290,137,129,287.29
9157,3290,151,5,685.17
9158,3290,162,15,364.06
9159,3290,15,554,557.88
9160,3291,63,129,506.89
9161,3291,39,35,61.13
9162,3292,81,609,564.68
9163,3292,139,17,198.77
9164,3292,191,557,167.09
9165,3293,17,94,294.28
9166,3293,129,70,696.34
9167,3293,95,294,103.81
9168,3293,19,259,447.56
9169,3293,31,701,341.5
9170,3293,69,138,292.86
9171,3293,172,249,65.35
9172,3294,60,607,76.99
9173,3295,176,661,527.69
9174,3295,69,17,341.61
9175,3295,10,521,612.77
9176,3295,34,57,83.58
9177,3295,112,403,422.57
9178,3295,165,1009,64.76
9179,3296,75,862,209.31
9180,3296,41,136,147.41
9181,3296,1,117,297.53
9182,3296,77,36,128.71
9183,3296,157,106,523.67
9184,3297,166,66,48.98
9185,3297,55,700,98.47
9186,3297,194,70,202.66
9187,3297,152,116,735.56
9188,3297,34,119,96.36
9189,3297,173,39,414.47
9190,3298,38,10,464.68
9191,3299,92,122,228.1
9192,3299,157,8,705.37
9193,3300,66,515,614.53
9194,3300,181,289,175.24
9195,3300,71,10,191.61
9196,3301,131,53,449.74
9197,3302,41,46,159.85
9198,3303,17,582,232.79
9199,3304,104,15,65.86
9200,3305,40,24,63.69
9201,3305,157,92,578.22
9202,3306,107,460,593.82
9203,3306,165,19,58.73
9204,3307,14,281,746.21
9205,3308,184,28,322.05
9206,3308,94,315,524.35
9207,3308,124,477,610.13
9208,3308,199,19,701.87
9209,3308,91,115,241.84
9210,3309,143,452,466.39
9211,3309,90,12,55.93
9212,3309,179,1046,222.0
9213,3310,85,9,574.15
9214,3310,130,10,28.68
9215,3310,195,15,218.47
9216,3311,15,57,632.33
9217,3311,129,8,635.02
9218,3311,166,1378,45.89
9219,3312,13,519,273.82
9220,3313,18,27,1.94
9221,3313,147,102,74.11
9222,3313,194,13,165.89
9223,3314,2,149,729.69
9224,3314,139,46,186.27
9225,3315,37,1361,618.24
9226,3316,121,1465,148.21
9227,3317,109,15,496.62
9228,3317,36,119,317.59
9229,3317,61,140,583.69
9230,3317,29,30,148.34
9231,3317,186,109,645.84
9232,3317,71,63,192.9
9233,3317,121,16,184.57
9234,3318,131,73,454.28
9235,3318,128,200,520.09
9236,3319,29,510,159.44
9237,3319,21,54,191.62
9238,3319,142,71,603.41
9239,3319,5,75,531.85
9240,3319,52,391,578.81
9241,3319,31,272,343.51
9242,3319,151,16,705.49
9243,3319,101,11,28.31
9244,3320,56,21,526.45
9245,3321,196,21,43.05
9246,3322,159,957,263.27
9247,3322,47,703,471.69
9248,3322,181,9,191.18
9249,3322,180,781,441.88
9250,3323,77,43,114.58
9251,3323,125,14,585.56
9252,3324,11,570,216.06
9253,3324,123,8,591.73
9254,3324,9,485,484.18
9255,3324,41,1051,148.32
9256,3325,193,352,405.89
9257,3325,92,5,220.24
9258,3326,193,20,404.1
9259,3326,78,71,607.2
9260,3326,88,135,722.58
9261,3326,128,845,439.83
9262,3326,156,41,661.18
9263,3326,73,122,177.58
9264,3327,97,694,97.26
9265,3327,152,110,754.0
9266,3327,81,6,563.36
9267,3327,19,30,543.14
9268,3327,75,175,255.0
9269,3328,14,10,661.8
9270,3328,35,20,238.97
9271,3328,154,194,71.72
9272,3328,125,380,517.8
9273,3329,127,134,365.98
9274,3329,69,111,309.5
9275,3329,142,5,720.79
9276,3329,148,226,417.86
9277,3329,101,10,23.9
9278,3329,128,400,444.71
9279,3329,143,74,505.05
9280,3329,34,1240,97.97
9281,3330,86,9,328.78
9282,3330,150,46,399.19
9283,3330,70,19,405.03
9284,3330,155,58,266.86
9285,3331,198,120,236.23
9286,3332,159,10,326.69
9287,3332,161,25,265.14
9288,3332,94,162,566.83
9289,3332,63,58,486.8
9290,3332,113,610,621.85
9291,3332,39,790,61.74
9292,3332,143,282,500.03
9293,3333,177,20,404.15
9294,3333,165,1290,68.07
9295,3333,151,5,655.33
9296,3333,136,605,377.95
9297,3334,142,237,718.64
9298,3334,36,123,292.78
9299,3334,197,11,424.61
9300,3335,48,347,715.49
9301,3335,163,60,544.58
9302,3335,199,133,588.86
9303,3336,98,30,408.01
9304,3336,82,507,425.01
9305,3336,142,141,597.75
9306,3337,75,68,221.92
9307,3338,45,148,404.31
9308,3338,158,225,47.19
9309,3339,8,599,453.11
9310,3339,47,70,505.49
9311,3339,129,252,642.17
9312,3339,180,1096,423.09
9313,3340,197,111,314.21
9314,3341,42,25,40.83
9315,3342,22,22,92.3
9316,3342,180,17,406.84
9317,3342,114,73,340.49
9318,3342,119,6,500.98
9319,3343,39,55,46.29
9320,3343,84,10,294.9
9321,3343,36,28,269.21
9322,3344,55,205,96.67
9323,3345,16,13,441.41
9324,3345,20,349,467.24
9325,3345,162,646,392.89
9326,3346,25,42,251.65
9327,3346,16,12,534.5
9328,3346,20,11,439.43
9329,3346,9,11,598.35
9330,3346,114,8,296.11
9331,3346,164,871,416.27
9332,3347,17,27,284.82
9333,3347,83,28,149.92
9334,3347,6,28,659.8
9335,3347,171,1433,505.25
9336,3347,180,136,398.44
9337,3347,78,7,573.65
9338,3347,28,75,388.3
9339,3348,25,20,250.6
9340,3348,73,11,171.68
9341,3348,155,31,222.46
9342,3349,138,1500,509.96
9343,3349,129,63,562.44
9344,3350,143,245,507.1
9345,3350,59,113,575.1
9346,3350,76,69,96.15
9347,3351,78,278,601.82
9348,3351,122,24,250.88
9349,3351,158,611,43.77
9350,3351,159,13,304.91
9351,3352,18,17,1.8
9352,3352,124,439,737.42
9353,3352,141,535,410.34
9354,3353,95,211,89.54
9355,3353,136,43,339.7
9356,3353,85,148,547.3
9357,3354,121,141,190.92
9358,3354,110,57,711.07
9359,3355,27,26,165.7
9360,3355,9,10,634.34
9361,3355,73,424,206.88
9362,3356,129,266,648.89
9363,3356,17,5,262.38
9364,3356,83,1152,177.58
9365,3357,110,37,682.52
9366,3357,155,41,274.31
9367,3357,1,73,264.28
9368,3357,16,71,457.93
9369,3357,134,152,163.49
9370,3358,103,717,752.11
9371,3358,45,11,394.17
9372,3358,107,12,541.82
9373,3359,60,402,60.95
9374,3359,49,70,467.07
9375,3359,72,1351,291.13
9376,3359,180,97,426.19
9377,3359,158,7,44.59
9378,3360,166,892,36.16
9379,3360,106,12,56.02
9380,3360,31,1173,339.4
9381,3361,139,553,203.54
9382,3361,121,512,183.42
9383,3362,62,11,517.97
9384,3363,121,820,153.85
9385,3363,37,1291,612.95
9386,3364,107,23,502.45
9387,3365,70,502,484.93
9388,3365,105,14,515.14
9389,3365,181,863,194.55
9390,3365,99,27,223.58
9391,3365,171,1097,531.83
9392,3365,102,529,532.06
9393,3365,1,256,342.33
9394,3365,86,105,446.78
9395,3366,106,95,53.9
9396,3366,174,107,284.16
9397,3366,199,11,676.13
9398,3366,27,70,215.43
9399,3367,15,12,588.18
9400,3368,135,78,101.92
9401,3369,190,7,209.1
9402,3369,199,950,689.85
9403,3369,82,1230,422.04
9404,3370,31,7,337.27
9405,3370,89,73,73.53
9406,3370,97,5,79.23
9407,3370,92,144,199.26
9408,3371,38,6,465.37
9409,3371,15,1399,750.64
9410,3372,104,711,79.12
9411,3372,45,486,353.97
9412,3372,13,992,256.05
9413,3372,124,12,664.55
9414,3373,115,135,310.93
9415,3373,37,84,648.29
9416,3373,95,130,107.85
9417,3373,5,152,499.28
9418,3373,7,1389,607.57
9419,3374,28,529,509.19
9420,3374,29,140,196.26
9421,3374,3,67,344.48
9422,3375,152,635,645.83
9423,3375,177,10,429.44
9424,3375,51,295,452.53
9425,3376,62,57,485.18
9426,3376,120,6,499.8
9427,3376,97,278,84.7
9428,3376,6,153,602.86
9429,3377,172,146,67.7
9430,3378,108,15,299.55
9431,3378,69,35,287.38
9432,3378,15,204,702.45
9433,3378,141,813,405.65
9434,3379,131,95,511.65
9435,3380,97,49,72.03
9436,3380,187,27,559.6
9437,3380,175,185,355.47
9438,3380,64,11,481.33
9439,3381,142,69,613.67
9440,3381,188,6,199.76
9441,3381,176,131,514.1
9442,3381,101,222,29.7
9443,3382,147,91,77.42
9444,3383,57,114,474.92
9445,3383,80,7,73.93
9446,3383,137,207,308.85
9447,3383,127,43,278.65
9448,3384,81,992,658.65
9449,3385,100,32,452.36
9450,3386,3,103,388.85
9451,3387,112,150,352.15
9452,3387,92,607,226.91
9453,3387,107,11,539.25
9454,3387,94,77,632.67
9455,3388,77,46,147.77
9456,3389,21,331,220.66
9457,3390,115,8,311.75
9458,3390,111,1390,738.83
9459,3390,164,12,435.64
9460,3390,78,12,698.06
9461,3391,97,26,96.55
9462,3391,135,7,132.78
9463,3392,116,99,458.9
9464,3393,127,7,308.96
9465,3393,22,1142,80.25
9466,3393,198,91,232.38
9467,3393,165,157,71.37
9468,3394,127,98,299.78
9469,3394,144,69,658.43
9470,3394,53,48,177.51
9471,3395,85,252,545.96
9472,3395,94,49,641.7
9473,3395,70,451,444.47
9474,3396,45,10,356.43
9475,3396,140,218,152.91
9476,3396,24,39,187.83
9477,3396,123,138,652.52
9478,3396,128,674,445.98
9479,3397,80,73,100.24
9480,3397,43,605,755.03
9481,3397,150,145,325.26
9482,3397,175,9,408.6
9483,3397,169,9,40.65
9484,3398,144,15,524.94
9485,3399,122,119,252.77
9486,3399,164,13,494.06
9487,3399,113,207,667.67
9488,3400,180,110,403.0
9489,3400,88,72,699.31
9490,3400,156,629,606.26
9491,3401,107,796,675.41
9492,3402,18,732,1.7
9493,3402,136,55,288.46
9494,3402,134,13,174.03
9495,3402,2,259,647.72
9496,3403,8,75,564.52
9497,3403,195,470,207.79
9498,3403,177,27,388.62
9499,3404,103,27,618.69
9500,3404,64,56,561.81
9501,3405,158,12,37.01
9502,3405,6,87,565.35
9503,3405,194,233,173.85
9504,3405,29,123,146.39
9505,3405,122,144,185.06
9506,3405,89,1295,65.71
9507,3405,44,29,330.52
9508,3405,80,285,92.27
9509,3406,151,125,589.81
9510,3406,44,20,287.86
9511,3407,168,13,497.15
9512,3407,142,643,598.53
9513,3407,126,565,450.03
9514,3407,72,23,315.28
9515,3407,12,566,120.81
9516,3408,36,39,259.7
9517,3408,152,981,739.54
9518,3409,109,72,380.84
9519,3410,165,13,66.19
9520,3410,63,1386,599.95
9521,3410,57,14,437.46
9522,3410,79,83,177.45
9523,3410,192,695,610.22
9524,3411,55,386,99.02
9525,3411,79,956,172.44
9526,3412,130,1016,21.89
9527,3412,179,537,257.99
9528,3412,22,16,99.94
9529,3412,188,321,198.07
9530,3413,154,1102,60.06
9531,3413,112,20,380.03
9532,3413,58,11,413.71
9533,3413,92,198,183.08
9534,3414,7,146,658.57
9535,3414,156,174,558.27
9536,3414,46,42,164.77
9537,3415,73,32,235.67
9538,3415,70,482,438.47
9539,3415,188,19,203.92
9540,3416,53,20,147.25
9541,3416,65,474,442.09
9542,3416,137,1366,315.56
9543,3416,55,30,100.8
9544,3417,20,14,495.28
9545,3418,30,1417,262.19
9546,3418,38,119,546.54
9547,3419,91,9,245.09
9548,3419,114,979,334.33
9549,3420,167,26,415.08
9550,3420,139,45,224.53
9551,3420,58,648,376.86
9552,3421,86,1051,335.38
9553,3422,181,6,185.47
9554,3422,187,26,492.25
9555,3422,63,568,496.64
9556,3422,67,6,220.1
9557,3423,139,626,201.44
9558,3423,45,15,357.84
9559,3424,143,571,521.44
9560,3424,179,13,186.8
9561,3425,106,182,55.74
9562,3425,73,250,203.41
9563,3425,140,81,134.33
9564,3426,148,256,344.06
9565,3426,44,6,375.11
9566,3426,160,54,72.74
9567,3426,146,690,437.01
9568,3426,195,149,276.09
9569,3426,85,35,579.28
9570,3427,75,448,255.67
9571,3427,129,313,698.25
9572,3428,63,719,475.36
9573,3429,83,14,159.11
9574,3429,200,726,64.4
9575,3430,19,69,550.77
9576,3430,26,8,634.2
9577,3430,170,79,241.29
9578,3430,143,661,609.58
9579,3430,97,833,96.65
9580,3430,98,22,405.23
9581,3431,153,104,467.99
9582,3431,121,8,137.91
9583,3431,144,13,486.48
9584,3431,39,13,53.97
9585,3431,111,1031,747.63
9586,3432,145,743,573.06
9587,3432,21,12,240.0
9588,3432,52,15,520.13
9589,3433,166,12,37.58
9590,3433,169,254,53.65
9591,3433,154,386,62.77
9592,3434,38,9,572.17
9593,3434,61,12,569.32
9594,3434,189,65,692.26
9595,3434,108,225,326.23
9596,3435,44,1247,343.33
9597,3435,18,6,1.76
9598,3435,33,5,310.85
9599,3436,191,198,155.45
9600,3437,174,570,308.74
9601,3437,7,188,749.26
9602,3437,73,133,196.49
9603,3438,172,291,72.05
9604,3438,62,11,508.36
9605,3438,27,566,172.52
9606,3438,9,18,601.95
9607,3438,13,13,208.58
9608,3439,124,423,659.4
9609,3439,199,131,546.96
9610,3439,178,627,514.75
9611,3439,46,27,159.42
9612,3439,165,66,78.41
9613,3440,22,1446,101.97
9614,3440,127,541,360.24
9615,3440,200,51,65.81
9616,3441,112,195,409.46
9617,3441,183,1211,269.27
9618,3442,125,19,532.64
9619,3443,81,148,587.18
9620,3443,124,9,561.88
9621,3443,96,712,547.46
9622,3443,140,209,115.28
9623,3443,67,164,188.58
9624,3444,45,24,413.29
9625,3444,173,1420,383.47
9626,3444,54,64,604.51
9627,3445,169,13,44.71
9628,3445,34,6,96.37
9629,3445,59,641,730.77
9630,3445,75,44,219.71
9631,3445,195,63,237.98
9632,3446,196,61,50.67
9633,3447,32,37,477.93
9634,3447,125,10,548.87
9635,3448,132,730,507.04
9636,3448,145,300,570.36
9637,3448,52,44,658.08
9638,3449,39,1331,56.81
9639,3450,122,31,228.3
9640,3450,75,133,222.22
9641,3450,191,600,135.19
9642,3450,144,50,629.19
9643,3451,165,1191,67.94
9644,3451,142,80,656.47
9645,3451,84,28,323.76
9646,3452,164,291,470.61
9647,3452,11,120,204.14
9648,3452,47,778,500.04
9649,3453,183,65,292.95
9650,3454,76,529,74.57
9651,3454,116,6,511.63
9652,3455,64,659,523.02
9653,3455,93,511,147.02
9654,3456,68,28,391.35
9655,3457,192,29,492.37
9656,3457,94,12,577.47
9657,3458,122,28,241.25
9658,3458,35,6,236.27
9659,3458,97,11,77.38
9660,3458,127,14,321.64
9661,3458,117,268,251.15
9662,3458,147,296,76.49
9663,3458,141,860,354.23
9664,3459,140,14,142.55
9665,3459,80,42,99.93
9666,3460,42,11,37.06
9667,3460,125,11,607.88
9668,3461,191,9,152.17
9669,3461,140,441,146.79
9670,3462,163,1184,485.65
9671,3462,157,1476,650.34
9672,3463,103,6,644.71
9673,3463,90,1368,64.09
9674,3464,124,1150,725.43
9675,3464,10,9,547.81
9676,3464,70,94,529.85
9677,3464,43,199,556.68
9678,3465,146,168,589.74
9679,3466,164,141,450.01
9680,3467,62,20,478.1
9681,3467,172,14,71.8
9682,3468,166,357,36.0
9683,3468,50,65,31.84
9684,3469,15,75,604.88
9685,3469,34,92,93.38
9686,3469,164,12,526.76
9687,3469,10,471,504.76
9688,3469,162,553,373.48
9689,3469,128,114,377.04
9690,3469,9,42,604.68
9691,3470,150,30,337.58
9692,3470,149,554,539.81
9693,3470,72,59,340.28
9694,3470,147,26,66.06
9695,3471,39,13,50.8
9696,3471,107,47,556.69
9697,3471,168,607,613.95
9698,3472,163,726,486.64
9699,3472,12,53,129.65
9700,3472,134,26,176.41
9701,3473,98,144,340.59
9702,3473,21,698,204.58
9703,3473,107,41,652.37
9704,3474,69,14,364.06
9705,3474,171,39,651.0
9706,3474,57,1011,478.74
9707,3475,70,828,428.3
9708,3475,107,182,519.47
9709,3475,25,122,215.66
9710,3476,193,493,467.28
9711,3476,5,54,459.75
9712,3477,157,52,654.51
9713,3477,177,295,384.49
9714,3477,8,47,433.96
9715,3478,179,206,197.63
9716,3479,141,278,385.5
9717,3480,14,85,623.06
9718,3480,105,27,497.88
9719,3481,173,259,450.45
9720,3482,191,142,167.6
9721,3482,116,80,537.63
9722,3482,159,12,298.55
9723,3483,8,84,435.17
9724,3483,22,47,77.57
9725,3484,149,6,492.49
9726,3484,89,129,77.06
9727,3485,162,141,442.01
9728,3485,8,1365,453.35
9729,3485,45,26,421.39
9730,3486,128,197,424.15
9731,3486,74,7,292.44
9732,3486,99,11,251.1
9733,3487,165,438,78.14
9734,3487,71,525,141.34
9735,3487,69,12,351.9
9736,3488,116,8,447.0
9737,3488,36,15,304.37
9738,3488,157,51,694.77
9739,3488,24,158,215.12
9740,3488,115,29,328.12
9741,3489,44,355,357.71
9742,3489,97,401,79.19
9743,3489,162,10,347.08
9744,3489,197,132,345.63
9745,3490,33,291,284.55
9746,3490,28,28,420.1
9747,3490,151,8,596.58
9748,3490,170,12,216.17
9749,3490,61,49,617.74
9750,3491,162,69,434.79
9751,3491,187,536,564.32
9752,3491,3,288,465.31
9753,3492,182,10,617.3
9754,3493,59,69,607.04
9755,3493,150,1209,413.65
9756,3494,165,27,72.64
9757,3494,20,142,422.81
9758,3495,131,5,478.72
9759,3495,70,8,559.84
9760,3495,52,91,532.99
9761,3496,2,11,703.55
9762,3496,150,212,363.61
9763,3497,108,139,307.86
9764,3497,164,26,405.78
9765,3497,154,9,69.75
9766,3497,191,6,150.42
9767,3497,161,534,287.4
9768,3498,44,13,324.39
9769,3498,133,56,233.81
9770,3499,126,11,567.66
9771,3500,5,57,494.3
9772,3500,111,86,640.69
9773,3500,108,74,324.33
9774,3501,39,118,53.78
9775,3502,117,957,220.14
9776,3502,35,555,223.35
9777,3503,54,12,680.63
9778,3503,174,59,249.36
9779,3504,133,64,252.78
9780,3504,29,684,169.24
9781,3505,146,14,549.56
9782,3505,62,55,403.92
9783,3505,14,153,708.6
9784,3506,120,9,509.37
9785,3506,103,6,638.37
9786,3506,162,12,350.33
9787,3507,147,11,74.99
9788,3508,114,468,329.74
9789,3508,142,700,666.48
9790,3509,87,49,545.14
9791,3510,18,365,1.79
9792,3511,119,148,674.66
9793,3511,99,723,253.84
9794,3512,59,26,577.45
9795,3512,167,1089,487.83
9796,3512,123,144,644.91
9797,3513,31,12,292.83
9798,3513,41,5,152.39
9799,3513,198,122,223.48
9800,3514,47,285,456.81
9801,3514,187,24,484.59
9802,3514,70,28,546.71
9803,3515,120,1188,448.51
9804,3516,43,61,723.13
9805,3516,15,146,656.52
9806,3516,176,55,568.74
9807,3517,169,37,51.34
9808,3517,78,891,765.59
9809,3518,99,1222,189.16
9810,3518,45,27,337.99
9811,3518,50,19,39.49
9812,3519,89,12,76.26
9813,3519,123,256,730.85
9814,3519,193,100,474.01
9815,3519,10,14,585.33
9816,3519,133,18,208.17
9817,3519,18,1214,1.78
9818,3519,85,1335,642.24
9819,3520,57,14,564.18
9820,3520,18,137,2.12
9821,3521,114,82,400.02
9822,3521,80,51,100.89
9823,3521,47,30,444.15
9824,3522,174,26,320.1
9825,3522,104,150,71.38
9826,3522,89,6,78.31
9827,3523,142,1357,765.99
9828,3523,166,672,46.45
9829,3523,106,38,68.14
9830,3523,107,27,534.24
9831,3523,135,1224,133.37
9832,3524,36,15,316.34
9833,3524,49,287,405.61
9834,3525,149,747,595.3
9835,3525,73,5,225.23
9836,3525,50,373,32.9
9837,3525,158,58,46.6
9838,3525,113,111,731.46
9839,3525,27,27,191.87
9840,3526,187,704,570.52
9841,3526,67,141,179.4
9842,3526,160,66,70.22
9843,3527,110,53,701.03
9844,3527,180,56,346.48
9845,3527,182,108,607.32
9846,3528,185,953,250.52
9847,3528,118,291,462.24
9848,3528,165,94,62.36
9849,3528,143,12,528.56
9850,3529,197,698,406.04
9851,3530,166,240,48.39
9852,3531,8,124,531.52
9853,3531,183,894,264.84
9854,3531,15,145,618.68
9855,3532,100,51,434.25
9856,3532,49,12,394.17
9857,3532,174,17,311.47
9858,3533,144,97,538.9
9859,3534,75,13,230.6
9860,3534,80,1246,100.02
9861,3534,58,7,398.14
9862,3534,31,28,393.46
9863,3535,160,50,80.9
9864,3535,182,44,667.62
9865,3535,9,147,472.41
9866,3535,75,16,248.52
9867,3536,12,112,137.91
9868,3536,195,13,240.84
9869,3536,184,284,290.21
9870,3536,28,53,435.31
9871,3536,132,744,598.06
9872,3537,19,20,540.45
9873,3537,92,113,228.32
9874,3537,189,926,665.53
9875,3538,48,1371,651.69
9876,3538,10,25,666.36
9877,3538,78,18,702.8
9878,3538,15,11,707.59
9879,3539,117,582,197.83
9880,3539,145,30,531.17
9881,3539,160,1253,83.06
9882,3539,21,96,185.89
9883,3539,27,109,225.13
9884,3540,153,67,445.62
9885,3540,113,13,558.26
9886,3540,135,1046,117.25
9887,3540,18,432,1.84
9888,3541,56,30,545.76
9889,3542,36,1121,288.41
9890,3542,116,729,531.17
9891,3542,19,125,500.04
9892,3542,171,13,585.39
9893,3542,186,753,584.58
9894,3542,22,21,81.16
9895,3542,91,99,273.35
9896,3542,32,13,535.35
9897,3543,83,170,201.47
9898,3543,77,6,123.99
9899,3544,97,263,96.69
9900,3545,28,56,516.01
9901,3545,70,1002,479.75
9902,3546,177,671,480.11
9903,3546,94,105,480.11
9904,3546,135,323,115.29
9905,3546,166,147,45.28
9906,3546,156,237,556.93
9907,3547,186,18,557.09
9908,3547,171,766,516.37
9909,3547,149,6,552.52
9910,3548,101,246,30.4
9911,3548,18,242,1.83
9912,3548,2,44,737.27
9913,3549,146,1060,470.79
9914,3550,184,29,254.23
9915,3550,161,1346,239.37
9916,3550,120,19,510.06
9917,3551,55,8,76.88
9918,3551,8,17,446.35
9919,3552,173,27,461.55
9920,3552,69,12,379.44
9921,3552,62,64,488.67
9922,3553,67,243,204.66
9923,3553,124,187,693.91
9924,3554,31,12,329.19
9925,3554,59,141,550.77
9926,3555,180,996,417.93
9927,3556,52,69,481.37
9928,3556,187,110,586.94
9929,3557,4,14,643.74
9930,3557,103,1094,719.67
9931,3557,142,251,607.22
9932,3557,19,134,537.12
9933,3558,44,19,276.89
9934,3559,162,20,374.21
9935,3559,76,144,95.09
9936,3559,54,68,626.3
9937,3559,40,508,64.31
9938,3559,48,836,729.24
9939,3559,185,61,259.89
9940,3559,108,1197,312.2
9941,3559,3,25,396.96
9942,3560,12,27,112.49
9943,3560,192,144,456.82
9944,3560,85,177,577.96
9945,3560,97,316,92.44
9946,3561,127,600,350.19
9947,3561,180,735,421.56
9948,3561,70,10,480.98
9949,3562,79,113,228.58
9950,3562,148,137,373.2
9951,3563,146,775,586.12
9952,3563,101,783,25.5
9953,3563,80,40,82.56
9954,3563,43,300,695.66
9955,3564,13,13,256.21
9956,3564,164,70,462.67
9957,3564,46,224,147.42
9958,3564,182,16,654.76
9959,3565,187,283,522.05
9960,3565,192,618,530.84
9961,3565,25,723,211.88
9962,3565,119,575,606.34
9963,3565,140,8,142.6
9964,3566,30,1083,315.04
9965,3566,178,104,510.62
9966,3566,20,78,371.19
9967,3567,183,12,273.49
9968,3567,131,130,520.1
9969,3567,122,159,187.91
9970,3567,110,110,541.12
9971,3567,125,10,582.96
9972,3568,134,16,179.46
9973,3568,195,491,224.51
9974,3568,183,53,268.73
9975,3569,22,341,94.02
9976,3570,168,263,493.1
9977,3571,161,741,223.67
9978,3571,35,924,211.68
9979,3572,169,9,53.96
9980,3573,195,1366,250.75
9981,3573,12,326,135.43
9982,3574,18,316,1.6
9983,3574,20,7,411.26
9984,3574,184,14,270.96
9985,3574,31,1294,364.77
9986,3575,177,694,463.63
9987,3575,115,14,295.02
9988,3576,134,91,181.15
9989,3576,138,288,393.08
9990,3577,159,410,270.13
9991,3577,7,60,585.33
9992,3577,182,621,674.41
9993,3577,175,793,380.86
9994,3577,65,75,474.56
9995,3577,160,65,87.45
9996,3578,33,14,299.12
9997,3579,104,100,64.82
9998,3579,59,43,736.45
9999,3579,107,63,684.73
10000,3580,191,189,170.99
10001,3580,197,27,346.72
10002,3580,163,1263,486.6
10003,3581,106,20,56.96
10004,3582,50,716,35.7
10005,3582,38,297,447.95
10006,3582,160,1095,78.09
10007,3582,165,237,70.4
10008,3582,9,61,627.64
10009,3583,24,8,182.14
10010,3583,50,507,35.18
10011,3583,98,567,380.28
10012,3584,39,11,61.46
10013,3585,200,498,63.1
10014,3585,99,47,192.5
10015,3585,10,64,566.45
10016,3585,13,30,217.2
10017,3585,178,392,458.95
10018,3586,181,837,203.91
10019,3586,158,56,46.99
10020,3586,17,616,272.16
10021,3586,189,11,606.82
10022,3586,73,529,190.35
10023,3587,16,14,553.77
10024,3587,92,134,220.62
10025,3587,97,1324,92.51
10026,3588,25,12,247.64
10027,3588,15,10,729.45
10028,3589,1,46,346.44
10029,3589,42,116,46.94
10030,3590,143,9,499.11
10031,3590,115,10,364.17
10032,3590,188,232,194.87
10033,3591,40,247,55.95
10034,3591,145,16,639.8
10035,3592,30,1132,241.99
10036,3592,88,15,789.42
10037,3593,24,6,219.87
10038,3593,113,66,750.17
10039,3593,20,8,433.44
10040,3593,170,360,258.42
10041,3594,152,78,634.91
10042,3594,72,71,370.55
10043,3594,63,35,588.33
10044,3594,161,720,256.11
10045,3595,97,15,91.0
10046,3595,150,13,321.88
10047,3595,167,77,396.4
10048,3595,176,85,426.38
10049,3596,76,28,89.69
10050,3596,55,185,75.94
10051,3596,181,128,226.83
10052,3596,59,135,571.3
10053,3596,7,126,778.08
10054,3596,89,28,63.16
10055,3597,163,28,508.57
10056,3598,19,60,495.12
10057,3598,24,74,223.63
10058,3598,122,791,194.59
10059,3598,31,6,299.28
10060,3598,95,1195,115.1
10061,3599,41,51,151.87
10062,3599,111,10,749.07
10063,3599,191,174,134.46
10064,3599,154,5,57.39
10065,3599,61,1068,534.72
10066,3600,198,55,186.64
10067,3600,110,10,699.62
10068,3600,50,856,38.21
10069,3601,64,495,503.58
10070,3601,120,75,462.25
10071,3602,131,28,434.34
10072,3602,199,12,520.64
10073,3603,21,25,215.98
10074,3603,77,8,142.11
10075,3603,68,7,456.12
10076,3604,88,75,603.85
10077,3604,66,53,636.86
10078,3605,160,10,74.51
10079,3605,47,303,493.74
10080,3605,162,66,447.03
10081,3606,131,502,477.56
10082,3606,49,20,494.51
10083,3606,34,1072,80.93
10084,3607,112,256,402.34
10085,3607,15,1306,559.41
10086,3607,69,211,380.37
10087,3608,139,10,177.56
10088,3608,188,60,229.56
10089,3608,115,57,354.19
10090,3608,11,146,195.36
10091,3609,16,23,578.86
10092,3609,82,331,351.45
10093,3609,65,917,435.23
10094,3609,176,14,490.72
10095,3610,79,567,194.74
10096,3610,200,14,51.55
10097,3611,54,115,750.81
10098,3611,78,164,717.61
10099,3611,124,13,624.08
10100,3612,122,13,212.85
10101,3612,166,56,39.33
10102,3612,76,37,79.29
10103,3612,199,43,564.95
10104,3613,35,42,218.84
10105,3613,100,70,384.08
10106,3613,11,168,215.22
10107,3614,163,213,650.83
10108,3615,69,118,308.31
10109,3615,121,558,156.58
10110,3616,143,1273,466.04
10111,3616,86,1364,426.36
10112,3616,55,28,96.1
10113,3616,181,708,218.96
10114,3616,156,14,562.86
10115,3617,110,92,607.86
10116,3617,26,13,559.17
10117,3617,195,27,210.12
10118,3617,166,6,44.17
10119,3618,163,6,540.61
10120,3618,64,641,486.57
10121,3618,56,15,544.52
10122,3619,195,210,253.92
10123,3619,157,58,510.41
10124,3620,75,64,255.66
10125,3620,10,1056,511.99
10126,3621,98,51,390.48
10127,3621,105,67,473.98
10128,3621,106,66,68.7
10129,3622,62,18,495.79
10130,3622,158,170,45.08
10131,3623,93,281,142.23
10132,3623,179,40,226.09
10133,3624,120,17,542.01
10134,3624,55,68,91.48
10135,3625,124,111,633.91
10136,3625,123,28,577.19
10137,3625,43,230,632.98
10138,3626,35,534,183.65
10139,3626,88,25,572.06
10140,3627,12,202,117.2
10141,3627,122,63,205.76
10142,3627,94,55,502.85
10143,3628,132,50,600.99
10144,3629,124,15,605.35
10145,3629,53,141,179.5
10146,3629,70,94,546.72
10147,3630,124,107,642.69
10148,3630,162,132,411.42
10149,3630,49,7,447.59
10150,3631,148,215,422.81
10151,3632,9,49,492.86
10152,3632,23,14,644.35
10153,3632,48,248,770.3
10154,3632,50,144,30.02
10155,3633,37,174,540.34
10156,3634,19,271,555.77
10157,3634,70,143,449.64
10158,3635,145,207,529.65
10159,3635,71,1222,168.73
10160,3635,32,1026,619.25
10161,3636,192,10,541.34
10162,3636,16,40,505.46
10163,3636,151,565,737.24
10164,3636,195,855,212.47
10165,3636,50,67,32.12
10166,3637,161,26,216.0
10167,3637,47,692,473.87
10168,3637,196,648,55.19
10169,3637,90,488,54.77
10170,3637,83,337,200.47
10171,3637,36,56,264.83
10172,3638,35,709,211.76
10173,3638,30,7,319.6
10174,3638,165,20,65.43
10175,3638,87,683,527.41
10176,3638,129,36,683.74
10177,3639,129,560,660.43
10178,3640,36,237,256.69
10179,3640,189,123,561.08
10180,3641,11,159,242.66
10181,3641,177,10,444.14
10182,3642,172,117,79.72
10183,3643,60,124,76.9
10184,3643,22,21,86.61
10185,3644,4,45,680.35
10186,3644,115,445,283.98
10187,3645,76,629,74.58
10188,3645,100,135,371.82
10189,3645,20,10,404.19
10190,3645,16,820,503.09
10191,3645,191,211,135.99
10192,3645,117,113,250.78
10193,3645,141,53,409.58
10194,3646,165,287,75.77
10195,3646,31,135,311.01
10196,3647,137,68,269.42
10197,3647,173,19,460.93
10198,3647,61,403,546.0
10199,3647,29,12,173.53
10200,3647,103,31,690.54
10201,3648,23,10,585.64
10202,3648,51,29,443.76
10203,3649,90,274,59.03
10204,3650,123,316,714.82
10205,3650,166,74,45.4
10206,3650,9,11,558.4
10207,3650,142,734,671.68
10208,3650,51,1142,572.64
10209,3650,149,25,476.29
10210,3651,26,653,565.48
10211,3651,38,233,461.64
10212,3651,162,333,363.07
10213,3651,91,617,274.05
10214,3652,51,10,542.72
10215,3653,194,436,168.72
10216,3654,23,670,538.31
10217,3654,75,30,264.67
10218,3654,6,515,621.93
10219,3655,106,10,60.95
10220,3656,44,14,375.27
10221,3656,177,32,391.27
10222,3656,132,353,631.43
10223,3656,151,489,664.96
10224,3656,64,14,435.16
10225,3656,63,12,649.36
10226,3657,93,84,178.47
10227,3657,167,92,391.36
10228,3658,31,27,290.68
10229,3658,105,11,409.11
10230,3659,97,15,93.06
10231,3659,167,146,429.27
10232,3659,31,137,287.32
10233,3659,32,151,458.99
10234,3659,68,26,422.54
10235,3660,25,161,215.29
10236,3661,119,130,642.77
10237,3661,1,485,335.0
10238,3662,47,1236,427.97
10239,3662,161,147,250.44
10240,3662,58,11,407.03
10241,3662,44,35,306.6
10242,3663,178,566,403.96
10243,3664,182,50,654.3
10244,3665,31,75,313.96
10245,3665,96,224,609.48
10246,3665,195,1005,211.97
10247,3666,27,59,199.16
10248,3667,80,28,75.17
10249,3667,198,18,183.09
10250,3667,194,599,154.48
10251,3667,18,309,1.97
10252,3667,27,25,213.36
10253,3667,180,97,460.76
10254,3668,153,16,506.77
10255,3668,121,9,150.3
10256,3668,113,295,692.81
10257,3668,131,52,491.13
10258,3668,7,81,567.81
10259,3669,77,10,111.41
10260,3669,125,45,605.36
10261,3670,65,24,462.43
10262,3670,61,177,477.1
10263,3670,40,288,48.71
10264,3671,153,139,535.82
10265,3671,157,330,548.74
10266,3671,108,11,251.9
10267,3671,1,10,282.53
10268,3671,151,15,580.52
10269,3672,38,122,452.1
10270,3672,18,264,2.13
10271,3672,116,25,545.89
10272,3672,197,16,362.32
10273,3672,54,58,619.05
10274,3673,150,976,404.38
10275,3673,158,112,38.38
10276,3673,156,107,705.24
10277,3673,180,1020,461.39
10278,3673,181,1276,194.56
10279,3673,103,1034,565.34
10280,3674,75,11,258.54
10281,3674,59,1182,616.5
10282,3675,55,112,100.39
10283,3675,71,276,162.94
10284,3676,176,1095,428.27
10285,3676,141,61,423.05
10286,3677,171,11,668.87
10287,3677,35,868,216.87
10288,3677,170,654,200.92
10289,3677,161,1380,273.92
10290,3677,127,367,352.55
10291,3678,185,215,238.64
10292,3678,200,71,61.4
10293,3678,153,27,414.73
10294,3678,14,10,643.46
10295,3679,21,1285,196.99
10296,3679,42,740,46.71
10297,3680,95,6,102.8
10298,3680,57,13,444.48
10299,3680,162,90,344.79
10300,3680,1,115,330.84
10301,3680,158,20,40.62
10302,3681,117,97,223.75
10303,3681,4,56,546.33
10304,3681,146,131,586.22
10305,3681,149,19,488.38
10306,3681,196,865,51.52
10307,3682,87,139,535.87
10308,3682,114,7,390.6
10309,3683,92,134,210.68
10310,3684,63,582,476.71
10311,3684,13,1219,218.05
10312,3685,53,136,153.44
10313,3685,136,55,310.5
10314,3685,118,56,550.54
10315,3685,41,33,150.46
10316,3685,170,53,262.45
10317,3686,39,103,58.2
10318,3686,140,5,124.07
10319,3687,20,186,472.16
10320,3687,177,743,400.68
10321,3687,32,602,610.58
10322,3688,67,56,220.02
10323,3688,49,120,393.03
10324,3689,73,153,173.71
10325,3689,15,53,668.23
10326,3689,56,507,539.14
10327,3689,195,731,209.54
10328,3690,30,230,259.1
10329,3691,50,11,33.25
10330,3691,84,183,298.6
10331,3692,79,73,220.74
10332,3692,70,252,521.64
10333,3692,7,372,753.21
10334,3692,173,558,369.92
10335,3693,54,579,615.81
10336,3693,115,112,348.64
10337,3693,174,132,302.04
10338,3693,134,1086,170.12
10339,3693,125,420,649.85
10340,3693,53,8,155.57
10341,3694,158,28,41.83
10342,3695,104,1493,65.0
10343,3695,78,11,652.78
10344,3695,35,79,185.57
10345,3696,123,283,578.32
10346,3696,16,71,507.77
10347,3696,76,122,73.74
10348,3696,36,70,271.68
10349,3697,51,478,570.12
10350,3697,163,277,575.21
10351,3698,200,509,65.82
10352,3698,115,136,357.25
10353,3698,11,122,237.56
10354,3698,30,497,291.4
10355,3698,63,13,557.18
10356,3699,173,110,361.8
10357,3699,115,285,286.43
10358,3699,56,67,538.61
10359,3699,26,43,549.46
10360,3699,6,15,562.0
10361,3700,35,6,241.84
10362,3701,110,284,617.95
10363,3701,158,530,43.71
10364,3701,165,259,59.45
10365,3702,83,29,169.02
10366,3702,127,62,371.33
10367,3702,41,378,157.19
10368,3702,197,25,372.99
10369,3703,170,15,215.19
10370,3703,19,686,425.5
10371,3703,161,16,284.07
10372,3704,164,520,516.57
10373,3704,55,123,89.76
10374,3704,11,1347,194.48
10375,3705,19,233,562.95
10376,3705,58,334,392.23
10377,3706,170,749,205.99
10378,3706,83,63,187.05
10379,3707,21,529,228.05
10380,3707,113,20,612.22
10381,3707,141,639,359.34
10382,3708,180,70,437.25
10383,3708,42,290,37.93
10384,3708,188,61,231.71
10385,3708,36,25,298.44
10386,3709,135,13,121.2
10387,3710,92,16,229.86
10388,3711,81,144,656.57
10389,3712,46,616,161.52
10390,3712,19,28,532.05
10391,3713,122,8,202.13
10392,3713,159,6,277.22
10393,3713,102,198,639.88
10394,3714,88,20,782.68
10395,3714,44,6,347.47
10396,3715,90,9,61.31
10397,3715,88,10,715.0
10398,3716,7,847,597.06
10399,3716,109,11,378.96
10400,3716,138,11,414.18
10401,3716,192,48,580.22
10402,3716,104,33,82.93
10403,3717,129,42,669.01
10404,3717,81,13,554.23
10405,3717,13,10,273.12
10406,3717,20,525,474.07
10407,3717,52,82,492.36
10408,3717,104,145,69.76
10409,3717,124,39,636.2
10410,3717,36,12,257.82
10411,3718,35,11,214.01
10412,3719,134,429,147.14
10413,3719,55,708,98.46
10414,3720,196,547,47.8
10415,3720,109,199,386.85
10416,3720,35,143,223.64
10417,3720,4,103,570.61
10418,3720,134,100,141.34
10419,3721,16,98,464.61
10420,3721,25,848,201.7
10421,3722,108,653,316.6
10422,3723,92,93,213.28
10423,3723,118,745,538.23
10424,3723,49,101,407.63
10425,3724,145,15,556.9
10426,3725,180,404,390.32
10427,3725,153,166,520.68
10428,3725,118,70,508.93
10429,3725,187,200,628.33
10430,3725,15,26,588.69
10431,3726,147,258,67.86
10432,3726,53,53,159.05
10433,3726,7,52,717.58
10434,3726,79,66,225.01
10435,3726,24,200,233.54
10436,3727,36,9,283.33
10437,3727,43,1475,734.25
10438,3728,183,26,296.74
10439,3728,125,63,595.84
10440,3728,108,24,311.46
10441,3728,129,220,754.33
10442,3728,37,948,556.11
10443,3728,161,1342,232.85
10444,3728,90,9,53.57
10445,3729,19,669,568.56
10446,3729,49,13,453.8
10447,3729,148,24,333.84
10448,3729,8,1471,578.81
10449,3729,121,13,150.41
10450,3730,169,657,50.84
10451,3730,3,200,405.18
10452,3730,59,487,553.92
10453,3730,40,30,60.38
10454,3731,163,32,558.92
10455,3732,8,14,557.87
10456,3732,194,126,209.1
10457,3732,135,498,128.33
10458,3732,74,84,286.89
10459,3733,101,570,28.05
10460,3733,50,123,31.14
10461,3734,86,1355,380.38
10462,3734,183,669,317.35
10463,3735,186,118,659.17
10464,3735,69,73,301.19
10465,3735,181,21,173.5
10466,3735,179,518,229.36
10467,3735,58,11,343.75
10468,3735,102,11,637.88
10469,3736,77,475,120.32
10470,3736,82,20,331.6
10471,3736,85,8,486.76
10472,3736,180,7,363.25
10473,3736,34,887,82.0
10474,3737,21,138,187.02
10475,3737,18,115,1.69
10476,3738,60,12,81.11
10477,3738,174,704,282.92
10478,3738,185,54,283.51
10479,3739,84,9,340.57
10480,3739,116,65,538.53
10481,3740,8,5,437.48
10482,3741,91,9,279.87
10483,3741,70,39,480.07
10484,3742,57,117,558.24
10485,3743,69,79,377.56
10486,3744,198,111,196.71
10487,3745,52,18,517.52
10488,3745,61,415,537.64
10489,3745,124,29,727.93
10490,3746,119,18,576.72
10491,3747,63,1001,535.78
10492,3747,32,575,612.43
10493,3747,137,64,287.52
10494,3747,184,71,259.57
10495,3747,94,72,559.58
10496,3748,35,25,224.73
10497,3748,66,267,635.12
10498,3749,37,255,574.78
10499,3749,99,38,226.5
10500,3749,194,8,208.93
10501,3749,197,871,342.13
10502,3750,136,6,311.71
10503,3750,157,99,682.82
10504,3750,100,178,403.83
10505,3751,112,300,414.92
10506,3751,104,16,77.2
10507,3751,190,705,268.52
10508,3752,27,101,189.72
10509,3753,10,80,527.9
10510,3753,45,12,417.16
10511,3754,40,14,54.1
10512,3754,12,107,153.3
10513,3754,39,955,54.29
10514,3755,77,60,126.32
10515,3755,59,942,698.28
10516,3755,197,334,352.7
10517,3756,99,19,251.23
10518,3756,105,62,525.05
10519,3756,173,13,465.94
10520,3757,127,753,296.97
10521,3757,128,71,378.31
10522,3757,199,1443,635.72
10523,3757,105,17,393.87
10524,3757,124,288,757.09
10525,3757,185,8,247.05
10526,3757,165,74,75.74
10527,3758,37,117,519.57
10528,3759,37,59,497.53
10529,3760,111,144,603.16
10530,3760,124,22,725.79
10531,3760,121,7,188.9
10532,3761,170,70,239.4
10533,3761,41,8,127.81
10534,3761,173,62,343.34
10535,3762,156,813,604.13
10536,3762,116,7,570.79
10537,3762,135,6,124.17
10538,3763,125,918,565.54
10539,3763,59,368,738.81
10540,3764,80,6,83.11
10541,3764,119,392,683.86
10542,3764,107,978,534.55
10543,3765,3,562,446.36
10544,3765,1,7,256.46
10545,3765,133,92,217.07
10546,3765,29,176,184.75
10547,3765,20,206,465.23
10548,3766,91,20,277.19
10549,3766,52,12,631.44
10550,3767,78,12,664.77
10551,3767,113,69,622.9
10552,3767,103,22,614.73
10553,3767,7,70,581.2
10554,3768,196,1332,49.05
10555,3768,95,7,111.56
10556,3768,123,11,756.64
10557,3769,42,29,36.35
10558,3770,117,72,226.48
10559,3770,92,1218,166.75
10560,3770,88,85,691.27
10561,3771,26,26,549.2
10562,3772,118,21,429.71
10563,3772,9,5,502.79
10564,3772,50,9,33.42
10565,3772,71,567,186.34
10566,3772,26,147,460.43
10567,3772,31,1227,330.05
10568,3772,101,10,27.47
10569,3773,169,64,48.5
10570,3773,74,606,262.36
10571,3773,22,47,84.91
10572,3773,154,12,62.62
10573,3774,44,616,357.37
10574,3775,83,92,176.31
10575,3776,51,44,557.65
10576,3776,136,11,295.71
10577,3776,156,1055,590.38
10578,3776,60,230,80.46
10579,3776,49,102,473.77
10580,3777,94,122,565.27
10581,3777,106,477,55.21
10582,3777,132,548,666.15
10583,3778,137,533,362.18
10584,3778,134,62,173.82
10585,3779,112,565,382.19
10586,3779,90,298,54.2
10587,3779,37,75,674.08
10588,3779,31,105,290.28
10589,3779,98,11,372.24
10590,3779,56,1426,506.5
10591,3779,177,875,414.22
10592,3780,41,148,151.41
10593,3780,38,57,573.5
10594,3780,13,104,244.47
10595,3780,94,32,617.34
10596,3781,115,19,362.9
10597,3781,63,9,601.46
10598,3781,171,9,564.39
10599,3781,138,14,402.1
10600,3782,187,27,644.41
10601,3782,168,11,577.74
10602,3782,158,723,45.68
10603,3783,112,13,397.37
10604,3783,180,148,360.64
10605,3784,50,99,40.1
10606,3785,88,61,783.81
10607,3785,176,13,580.6
10608,3786,31,13,287.07
10609,3786,18,321,1.82
10610,3787,101,29,28.22
10611,3788,161,270,297.16
10612,3788,25,126,218.39
10613,3788,159,30,318.56
10614,3789,183,52,271.3
10615,3790,150,26,351.34
10616,3790,48,1374,594.62
10617,3791,187,298,602.51
10618,3792,97,443,77.74
10619,3792,58,285,414.3
10620,3792,152,13,743.79
10621,3792,5,5,518.91
10622,3792,115,486,328.03
10623,3792,71,1253,178.97
10624,3792,34,52,101.48
10625,3793,200,373,63.47
10626,3793,176,61,456.67
10627,3793,51,14,453.42
10628,3793,19,151,589.44
10629,3793,74,58,287.33
10630,3793,17,85,228.9
10631,3793,118,1182,472.64
10632,3794,136,53,335.69
10633,3794,175,26,386.87
10634,3795,117,27,254.02
10635,3795,183,132,315.84
10636,3795,20,11,482.55
10637,3795,58,7,454.02
10638,3795,37,40,539.54
10639,3796,22,59,80.23
10640,3797,86,1473,344.91
10641,3797,144,26,558.37
10642,3797,58,13,334.68
10643,3798,136,10,359.54
10644,3799,57,42,553.7
10645,3799,163,7,639.27
10646,3799,100,13,389.06
10647,3800,148,45,429.73
10648,3800,152,113,559.66
10649,3800,18,45,1.63
10650,3800,168,705,601.55
10651,3800,52,64,557.7
10652,3801,78,539,656.96
10653,3802,184,20,321.67
10654,3802,113,349,633.6
10655,3802,128,219,444.98
10656,3803,114,27,327.21
10657,3804,27,12,222.56
10658,3804,138,201,524.63
10659,3804,5,1283,503.01
10660,3804,187,289,575.1
10661,3804,194,37,197.33
10662,3804,131,24,584.46
10663,3804,158,46,44.15
10664,3804,174,72,276.38
10665,3805,102,69,654.86
10666,3805,116,1257,547.38
10667,3805,82,9,414.37
10668,3805,100,13,390.35
10669,3806,5,56,536.57
10670,3807,188,14,243.34
10671,3807,86,25,399.61
10672,3807,28,1058,458.13
10673,3807,1,77,296.03
10674,3807,6,60,757.83
10675,3808,34,54,105.01
10676,3808,3,669,378.9
10677,3809,95,329,105.68
10678,3809,128,34,490.15
10679,3810,39,408,60.79
10680,3810,167,125,445.23
10681,3810,84,29,342.05
10682,3810,139,118,197.68
10683,3810,151,28,580.24
10684,3810,25,53,200.48
10685,3810,160,530,81.86
10686,3810,149,280,542.84
10687,3811,124,1413,582.23
10688,3811,143,727,571.25
10689,3811,157,20,535.87
10690,3811,78,102,712.21
10691,3811,27,27,169.82
10692,3811,178,30,529.44
10693,3812,39,32,45.28
10694,3813,148,1191,400.93
10695,3814,42,457,46.22
10696,3815,123,135,638.6
10697,3816,127,11,371.23
10698,3816,169,502,45.14
10699,3817,112,9,347.9
10700,3818,32,232,591.71
10701,3818,118,510,534.96
10702,3818,136,9,307.04
10703,3819,104,195,78.61
10704,3819,157,13,555.55
10705,3820,59,57,638.93
10706,3820,136,629,321.96
10707,3820,74,245,289.32
10708,3820,78,132,711.1
10709,3820,80,583,95.65
10710,3821,66,405,592.79
10711,3821,165,72,66.36
10712,3822,86,572,404.71
10713,3823,139,12,218.64
10714,3823,193,12,463.93
10715,3823,56,540,532.38
10716,3823,19,14,489.17
10717,3823,59,5,553.74
10718,3824,111,101,751.55
10719,3824,16,9,573.75
10720,3824,120,693,448.51
10721,3825,74,253,274.43
10722,3825,9,394,520.0
10723,3825,14,12,568.48
10724,3825,87,30,582.58
10725,3826,67,660,194.47
10726,3827,29,1263,186.04
10727,3827,109,195,454.26
10728,3827,111,249,733.72
10729,3828,154,80,63.77
10730,3828,83,122,200.57
10731,3829,128,216,402.86
10732,3829,91,43,286.05
10733,3830,54,198,630.95
10734,3830,141,44,385.66
10735,3830,137,47,356.36
10736,3830,23,234,546.79
10737,3831,47,956,470.06
10738,3831,80,64,86.73
10739,3831,166,189,47.0
10740,3832,24,62,203.8
10741,3833,168,12,573.94
10742,3833,109,512,380.6
10743,3834,182,72,579.7
10744,3834,152,26,582.98
10745,3835,171,110,606.52
10746,3835,125,1411,564.22
10747,3836,74,218,233.31
10748,3837,57,1388,447.1
10749,3837,102,263,615.76
10750,3838,18,72,1.84
10751,3839,176,215,493.36
10752,3839,190,663,248.18
10753,3840,70,179,444.93
10754,3840,85,279,549.46
10755,3840,160,809,91.45
10756,3840,94,30,624.54
10757,3840,179,75,187.69
10758,3841,64,27,428.35
10759,3841,93,91,171.55
10760,3841,35,24,187.06
10761,3841,154,955,54.9
10762,3842,87,13,522.19
10763,3842,174,902,249.63
10764,3843,66,42,505.16
10765,3843,147,121,69.48
10766,3843,145,10,463.18
10767,3843,57,64,551.99
10768,3843,164,6,530.83
10769,3843,182,1256,592.0
10770,3843,157,26,509.41
10771,3844,145,115,465.72
10772,3845,105,15,439.5
10773,3845,166,27,43.36
10774,3846,193,661,364.79
10775,3846,140,330,150.7
10776,3847,194,12,198.37
10777,3847,200,125,55.9
10778,3847,106,17,71.08
10779,3848,127,1235,327.26
10780,3849,136,136,303.45
10781,3849,185,8,229.36
10782,3849,194,118,214.5
10783,3849,19,72,549.41
10784,3850,76,221,87.42
10785,3850,174,34,294.04
10786,3850,44,194,303.57
10787,3850,124,85,724.43
10788,3851,178,67,506.52
10789,3851,98,102,398.4
10790,3852,95,138,101.03
10791,3852,55,56,91.19
10792,3852,28,258,517.5
10793,3853,49,27,477.7
10794,3853,180,719,360.55
10795,3854,89,235,62.88
10796,3854,97,27,86.78
10797,3854,140,704,118.93
10798,3855,10,7,551.99
10799,3855,141,490,375.3
10800,3855,48,566,738.8
10801,3855,37,14,581.27
10802,3855,140,146,138.15
10803,3855,31,782,315.05
10804,3855,145,12,535.25
10805,3855,69,682,291.0
10806,3856,37,595,663.58
10807,3856,193,300,409.31
10808,3856,60,500,75.56
10809,3857,116,248,596.14
10810,3857,81,17,623.45
10811,3857,171,203,667.42
10812,3858,131,15,586.2
10813,3858,43,540,644.53
10814,3858,47,99,395.76
10815,3858,115,812,281.51
10816,3859,81,11,587.97
10817,3859,16,118,427.84
10818,3859,116,380,500.27
10819,3859,113,18,596.68
10820,3860,23,6,571.17
10821,3860,89,269,76.99
10822,3860,77,338,114.54
10823,3860,97,568,91.07
10824,3861,170,152,198.25
10825,3862,148,23,453.68
10826,3862,66,409,494.15
10827,3862,147,166,77.14
10828,3863,46,356,142.67
10829,3863,2,1146,565.02
10830,3863,47,621,474.15
10831,3864,106,71,54.25
10832,3864,18,10,2.03
10833,3864,40,62,52.81
10834,3865,122,1120,187.22
10835,3865,58,49,395.88
10836,3865,4,20,537.89
10837,3866,142,69,712.62
10838,3866,79,846,220.41
10839,3866,93,430,157.44
10840,3867,109,13,396.55
10841,3867,130,13,25.51
10842,3868,176,486,521.91
10843,3868,41,187,168.35
10844,3868,25,137,238.17
10845,3868,116,62,498.48
10846,3869,78,46,706.09
10847,3870,116,37,539.96
10848,3871,172,602,74.85
10849,3871,162,376,338.66
10850,3872,163,244,613.47
10851,3873,172,141,78.33
10852,3873,166,1246,37.99
10853,3874,7,15,766.65
10854,3874,114,553,406.54
10855,3874,23,487,592.03
10856,3875,8,1176,486.92
10857,3876,77,954,129.21
10858,3877,164,1016,525.17
10859,3878,75,6,211.96
10860,3878,162,57,362.7
10861,3878,62,11,491.42
10862,3878,117,12,219.98
10863,3879,199,84,680.92
10864,3879,148,13,343.16
10865,3880,106,133,68.2
10866,3880,105,10,527.29
10867,3880,127,12,277.36
10868,3881,172,291,70.49
10869,3881,111,1344,652.51
10870,3882,62,1086,525.71
10871,3882,55,42,90.13
10872,3882,112,1223,362.11
10873,3882,21,19,216.6
10874,3882,141,1052,413.74
10875,3883,66,402,561.11
10876,3883,173,26,428.25
10877,3883,30,107,275.34
10878,3884,15,11,653.6
10879,3884,153,59,500.73
10880,3884,75,778,229.29
10881,3884,105,71,388.93
10882,3885,173,232,368.28
10883,3885,148,25,352.7
10884,3885,149,14,541.25
10885,3885,23,190,682.93
10886,3885,39,13,59.76
10887,3886,77,25,108.7
10888,3886,125,187,681.41
10889,3887,109,28,420.52
10890,3887,100,19,389.12
10891,3887,124,149,607.4
10892,3888,185,56,265.81
10893,3888,45,37,375.74
10894,3888,124,291,701.14
10895,3889,88,346,753.26
10896,3889,57,1492,569.97
10897,3889,4,8,715.81
10898,3889,141,990,343.51
10899,3890,163,235,576.32
10900,3891,48,666,629.39
10901,3891,125,222,549.29
10902,3891,14,8,581.37
10903,3891,62,42,447.44
10904,3891,41,94,171.72
10905,3892,146,11,456.75
10906,3892,78,74,734.35
10907,3892,5,60,532.97
10908,3892,138,94,480.25
10909,3893,116,692,438.03
10910,3893,155,130,266.56
10911,3893,48,86,633.36
10912,3893,44,1116,315.7
10913,3893,119,19,688.09
10914,3894,19,15,499.56
10915,3894,154,9,53.54
10916,3894,52,1471,568.06
10917,3894,82,26,459.19
10918,3894,31,57,320.98
10919,3894,119,33,686.1
10920,3895,71,26,177.87
10921,3895,85,41,520.83
10922,3896,166,39,47.33
10923,3896,119,63,651.79
10924,3896,35,1128,214.87
10925,3897,177,267,411.02
10926,3897,191,130,174.78
10927,3897,35,14,217.41
10928,3898,47,182,492.62
10929,3898,94,9,466.98
10930,3898,174,1424,280.52
10931,3898,147,51,77.15
10932,3898,188,30,215.67
10933,3898,173,7,387.11
10934,3898,154,121,69.91
10935,3898,98,278,427.25
10936,3899,14,265,629.58
10937,3899,107,749,591.52
10938,3899,103,649,696.67
10939,3900,112,5,415.55
10940,3901,55,463,80.11
10941,3901,139,221,188.21
10942,3901,9,128,638.97
10943,3901,7,18,715.48
10944,3902,155,560,286.35
10945,3903,116,120,493.66
10946,3903,44,253,345.49
10947,3903,17,277,259.35
10948,3904,140,5,152.15
10949,3905,84,17,381.59
10950,3906,157,17,598.04
10951,3907,16,10,527.35
10952,3908,84,26,381.21
10953,3908,170,522,259.15
10954,3909,15,22,719.37
10955,3909,168,14,515.44
10956,3909,84,382,371.96
10957,3910,66,637,507.25
10958,3910,156,584,577.32
10959,3910,44,35,275.34
10960,3911,169,15,40.25
10961,3911,163,113,524.29
10962,3912,126,123,417.95
10963,3913,167,492,479.0
10964,3913,173,50,425.6
10965,3914,155,507,222.35
10966,3914,163,13,562.94
10967,3915,143,1058,521.09
10968,3915,4,98,578.66
10969,3915,187,30,503.06
10970,3916,49,59,450.07
10971,3916,187,36,474.07
10972,3916,63,12,566.85
10973,3917,12,71,142.3
10974,3917,51,26,441.6
10975,3917,190,7,278.44
10976,3917,103,30,762.66
10977,3917,22,613,80.51
10978,3917,53,580,153.6
10979,3918,74,727,246.86
10980,3918,91,668,316.95
10981,3918,175,10,326.3
10982,3918,116,313,501.99
10983,3919,44,139,339.98
10984,3919,113,63,654.89
10985,3919,61,6,566.23
10986,3919,48,257,693.56
10987,3919,33,83,356.04
10988,3920,200,21,58.67
10989,3921,68,1075,437.34
10990,3921,3,135,408.31
10991,3921,148,57,369.34
10992,3921,200,427,65.49
10993,3922,169,7,53.95
10994,3922,24,26,195.13
10995,3922,195,24,210.71
10996,3922,114,158,316.25
10997,3922,17,12,242.93
10998,3922,54,730,554.02
10999,3923,13,62,215.39
11000,3924,1,13,313.73
11001,3924,49,251,431.89
11002,3925,165,10,67.87
11003,3925,47,11,518.87
11004,3925,7,17,647.61
11005,3926,131,9,456.78
11006,3926,111,1138,585.21
11007,3927,123,37,757.68
11008,3927,73,9,234.3
11009,3928,34,10,99.38
11010,3928,125,88,547.85
11011,3928,106,1135,57.68
11012,3929,63,140,562.84
11013,3929,156,759,656.72
11014,3930,149,32,431.27
11015,3930,25,86,214.23
11016,3931,17,7,267.69
11017,3931,80,120,82.14
11018,3931,64,174,519.96
11019,3931,18,24,1.82
11020,3931,77,285,117.62
11021,3931,8,687,570.59
11022,3932,138,564,506.23
11023,3933,130,20,22.71
11024,3933,94,256,489.24
11025,3933,106,25,52.14
11026,3933,173,57,392.41
11027,3934,180,53,390.24
11028,3934,93,284,178.27
11029,3934,182,27,516.43
11030,3934,24,10,176.16
11031,3934,95,173,87.54
11032,3935,141,26,415.07
11033,3935,133,56,187.55
11034,3935,72,650,318.22
11035,3936,12,7,138.91
11036,3936,109,24,496.56
11037,3936,142,646,621.81
11038,3937,198,83,208.5
11039,3937,48,58,708.86
11040,3938,59,58,721.61
11041,3939,34,236,91.27
11042,3939,119,54,549.29
11043,3939,72,44,322.29
11044,3939,177,36,378.25
11045,3939,141,500,450.71
11046,3939,76,123,69.96
11047,3939,117,598,219.36
11048,3940,17,53,277.04
11049,3940,176,142,427.26
11050,3940,41,738,145.1
11051,3941,7,144,673.06
11052,3942,38,1008,537.54
11053,3942,199,1127,609.35
11054,3942,50,6,35.72
11055,3942,92,1469,184.57
11056,3942,173,52,418.92
11057,3943,85,12,499.43
11058,3943,68,337,406.13
11059,3944,16,1120,460.01
11060,3944,109,136,462.73
11061,3945,41,1124,163.25
11062,3945,190,289,235.22
11063,3946,37,1393,607.99
11064,3946,55,82,93.66
11065,3947,95,59,104.92
11066,3947,150,19,361.97
11067,3948,136,245,390.21
11068,3948,90,1408,61.43
11069,3948,86,281,408.53
11070,3949,133,246,188.23
11071,3949,30,70,283.3
11072,3950,117,24,254.62
11073,3950,67,122,171.12
11074,3950,114,125,305.43
11075,3951,87,558,515.8
11076,3951,169,10,46.12
11077,3952,162,676,426.88
11078,3953,183,10,308.58
11079,3954,83,68,193.71
11080,3954,182,11,667.28
11081,3954,158,16,45.55
11082,3955,186,573,601.98
11083,3955,34,8,79.64
11084,3955,62,51,431.6
11085,3955,174,755,316.06
11086,3956,176,36,571.14
11087,3956,31,28,343.26
11088,3956,65,441,447.63
11089,3956,57,1088,571.33
11090,3957,16,60,431.35
11091,3957,50,161,40.99
11092,3958,169,138,49.06
11093,3958,196,20,46.14
11094,3958,36,1472,339.66
11095,3958,184,56,240.55
11096,3959,187,55,554.32
11097,3959,167,32,440.31
11098,3959,20,121,482.56
11099,3960,61,34,498.58
11100,3960,200,15,65.1
11101,3960,34,109,98.73
11102,3961,196,303,41.49
11103,3961,177,33,415.64
11104,3961,192,179,545.26
11105,3961,21,7,211.15
11106,3962,44,538,346.78
11107,3963,5,128,491.09
11108,3963,41,154,171.42
11109,3964,30,1294,314.79
11110,3964,24,266,183.54
11111,3965,107,590,576.72
11112,3965,185,106,295.97
11113,3965,47,74,449.68
11114,3965,89,419,57.98
11115,3965,168,824,554.32
11116,3965,103,13,647.64
11117,3965,178,20,429.87
11118,3966,194,226,158.25
11119,3966,162,146,445.13
11120,3966,169,13,43.14
11121,3966,185,455,245.17
11122,3966,125,35,525.8
11123,3966,80,29,75.93
11124,3966,155,24,252.93
11125,3966,44,9,359.48
11126,3967,123,1427,767.83
11127,3967,136,249,349.97
11128,3968,149,111,445.0
11129,3969,188,27,233.63
11130,3969,54,9,753.92
11131,3970,1,193,298.09
11132,3970,42,929,40.36
11133,3971,54,530,707.2
11134,3972,109,8,361.56
11135,3972,184,248,276.26
11136,3972,167,8,404.36
11137,3973,89,27,70.14
11138,3973,126,1161,432.94
11139,3974,77,7,138.81
11140,3974,75,268,214.16
11141,3975,185,426,227.78
11142,3975,63,19,518.34
11143,3975,199,559,676.65
11144,3976,127,213,300.13
11145,3976,123,709,722.59
11146,3976,159,5,254.95
11147,3976,154,8,64.69
11148,3977,197,903,335.79
11149,3977,91,381,274.72
11150,3977,8,61,533.1
11151,3977,119,112,680.57
11152,3978,58,26,340.39
11153,3978,143,11,556.47
11154,3979,155,513,223.76
11155,3980,143,294,616.19
11156,3980,90,268,52.37
11157,3980,6,139,674.11
11158,3981,172,110,79.4
11159,3981,99,113,186.74
11160,3981,66,54,641.4
11161,3982,40,24,50.71
11162,3982,199,604,544.31
11163,3982,196,36,45.58
11164,3983,35,8,192.29
11165,3983,120,408,550.5
11166,3983,178,271,491.97
11167,3984,39,180,60.35
11168,3984,12,1291,133.17
11169,3984,105,144,496.13
11170,3985,130,7,21.28
11171,3985,121,377,189.09
11172,3986,128,14,431.17
11173,3986,34,71,95.8
11174,3987,145,85,517.19
11175,3987,139,1086,225.12
11176,3988,120,9,450.05
11177,3988,164,675,473.9
11178,3989,1,115,326.06
11179,3989,56,57,442.89
11180,3990,139,9,234.3
11181,3990,1,13,323.42
11182,3990,23,17,557.81
11183,3990,91,521,295.31
11184,3990,53,159,138.69
11185,3991,18,15,1.81
11186,3991,71,160,187.34
11187,3992,116,249,462.56
11188,3992,100,859,427.63
11189,3992,8,294,583.74
11190,3992,26,110,580.89
11191,3992,199,731,670.22
11192,3993,173,454,448.45
11193,3994,176,55,542.7
11194,3995,147,104,72.73
11195,3996,182,286,667.23
11196,3996,2,813,714.92
11197,3996,18,202,1.97
11198,3997,75,16,263.91
11199,3997,61,862,585.5
11200,3997,184,734,300.38
11201,3998,91,7,249.59
11202,3998,162,126,382.11
11203,3999,183,698,308.66
11204,3999,57,12,421.18
11205,3999,189,21,607.17
11206,4000,26,5,538.17
11207,4000,175,55,304.22
11208,4001,164,67,468.81
11209,4002,78,760,593.05
11210,4002,74,63,278.69
11211,4002,22,7,83.48
11212,4003,134,69,186.42
11213,4003,143,71,595.92
11214,4004,69,51,320.05
11215,4004,44,6,345.91
11216,4004,164,25,455.32
11217,4005,157,731,673.74
11218,4005,29,1273,153.25
11219,4005,69,264,384.64
11220,4005,195,819,249.86
11221,4006,42,10,39.86
11222,4007,159,256,278.73
11223,4007,143,72,590.87
11224,4007,129,8,688.66
11225,4008,124,78,672.53
11226,4008,52,6,536.7
11227,4009,137,33,275.0
11228,4009,149,784,438.39
11229,4009,5,6,540.21
11230,4010,83,101,164.06
11231,4010,133,70,194.91
11232,4011,46,1310,174.01
11233,4011,41,126,135.35
11234,4012,78,366,712.38
11235,4012,11,64,175.89
11236,4012,94,9,638.28
11237,4013,176,58,552.56
11238,4013,118,143,519.67
11239,4013,140,364,137.49
11240,4013,188,207,216.18
11241,4014,19,285,545.55
11242,4014,6,82,677.78
11243,4014,34,11,100.3
11244,4014,182,13,645.83
11245,4014,179,1415,243.01
11246,4015,18,24,2.06
11247,4015,91,11,242.51
11248,4016,131,163,571.88
11249,4016,183,48,315.54
11250,4016,114,14,338.77
11251,4017,12,14,147.04
11252,4018,20,391,435.2
11253,4018,120,107,541.82
11254,4019,145,1320,535.01
11255,4020,79,390,171.95
11256,4021,193,50,405.54
11257,4021,162,31,365.16
11258,4021,5,1289,524.35
11259,4021,108,149,244.53
11260,4021,111,7,744.81
11261,4021,14,201,573.66
11262,4021,187,586,595.92
11263,4022,3,24,424.95
11264,4022,29,42,163.09
11265,4022,111,58,666.53
11266,4023,8,391,502.4
11267,4023,139,36,193.86
11268,4024,36,478,273.72
11269,4025,156,1063,685.36
11270,4025,183,85,278.14
11271,4025,30,71,240.86
11272,4026,148,408,350.61
11273,4027,158,895,43.38
11274,4027,86,28,429.31
11275,4027,129,138,685.28
11276,4027,163,606,627.37
11277,4028,13,918,245.58
11278,4029,4,42,549.69
11279,4029,83,7,178.24
11280,4029,55,163,96.5
11281,4029,131,68,570.75
11282,4030,38,131,460.97
11283,4030,97,67,93.54
11284,4030,22,1257,93.07
11285,4030,9,65,524.51
11286,4030,54,11,666.53
11287,4031,159,159,307.13
11288,4031,101,747,26.39
11289,4031,45,200,369.31
11290,4032,56,44,413.74
11291,4032,75,42,226.76
11292,4033,29,285,173.5
11293,4033,103,63,634.68
11294,4034,78,246,616.7
11295,4034,30,67,243.22
11296,4034,170,40,253.31
11297,4035,38,12,526.96
11298,4035,156,130,626.01
11299,4035,77,1160,143.17
11300,4036,114,255,356.41
11301,4036,15,513,643.48
11302,4036,4,108,693.62
11303,4036,113,12,623.37
11304,4036,69,96,368.47
11305,4037,106,17,67.18
11306,4038,66,390,655.13
11307,4039,8,148,474.49
11308,4039,116,299,515.28
11309,4040,82,871,361.51
11310,4041,120,698,458.96
11311,4041,126,32,566.43
11312,4041,93,104,173.85
11313,4042,30,10,256.56
11314,4043,121,34,150.79
11315,4043,191,13,160.95
11316,4043,55,788,91.32
11317,4043,106,8,53.18
11318,4043,4,142,632.82
11319,4043,3,20,360.39
11320,4043,28,57,464.38
11321,4043,78,93,694.87
11322,4044,85,385,475.79
11323,4044,29,14,154.08
11324,4045,146,28,560.33
11325,4046,92,553,195.36
11326,4046,179,6,246.42
11327,4046,122,1218,218.47
11328,4046,38,118,601.33
11329,4046,188,269,216.61
11330,4047,60,13,75.48
11331,4048,129,20,722.77
11332,4048,15,1261,587.63
11333,4048,49,23,423.6
11334,4048,9,427,604.24
11335,4048,172,44,72.02
11336,4049,103,14,736.47
11337,4049,160,12,81.69
11338,4049,134,7,189.13
11339,4049,58,11,341.86
11340,4050,22,11,93.53
11341,4050,120,27,518.29
11342,4050,121,616,169.59
11343,4050,179,100,209.53
11344,4050,8,530,559.07
11345,4051,40,475,59.96
11346,4051,21,391,228.97
11347,4052,89,47,62.41
11348,4052,97,1297,85.56
11349,4053,154,7,71.44
11350,4053,136,1448,343.13
11351,4053,48,13,775.89
11352,4053,76,237,79.5
11353,4053,137,58,297.37
11354,4054,84,947,360.35
11355,4054,43,68,741.6
11356,4054,100,7,343.32
11357,4054,68,142,440.3
11358,4054,9,81,643.67
11359,4055,111,39,605.79
11360,4055,65,339,362.16
11361,4056,46,7,155.69
11362,4056,109,69,441.8
11363,4056,82,127,355.55
11364,4057,168,11,473.99
11365,4058,175,1318,390.25
11366,4058,156,654,718.15
11367,4059,185,60,262.23
11368,4060,89,250,68.26
11369,4060,179,71,197.03
11370,4060,22,11,88.32
11371,4060,23,14,672.85
11372,4061,124,50,598.17
11373,4062,8,1035,468.05
11374,4062,160,174,73.3
11375,4062,114,65,381.65
11376,4062,31,383,378.59
11377,4062,187,303,551.75
11378,4063,186,275,537.2
11379,4064,111,1424,615.01
11380,4064,75,1251,231.6
11381,4064,42,11,42.07
11382,4065,171,520,652.95
11383,4065,197,1100,359.12
11384,4065,91,392,295.76
11385,4066,165,7,76.84
11386,4067,11,116,237.84
11387,4067,36,10,274.56
11388,4068,128,579,491.08
11389,4068,140,20,137.98
11390,4069,31,481,284.97
11391,4069,186,10,523.66
11392,4070,197,118,420.7
11393,4070,15,63,621.82
11394,4070,161,14,283.15
11395,4070,21,98,218.82
11396,4071,127,1247,297.35
11397,4071,112,451,439.92
11398,4071,126,9,504.7
11399,4072,175,393,368.39
11400,4072,192,38,462.01
11401,4072,196,28,44.87
11402,4072,135,249,121.37
11403,4072,139,68,187.41
11404,4073,192,30,510.19
11405,4073,75,20,221.58
11406,4074,114,67,303.41
11407,4074,61,133,635.79
11408,4074,28,12,409.96
11409,4074,88,290,692.41
11410,4074,95,174,114.73
11411,4074,45,71,349.23
11412,4075,173,142,347.23
11413,4075,88,43,785.54
11414,4075,107,297,643.17
11415,4075,192,137,596.04
11416,4075,177,16,488.43
11417,4075,152,14,687.22
11418,4076,134,14,159.15
11419,4076,164,29,429.68
11420,4076,122,20,252.41
11421,4077,137,903,317.03
11422,4078,161,26,259.57
11423,4079,187,8,609.96
11424,4079,129,62,585.24
11425,4079,120,1229,600.01
11426,4079,67,87,200.47
11427,4079,40,28,50.24
11428,4079,106,5,53.07
11429,4080,174,169,257.13
11430,4080,157,584,601.95
11431,4080,58,74,434.48
11432,4080,112,7,406.09
11433,4080,142,23,641.26
11434,4081,133,59,230.61
11435,4081,162,26,366.33
11436,4082,133,10,229.56
11437,4082,79,9,235.54
11438,4082,101,270,26.63
11439,4083,27,1108,211.77
11440,4083,50,13,33.05
11441,4084,196,8,44.81
11442,4084,30,16,290.6
11443,4084,163,87,657.17
11444,4085,52,59,654.08
11445,4085,63,257,539.59
11446,4085,87,265,598.78
11447,4086,70,681,520.33
11448,4086,6,147,662.71
11449,4086,134,65,142.19
11450,4087,128,15,512.58
11451,4087,118,392,479.23
11452,4087,191,28,154.56
11453,4087,19,120,502.65
11454,4087,77,61,147.81
11455,4088,116,15,490.32
11456,4088,192,9,592.98
11457,4088,88,267,785.64
11458,4089,189,110,532.21
11459,4090,168,57,618.92
11460,4090,155,32,273.1
11461,4090,84,12,295.51
11462,4091,94,14,564.04
11463,4091,148,1419,395.23
11464,4091,80,234,80.53
11465,4091,109,148,487.63
11466,4092,26,276,599.19
11467,4092,120,28,519.05
11468,4092,7,312,700.54
11469,4092,97,73,93.61
11470,4092,160,205,88.03
11471,4093,87,57,603.7
11472,4093,17,18,259.15
11473,4094,183,8,317.19
11474,4094,179,11,188.52
11475,4094,147,133,66.85
11476,4095,82,257,445.72
11477,4096,127,131,323.91
11478,4097,189,17,553.76
11479,4097,7,5,668.47
11480,4097,113,121,557.25
11481,4098,121,882,151.67
11482,4098,112,1094,335.84
11483,4098,133,840,229.08
11484,4098,90,15,63.64
11485,4099,82,105,330.99
11486,4099,79,29,215.21
11487,4100,71,35,177.79
11488,4100,100,140,387.25
11489,4101,87,565,492.27
11490,4101,145,716,515.47
11491,4101,108,311,316.49
11492,4101,35,238,203.41
11493,4101,176,23,495.36
11494,4102,88,137,749.6
11495,4102,48,175,642.55
11496,4103,17,22,254.82
11497,4103,98,1109,339.34
11498,4103,165,89,78.74
11499,4103,156,9,586.77
11500,4103,27,156,170.25
11501,4104,39,1280,51.04
11502,4105,84,80,296.15
11503,4106,54,47,557.13
11504,4106,46,136,156.61
11505,4107,135,10,115.03
11506,4108,199,50,632.63
11507,4109,157,6,605.13
11508,4109,161,249,261.91
11509,4109,102,715,685.22
11510,4110,26,95,624.4
11511,4111,35,7,222.87
11512,4111,9,84,548.54
11513,4111,117,121,238.48
11514,4111,90,7,48.33
11515,4111,19,15,440.38
11516,4112,42,8,46.12
11517,4112,144,707,621.03
11518,4113,17,57,264.25
11519,4113,37,12,662.53
11520,4114,77,105,143.25
11521,4114,63,6,542.23
11522,4115,58,14,386.69
11523,4115,108,1482,262.57
11524,4116,21,5,210.52
11525,4116,52,21,518.89
11526,4117,145,134,501.03
11527,4117,30,9,249.72
11528,4118,154,484,59.29
11529,4118,149,294,478.27
11530,4118,107,629,636.72
11531,4118,189,17,675.01
11532,4118,179,23,208.49
11533,4118,141,6,415.56
11534,4118,17,16,292.06
11535,4119,127,147,284.28
11536,4119,79,59,194.15
11537,4119,102,286,623.08
11538,4119,135,24,129.26
11539,4120,116,704,523.13
11540,4120,154,227,58.4
11541,4120,118,101,485.94
11542,4120,139,112,225.22
11543,4121,56,21,518.59
11544,4121,112,217,357.83
11545,4121,153,69,407.89
11546,4122,82,6,400.19
11547,4122,42,6,47.98
11548,4123,136,1434,394.07
11549,4123,162,736,370.21
11550,4123,23,20,559.58
11551,4123,63,744,579.31
11552,4123,137,26,336.55
11553,4124,35,139,236.34
11554,4124,191,5,143.5
11555,4124,72,90,360.46
11556,4125,86,506,402.81
11557,4125,180,1379,346.14
11558,4125,27,67,210.89
11559,4126,158,484,50.93
11560,4127,30,282,240.53
11561,4127,29,107,154.74
11562,4128,151,129,688.72
11563,4128,21,262,190.07
11564,4128,28,65,532.51
11565,4128,78,28,630.95
11566,4128,166,6,47.86
11567,4129,188,66,191.29
11568,4129,75,174,227.47
11569,4129,172,1410,73.34
11570,4129,21,587,223.4
11571,4130,20,27,442.87
11572,4130,87,594,548.26
11573,4131,189,26,539.83
11574,4131,133,555,216.27
11575,4131,166,70,41.97
11576,4132,198,14,233.19
11577,4132,110,21,621.25
11578,4132,43,19,734.47
11579,4132,187,136,636.74
11580,4132,70,10,514.07
11581,4132,114,376,294.04
11582,4133,135,5,128.38
11583,4133,193,728,466.75
11584,4134,3,70,432.63
11585,4134,111,727,643.17
11586,4134,182,92,672.0
11587,4135,124,407,602.47
11588,4135,191,123,136.06
11589,4135,128,442,481.5
11590,4136,67,54,161.07
11591,4136,28,12,442.79
11592,4137,144,15,481.31
11593,4138,43,29,651.99
11594,4139,52,44,517.82
11595,4139,99,259,248.61
11596,4139,70,9,493.45
11597,4139,77,111,138.28
11598,4140,70,1443,452.48
11599,4140,5,869,443.25
11600,4140,101,10,29.04
11601,4140,105,366,388.68
11602,4141,135,153,112.89
11603,4141,129,63,736.66
11604,4141,52,81,601.36
11605,4141,72,26,346.78
11606,4141,148,27,336.14
11607,4141,169,494,49.07
11608,4141,33,38,371.17
11609,4142,1,47,353.1
11610,4143,124,7,762.93
11611,4143,122,133,248.2
11612,4143,153,175,433.74
11613,4144,40,259,59.61
11614,4144,30,106,293.12
11615,4144,104,146,74.45
11616,4144,150,793,409.42
11617,4144,105,56,525.5
11618,4144,175,27,350.14
11619,4144,134,26,177.56
11620,4145,81,53,689.08
11621,4145,33,109,324.65
11622,4145,199,48,613.36
11623,4145,173,5,437.91
11624,4146,118,7,578.6
11625,4146,93,74,170.42
11626,4147,69,279,368.77
11627,4147,131,1183,457.79
11628,4147,10,199,627.85
11629,4148,134,1078,162.04
11630,4149,135,687,110.43
11631,4150,35,58,225.64
11632,4151,95,661,101.41
11633,4152,38,15,463.73
11634,4153,24,112,224.99
11635,4153,117,204,268.99
11636,4153,92,11,224.84
11637,4153,74,265,219.21
11638,4153,37,32,555.71
11639,4154,159,629,238.57
11640,4155,181,64,196.94
11641,4155,133,492,218.98
11642,4156,51,24,560.46
11643,4156,6,622,741.2
11644,4157,123,8,673.04
11645,4157,179,23,238.34
11646,4157,114,11,306.88
11647,4158,11,656,193.93
11648,4158,29,694,147.68
11649,4158,134,158,188.44
11650,4158,55,130,80.0
11651,4159,136,15,370.82
11652,4160,115,871,271.5
11653,4160,167,6,457.62
11654,4160,110,71,660.4
11655,4160,173,12,378.98
11656,4160,196,29,47.03
11657,4161,131,10,480.15
11658,4161,105,11,414.44
11659,4161,23,7,717.61
11660,4161,142,17,634.94
11661,4161,168,245,487.22
11662,4161,157,68,661.58
11663,4162,193,121,485.73
11664,4162,179,640,229.63
11665,4162,84,642,323.19
11666,4162,106,131,63.54
11667,4162,5,96,399.63
11668,4162,1,1394,344.76
11669,4162,163,9,630.81
11670,4163,191,655,140.73
11671,4163,194,14,194.39
11672,4163,22,17,82.48
11673,4163,181,24,217.91
11674,4163,60,41,78.04
11675,4164,86,638,380.91
11676,4164,103,69,743.42
11677,4164,10,13,544.85
11678,4165,65,142,377.63
11679,4165,81,28,678.05
11680,4165,150,16,418.71
11681,4166,56,600,410.14
11682,4166,147,176,57.58
11683,4166,110,108,654.63
11684,4166,186,5,656.53
11685,4167,8,57,566.78
11686,4167,190,266,235.25
11687,4168,95,241,104.12
11688,4168,52,580,625.55
11689,4168,177,719,460.7
11690,4168,88,11,706.73
11691,4169,168,33,501.24
11692,4169,96,166,581.54
11693,4169,61,73,488.49
11694,4170,137,917,351.18
11695,4170,4,62,643.57
11696,4170,14,116,707.92
11697,4170,187,142,622.96
11698,4171,104,561,70.16
11699,4172,44,187,357.05
11700,4172,134,230,172.68
11701,4173,27,88,209.8
11702,4173,48,27,571.41
11703,4173,182,47,544.11
11704,4174,44,32,334.98
11705,4174,190,1040,273.7
11706,4174,74,13,242.79
11707,4174,159,658,271.47
11708,4174,70,733,413.7
11709,4175,47,192,419.01
11710,4175,113,19,691.78
11711,4175,41,179,124.41
11712,4176,151,12,616.14
11713,4176,103,8,702.15
11714,4176,59,589,607.49
11715,4176,19,14,493.24
11716,4176,106,587,60.94
11717,4176,92,28,197.09
11718,4176,13,1123,243.43
11719,4177,68,531,508.36
11720,4177,120,11,532.12
11721,4178,104,516,65.14
11722,4178,185,547,238.19
11723,4178,77,12,110.1
11724,4178,127,13,334.18
11725,4179,63,412,623.32
11726,4180,121,1426,172.58
11727,4181,193,264,478.08
11728,4181,11,13,235.4
11729,4181,159,437,292.23
11730,4182,47,12,526.18
11731,4182,71,268,155.27
11732,4183,167,79,410.98
11733,4184,21,28,237.35
11734,4184,105,16,493.67
11735,4185,71,21,190.87
11736,4185,79,13,202.73
11737,4185,7,520,606.79
11738,4186,32,538,492.92
11739,4186,145,28,553.63
11740,4186,27,832,167.62
11741,4186,106,216,59.66
11742,4186,84,368,295.51
11743,4186,129,265,657.82
11744,4187,3,89,338.98
11745,4187,158,398,42.31
11746,4188,6,305,740.28
11747,4188,128,69,408.37
11748,4188,122,96,200.56
11749,4188,60,55,75.16
11750,4189,146,372,589.28
11751,4189,81,28,679.89
11752,4189,168,564,496.39
11753,4190,185,68,236.1
11754,4190,84,509,285.27
11755,4190,5,70,468.98
11756,4190,101,12,25.32
11757,4190,148,101,436.0
11758,4190,193,75,395.75
11759,4190,135,74,139.46
11760,4190,198,983,218.02
11761,4191,132,171,563.85
11762,4191,153,20,521.8
11763,4191,44,298,331.23
11764,4191,102,18,608.3
11765,4191,192,26,588.0
11766,4192,4,42,589.24
11767,4192,179,418,209.88
11768,4192,168,295,501.8
11769,4192,187,24,565.18
11770,4193,79,26,191.12
11771,4194,168,13,515.38
11772,4194,143,113,572.22
11773,4195,3,12,410.87
11774,4196,170,404,201.96
11775,4196,78,120,628.6
11776,4197,177,11,446.57
11777,4197,185,11,249.06
11778,4198,85,11,609.28
11779,4198,92,69,212.14
11780,4199,107,1052,553.91
11781,4199,96,106,579.02
11782,4200,137,63,269.53
11783,4200,65,6,366.27
11784,4200,92,5,175.17
11785,4200,151,160,683.58
11786,4201,127,311,288.96
11787,4201,111,22,661.61
11788,4202,115,67,331.23
11789,4202,88,112,635.47
11790,4203,175,138,339.65
11791,4203,176,94,433.41
11792,4204,92,34,229.92
11793,4204,52,727,623.61
11794,4205,148,10,416.7
11795,4205,167,28,491.97
11796,4206,120,750,546.18
11797,4206,88,316,648.21
11798,4206,156,7,705.66
11799,4207,134,523,144.84
11800,4207,190,27,247.9
11801,4207,98,49,367.41
11802,4207,37,527,553.5
11803,4208,114,37,317.2
11804,4208,150,6,419.05
11805,4208,67,80,186.37
11806,4209,140,27,140.82
11807,4210,40,506,64.39
11808,4210,185,766,241.53
11809,4211,95,20,86.58
11810,4211,182,455,552.41
11811,4211,5,125,434.99
11812,4212,115,15,338.05
11813,4212,172,21,81.37
11814,4212,17,49,294.12
11815,4213,112,183,343.28
11816,4213,65,1118,434.76
11817,4213,39,112,50.6
11818,4214,128,130,502.44
11819,4214,177,9,431.31
11820,4215,72,224,286.82
11821,4215,135,67,127.16
11822,4216,5,8,537.98
11823,4216,143,62,487.61
11824,4217,195,5,255.17
11825,4217,28,53,527.03
11826,4218,111,28,709.77
11827,4218,7,1454,610.11
11828,4219,179,114,205.99
11829,4220,123,1164,733.0
11830,4220,71,21,152.61
11831,4221,156,1049,552.32
11832,4221,76,137,79.51
11833,4221,62,19,424.84
11834,4221,135,25,101.85
11835,4221,15,29,645.22
11836,4221,31,1233,314.23
11837,4222,132,1022,626.54
11838,4222,99,32,187.86
11839,4222,19,27,472.79
11840,4223,129,13,709.77
11841,4223,34,17,83.05
11842,4223,171,929,647.27
11843,4224,6,34,677.92
11844,4225,16,30,495.5
11845,4225,60,9,79.37
11846,4225,3,11,428.93
11847,4225,45,96,332.72
11848,4226,169,73,41.65
11849,4227,10,13,516.78
11850,4227,114,294,389.03
11851,4228,18,17,2.14
11852,4228,67,87,178.23
11853,4228,112,613,385.75
11854,4229,77,91,107.01
11855,4229,198,265,229.27
11856,4229,182,64,658.79
11857,4229,187,71,469.98
11858,4230,28,89,405.33
11859,4230,181,760,179.18
11860,4230,153,80,527.29
11861,4231,173,31,385.18
11862,4231,48,1421,636.35
11863,4231,93,10,165.51
11864,4232,4,14,528.31
11865,4232,157,75,699.54
11866,4232,24,270,220.86
11867,4233,155,367,291.19
11868,4233,150,251,335.05
11869,4233,8,14,523.27
11870,4233,115,118,309.53
11871,4234,17,962,292.27
11872,4234,137,197,284.19
11873,4235,174,289,314.93
11874,4235,96,248,574.56
11875,4236,65,117,436.12
11876,4237,54,1401,646.72
11877,4237,158,13,43.97
11878,4237,162,298,405.48
11879,4238,165,12,64.9
11880,4239,51,7,589.33
11881,4239,62,13,413.09
11882,4239,44,884,379.13
11883,4240,42,147,39.85
11884,4240,35,60,225.57
11885,4240,102,35,547.03
11886,4241,84,190,343.2
11887,4241,100,17,462.71
11888,4241,36,29,334.71
11889,4242,165,808,75.47
11890,4242,184,108,287.76
11891,4242,163,17,516.86
11892,4242,66,49,626.08
11893,4242,75,105,229.9
11894,4243,121,59,189.58
11895,4244,153,9,528.66
11896,4244,101,6,27.12
11897,4244,94,401,477.44
11898,4244,67,534,189.33
11899,4245,37,40,559.6
11900,4245,21,1316,191.58
11901,4245,182,10,626.61
11902,4245,6,1091,667.55
11903,4246,39,6,60.76
11904,4246,40,542,55.04
11905,4246,157,872,642.06
11906,4247,83,135,179.16
11907,4247,157,324,663.88
11908,4247,161,93,283.52
11909,4247,154,269,68.83
11910,4247,22,29,98.78
11911,4247,174,50,321.25
11912,4248,105,129,488.77
11913,4248,71,8,174.49
11914,4249,106,8,55.91
11915,4250,188,906,260.69
11916,4250,194,12,205.78
11917,4250,160,12,78.62
11918,4250,4,7,711.04
11919,4250,168,52,542.11
11920,4250,128,149,444.55
11921,4250,137,59,346.42
11922,4251,35,27,214.87
11923,4251,170,94,196.25
11924,4252,147,522,61.16
11925,4252,189,410,544.06
11926,4252,63,9,617.89
11927,4253,16,217,478.36
11928,4253,114,31,345.35
11929,4253,17,40,281.93
11930,4254,74,1132,249.33
11931,4254,46,307,131.89
11932,4254,138,6,448.42
11933,4254,117,14,209.78
11934,4254,82,118,347.5
11935,4255,89,14,69.14
11936,4255,71,433,172.02
11937,4256,59,276,604.56
11938,4257,16,14,523.91
11939,4258,147,11,63.22
11940,4258,49,13,446.1
11941,4259,129,128,710.87
11942,4259,25,590,200.09
11943,4259,22,1175,92.9
11944,4259,93,231,152.67
11945,4259,189,1348,585.67
11946,4259,190,30,207.29
11947,4259,200,22,54.53
11948,4260,67,131,200.84
11949,4260,134,22,146.58
11950,4260,20,6,404.48
11951,4261,44,158,297.43
11952,4261,84,342,378.49
11953,4261,13,15,209.78
11954,4262,188,250,202.45
11955,4262,47,8,438.18
11956,4262,138,968,488.22
11957,4263,73,14,179.8
11958,4263,64,240,511.02
11959,4264,50,358,36.49
11960,4264,37,11,585.89
11961,4264,179,570,244.94
11962,4264,71,61,140.84
11963,4264,75,217,242.26
11964,4265,70,12,511.93
11965,4265,188,9,264.22
11966,4265,189,15,648.75
11967,4266,150,30,418.07
11968,4266,63,72,542.15
11969,4267,56,356,469.15
11970,4267,74,1092,218.49
11971,4268,172,160,66.1
11972,4268,2,43,630.6
11973,4269,143,197,464.7
11974,4269,196,29,53.42
11975,4269,10,5,538.67
11976,4269,31,11,373.58
11977,4270,166,289,37.62
11978,4271,176,10,436.54
11979,4271,59,109,635.19
11980,4271,196,71,43.75
11981,4271,100,243,379.65
11982,4272,145,11,628.34
11983,4272,181,87,180.38
11984,4273,3,597,418.1
11985,4273,200,6,51.66
11986,4273,63,101,482.29
11987,4273,54,13,696.75
11988,4274,158,730,46.79
11989,4274,61,13,613.1
11990,4274,72,584,380.12
11991,4274,28,6,470.59
11992,4275,1,71,292.99
11993,4275,180,873,440.65
11994,4275,155,727,245.18
11995,4275,139,12,230.92
11996,4275,145,10,478.86
11997,4276,34,51,93.34
11998,4276,165,26,68.56
11999,4276,142,38,721.46
12000,4277,65,13,438.6
12001,4277,154,153,64.89
12002,4277,172,216,73.67
12003,4277,187,21,536.0
12004,4277,86,9,392.63
12005,4278,108,59,281.21
12006,4279,19,28,558.29
12007,4279,90,25,53.42
12008,4279,33,11,371.43
12009,4279,159,1210,274.98
12010,4280,162,8,379.47
12011,4280,86,128,432.9
12012,4280,57,57,496.18
12013,4281,175,27,369.36
12014,4281,17,1220,306.94
12015,4281,143,25,541.63
12016,4281,161,740,221.2
12017,4281,104,6,71.69
12018,4282,167,125,474.45
12019,4282,183,34,337.9
12020,4282,26,46,530.4
12021,4282,99,60,226.71
12022,4282,37,619,523.8
12023,4283,17,29,267.93
12024,4283,148,45,339.51
12025,4283,119,1026,621.78
12026,4283,197,13,379.58
12027,4283,70,457,488.13
12028,4283,103,20,775.26
12029,4283,96,1290,459.72
12030,4283,101,270,28.32
12031,4284,45,216,411.28
12032,4284,137,57,266.42
12033,4285,64,163,495.46
12034,4285,17,1056,249.35
12035,4285,157,68,545.17
12036,4285,6,285,642.6
12037,4286,14,100,716.64
12038,4287,13,1008,209.63
12039,4287,47,1191,487.12
12040,4287,91,111,291.2
12041,4287,193,27,386.6
12042,4287,105,500,436.76
12043,4287,60,992,69.79
12044,4287,122,77,250.15
12045,4288,1,1322,306.54
12046,4288,134,15,169.95
12047,4288,93,65,175.86
12048,4288,43,506,616.16
12049,4289,41,559,152.53
12050,4289,197,97,367.82
12051,4290,79,192,219.45
12052,4290,27,101,166.35
12053,4290,188,21,226.35
12054,4290,179,548,209.36
12055,4291,102,24,551.89
12056,4291,113,172,742.41
12057,4291,177,432,380.17
12058,4292,104,96,64.83
12059,4292,146,299,457.9
12060,4293,196,836,41.6
12061,4293,90,141,58.41
12062,4293,86,146,354.9
12063,4294,153,1342,404.06
12064,4294,89,748,80.08
12065,4294,59,11,682.17
12066,4294,41,713,160.49
12067,4294,27,38,176.95
12068,4294,139,23,210.32
12069,4294,148,100,412.31
12070,4295,45,272,361.39
12071,4295,94,125,582.95
12072,4295,22,117,99.12
12073,4296,199,116,680.24
12074,4297,173,11,431.57
12075,4298,28,1382,472.41
12076,4298,64,71,448.25
12077,4298,168,540,597.62
12078,4299,13,40,207.36
12079,4300,162,929,363.57
12080,4300,15,144,695.58
12081,4300,3,204,366.46
12082,4300,190,73,224.49
12083,4301,83,82,174.7
12084,4301,185,110,284.02
12085,4302,8,53,523.92
12086,4302,161,374,273.09
12087,4303,122,9,217.11
12088,4304,169,552,52.76
12089,4304,49,28,456.99
12090,4305,162,888,360.07
12091,4305,15,614,656.1
12092,4305,111,140,619.43
12093,4305,178,450,397.82
12094,4305,12,69,146.31
12095,4306,1,108,255.3
12096,4306,89,6,72.31
12097,4306,9,144,592.02
12098,4306,166,11,36.98
12099,4306,16,221,548.84
12100,4307,143,553,549.69
12101,4307,123,808,623.04
12102,4307,2,124,723.2
12103,4307,192,24,498.57
12104,4308,10,383,508.11
12105,4308,163,109,534.55
12106,4309,90,1098,49.53
12107,4310,59,229,610.59
12108,4311,121,913,151.87
12109,4312,64,13,473.76
12110,4312,88,14,682.8
12111,4312,146,1317,551.7
12112,4313,32,134,531.88
12113,4313,88,29,663.25
12114,4314,39,532,50.48
12115,4314,30,509,303.92
12116,4314,74,49,219.15
12117,4314,180,627,412.28
12118,4314,84,18,363.76
12119,4315,83,23,181.87
12120,4315,97,269,73.81
12121,4315,142,758,588.09
12122,4316,169,11,45.23
12123,4316,8,51,470.42
12124,4317,25,148,232.24
12125,4318,150,11,368.54
12126,4318,24,120,190.8
12127,4319,134,41,142.83
12128,4319,133,53,218.15
12129,4319,54,555,705.18
12130,4319,157,435,622.58
12131,4320,89,861,67.71
12132,4320,178,160,399.14
12133,4320,64,444,506.16
12134,4320,84,217,318.94
12135,4320,193,390,390.99
12136,4320,36,298,316.0
12137,4321,144,582,505.24
12138,4321,156,11,709.36
12139,4321,40,1311,61.04
12140,4322,186,10,592.25
12141,4322,110,489,633.26
12142,4322,49,661,398.36
12143,4323,129,291,675.31
12144,4323,59,16,665.6
12145,4323,50,15,31.52
12146,4324,153,459,477.88
12147,4324,140,40,141.71
12148,4325,4,819,590.08
12149,4325,115,209,280.48
12150,4325,87,23,493.55
12151,4326,115,296,321.23
12152,4326,9,149,521.99
12153,4326,199,30,536.65
12154,4327,39,85,62.6
12155,4327,144,88,643.65
12156,4327,41,108,160.33
12157,4328,92,12,173.15
12158,4329,41,1125,133.3
12159,4329,149,500,554.9
12160,4330,92,67,191.07
12161,4330,130,23,22.44
12162,4331,182,70,643.28
12163,4331,129,115,724.87
12164,4332,96,51,537.79
12165,4332,125,277,687.47
12166,4333,94,80,479.8
12167,4333,13,34,238.9
12168,4333,178,15,509.09
12169,4334,5,698,530.5
12170,4334,168,17,476.19
12171,4334,10,487,692.17
12172,4334,7,114,677.73
12173,4335,72,65,333.11
12174,4335,160,1197,93.33
12175,4336,109,14,445.39
12176,4336,194,61,196.41
12177,4336,10,429,608.41
12178,4336,184,1004,267.25
12179,4336,173,113,400.55
12180,4337,43,7,662.73
12181,4337,121,1499,143.85
12182,4337,8,316,513.41
12183,4337,22,50,91.2
12184,4337,143,135,620.39
12185,4337,146,1267,567.39
12186,4338,150,12,328.64
12187,4338,74,13,246.48
12188,4338,157,16,649.27
12189,4339,42,78,41.12
12190,4340,94,27,603.53
12191,4340,99,293,239.75
12192,4340,147,73,61.81
12193,4341,75,13,252.58
12194,4341,36,27,306.34
12195,4341,14,677,688.08
12196,4341,85,28,622.71
12197,4341,5,131,449.64
12198,4341,42,136,48.86
12199,4341,74,141,259.82
12200,4342,176,1146,488.04
12201,4342,186,87,546.97
12202,4343,134,318,180.03
12203,4343,140,504,116.45
12204,4344,56,125,416.21
12205,4345,146,29,534.35
12206,4345,44,243,363.85
12207,4345,54,74,690.85
12208,4346,25,19,232.99
12209,4346,42,251,48.57
12210,4347,137,51,310.85
12211,4347,108,452,264.83
12212,4348,196,10,42.18
12213,4348,1,435,311.39
12214,4348,117,24,265.41
12215,4349,141,217,369.84
12216,4350,190,123,279.57
12217,4351,69,14,288.89
12218,4352,43,141,619.26
12219,4353,132,45,640.34
12220,4353,153,44,437.38
12221,4354,116,58,524.8
12222,4355,33,50,333.74
12223,4355,87,254,539.68
12224,4356,17,1071,244.88
12225,4356,21,665,204.31
12226,4356,93,698,170.85
12227,4356,79,142,227.97
12228,4357,44,58,380.16
12229,4357,88,1001,574.45
12230,4358,40,7,55.66
12231,4358,108,601,327.02
12232,4359,144,823,590.32
12233,4359,7,662,701.11
12234,4360,51,845,443.99
12235,4360,54,210,643.11
12236,4361,22,933,79.47
12237,4361,14,7,649.61
12238,4361,176,92,579.55
12239,4361,154,1144,71.53
12240,4361,115,37,365.03
12241,4362,20,1050,473.48
12242,4362,141,112,342.86
12243,4362,149,66,474.64
12244,4363,138,368,497.74
12245,4363,43,42,686.53
12246,4364,199,689,556.7
12247,4365,109,11,474.34
12248,4365,113,8,686.1
12249,4366,45,1462,412.56
12250,4366,188,389,190.98
12251,4366,125,13,520.26
12252,4367,107,310,640.87
12253,4367,61,5,620.44
12254,4368,140,120,144.12
12255,4368,95,27,109.28
12256,4368,88,27,684.6
12257,4369,65,89,490.34
12258,4369,5,52,458.58
12259,4369,27,832,170.39
12260,4369,74,8,226.56
12261,4369,126,286,522.26
12262,4370,170,25,209.58
12263,4371,26,20,536.06
12264,4371,197,25,372.69
12265,4371,18,11,1.98
12266,4372,27,60,206.13
12267,4372,124,223,581.44
12268,4372,58,98,353.38
12269,4373,98,28,407.19
12270,4374,46,29,144.43
12271,4374,83,111,172.56
12272,4374,145,281,583.25
12273,4374,88,268,737.74
12274,4375,40,54,64.83
12275,4376,101,220,31.36
12276,4376,185,27,272.09
12277,4377,79,285,221.12
12278,4378,44,53,347.85
12279,4379,71,85,177.44
12280,4379,184,57,298.53
12281,4380,36,999,263.93
12282,4381,89,98,79.12
12283,4381,80,6,78.22
12284,4381,51,1157,521.82
12285,4381,84,177,362.19
12286,4381,79,17,231.65
12287,4382,125,526,555.0
12288,4383,183,146,302.95
12289,4383,176,8,460.7
12290,4383,104,14,66.04
12291,4384,32,505,560.32
12292,4384,39,533,47.07
12293,4384,68,66,457.89
12294,4385,175,50,307.28
12295,4386,98,521,408.54
12296,4386,83,19,156.11
12297,4386,77,31,128.17
12298,4386,85,140,593.38
12299,4387,31,275,388.45
12300,4388,151,9,642.15
12301,4388,16,14,535.07
12302,4389,33,5,327.9
12303,4389,69,72,337.79
12304,4389,8,21,523.32
12305,4389,131,27,512.56
12306,4389,144,642,657.22
12307,4389,56,498,412.9
12308,4389,162,17,457.57
12309,4390,93,99,172.78
12310,4391,85,254,586.17
12311,4391,62,7,397.91
12312,4391,104,1026,67.33
12313,4391,59,245,654.86
12314,4391,156,26,649.71
12315,4391,114,29,340.07
12316,4392,87,61,541.8
12317,4393,3,81,345.87
12318,4393,14,219,655.99
12319,4393,178,493,441.99
12320,4393,50,23,35.76
12321,4393,8,70,512.56
12322,4393,162,28,428.32
12323,4393,95,597,104.57
12324,4394,63,625,640.7
12325,4394,172,8,75.99
12326,4394,159,1137,249.32
12327,4394,5,10,424.46
12328,4395,26,120,481.89
12329,4395,185,109,255.44
12330,4396,17,266,257.13
12331,4396,4,7,603.76
12332,4396,152,21,702.43
12333,4396,130,664,25.16
12334,4396,33,281,306.41
12335,4396,16,691,581.45
12336,4396,76,97,85.45
12337,4397,165,370,73.53
12338,4397,111,23,648.58
12339,4398,158,663,39.91
12340,4398,135,616,123.51
12341,4398,12,93,119.28
12342,4398,53,11,139.67
12343,4398,36,28,260.99
12344,4398,165,709,70.88
12345,4398,173,286,397.42
12346,4398,114,651,348.53
12347,4399,87,13,597.2
12348,4399,12,1216,133.07
12349,4399,175,594,320.88
12350,4399,137,11,291.82
12351,4400,115,135,273.14
12352,4400,72,296,342.77
12353,4400,131,17,508.08
12354,4401,174,1182,318.75
12355,4402,28,72,428.95
12356,4402,70,19,550.87
12357,4402,182,11,599.9
12358,4403,176,105,435.56
12359,4403,3,1408,396.0
12360,4404,139,182,181.0
12361,4404,152,104,644.64
12362,4405,71,517,153.7
12363,4405,62,872,417.63
12364,4406,197,14,423.43
12365,4406,47,227,401.41
12366,4406,166,122,40.89
12367,4407,93,147,174.49
12368,4407,18,15,1.71
12369,4407,119,465,619.44
12370,4407,68,47,463.48
12371,4407,126,1157,518.44
12372,4408,167,8,456.66
12373,4408,2,273,755.34
12374,4408,56,8,423.52
12375,4408,62,1462,432.59
12376,4408,92,260,168.25
12377,4409,93,501,156.19
12378,4410,52,228,649.34
12379,4410,193,26,376.96
12380,4410,179,293,229.76
12381,4411,163,36,525.96
12382,4411,87,255,458.27
12383,4411,178,18,548.23
12384,4411,125,62,546.73
12385,4411,97,945,95.8
12386,4411,61,484,636.17
12387,4411,167,62,456.63
12388,4412,137,14,330.9
12389,4412,187,193,590.25
12390,4413,99,296,255.67
12391,4413,168,57,462.23
12392,4414,88,332,597.8
12393,4414,98,131,326.77
12394,4414,125,575,675.42
12395,4414,196,1013,45.24
12396,4415,31,282,333.45
12397,4415,196,69,46.89
12398,4415,118,53,486.04
12399,4416,196,66,47.1
12400,4416,29,215,153.99
12401,4417,119,288,669.5
12402,4417,81,225,644.31
12403,4418,4,286,629.84
12404,4418,16,1400,426.5
12405,4418,40,826,51.44
12406,4418,95,40,114.84
12407,4418,28,614,387.22
12408,4418,136,11,311.53
12409,4419,106,11,62.65
12410,4420,136,1453,391.02
12411,4421,190,562,241.17
12412,4421,153,29,425.13
12413,4422,51,23,446.76
12414,4423,40,411,49.06
12415,4423,53,25,149.08
12416,4423,44,13,284.64
12417,4423,139,62,199.75
12418,4424,69,1355,355.79
12419,4425,41,467,124.69
12420,4425,65,1465,436.45
12421,4425,117,1235,231.33
12422,4426,156,1289,597.47
12423,4426,149,27,593.13
12424,4426,6,10,699.36
12425,4427,197,122,424.38
12426,4428,142,26,698.41
12427,4429,189,36,601.95
12428,4430,126,19,424.08
12429,4430,75,343,231.04
12430,4430,81,1113,737.03
12431,4431,138,13,391.25
12432,4431,89,1437,79.13
12433,4431,107,12,689.69
12434,4431,75,148,247.87
12435,4432,46,720,174.74
12436,4432,116,1273,485.89
12437,4432,156,15,658.88
12438,4432,13,39,219.48
12439,4432,100,15,388.22
12440,4433,107,634,628.44
12441,4433,47,11,461.19
12442,4433,95,624,118.98
12443,4433,58,381,371.96
12444,4433,9,25,512.23
12445,4434,72,33,347.26
12446,4434,38,20,573.54
12447,4434,168,289,566.74
12448,4434,16,879,437.71
12449,4435,178,254,503.04
12450,4436,170,40,192.41
12451,4436,157,1484,542.57
12452,4437,181,28,227.81
12453,4438,144,30,568.43
12454,4438,143,502,502.65
12455,4438,108,12,282.93
12456,4438,150,260,386.8
12457,4439,47,5,396.46
12458,4439,16,102,433.71
12459,4440,13,11,216.01
12460,4441,44,7,377.62
12461,4441,29,1422,167.8
12462,4441,198,8,242.18
12463,4442,129,269,639.99
12464,4443,15,1308,638.8
12465,4443,21,391,187.97
12466,4444,174,71,290.77
12467,4444,94,11,634.43
12468,4445,170,33,259.29
12469,4446,191,29,165.27
12470,4446,14,19,687.31
12471,4446,93,283,152.02
12472,4446,141,65,381.29
12473,4446,170,15,200.47
12474,4447,101,8,25.37
12475,4447,104,51,64.31
12476,4448,158,36,51.12
12477,4448,6,15,655.04
12478,4448,4,11,664.11
12479,4448,28,465,485.39
12480,4448,191,61,129.94
12481,4449,158,27,47.07
12482,4449,56,9,534.72
12483,4450,199,78,578.76
12484,4450,90,252,65.22
12485,4451,61,750,489.65
12486,4452,132,12,588.51
12487,4452,29,741,181.85
12488,4452,93,102,146.45
12489,4453,168,214,579.7
12490,4453,184,698,316.77
12491,4453,163,21,570.09
12492,4454,166,602,37.11
12493,4454,26,137,477.08
12494,4454,134,349,162.56
12495,4455,163,309,495.35
12496,4455,75,563,242.97
12497,4456,145,172,516.38
12498,4456,59,712,547.36
12499,4456,39,410,58.82
12500,4457,176,11,490.93
12501,4457,36,14,328.52
12502,4458,191,105,150.73
12503,4458,36,543,334.98
12504,4459,77,494,127.55
12505,4459,121,268,190.06
12506,4459,108,177,318.46
12507,4459,10,183,686.02
12508,4460,51,229,532.51
12509,4460,183,280,298.07
12510,4461,199,63,618.53
12511,4461,40,8,58.89
12512,4462,92,411,202.26
12513,4462,43,747,568.08
12514,4462,91,36,303.97
12515,4463,17,17,233.11
12516,4463,187,61,527.89
12517,4463,50,148,30.34
12518,4463,19,37,558.43
12519,4464,48,455,581.26
12520,4465,115,12,300.35
12521,4465,199,19,581.03
12522,4465,177,16,444.6
12523,4466,101,617,30.05
12524,4466,1,382,294.3
12525,4467,31,123,286.6
12526,4467,109,58,487.46
12527,4467,1,40,338.09
12528,4468,104,1459,61.65
12529,4468,31,172,296.92
12530,4468,166,14,45.74
12531,4468,195,284,270.47
12532,4468,189,10,633.36
12533,4469,123,15,671.29
12534,4469,24,146,179.29
12535,4470,27,6,212.36
12536,4470,53,57,175.37
12537,4470,193,478,359.2
12538,4471,99,142,186.39
12539,4472,143,486,539.43
12540,4472,180,13,413.81
12541,4473,172,281,77.99
12542,4473,87,839,502.75
12543,4473,110,546,702.79
12544,4474,193,19,396.35
12545,4474,69,11,291.81
12546,4475,27,692,188.63
12547,4475,87,64,579.49
12548,4475,51,66,440.4
12549,4475,161,13,214.23
12550,4476,90,335,65.2
12551,4476,199,251,548.29
12552,4477,159,101,322.96
12553,4478,141,6,405.39
12554,4478,187,24,542.09
12555,4478,59,104,734.46
12556,4479,17,1427,231.6
12557,4479,169,258,47.54
12558,4480,38,644,459.6
12559,4481,150,913,305.97
12560,4481,79,10,221.19
12561,4481,33,23,269.68
12562,4482,30,17,267.71
12563,4482,86,20,418.55
12564,4482,80,529,76.45
12565,4483,86,199,322.81
12566,4484,48,18,718.19
12567,4484,176,46,456.84
12568,4484,67,24,198.33
12569,4484,173,60,371.91
12570,4484,72,11,370.07
12571,4484,39,730,59.68
12572,4484,180,25,362.55
12573,4485,97,228,87.22
12574,4485,184,107,265.74
12575,4486,8,129,485.37
12576,4487,176,264,522.08
12577,4487,148,7,421.45
12578,4487,51,57,508.97
12579,4487,6,88,577.56
12580,4488,143,14,495.58
12581,4488,34,37,77.8
12582,4489,24,20,224.93
12583,4489,79,8,219.92
12584,4490,92,65,184.96
12585,4491,194,6,186.07
12586,4491,109,16,478.71
12587,4491,31,114,391.85
12588,4491,165,133,77.78
12589,4491,188,635,219.86
12590,4492,37,693,587.9
12591,4492,95,90,108.68
12592,4492,23,9,591.78
12593,4493,132,58,542.31
12594,4494,69,45,309.91
12595,4495,116,72,586.99
12596,4496,168,11,620.86
12597,4496,177,1453,428.86
12598,4496,45,15,366.55
12599,4497,182,568,524.89
12600,4497,159,138,287.12
12601,4497,1,14,314.89
12602,4498,108,40,240.38
12603,4498,44,28,362.62
12604,4498,156,9,612.08
12605,4498,194,139,160.37
12606,4499,128,61,405.85
12607,4500,74,716,259.15
12608,4500,130,6,29.42
12609,4500,6,556,760.11
12610,4501,76,1361,90.88
12611,4501,127,8,305.85
12612,4501,67,596,207.21
12613,4501,184,19,292.0
12614,4502,8,129,520.43
12615,4502,76,21,74.16
12616,4502,82,1062,442.57
12617,4503,164,12,531.64
12618,4503,5,1095,490.15
12619,4503,124,239,633.73
12620,4503,176,9,425.81
12621,4504,57,586,556.94
12622,4504,198,80,183.54
12623,4505,166,56,36.05
12624,4505,159,14,292.54
12625,4506,16,72,582.78
12626,4506,120,525,538.31
12627,4506,63,1080,595.93
12628,4506,62,10,483.68
12629,4506,146,740,533.61
12630,4507,148,442,365.27
12631,4507,17,88,284.37
12632,4507,66,73,487.34
12633,4508,13,10,202.33
12634,4508,11,73,186.92
12635,4508,150,10,421.2
12636,4509,32,11,568.91
12637,4509,70,70,486.31
12638,4509,165,10,77.54
12639,4510,188,40,247.45
12640,4510,125,10,646.11
12641,4511,182,232,595.73
12642,4511,102,64,629.09
12643,4512,147,279,74.27
12644,4512,14,345,707.23
12645,4512,200,173,55.69
12646,4513,19,22,434.61
12647,4513,149,56,484.7
12648,4513,24,794,200.93
12649,4514,67,108,189.49
12650,4514,172,140,76.44
12651,4515,153,51,422.29
12652,4516,96,233,587.47
12653,4516,33,779,273.45
12654,4517,90,37,52.92
12655,4517,192,8,596.39
12656,4517,75,26,241.94
12657,4518,105,11,469.72
12658,4518,90,255,64.26
12659,4519,51,692,602.9
12660,4519,102,27,646.05
12661,4520,111,359,600.44
12662,4520,130,12,21.39
12663,4520,125,679,569.01
12664,4520,143,153,470.35
12665,4521,85,30,587.86
12666,4522,136,695,364.76
12667,4523,181,116,212.09
12668,4523,8,24,426.57
12669,4524,111,29,645.87
12670,4524,23,318,666.95
12671,4524,33,560,316.77
12672,4524,71,118,171.63
12673,4524,13,227,225.54
12674,4524,80,557,97.91
12675,4525,194,224,185.67
12676,4525,31,674,331.78
12677,4525,183,1497,324.84
12678,4526,194,95,157.59
12679,4526,181,458,197.22
12680,4526,166,269,46.34
12681,4527,46,52,141.41
12682,4527,150,17,350.34
12683,4527,88,31,655.89
12684,4527,194,110,195.8
12685,4527,181,89,209.56
12686,4528,108,253,249.49
12687,4528,187,172,474.96
12688,4529,79,50,202.0
12689,4529,97,8,80.44
12690,4529,179,929,199.84
12691,4529,63,718,598.8
12692,4530,32,106,478.95
12693,4530,157,8,673.37
12694,4530,10,73,530.14
12695,4530,23,14,571.71
12696,4530,46,6,144.44
12697,4531,15,81,590.5
12698,4531,89,11,74.45
12699,4532,5,12,479.99
12700,4532,119,96,597.48
12701,4532,96,28,549.99
12702,4533,135,260,137.89
12703,4533,3,1333,404.63
12704,4533,110,197,676.89
12705,4534,159,734,275.8
12706,4534,174,29,334.4
12707,4534,21,21,215.76
12708,4535,25,110,229.68
12709,4535,49,200,526.92
12710,4536,46,27,155.26
12711,4537,116,36,464.14
12712,4537,5,64,499.07
12713,4538,53,203,170.84
12714,4539,46,643,132.31
12715,4539,130,48,23.4
12716,4539,157,209,523.96
12717,4539,114,13,294.47
12718,4540,105,12,462.57
12719,4540,112,295,398.2
12720,4540,176,296,535.49
12721,4541,29,73,146.67
12722,4542,174,6,335.41
12723,4542,76,66,77.64
12724,4543,197,134,311.85
12725,4543,52,959,541.86
12726,4543,51,10,511.24
12727,4543,88,25,668.8
12728,4543,157,11,624.92
12729,4544,51,9,510.18
12730,4544,16,55,529.43
12731,4545,38,44,521.46
12732,4545,184,63,277.16
12733,4545,123,917,605.12
12734,4545,174,1426,247.91
12735,4546,37,1272,554.94
12736,4546,144,112,548.98
12737,4547,187,14,476.21
12738,4547,56,19,464.3
12739,4547,11,7,211.63
12740,4548,16,275,465.01
12741,4548,54,128,563.24
12742,4549,133,75,219.67
12743,4549,167,1419,418.44
12744,4549,159,6,297.03
12745,4549,127,265,300.86
12746,4549,50,67,36.12
12747,4549,200,58,52.07
12748,4549,20,7,476.7
12749,4550,140,70,128.01
12750,4550,20,6,465.57
12751,4551,198,127,246.42
12752,4552,85,672,481.75
12753,4552,166,164,45.19
12754,4552,113,742,627.07
12755,4552,117,331,233.83
12756,4553,144,35,577.46
12757,4553,92,13,225.8
12758,4553,140,14,137.94
12759,4553,169,88,54.64
12760,4553,38,684,506.81
12761,4554,22,303,80.9
12762,4554,105,419,381.47
12763,4555,170,843,253.49
12764,4555,187,64,499.15
12765,4556,132,9,664.43
12766,4556,115,68,360.34
12767,4556,178,642,484.16
12768,4556,161,1127,259.63
12769,4556,14,13,604.59
12770,4556,135,19,135.15
12771,4556,138,672,473.2
12772,4557,46,143,138.11
12773,4557,113,451,615.82
12774,4557,22,1143,100.43
12775,4558,106,153,66.39
12776,4559,110,14,664.79
12777,4560,191,637,156.7
12778,4560,17,808,291.08
12779,4560,44,653,330.82
12780,4560,38,811,589.27
12781,4560,28,50,523.37
12782,4561,196,12,43.2
12783,4561,166,11,38.35
12784,4561,105,710,450.85
12785,4561,147,531,58.4
12786,4561,130,120,22.7
12787,4562,78,52,694.4
12788,4562,21,27,182.49
12789,4562,82,45,330.95
12790,4562,193,207,431.22
12791,4563,29,399,157.27
12792,4563,7,124,651.93
12793,4564,28,256,417.27
12794,4564,180,8,347.25
12795,4564,74,1272,288.55
12796,4565,26,435,600.1
12797,4565,155,757,270.08
12798,4565,79,14,195.48
12799,4565,174,220,254.29
12800,4565,197,816,305.67
12801,4566,38,10,551.24
12802,4566,72,8,275.17
12803,4566,18,1112,1.64
12804,4566,26,286,576.63
12805,4567,103,190,637.16
12806,4567,43,53,619.16
12807,4568,184,69,258.94
12808,4568,155,249,279.76
12809,4568,152,836,555.41
12810,4568,82,15,431.88
12811,4569,167,284,483.35
12812,4569,119,1039,528.35
12813,4569,41,88,151.15
12814,4570,132,56,554.61
12815,4571,14,403,722.3
12816,4571,146,782,436.39
12817,4572,60,717,81.13
12818,4573,170,11,197.48
12819,4574,36,145,269.46
12820,4575,105,182,443.33
12821,4575,132,98,691.57
12822,4575,77,62,112.15
12823,4576,62,1312,407.8
12824,4576,147,11,61.99
12825,4577,198,14,209.06
12826,4577,169,8,43.7
12827,4577,103,1393,623.32
12828,4578,66,881,589.45
12829,4578,186,32,490.74
12830,4578,193,5,414.23
12831,4578,170,222,192.63
12832,4579,163,13,624.76
12833,4579,10,1127,671.43
12834,4580,143,60,492.73
12835,4581,79,63,236.14
12836,4581,71,901,168.16
12837,4581,110,216,562.86
12838,4582,17,378,276.51
12839,4582,79,1489,208.93
12840,4583,169,146,43.42
12841,4583,87,112,611.91
12842,4583,163,30,525.1
12843,4584,184,27,239.69
12844,4584,41,587,164.09
12845,4584,114,12,314.61
12846,4585,175,12,406.91
12847,4585,4,121,718.15
12848,4585,84,1004,385.67
12849,4586,32,534,483.04
12850,4586,199,367,514.48
12851,4586,115,28,287.14
12852,4586,158,64,46.5
12853,4586,194,505,201.02
12854,4586,138,251,405.05
12855,4587,118,11,532.75
12856,4588,83,10,157.37
12857,4588,119,6,665.05
12858,4589,31,107,376.82
12859,4590,86,6,383.9
12860,4590,55,148,98.0
12861,4590,107,98,498.64
12862,4591,136,13,339.67
12863,4591,160,10,73.66
12864,4592,102,726,659.41
12865,4592,138,253,400.62
12866,4592,168,844,475.32
12867,4592,84,158,328.39
12868,4593,142,15,773.76
12869,4593,109,44,453.11
12870,4593,60,96,75.39
12871,4594,157,70,568.36
12872,4594,170,14,220.68
12873,4594,1,748,313.72
12874,4595,92,16,228.67
12875,4596,82,1122,415.87
12876,4596,38,258,538.75
12877,4596,197,91,356.34
12878,4596,78,1070,563.8
12879,4596,36,106,294.09
12880,4596,109,9,496.77
12881,4596,155,31,232.55
12882,4597,182,59,546.1
12883,4597,165,293,76.17
12884,4597,109,7,392.9
12885,4598,62,14,391.39
12886,4599,193,981,362.64
12887,4599,164,10,503.89
12888,4600,79,10,220.88
12889,4600,157,44,644.58
12890,4601,75,6,205.27
12891,4601,60,7,78.17
12892,4601,39,14,58.64
12893,4602,89,7,67.74
12894,4602,70,27,524.06
12895,4603,65,23,430.92
12896,4603,125,26,619.94
12897,4604,183,26,336.19
12898,4604,81,58,603.98
12899,4604,164,176,501.55
12900,4604,180,56,429.64
12901,4604,123,91,676.18
12902,4605,54,62,632.57
12903,4606,144,40,564.39
12904,4606,57,12,548.49
12905,4606,68,205,390.64
12906,4606,135,67,110.32
12907,4607,150,369,311.81
12908,4607,121,29,186.31
12909,4608,156,226,714.0
12910,4609,11,167,188.1
12911,4610,63,14,534.44
12912,4610,184,600,316.78
12913,4610,189,28,561.4
12914,4611,179,12,256.91
12915,4612,24,297,210.44
12916,4612,81,671,631.1
12917,4613,51,51,477.15
12918,4613,98,61,385.57
12919,4613,196,177,41.3
12920,4614,9,707,566.07
12921,4615,82,18,417.95
12922,4616,20,1006,411.03
12923,4616,189,50,611.91
12924,4616,50,11,39.07
12925,4617,120,116,518.94
12926,4617,20,14,428.24
12927,4617,136,92,390.35
12928,4617,36,43,295.6
12929,4617,153,15,532.27
12930,4618,134,5,145.29
12931,4618,113,18,559.18
12932,4619,17,70,260.53
12933,4620,62,473,507.54
12934,4620,104,832,73.67
12935,4620,80,44,81.03
12936,4621,184,206,259.03
12937,4621,44,66,362.47
12938,4621,34,37,80.02
12939,4621,132,1076,536.88
12940,4622,119,70,653.84
12941,4622,60,37,60.12
12942,4622,103,381,606.06
12943,4622,50,106,33.16
12944,4622,39,5,45.73
12945,4623,12,87,142.08
12946,4623,76,94,72.29
12947,4624,57,53,424.13
12948,4625,72,20,324.78
12949,4625,106,6,53.4
12950,4625,149,130,458.73
12951,4625,178,29,522.2
12952,4625,27,493,217.56
12953,4625,122,739,198.49
12954,4626,89,284,75.56
12955,4626,169,897,43.77
12956,4627,181,12,180.21
12957,4627,36,28,288.36
12958,4628,169,145,40.42
12959,4628,126,13,502.38
12960,4629,200,284,50.81
12961,4629,186,154,580.84
12962,4629,88,210,618.65
12963,4630,24,187,191.98
12964,4630,145,27,486.19
12965,4630,131,57,561.65
12966,4631,99,11,214.53
12967,4632,36,222,336.81
12968,4632,156,1075,611.4
12969,4632,3,339,457.63
12970,4632,13,13,236.38
12971,4632,131,28,498.95
12972,4633,138,27,414.47
12973,4634,63,178,632.61
12974,4635,51,53,526.75
12975,4636,16,30,463.77
12976,4636,147,74,72.09
12977,4637,199,8,669.99
12978,4638,188,688,224.74
12979,4638,128,69,386.63
12980,4639,172,27,65.91
12981,4639,157,505,609.99
12982,4640,199,144,679.2
12983,4640,165,10,62.49
12984,4640,196,63,50.79
12985,4640,41,672,125.66
12986,4640,171,30,620.93
12987,4641,32,46,596.9
12988,4641,82,74,354.86
12989,4642,13,26,239.32
12990,4642,117,529,250.6
12991,4643,107,618,687.79
12992,4643,162,13,393.46
12993,4643,85,58,603.71
12994,4644,90,6,49.73
12995,4644,5,12,449.15
12996,4644,35,1374,252.65
12997,4644,178,18,475.22
12998,4645,198,10,182.97
12999,4646,167,1403,479.14
13000,4647,167,236,508.26
13001,4647,38,75,473.16
13002,4647,97,632,76.55
13003,4647,117,19,208.89
13004,4647,66,14,476.38
13005,4647,112,497,340.12
13006,4648,78,262,621.65
13007,4648,141,16,364.44
13008,4648,74,1430,280.79
13009,4648,3,146,453.7
13010,4649,35,65,195.44
13011,4649,129,742,604.98
13012,4649,19,67,427.45
13013,4650,137,989,304.27
13014,4650,181,646,206.72
13015,4650,68,17,439.69
13016,4650,74,161,258.92
13017,4650,62,133,498.12
13018,4651,148,55,397.75
13019,4651,100,1380,421.3
13020,4651,94,1179,566.92
13021,4652,61,1317,474.67
13022,4652,7,65,635.08
13023,4652,1,230,293.63
13024,4652,130,25,25.38
13025,4652,196,676,52.36
13026,4652,175,1404,392.0
13027,4653,173,442,426.87
13028,4653,74,45,247.04
13029,4653,149,23,513.07
13030,4653,83,321,191.12
13031,4653,103,29,754.15
13032,4654,149,19,467.93
13033,4654,105,511,430.9
13034,4654,29,131,183.65
13035,4654,193,75,394.26
13036,4655,74,82,235.62
13037,4655,177,410,433.85
13038,4655,77,9,143.65
13039,4655,43,39,607.01
13040,4656,119,55,564.0
13041,4656,79,7,181.24
13042,4657,18,436,2.13
13043,4657,190,188,232.38
13044,4657,140,6,146.63
13045,4658,179,123,228.85
13046,4658,134,1024,164.11
13047,4659,96,251,461.21
13048,4659,120,62,554.13
13049,4659,72,144,377.45
13050,4660,170,14,200.81
13051,4661,187,54,600.88
13052,4661,132,255,548.43
13053,4661,37,26,592.33
13054,4661,42,190,43.51
13055,4662,44,258,314.38
13056,4662,43,8,583.55
13057,4663,158,64,45.57
13058,4663,60,1410,80.67
13059,4663,190,670,258.19
13060,4664,53,6,132.28
13061,4665,107,730,665.16
13062,4666,154,1237,66.63
13063,4666,164,29,543.14
13064,4667,161,50,292.92
13065,4667,133,91,189.12
13066,4668,83,86,189.02
13067,4669,93,560,143.26
13068,4669,183,235,255.62
13069,4669,51,254,599.73
13070,4670,160,39,93.3
13071,4670,66,46,541.41
13072,4670,11,22,181.46
13073,4671,150,9,412.98
13074,4671,50,9,38.84
13075,4671,93,24,134.74
13076,4671,134,38,148.33
13077,4672,193,39,450.57
13078,4673,184,25,286.7
13079,4674,40,37,61.54
13080,4674,188,106,251.39
13081,4674,116,52,434.98
13082,4675,62,401,499.4
13083,4676,186,262,535.73
13084,4676,82,621,378.36
13085,4677,29,11,190.04
13086,4677,14,7,564.04
13087,4677,170,14,208.33
13088,4677,111,29,671.23
13089,4678,106,446,53.89
13090,4678,177,16,460.18
13091,4678,12,266,116.1
13092,4678,75,200,215.65
13093,4678,153,59,409.18
13094,4679,35,438,191.37
13095,4679,126,53,540.36
13096,4679,11,198,203.81
13097,4679,33,8,286.5
13098,4680,177,26,484.93
13099,4681,132,725,694.17
13100,4682,38,509,567.48
13101,4682,88,58,786.19
13102,4682,67,13,206.75
13103,4682,10,229,674.01
13104,4683,192,88,581.98
13105,4683,81,160,650.3
13106,4684,117,120,246.93
13107,4684,159,227,242.77
13108,4684,40,639,60.27
13109,4685,171,88,623.17
13110,4685,67,14,187.87
13111,4686,189,127,687.75
13112,4686,21,264,238.28
13113,4686,132,88,638.86
13114,4687,95,228,103.23
13115,4688,101,29,27.64
13116,4688,111,47,630.45
13117,4689,195,16,267.63
13118,4689,76,64,81.18
13119,4689,85,139,502.9
13120,4690,46,48,159.12
13121,4690,30,1018,319.48
13122,4690,172,19,86.83
13123,4690,184,40,240.33
13124,4690,197,145,413.88
13125,4691,196,15,43.02
13126,4692,190,51,252.58
13127,4693,192,111,441.26
13128,4694,39,1352,52.78
13129,4694,99,620,213.3
13130,4695,50,697,33.64
13131,4695,79,165,234.62
13132,4696,81,24,563.16
13133,4696,132,11,546.38
13134,4696,2,25,699.98
13135,4697,87,1070,516.76
13136,4697,95,329,111.11
13137,4698,126,268,417.39
13138,4698,185,122,220.19
13139,4699,55,1217,83.85
13140,4699,155,653,226.01
13141,4699,6,8,600.72
13142,4699,63,629,483.07
13143,4699,14,101,579.85
13144,4699,97,6,85.01
13145,4699,80,317,92.69
13146,4700,12,209,126.29
13147,4701,163,251,575.38
13148,4701,111,20,591.92
13149,4702,63,1091,625.76
13150,4702,96,590,571.66
13151,4702,49,10,521.67
13152,4703,120,139,575.65
13153,4703,70,84,531.93
13154,4703,45,19,333.75
13155,4704,93,283,168.79
13156,4705,161,288,291.46
13157,4705,93,112,163.46
13158,4705,78,71,670.09
13159,4705,153,15,501.72
13160,4706,96,14,503.32
13161,4706,58,336,360.34
13162,4707,56,384,514.68
13163,4707,14,481,729.73
13164,4708,33,288,325.57
13165,4709,170,374,224.89
13166,4710,8,16,459.99
13167,4710,86,10,324.1
13168,4710,67,20,217.73
13169,4711,26,212,617.45
13170,4711,162,123,409.37
13171,4711,187,101,495.11
13172,4711,198,84,182.92
13173,4711,175,352,381.22
13174,4711,118,17,463.94
13175,4711,171,728,577.67
13176,4712,59,175,565.26
13177,4713,38,11,498.49
13178,4713,200,34,51.4
13179,4713,56,1093,501.11
13180,4713,151,29,629.92
13181,4713,85,733,591.72
13182,4713,51,9,453.83
13183,4713,2,741,552.36
13184,4714,146,20,451.82
13185,4714,124,529,579.03
13186,4714,33,502,268.29
13187,4715,144,14,520.34
13188,4715,86,267,398.04
13189,4715,13,12,219.8
13190,4716,60,7,70.52
13191,4716,103,291,745.05
13192,4716,6,18,740.38
13193,4716,145,63,592.05
13194,4716,102,14,651.21
13195,4717,75,111,238.22
13196,4717,110,5,578.57
13197,4717,156,253,634.37
13198,4718,164,285,406.73
13199,4718,192,68,438.99
13200,4718,187,148,629.74
13201,4718,173,282,416.56
13202,4719,159,580,240.64
13203,4719,178,137,541.23
13204,4720,14,198,720.94
13205,4720,80,41,74.63
13206,4720,148,71,369.78
13207,4720,193,6,477.16
13208,4721,110,845,555.4
13209,4721,125,287,596.01
13210,4721,8,29,456.42
13211,4722,76,19,88.19
13212,4722,175,979,338.45
13213,4722,43,55,570.72
13214,4722,191,136,169.53
13215,4723,79,8,205.23
13216,4723,146,1120,454.06
13217,4724,104,1033,66.7
13218,4724,83,148,192.4
13219,4724,168,287,495.39
13220,4725,110,15,732.67
13221,4726,37,270,508.24
13222,4726,77,67,107.75
13223,4726,47,9,477.37
13224,4726,97,29,76.09
13225,4726,34,618,91.86
13226,4727,97,148,77.9
13227,4728,81,987,613.02
13228,4729,10,37,630.89
13229,4729,27,6,191.93
13230,4730,116,710,450.26
13231,4730,168,125,588.53
13232,4730,159,25,323.88
13233,4731,137,13,282.07
13234,4732,155,38,215.53
13235,4733,76,111,81.0
13236,4733,33,80,310.42
13237,4733,154,364,56.75
13238,4734,41,46,132.24
13239,4735,162,405,431.81
13240,4735,120,30,596.86
13241,4735,71,629,172.18
13242,4735,22,141,78.06
13243,4735,186,9,604.33
13244,4736,108,918,280.86
13245,4736,151,45,675.45
13246,4736,57,607,494.64
13247,4736,72,10,344.77
13248,4736,148,831,425.88
13249,4737,16,84,422.14
13250,4738,199,351,683.92
13251,4738,99,676,191.57
13252,4738,71,36,142.52
13253,4738,137,92,334.91
13254,4739,72,731,323.22
13255,4739,130,12,28.34
13256,4739,27,12,198.24
13257,4740,90,918,51.32
13258,4740,145,58,518.49
13259,4741,27,130,182.4
13260,4742,21,48,229.22
13261,4742,109,438,477.92
13262,4742,168,285,511.04
13263,4743,95,111,90.21
13264,4743,71,63,169.69
13265,4743,27,15,172.39
13266,4743,96,134,566.58
13267,4744,109,23,479.68
13268,4744,33,777,286.22
13269,4744,40,7,58.67
13270,4745,108,543,321.89
13271,4745,138,13,476.46
13272,4745,127,227,374.62
13273,4746,148,1208,365.21
13274,4747,73,56,233.49
13275,4747,127,16,295.51
13276,4747,92,508,216.08
13277,4747,140,600,126.54
13278,4748,73,29,199.71
13279,4749,28,57,502.03
13280,4750,150,28,335.37
13281,4750,68,885,523.31
13282,4750,145,117,540.96
13283,4750,188,106,254.39
13284,4751,73,9,225.37
13285,4751,180,825,394.42
13286,4752,36,68,330.3
13287,4752,18,52,1.74
13288,4753,84,36,383.54
13289,4753,72,217,347.66
13290,4753,109,10,421.96
13291,4754,1,45,295.91
13292,4755,198,332,228.77
13293,4755,178,123,523.11
13294,4755,93,637,150.48
13295,4756,6,33,646.5
13296,4757,185,229,276.79
13297,4757,145,951,639.95
13298,4757,17,9,270.69
13299,4758,131,12,433.43
13300,4758,156,26,559.18
13301,4759,188,14,196.34
13302,4760,137,99,284.66
13303,4760,27,15,207.69
13304,4761,1,45,349.43
13305,4761,75,20,194.11
13306,4761,158,57,48.55
13307,4761,133,13,223.9
13308,4761,50,1143,35.15
13309,4762,82,72,353.71
13310,4762,120,37,597.64
13311,4762,110,498,681.59
13312,4762,140,1092,148.05
13313,4762,121,17,144.78
13314,4763,24,61,234.45
13315,4763,196,53,55.18
13316,4763,155,1247,230.4
13317,4763,31,810,349.68
13318,4763,107,741,656.21
13319,4763,135,8,109.5
13320,4764,200,656,52.46
13321,4764,165,111,71.3
13322,4765,31,12,297.1
13323,4765,196,6,49.31
13324,4766,119,237,565.97
13325,4766,165,257,67.79
13326,4766,43,20,670.02
13327,4766,97,876,91.5
13328,4767,151,1458,742.95
13329,4767,96,202,571.75
13330,4768,121,7,152.18
13331,4768,184,361,249.73
13332,4769,193,8,439.73
13333,4769,161,92,239.6
13334,4769,85,14,563.83
13335,4769,72,75,284.29
13336,4769,160,530,79.21
13337,4769,127,590,367.93
13338,4769,12,172,147.97
13339,4769,90,103,49.8
13340,4770,99,60,249.65
13341,4770,176,718,542.45
13342,4771,134,259,165.76
13343,4771,39,633,56.35
13344,4772,10,50,661.6
13345,4772,97,205,72.95
13346,4773,147,345,56.77
13347,4773,21,20,242.01
13348,4773,166,516,43.47
13349,4773,105,28,402.49
13350,4773,171,9,499.52
13351,4773,6,13,690.16
13352,4773,124,383,602.06
13353,4774,110,13,635.53
13354,4774,191,64,168.74
13355,4775,175,14,394.8
13356,4775,48,9,733.09
13357,4776,50,63,37.26
13358,4776,199,238,551.47
13359,4776,77,14,112.36
13360,4777,93,12,158.46
13361,4777,147,14,67.94
13362,4777,102,768,678.39
13363,4778,131,19,531.01
13364,4779,162,150,430.94
13365,4779,4,69,614.83
13366,4779,174,46,262.69
13367,4780,78,393,562.5
13368,4780,87,619,494.2
13369,4780,138,10,531.78
13370,4780,178,23,461.96
13371,4781,182,136,497.92
13372,4781,76,59,72.55
13373,4782,147,1181,74.92
13374,4782,103,9,635.85
13375,4782,31,275,298.33
13376,4782,58,12,336.79
13377,4782,193,23,423.27
13378,4782,177,164,441.56
13379,4783,69,73,372.87
13380,4784,50,10,34.83
13381,4784,95,621,103.33
13382,4784,182,12,538.01
13383,4785,114,13,387.74
13384,4785,38,1255,610.7
13385,4785,60,5,76.78
13386,4785,97,167,96.77
13387,4785,186,71,576.06
13388,4785,18,730,1.69
13389,4786,56,46,406.95
13390,4786,53,139,139.58
13391,4787,29,14,174.6
13392,4787,73,131,181.25
13393,4787,16,11,582.92
13394,4788,181,1229,173.7
13395,4788,165,202,75.68
13396,4788,101,200,30.77
13397,4788,21,20,238.03
13398,4789,19,294,480.89
13399,4789,131,12,482.18
13400,4789,53,11,178.27
13401,4789,162,489,462.13
13402,4789,166,259,42.27
13403,4789,18,905,2.05
13404,4790,141,781,338.23
13405,4790,39,1096,59.67
13406,4790,14,27,627.81
13407,4791,143,756,560.58
13408,4791,166,43,44.49
13409,4791,61,135,630.56
13410,4791,46,228,147.52
13411,4791,17,12,257.4
13412,4792,125,62,693.08
13413,4792,197,597,319.74
13414,4792,2,459,615.33
13415,4793,35,586,189.9
13416,4794,174,893,304.7
13417,4794,35,528,215.04
13418,4794,74,274,262.43
13419,4795,14,964,589.72
13420,4796,61,14,484.02
13421,4796,159,729,235.69
13422,4796,43,14,618.6
13423,4797,69,663,314.1
13424,4798,182,736,599.11
13425,4799,42,47,37.63
13426,4800,24,27,196.12
13427,4800,132,299,638.44
13428,4801,7,51,666.66
13429,4801,56,13,493.4
13430,4802,117,64,224.43
13431,4802,10,610,695.86
13432,4802,53,116,177.87
13433,4802,116,118,449.18
13434,4802,136,31,309.83
13435,4802,184,12,327.88
13436,4803,54,364,610.11
13437,4803,48,128,681.71
13438,4803,46,1288,129.06
13439,4804,197,94,348.42
13440,4805,104,103,68.41
13441,4805,54,205,559.21
13442,4806,149,677,531.97
13443,4807,126,343,423.28
13444,4807,199,43,684.03
13445,4807,53,71,166.75
13446,4807,68,448,393.21
13447,4807,137,65,301.49
13448,4808,38,52,574.71
13449,4808,34,41,97.22
13450,4808,53,203,178.68
13451,4809,55,51,90.21
13452,4809,24,1395,242.71
13453,4809,176,11,449.04
13454,4809,196,14,48.4
13455,4810,101,319,25.05
13456,4811,14,37,701.72
13457,4811,76,1498,73.89
13458,4812,136,1176,343.81
13459,4812,36,6,277.14
13460,4812,78,112,714.08
13461,4812,139,51,185.39
13462,4812,95,65,89.61
13463,4813,154,94,54.22
13464,4814,179,165,212.42
13465,4815,137,173,298.45
13466,4816,72,42,296.29
13467,4816,89,248,61.39
13468,4816,52,46,503.54
13469,4817,21,243,229.59
13470,4817,15,607,593.5
13471,4817,185,373,238.86
13472,4817,95,13,91.6
13473,4817,89,705,69.03
13474,4818,155,31,241.31
13475,4818,191,61,147.48
13476,4818,55,907,73.28
13477,4818,97,45,75.45
13478,4819,148,131,367.54
13479,4819,187,144,604.24
13480,4819,160,563,84.77
13481,4820,2,146,669.81
13482,4820,124,119,555.35
13483,4821,95,231,98.85
13484,4822,46,1065,152.3
13485,4822,21,11,247.0
13486,4822,106,30,65.28
13487,4823,119,72,524.11
13488,4823,29,19,168.34
13489,4824,7,738,576.88
13490,4824,41,29,165.73
13491,4825,38,198,548.63
13492,4825,111,920,668.59
13493,4825,150,679,397.36
13494,4825,11,11,226.86
13495,4825,24,5,182.1
13496,4826,39,400,62.47
13497,4827,73,478,231.97
13498,4827,70,1021,428.14
13499,4828,62,291,525.93
13500,4828,34,67,98.49
13501,4828,51,502,561.35
13502,4829,37,513,535.88
13503,4830,119,13,514.2
13504,4830,96,80,499.68
13505,4830,80,25,95.77
13506,4830,174,157,253.08
13507,4830,133,709,207.72
13508,4830,191,222,147.27
13509,4830,134,48,160.4
13510,4831,187,59,613.59
13511,4831,109,434,414.86
13512,4832,151,20,682.58
13513,4832,194,16,179.52
13514,4832,46,1084,169.57
13515,4832,49,565,519.37
13516,4833,58,657,356.75
13517,4833,27,28,185.51
13518,4834,22,56,88.1
13519,4834,50,14,34.82
13520,4835,82,865,438.8
13521,4835,41,633,158.88
13522,4836,126,1441,417.98
13523,4837,198,7,191.86
13524,4837,130,280,21.97
13525,4838,29,1035,179.56
13526,4839,118,57,499.58
13527,4839,156,73,701.72
13528,4839,140,222,155.09
13529,4839,184,85,297.8
13530,4839,78,295,725.66
13531,4839,16,1233,570.78
13532,4840,15,171,725.44
13533,4841,82,514,354.69
13534,4841,86,9,350.9
13535,4842,185,737,244.78
13536,4843,139,846,181.35
13537,4843,83,618,186.63
13538,4843,117,66,233.69
13539,4843,161,543,256.83
13540,4844,183,380,256.4
13541,4844,141,12,439.74
13542,4844,38,12,456.31
13543,4845,23,46,564.24
13544,4845,192,10,445.71
13545,4845,161,973,272.3
13546,4846,98,56,391.38
13547,4846,165,27,75.74
13548,4846,72,11,372.95
13549,4847,42,149,47.34
13550,4847,49,8,495.35
13551,4847,39,208,52.48
13552,4847,141,39,381.56
13553,4848,119,14,538.75
13554,4848,36,126,341.69
13555,4849,189,25,530.96
13556,4849,96,54,499.69
13557,4849,156,17,620.55
13558,4850,107,116,670.1
13559,4850,154,59,69.18
13560,4851,9,9,478.6
13561,4851,132,364,509.33
13562,4852,191,53,159.13
13563,4853,29,756,153.39
13564,4853,28,1293,496.3
13565,4853,65,15,446.32
13566,4854,87,444,479.89
13567,4855,79,70,171.84
13568,4855,99,26,219.16
13569,4856,174,13,324.52
13570,4856,108,13,310.71
13571,4857,76,6,82.98
13572,4857,166,806,36.9
13573,4857,162,1277,403.28
13574,4857,183,7,301.54
13575,4857,148,479,365.35
13576,4857,2,9,617.76
13577,4857,192,207,558.89
13578,4858,120,97,516.22
13579,4858,92,105,229.86
13580,4859,164,684,512.7
13581,4860,53,65,145.37
13582,4860,181,118,183.29
13583,4861,14,8,553.83
13584,4862,95,1462,88.32
13585,4862,92,10,210.19
13586,4863,38,651,594.8
13587,4863,113,28,568.82
13588,4863,60,12,62.22
13589,4863,57,219,560.47
13590,4864,34,13,81.16
13591,4864,57,14,460.61
13592,4864,179,652,230.78
13593,4864,114,14,306.72
13594,4865,187,256,467.57
13595,4865,62,147,414.06
13596,4865,8,16,514.31
13597,4865,41,38,135.93
13598,4865,200,14,49.32
13599,4865,87,666,598.07
13600,4865,55,522,85.89
13601,4866,66,5,561.9
13602,4866,136,27,372.25
13603,4867,167,11,466.56
13604,4867,65,204,376.8
13605,4867,79,14,235.69
13606,4867,158,320,38.16
13607,4868,171,274,529.0
13608,4868,43,716,576.39
13609,4869,130,121,29.35
13610,4870,97,43,82.89
13611,4870,44,203,323.74
13612,4870,102,63,545.04
13613,4870,164,7,520.38
13614,4871,78,561,573.51
13615,4871,125,1299,598.75
13616,4871,163,139,607.78
13617,4872,192,690,590.39
13618,4872,177,18,402.79
13619,4872,59,73,710.42
13620,4872,132,114,548.08
13621,4872,171,14,601.03
13622,4872,42,168,42.62
13623,4872,158,736,36.95
13624,4873,49,1280,444.54
13625,4873,97,54,89.68
13626,4874,99,514,201.76
13627,4874,113,14,708.3
13628,4874,164,14,412.48
13629,4875,85,604,647.84
13630,4875,35,13,224.08
13631,4876,41,610,151.21
13632,4876,27,459,210.62
13633,4877,50,29,30.72
13634,4877,59,120,708.01
13635,4878,139,15,184.63
13636,4878,103,714,648.16
13637,4879,53,1019,155.4
13638,4879,170,260,217.45
13639,4879,133,970,192.3
13640,4879,25,14,248.15
13641,4880,63,628,474.9
13642,4880,51,113,608.09
13643,4880,168,67,490.23
13644,4881,95,21,105.13
13645,4881,111,292,648.47
13646,4882,92,26,206.39
13647,4882,140,14,125.61
13648,4882,168,93,593.24
13649,4883,11,20,216.85
13650,4883,163,1289,625.5
13651,4883,139,699,224.49
13652,4883,47,11,443.69
13653,4883,123,274,728.66
13654,4883,59,82,601.7
13655,4884,132,52,594.31
13656,4884,104,23,69.33
13657,4884,134,69,153.53
13658,4885,120,15,456.44
13659,4885,179,32,201.27
13660,4885,40,223,63.85
13661,4886,147,461,73.6
13662,4887,129,6,742.74
13663,4887,183,86,289.13
13664,4887,108,208,307.69
13665,4887,48,9,697.82
13666,4888,43,156,653.09
13667,4888,52,10,554.78
13668,4889,166,54,35.62
13669,4889,94,15,467.53
13670,4889,173,28,458.15
13671,4890,25,1063,250.78
13672,4891,75,14,203.24
13673,4891,104,73,74.24
13674,4891,192,168,537.48
13675,4892,126,14,452.54
13676,4892,192,132,451.04
13677,4892,79,21,226.6
13678,4893,197,1351,336.52
13679,4893,11,15,227.5
13680,4893,106,8,55.26
13681,4893,179,17,244.96
13682,4893,191,7,159.92
13683,4894,36,7,319.69
13684,4894,188,275,249.09
13685,4894,11,32,213.24
13686,4894,180,167,461.97
13687,4895,192,13,597.79
13688,4895,42,84,46.44
13689,4895,75,60,212.51
13690,4896,76,43,86.11
13691,4896,197,253,413.07
13692,4896,194,135,171.09
13693,4897,164,81,443.81
13694,4897,88,196,662.6
13695,4898,40,13,57.57
13696,4898,122,292,187.27
13697,4898,53,740,132.43
13698,4899,24,15,206.31
13699,4899,40,8,50.77
13700,4900,196,156,43.55
13701,4900,90,144,51.83
13702,4900,7,11,660.45
13703,4901,158,20,45.66
13704,4901,113,14,691.03
13705,4901,141,12,366.08
13706,4902,186,654,525.66
13707,4903,120,286,517.82
13708,4903,81,975,651.09
13709,4904,34,5,94.05
13710,4904,94,84,553.4
13711,4905,114,179,393.87
13712,4905,20,76,427.55
13713,4905,18,84,1.67
13714,4906,38,718,521.03
13715,4907,111,1070,690.06
13716,4907,191,43,146.45
13717,4907,98,28,407.03
13718,4908,159,28,248.88
13719,4909,62,130,464.01
13720,4909,105,7,521.5
13721,4910,26,66,513.13
13722,4910,178,68,527.92
13723,4911,125,1082,604.12
13724,4911,197,233,368.33
13725,4911,88,15,667.34
13726,4911,82,281,412.89
13727,4912,36,171,284.45
13728,4912,181,14,170.2
13729,4913,71,36,161.64
13730,4913,166,800,39.23
13731,4914,79,1360,209.41
13732,4914,196,528,54.7
13733,4915,183,703,321.03
13734,4915,110,721,741.3
13735,4915,139,1082,201.36
13736,4915,141,62,376.21
13737,4916,102,644,642.45
13738,4916,191,160,130.88
13739,4916,180,750,365.31
13740,4917,176,64,484.56
13741,4917,23,48,618.68
13742,4917,199,288,518.56
13743,4917,135,24,135.39
13744,4918,98,67,387.26
13745,4918,107,7,631.81
13746,4918,27,612,178.69
13747,4918,118,7,421.22
13748,4919,197,778,309.04
13749,4920,111,1441,559.6
13750,4920,35,527,185.11
13751,4920,73,63,178.22
13752,4920,77,66,113.22
13753,4921,14,139,628.27
13754,4921,91,579,237.05
13755,4922,16,702,428.65
13756,4922,144,97,591.9
13757,4922,37,501,571.59
13758,4923,85,75,497.97
13759,4923,87,50,595.38
13760,4923,88,123,763.93
13761,4924,154,13,68.98
13762,4924,119,101,505.81
13763,4924,180,1409,464.53
13764,4924,1,246,284.14
13765,4925,12,156,151.1
13766,4925,91,126,269.56
13767,4925,23,1375,533.16
13768,4925,96,25,466.1
13769,4926,168,17,585.37
13770,4926,48,11,624.93
13771,4926,120,101,497.15
13772,4927,104,608,64.78
13773,4927,90,29,54.13
13774,4927,114,193,364.61
13775,4927,49,178,452.35
13776,4928,155,545,228.41
13777,4929,181,106,206.7
13778,4930,136,241,374.44
13779,4930,188,192,226.93
13780,4930,16,162,444.86
13781,4931,35,118,218.2
13782,4932,9,73,579.36
13783,4932,139,96,199.28
13784,4933,164,12,422.84
13785,4933,144,273,602.08
13786,4933,65,1336,429.65
13787,4933,185,679,283.91
13788,4934,168,92,558.19
13789,4934,65,50,393.76
13790,4934,63,10,514.98
13791,4935,33,15,308.65
13792,4935,59,34,704.81
13793,4936,112,45,409.73
13794,4936,63,510,596.52
13795,4936,197,947,387.23
13796,4937,7,1429,766.7
13797,4937,115,261,280.09
13798,4937,138,8,498.6
13799,4938,150,24,395.82
13800,4938,40,385,51.21
13801,4938,99,834,214.63
13802,4938,142,121,752.64
13803,4939,12,1436,115.09
13804,4939,169,425,43.46
13805,4939,55,11,81.45
13806,4940,94,16,497.11
13807,4940,34,293,103.96
13808,4940,72,26,317.03
13809,4940,134,37,157.36
13810,4941,153,7,534.0
13811,4941,185,1191,266.19
13812,4941,84,291,383.76
13813,4941,105,763,459.9
13814,4941,151,51,727.17
13815,4941,39,504,57.57
13816,4941,71,319,184.33
13817,4941,4,284,577.92
13818,4942,163,18,510.47
13819,4942,49,562,477.49
13820,4942,37,55,559.61
13821,4943,25,60,246.35
13822,4943,195,102,276.87
13823,4944,193,9,435.56
13824,4944,14,120,715.62
13825,4944,4,222,709.69
13826,4944,195,11,254.74
13827,4944,174,6,252.62
13828,4945,191,1022,173.47
13829,4945,38,12,504.46
13830,4946,30,542,239.12
13831,4946,153,618,476.33
13832,4947,174,622,300.63
13833,4947,117,673,254.51
13834,4947,3,56,357.95
13835,4948,85,57,495.93
13836,4949,163,119,651.2
13837,4949,145,68,548.66
13838,4949,149,9,520.92
13839,4950,152,48,697.95
13840,4950,75,14,242.63
13841,4951,34,11,89.45
13842,4952,180,103,341.89
13843,4952,83,160,145.82
13844,4952,2,723,607.88
13845,4952,150,9,411.33
13846,4953,82,730,380.54
13847,4953,28,13,410.46
13848,4954,9,1027,549.88
13849,4954,52,286,572.41
13850,4954,109,7,490.88
13851,4954,7,751,590.13
13852,4954,32,74,590.38
13853,4954,48,63,685.06
13854,4954,121,192,187.74
13855,4954,166,42,43.29
13856,4955,15,901,725.43
13857,4956,109,21,437.77
13858,4956,154,27,52.59
13859,4956,111,24,566.77
13860,4956,124,547,739.01
13861,4956,11,8,203.48
13862,4956,137,5,353.68
13863,4956,50,119,30.02
13864,4956,37,7,574.86
13865,4957,65,147,471.25
13866,4957,67,46,193.2
13867,4957,50,186,35.3
13868,4957,58,136,457.6
13869,4958,12,27,123.8
13870,4958,114,30,364.17
13871,4959,150,103,355.73
13872,4959,133,559,248.21
13873,4959,145,27,548.53
13874,4960,60,147,66.91
13875,4960,100,14,365.73
13876,4960,3,11,414.44
13877,4961,133,490,239.09
13878,4961,108,6,284.06
13879,4961,36,254,322.72
13880,4961,167,1199,461.69
13881,4961,175,15,307.46
13882,4961,123,12,718.47
13883,4962,118,647,440.12
13884,4962,146,9,494.15
13885,4962,157,68,547.81
13886,4963,77,175,119.27
13887,4964,80,99,94.56
13888,4964,162,48,351.67
13889,4965,59,12,729.75
13890,4965,169,11,47.65
13891,4965,170,64,212.72
13892,4965,157,150,598.1
13893,4965,96,347,467.12
13894,4966,184,18,266.11
13895,4966,198,16,201.91
13896,4967,137,730,299.81
13897,4967,189,175,593.02
13898,4967,99,24,255.88
13899,4967,127,15,372.42
13900,4967,20,51,478.75
13901,4968,150,491,377.72
13902,4968,13,538,262.72
13903,4969,81,57,697.86
13904,4970,61,38,597.18
13905,4971,8,621,549.73
13906,4971,22,18,78.61
13907,4972,58,579,368.54
13908,4972,139,830,178.26
13909,4973,194,220,204.25
13910,4973,106,210,58.0
13911,4973,177,45,514.16
13912,4974,20,14,481.15
13913,4975,126,74,533.91
13914,4975,28,106,394.59
13915,4975,22,668,93.76
13916,4975,140,292,119.35
13917,4975,82,13,442.06
13918,4976,133,114,248.94
13919,4976,118,16,538.91
13920,4976,66,6,615.01
13921,4977,110,308,653.49
13922,4978,53,692,158.8
13923,4978,153,140,440.71
13924,4979,37,27,496.28
13925,4979,39,260,51.89
13926,4979,144,71,494.27
13927,4980,150,54,384.8
13928,4980,92,587,194.46
13929,4981,142,8,730.04
13930,4981,176,12,508.96
13931,4981,152,292,721.19
13932,4981,163,7,484.56
13933,4982,4,480,664.29
13934,4982,142,132,606.38
13935,4982,181,84,201.32
13936,4982,45,45,356.16
13937,4983,47,266,414.19
13938,4983,9,115,524.26
13939,4983,152,402,645.04
13940,4983,84,65,381.66
13941,4984,29,127,178.28
13942,4984,179,1416,246.33
13943,4985,129,161,753.86
13944,4985,182,9,643.06
13945,4985,183,270,338.89
13946,4985,198,113,199.3
13947,4985,92,9,220.83
13948,4986,89,67,62.54
13949,4986,47,387,477.09
13950,4987,200,11,51.28
13951,4987,87,128,493.18
13952,4987,4,540,716.42
13953,4988,3,1227,355.67
13954,4988,154,15,68.96
13955,4988,17,24,294.31
13956,4988,82,14,451.62
13957,4989,71,193,185.48
13958,4990,49,6,505.22
13959,4990,69,115,343.16
13960,4990,170,547,243.78
13961,4990,164,70,426.65
13962,4991,149,21,439.92
13963,4991,118,91,465.81
13964,4991,161,795,289.56
13965,4992,28,81,476.83
13966,4993,124,506,655.71
13967,4993,66,26,636.63
13968,4993,48,1453,767.5
13969,4993,127,416,318.48
13970,4993,167,110,441.15
13971,4993,8,86,448.06
13972,4993,19,212,483.75
13973,4994,64,105,474.96
13974,4994,73,475,171.22
13975,4995,14,36,613.64
13976,4995,169,468,43.1
13977,4995,2,22,582.25
13978,4995,160,254,80.23
13979,4996,184,25,330.4
13980,4997,70,17,505.9
13981,4997,29,52,150.59
13982,4997,80,271,90.57
13983,4998,131,74,585.06
13984,4998,128,103,445.25
13985,4998,123,55,628.49
13986,4999,106,234,69.74
13987,4999,62,49,496.91
13988,4999,70,66,410.94
13989,4999,45,139,351.09
13990,5000,85,440,531.54
13991,5000,183,213,252.1
13992,5000,153,15,523.44
