po_id,customer_id,plant_id,order_date,requested_delivery_date,po_status
1,41,2,2025-04-01,2025-04-24,Closed
2,35,3,2025-04-01,2025-04-27,Closed
3,31,3,2025-04-01,2025-04-20,Closed
4,32,5,2025-04-01,2025-05-10,Closed
5,56,1,2025-04-01,2025-04-23,Closed
6,18,2,2025-04-01,2025-05-16,Closed
7,6,8,2025-04-01,2025-04-12,Delivered
8,11,8,2025-04-01,2025-04-15,Closed
9,53,2,2025-04-01,2025-05-06,Closed
10,93,4,2025-04-01,2025-04-18,Closed
11,65,9,2025-04-01,2025-05-14,Closed
12,12,3,2025-04-02,2025-05-02,Closed
13,75,4,2025-04-02,2025-05-09,Closed
14,14,4,2025-04-02,2025-05-10,Closed
15,76,9,2025-04-02,2025-05-05,Closed
16,15,2,2025-04-02,2025-05-12,Closed
17,36,3,2025-04-03,2025-05-06,Closed
18,48,1,2025-04-03,2025-04-15,Closed
19,85,1,2025-04-03,2025-04-28,Closed
20,50,8,2025-04-03,2025-04-20,Closed
21,31,7,2025-04-03,2025-04-13,Closed
22,51,5,2025-04-03,2025-05-02,Delivered
23,97,1,2025-04-03,2025-04-23,Closed
24,81,9,2025-04-03,2025-05-09,Closed
25,36,8,2025-04-03,2025-05-13,Closed
26,43,2,2025-04-03,2025-04-23,Closed
27,65,2,2025-04-03,2025-05-18,Closed
28,59,1,2025-04-03,2025-04-24,Closed
29,83,2,2025-04-04,2025-04-26,Closed
30,41,1,2025-04-04,2025-04-24,Closed
31,92,3,2025-04-04,2025-05-10,Closed
32,41,9,2025-04-04,2025-04-22,Closed
33,88,2,2025-04-04,2025-05-02,Closed
34,54,2,2025-04-04,2025-05-08,Closed
35,74,1,2025-04-04,2025-05-19,Closed
36,81,1,2025-04-04,2025-05-13,Closed
37,90,1,2025-04-05,2025-05-10,Closed
38,77,1,2025-04-05,2025-05-08,Closed
39,73,10,2025-04-05,2025-05-14,Closed
40,64,5,2025-04-05,2025-04-28,Closed
41,35,2,2025-04-05,2025-05-09,Closed
42,27,5,2025-04-06,2025-04-28,Closed
43,53,1,2025-04-06,2025-05-04,Closed
44,31,4,2025-04-06,2025-05-09,Closed
45,83,1,2025-04-06,2025-05-16,Closed
46,42,7,2025-04-06,2025-04-29,Closed
47,91,8,2025-04-07,2025-04-21,Delivered
48,8,7,2025-04-07,2025-05-17,Closed
49,78,10,2025-04-07,2025-04-19,Shipped
50,65,5,2025-04-07,2025-05-12,Closed
51,17,9,2025-04-07,2025-04-19,Closed
52,34,10,2025-04-07,2025-05-08,Closed
53,17,5,2025-04-08,2025-05-21,Closed
54,34,6,2025-04-08,2025-04-26,Closed
55,36,7,2025-04-08,2025-05-06,Closed
56,34,5,2025-04-08,2025-05-21,Closed
57,22,10,2025-04-08,2025-04-27,Closed
58,85,8,2025-04-08,2025-04-21,Closed
59,7,3,2025-04-08,2025-05-18,Closed
60,91,6,2025-04-08,2025-05-19,Delivered
61,46,9,2025-04-08,2025-05-19,Closed
62,15,3,2025-04-08,2025-04-25,Closed
63,27,3,2025-04-08,2025-04-28,Closed
64,35,9,2025-04-09,2025-05-02,Closed
65,1,9,2025-04-09,2025-04-30,Closed
66,10,10,2025-04-09,2025-04-25,Closed
67,4,6,2025-04-09,2025-05-14,Closed
68,14,3,2025-04-09,2025-04-20,Delivered
69,91,8,2025-04-09,2025-05-06,Closed
70,1,1,2025-04-10,2025-05-18,Closed
71,94,10,2025-04-10,2025-04-28,Closed
72,7,5,2025-04-10,2025-05-10,Closed
73,96,5,2025-04-10,2025-05-14,Delivered
74,33,2,2025-04-10,2025-04-25,Delivered
75,27,2,2025-04-10,2025-05-08,Closed
76,84,8,2025-04-10,2025-05-21,Closed
77,95,5,2025-04-10,2025-04-28,Closed
78,13,9,2025-04-10,2025-05-02,Closed
79,50,10,2025-04-11,2025-04-26,Closed
80,48,7,2025-04-11,2025-05-18,Delivered
81,66,10,2025-04-11,2025-05-05,Closed
82,92,4,2025-04-11,2025-05-24,Closed
83,68,10,2025-04-11,2025-05-18,Delivered
84,62,7,2025-04-11,2025-05-10,Closed
85,67,9,2025-04-11,2025-04-24,Closed
86,6,10,2025-04-12,2025-05-18,Delivered
87,85,5,2025-04-12,2025-05-14,Closed
88,11,1,2025-04-12,2025-04-29,Closed
89,60,1,2025-04-12,2025-05-17,Delivered
90,54,5,2025-04-13,2025-05-13,Closed
91,59,8,2025-04-13,2025-05-09,Closed
92,24,1,2025-04-14,2025-05-10,Closed
93,14,3,2025-04-14,2025-04-24,Closed
94,2,10,2025-04-14,2025-05-23,Closed
95,85,10,2025-04-14,2025-05-25,Closed
96,79,9,2025-04-14,2025-05-19,Closed
97,12,3,2025-04-15,2025-05-07,Closed
98,3,4,2025-04-15,2025-04-26,Closed
99,84,7,2025-04-15,2025-05-22,Closed
100,69,8,2025-04-15,2025-05-24,Closed
101,55,1,2025-04-15,2025-05-04,Closed
102,57,8,2025-04-15,2025-04-26,Closed
103,75,8,2025-04-15,2025-05-20,Delivered
104,2,10,2025-04-15,2025-05-21,Closed
105,95,8,2025-04-15,2025-04-27,Closed
106,63,5,2025-04-16,2025-05-27,Closed
107,8,10,2025-04-16,2025-05-16,Closed
108,35,7,2025-04-16,2025-05-26,Closed
109,80,6,2025-04-16,2025-05-24,Closed
110,3,7,2025-04-16,2025-05-26,Closed
111,30,5,2025-04-16,2025-05-17,Closed
112,92,3,2025-04-16,2025-05-14,Closed
113,50,6,2025-04-17,2025-05-27,Closed
114,21,5,2025-04-17,2025-05-02,Closed
115,17,3,2025-04-17,2025-05-28,Closed
116,54,8,2025-04-17,2025-05-16,Closed
117,72,1,2025-04-17,2025-05-19,Closed
118,46,3,2025-04-17,2025-05-29,Delivered
119,9,3,2025-04-17,2025-05-11,Closed
120,29,8,2025-04-17,2025-05-19,Closed
121,99,5,2025-04-17,2025-05-06,Closed
122,66,2,2025-04-18,2025-05-01,Closed
123,57,2,2025-04-18,2025-05-04,Closed
124,79,2,2025-04-18,2025-06-02,Delivered
125,14,3,2025-04-18,2025-05-11,Closed
126,21,8,2025-04-18,2025-05-30,Closed
127,13,2,2025-04-18,2025-05-19,Closed
128,16,8,2025-04-18,2025-05-24,Closed
129,1,2,2025-04-18,2025-05-19,Closed
130,22,8,2025-04-18,2025-05-24,Closed
131,86,5,2025-04-18,2025-05-24,Closed
132,18,7,2025-04-18,2025-05-24,Closed
133,67,6,2025-04-18,2025-04-29,Closed
134,99,6,2025-04-19,2025-05-04,Closed
135,52,3,2025-04-19,2025-05-26,Delivered
136,98,9,2025-04-19,2025-05-08,Closed
137,8,9,2025-04-19,2025-05-17,Closed
138,88,5,2025-04-20,2025-05-20,Closed
139,2,9,2025-04-20,2025-05-09,Closed
140,58,9,2025-04-20,2025-05-28,Closed
141,84,7,2025-04-20,2025-05-19,Delivered
142,69,7,2025-04-20,2025-06-02,Closed
143,37,8,2025-04-21,2025-06-03,Closed
144,82,6,2025-04-21,2025-06-04,Closed
145,31,5,2025-04-21,2025-05-28,Closed
146,15,6,2025-04-21,2025-05-17,Closed
147,46,6,2025-04-21,2025-05-29,Closed
148,95,8,2025-04-21,2025-05-16,Closed
149,75,7,2025-04-21,2025-05-23,Closed
150,86,10,2025-04-21,2025-05-09,Closed
151,67,2,2025-04-21,2025-05-21,Closed
152,25,6,2025-04-21,2025-05-30,Delivered
153,92,4,2025-04-22,2025-05-07,Delivered
154,55,8,2025-04-22,2025-05-15,Closed
155,48,7,2025-04-22,2025-06-06,Closed
156,51,10,2025-04-22,2025-06-02,Closed
157,57,8,2025-04-22,2025-05-28,Closed
158,19,10,2025-04-22,2025-05-31,Closed
159,91,6,2025-04-23,2025-05-16,Closed
160,5,9,2025-04-23,2025-05-26,Closed
161,16,7,2025-04-23,2025-05-10,Closed
162,74,9,2025-04-23,2025-05-12,Closed
163,40,5,2025-04-23,2025-05-21,Closed
164,19,10,2025-04-23,2025-05-06,Closed
165,40,4,2025-04-23,2025-05-14,Closed
166,63,5,2025-04-23,2025-05-25,Delivered
167,6,8,2025-04-23,2025-05-31,Closed
168,49,7,2025-04-23,2025-05-11,Closed
169,59,8,2025-04-24,2025-05-13,Closed
170,42,10,2025-04-24,2025-05-28,Closed
171,51,3,2025-04-24,2025-06-01,Closed
172,83,1,2025-04-24,2025-05-05,Closed
173,99,9,2025-04-24,2025-05-11,Closed
174,11,6,2025-04-24,2025-06-06,Closed
175,61,3,2025-04-24,2025-05-11,Closed
176,69,6,2025-04-25,2025-05-22,Closed
177,32,10,2025-04-25,2025-06-02,Delivered
178,69,7,2025-04-25,2025-05-07,Closed
179,3,7,2025-04-25,2025-05-31,Delivered
180,68,8,2025-04-25,2025-05-10,Closed
181,13,2,2025-04-25,2025-05-14,Closed
182,99,8,2025-04-25,2025-05-31,Closed
183,8,6,2025-04-25,2025-05-16,Delivered
184,8,6,2025-04-25,2025-05-25,Closed
185,42,6,2025-04-25,2025-05-08,Closed
186,97,1,2025-04-26,2025-06-06,Closed
187,65,1,2025-04-26,2025-05-23,Delivered
188,60,1,2025-04-26,2025-06-05,Delivered
189,82,6,2025-04-26,2025-05-23,Closed
190,76,4,2025-04-26,2025-06-10,Closed
191,17,4,2025-04-26,2025-06-03,Delivered
192,82,7,2025-04-26,2025-05-29,Closed
193,22,9,2025-04-27,2025-06-03,Closed
194,72,1,2025-04-27,2025-06-05,Closed
195,80,7,2025-04-27,2025-05-07,Delivered
196,62,8,2025-04-27,2025-05-31,Closed
197,81,9,2025-04-27,2025-05-25,Delivered
198,95,6,2025-04-28,2025-05-27,Delivered
199,90,7,2025-04-28,2025-06-12,Closed
200,56,9,2025-04-28,2025-05-28,Closed
201,44,8,2025-04-28,2025-05-25,Closed
202,42,10,2025-04-28,2025-05-29,Shipped
203,89,1,2025-04-28,2025-06-07,Shipped
204,2,7,2025-04-28,2025-06-12,Closed
205,91,10,2025-04-28,2025-06-11,Delivered
206,84,9,2025-04-28,2025-05-09,Closed
207,86,3,2025-04-28,2025-05-30,Closed
208,49,6,2025-04-28,2025-06-01,Closed
209,99,1,2025-04-28,2025-05-15,Closed
210,25,3,2025-04-29,2025-05-10,Closed
211,88,6,2025-04-29,2025-05-21,Delivered
212,79,4,2025-04-29,2025-05-23,Closed
213,47,10,2025-04-29,2025-05-22,Shipped
214,82,8,2025-04-29,2025-06-10,Closed
215,71,5,2025-04-29,2025-05-20,Delivered
216,17,3,2025-04-29,2025-05-25,Closed
217,30,5,2025-04-29,2025-05-21,Closed
218,3,9,2025-04-29,2025-05-25,Closed
219,59,10,2025-04-29,2025-05-12,Closed
220,42,10,2025-04-30,2025-05-27,Closed
221,67,2,2025-04-30,2025-06-12,Closed
222,93,8,2025-04-30,2025-06-05,Closed
223,41,1,2025-04-30,2025-05-31,Delivered
224,74,4,2025-04-30,2025-06-06,Closed
225,32,2,2025-04-30,2025-05-29,Delivered
226,81,2,2025-04-30,2025-06-06,Closed
227,76,6,2025-04-30,2025-05-26,Closed
228,61,4,2025-04-30,2025-05-13,Closed
229,67,2,2025-05-01,2025-06-08,Closed
230,81,1,2025-05-01,2025-05-16,Closed
231,5,5,2025-05-01,2025-05-15,Closed
232,8,8,2025-05-01,2025-05-14,Closed
233,81,1,2025-05-01,2025-05-14,Closed
234,38,7,2025-05-01,2025-05-17,Closed
235,53,5,2025-05-01,2025-05-11,Closed
236,60,10,2025-05-01,2025-05-17,Closed
237,87,8,2025-05-01,2025-06-13,Closed
238,25,3,2025-05-02,2025-05-16,Closed
239,25,3,2025-05-02,2025-06-13,Closed
240,54,9,2025-05-02,2025-06-09,Closed
241,18,1,2025-05-02,2025-05-20,Closed
242,56,9,2025-05-02,2025-06-03,Closed
243,70,3,2025-05-02,2025-06-11,Closed
244,44,1,2025-05-03,2025-06-15,Closed
245,87,1,2025-05-03,2025-06-14,Closed
246,72,7,2025-05-03,2025-06-04,Closed
247,26,4,2025-05-03,2025-05-17,Closed
248,86,5,2025-05-04,2025-06-12,Closed
249,43,10,2025-05-04,2025-06-04,Closed
250,54,1,2025-05-04,2025-06-12,Closed
251,6,6,2025-05-04,2025-05-28,Closed
252,60,4,2025-05-05,2025-06-14,Closed
253,43,7,2025-05-05,2025-05-28,Closed
254,1,1,2025-05-05,2025-06-06,Delivered
255,15,2,2025-05-05,2025-05-27,Closed
256,98,1,2025-05-05,2025-05-27,Closed
257,23,2,2025-05-05,2025-05-26,Closed
258,71,3,2025-05-05,2025-05-16,Closed
259,34,1,2025-05-05,2025-05-23,Closed
260,15,1,2025-05-05,2025-06-03,Closed
261,48,3,2025-05-05,2025-06-17,Closed
262,80,2,2025-05-05,2025-05-22,Closed
263,17,4,2025-05-05,2025-06-18,Closed
264,48,10,2025-05-05,2025-05-30,Closed
265,98,4,2025-05-05,2025-06-18,Closed
266,20,6,2025-05-06,2025-06-02,Closed
267,66,8,2025-05-06,2025-05-29,Closed
268,61,10,2025-05-07,2025-05-21,Closed
269,50,9,2025-05-07,2025-06-09,Closed
270,60,9,2025-05-07,2025-06-09,Closed
271,62,8,2025-05-07,2025-06-16,Closed
272,52,10,2025-05-07,2025-05-19,Closed
273,26,3,2025-05-07,2025-06-11,Closed
274,55,10,2025-05-07,2025-05-27,Closed
275,48,6,2025-05-07,2025-05-25,Closed
276,38,2,2025-05-07,2025-05-31,Closed
277,60,2,2025-05-07,2025-06-13,Closed
278,56,2,2025-05-07,2025-06-06,Closed
279,4,7,2025-05-07,2025-06-02,Closed
280,46,5,2025-05-07,2025-06-18,Closed
281,83,2,2025-05-08,2025-06-01,Delivered
282,10,7,2025-05-08,2025-06-08,Closed
283,43,9,2025-05-08,2025-06-04,Closed
284,78,9,2025-05-08,2025-06-03,Shipped
285,39,2,2025-05-08,2025-06-12,Closed
286,75,1,2025-05-08,2025-06-17,Closed
287,98,7,2025-05-08,2025-06-01,Closed
288,96,3,2025-05-08,2025-06-20,Closed
289,71,8,2025-05-09,2025-06-09,Closed
290,41,7,2025-05-09,2025-06-14,Closed
291,58,1,2025-05-09,2025-06-11,Closed
292,17,5,2025-05-09,2025-05-19,Closed
293,85,6,2025-05-09,2025-06-02,Closed
294,88,9,2025-05-09,2025-06-07,Closed
295,3,6,2025-05-09,2025-05-27,Closed
296,43,9,2025-05-09,2025-06-13,Closed
297,27,2,2025-05-09,2025-06-22,Closed
298,61,5,2025-05-09,2025-06-16,Closed
299,39,1,2025-05-09,2025-06-23,Closed
300,89,1,2025-05-09,2025-05-30,Closed
301,50,7,2025-05-09,2025-06-06,Closed
302,9,4,2025-05-09,2025-06-21,Shipped
303,42,7,2025-05-10,2025-06-14,Closed
304,15,2,2025-05-10,2025-06-19,Closed
305,50,4,2025-05-11,2025-05-29,Closed
306,40,9,2025-05-11,2025-06-20,Closed
307,74,10,2025-05-11,2025-06-02,Closed
308,88,1,2025-05-12,2025-05-22,Closed
309,58,2,2025-05-12,2025-06-06,Closed
310,73,8,2025-05-12,2025-06-20,Closed
311,95,10,2025-05-12,2025-06-13,Closed
312,92,7,2025-05-12,2025-06-02,Closed
313,23,7,2025-05-12,2025-06-20,Closed
314,85,9,2025-05-12,2025-05-28,Closed
315,6,7,2025-05-12,2025-06-08,Closed
316,69,6,2025-05-12,2025-06-04,Closed
317,53,9,2025-05-12,2025-05-29,Closed
318,10,9,2025-05-12,2025-06-11,Closed
319,22,6,2025-05-12,2025-06-20,Delivered
320,82,8,2025-05-12,2025-06-15,Closed
321,52,7,2025-05-12,2025-05-24,Shipped
322,15,3,2025-05-12,2025-06-11,Closed
323,60,1,2025-05-12,2025-05-27,Closed
324,32,8,2025-05-13,2025-05-31,Closed
325,36,3,2025-05-13,2025-05-24,Closed
326,23,9,2025-05-13,2025-06-17,Closed
327,86,5,2025-05-13,2025-06-01,Closed
328,23,1,2025-05-13,2025-06-26,Closed
329,90,6,2025-05-13,2025-06-16,Closed
330,57,6,2025-05-13,2025-05-26,Closed
331,99,7,2025-05-13,2025-06-15,Closed
332,26,4,2025-05-14,2025-05-25,Closed
333,44,2,2025-05-14,2025-06-07,Closed
334,13,3,2025-05-14,2025-06-03,Delivered
335,66,8,2025-05-14,2025-06-13,Closed
336,25,9,2025-05-14,2025-06-18,Closed
337,16,3,2025-05-14,2025-06-15,Closed
338,2,8,2025-05-14,2025-05-24,Closed
339,59,8,2025-05-14,2025-06-16,Delivered
340,28,5,2025-05-14,2025-06-24,Closed
341,14,10,2025-05-14,2025-06-03,Closed
342,13,9,2025-05-15,2025-06-18,Closed
343,99,6,2025-05-15,2025-06-05,Closed
344,89,9,2025-05-15,2025-06-24,Delivered
345,3,10,2025-05-15,2025-06-22,Closed
346,82,9,2025-05-15,2025-05-25,Closed
347,79,2,2025-05-15,2025-06-13,Closed
348,55,10,2025-05-15,2025-05-30,Delivered
349,48,7,2025-05-16,2025-06-04,Closed
350,83,9,2025-05-16,2025-06-23,Closed
351,43,2,2025-05-16,2025-05-28,Closed
352,54,5,2025-05-16,2025-05-27,Closed
353,94,3,2025-05-16,2025-06-08,Closed
354,86,4,2025-05-16,2025-06-19,Closed
355,24,1,2025-05-16,2025-05-30,Closed
356,9,1,2025-05-16,2025-06-04,Closed
357,17,5,2025-05-16,2025-06-30,Closed
358,27,1,2025-05-17,2025-06-23,Closed
359,40,1,2025-05-17,2025-06-11,Closed
360,78,8,2025-05-17,2025-06-24,Closed
361,26,4,2025-05-17,2025-06-01,Closed
362,47,7,2025-05-18,2025-06-27,Closed
363,65,7,2025-05-18,2025-06-06,Closed
364,62,10,2025-05-18,2025-06-24,Closed
365,98,5,2025-05-18,2025-07-01,Closed
366,94,4,2025-05-19,2025-06-27,Closed
367,37,10,2025-05-19,2025-06-02,Closed
368,92,3,2025-05-19,2025-06-10,Shipped
369,65,6,2025-05-19,2025-06-29,Closed
370,54,6,2025-05-19,2025-06-22,Closed
371,83,2,2025-05-19,2025-06-24,Closed
372,16,5,2025-05-19,2025-06-08,Closed
373,56,6,2025-05-19,2025-06-30,Closed
374,82,1,2025-05-19,2025-06-22,Closed
375,95,10,2025-05-19,2025-05-31,Closed
376,47,1,2025-05-20,2025-06-08,Closed
377,59,3,2025-05-20,2025-06-15,Closed
378,75,3,2025-05-20,2025-05-30,Closed
379,12,7,2025-05-20,2025-06-24,Closed
380,11,7,2025-05-20,2025-06-26,Closed
381,55,2,2025-05-20,2025-07-01,Closed
382,85,10,2025-05-20,2025-06-18,Closed
383,97,2,2025-05-20,2025-06-05,Closed
384,100,3,2025-05-20,2025-06-16,Closed
385,96,4,2025-05-21,2025-05-31,Closed
386,63,3,2025-05-21,2025-06-26,Closed
387,84,10,2025-05-21,2025-06-10,Closed
388,24,4,2025-05-21,2025-07-01,Closed
389,15,1,2025-05-21,2025-06-11,Closed
390,96,3,2025-05-21,2025-06-16,Closed
391,53,5,2025-05-21,2025-06-06,Closed
392,22,6,2025-05-21,2025-06-24,Closed
393,9,5,2025-05-22,2025-06-16,Closed
394,87,1,2025-05-22,2025-06-04,Closed
395,1,1,2025-05-22,2025-06-07,Closed
396,1,9,2025-05-22,2025-06-18,Closed
397,61,10,2025-05-22,2025-06-28,Closed
398,88,6,2025-05-22,2025-06-16,Closed
399,86,5,2025-05-22,2025-06-04,Closed
400,43,1,2025-05-22,2025-06-30,Closed
401,52,3,2025-05-22,2025-06-02,Closed
402,68,7,2025-05-22,2025-06-24,Closed
403,88,8,2025-05-23,2025-07-04,Closed
404,25,5,2025-05-23,2025-06-22,Shipped
405,47,6,2025-05-23,2025-06-30,Closed
406,63,5,2025-05-23,2025-06-07,Closed
407,61,2,2025-05-23,2025-06-26,Closed
408,25,9,2025-05-23,2025-07-04,Delivered
409,64,5,2025-05-23,2025-07-07,Closed
410,60,2,2025-05-23,2025-06-09,Closed
411,70,7,2025-05-23,2025-06-12,Closed
412,85,2,2025-05-23,2025-06-29,Closed
413,4,8,2025-05-23,2025-06-26,Closed
414,29,8,2025-05-23,2025-06-09,Closed
415,69,8,2025-05-24,2025-06-08,Closed
416,43,10,2025-05-24,2025-06-07,Closed
417,49,7,2025-05-24,2025-07-08,Closed
418,56,4,2025-05-24,2025-06-19,Closed
419,12,4,2025-05-24,2025-06-15,Closed
420,15,1,2025-05-25,2025-06-24,Closed
421,74,5,2025-05-25,2025-06-07,Closed
422,25,7,2025-05-25,2025-06-24,Closed
423,87,3,2025-05-26,2025-07-08,Closed
424,76,2,2025-05-26,2025-06-05,Closed
425,59,8,2025-05-26,2025-06-19,Closed
426,59,8,2025-05-26,2025-06-14,Closed
427,90,8,2025-05-26,2025-06-24,Closed
428,89,9,2025-05-26,2025-07-05,Closed
429,28,5,2025-05-26,2025-06-29,Delivered
430,43,9,2025-05-26,2025-06-18,Closed
431,29,1,2025-05-26,2025-06-16,Closed
432,94,5,2025-05-26,2025-06-15,Closed
433,71,4,2025-05-26,2025-07-05,Closed
434,97,1,2025-05-27,2025-07-09,Closed
435,37,4,2025-05-27,2025-07-11,Closed
436,17,5,2025-05-27,2025-06-09,Closed
437,91,7,2025-05-27,2025-06-14,Closed
438,62,7,2025-05-27,2025-06-19,Closed
439,96,5,2025-05-27,2025-06-06,Closed
440,74,1,2025-05-27,2025-06-30,Closed
441,55,3,2025-05-27,2025-06-09,Delivered
442,61,3,2025-05-27,2025-06-13,Closed
443,84,10,2025-05-27,2025-06-15,Closed
444,52,6,2025-05-27,2025-06-21,Closed
445,39,3,2025-05-27,2025-06-30,Closed
446,86,8,2025-05-27,2025-06-30,Closed
447,84,6,2025-05-27,2025-06-13,Closed
448,16,5,2025-05-27,2025-07-08,Closed
449,76,9,2025-05-28,2025-07-07,Closed
450,96,5,2025-05-28,2025-06-18,Closed
451,83,5,2025-05-28,2025-06-15,Delivered
452,9,9,2025-05-28,2025-06-18,Closed
453,90,10,2025-05-28,2025-06-11,Closed
454,75,6,2025-05-28,2025-06-20,Closed
455,16,5,2025-05-28,2025-06-18,Shipped
456,58,2,2025-05-28,2025-06-09,Closed
457,27,2,2025-05-28,2025-07-12,Closed
458,97,1,2025-05-29,2025-07-10,Closed
459,70,6,2025-05-29,2025-06-23,Closed
460,67,5,2025-05-29,2025-07-12,Closed
461,74,2,2025-05-29,2025-07-11,Closed
462,46,9,2025-05-29,2025-06-21,Closed
463,85,4,2025-05-29,2025-06-10,Closed
464,39,4,2025-05-29,2025-06-16,Closed
465,28,4,2025-05-29,2025-06-16,Closed
466,55,2,2025-05-29,2025-06-24,Closed
467,21,6,2025-05-29,2025-06-24,Closed
468,89,1,2025-05-29,2025-06-12,Closed
469,35,4,2025-05-30,2025-07-02,Closed
470,83,10,2025-05-30,2025-06-19,Closed
471,20,10,2025-05-30,2025-07-03,Delivered
472,78,8,2025-05-30,2025-06-16,Closed
473,88,1,2025-05-30,2025-06-30,Closed
474,47,5,2025-05-30,2025-06-18,Closed
475,29,6,2025-05-30,2025-07-03,Closed
476,29,6,2025-05-30,2025-06-16,Closed
477,94,10,2025-05-30,2025-07-10,Delivered
478,45,5,2025-05-30,2025-07-14,Closed
479,13,3,2025-05-30,2025-06-29,Closed
480,50,10,2025-05-30,2025-07-09,Closed
481,34,7,2025-05-30,2025-06-17,Closed
482,73,1,2025-05-31,2025-07-03,Closed
483,32,7,2025-06-01,2025-07-10,Closed
484,46,9,2025-06-01,2025-06-29,Closed
485,55,9,2025-06-01,2025-06-25,Closed
486,12,7,2025-06-01,2025-07-01,Closed
487,82,7,2025-06-01,2025-06-16,Closed
488,8,8,2025-06-01,2025-07-16,Closed
489,2,7,2025-06-02,2025-07-14,Closed
490,18,9,2025-06-02,2025-07-16,Closed
491,52,7,2025-06-02,2025-06-12,Closed
492,90,8,2025-06-02,2025-06-27,Closed
493,85,9,2025-06-02,2025-06-14,Closed
494,22,9,2025-06-02,2025-06-26,Closed
495,47,9,2025-06-02,2025-07-04,Closed
496,55,1,2025-06-02,2025-07-05,Closed
497,44,4,2025-06-02,2025-07-16,Closed
498,16,4,2025-06-02,2025-06-30,Closed
499,1,10,2025-06-02,2025-07-07,Closed
500,40,9,2025-06-02,2025-06-14,Closed
501,80,1,2025-06-02,2025-07-04,Shipped
502,59,8,2025-06-03,2025-06-19,Shipped
503,93,8,2025-06-03,2025-06-13,Closed
504,63,5,2025-06-03,2025-07-15,Closed
505,53,4,2025-06-03,2025-06-13,Closed
506,85,2,2025-06-03,2025-07-08,Closed
507,47,7,2025-06-03,2025-07-17,Closed
508,14,8,2025-06-03,2025-06-23,Closed
509,96,4,2025-06-03,2025-06-25,Closed
510,37,10,2025-06-03,2025-07-09,Closed
511,5,3,2025-06-03,2025-07-13,Closed
512,35,2,2025-06-03,2025-07-18,Closed
513,88,6,2025-06-03,2025-07-08,Closed
514,95,7,2025-06-03,2025-06-21,Closed
515,14,3,2025-06-03,2025-06-22,Closed
516,2,4,2025-06-03,2025-06-16,Closed
517,44,9,2025-06-04,2025-06-14,Closed
518,38,1,2025-06-04,2025-07-11,Closed
519,20,3,2025-06-04,2025-06-29,Closed
520,15,4,2025-06-04,2025-07-11,Closed
521,91,2,2025-06-04,2025-07-16,Closed
522,25,10,2025-06-05,2025-06-24,Closed
523,17,4,2025-06-05,2025-06-27,Closed
524,55,1,2025-06-05,2025-06-20,Closed
525,49,8,2025-06-05,2025-06-29,Closed
526,55,9,2025-06-05,2025-07-12,Closed
527,39,2,2025-06-05,2025-07-02,Closed
528,92,4,2025-06-05,2025-06-18,Closed
529,1,9,2025-06-05,2025-07-05,Closed
530,61,5,2025-06-05,2025-06-21,Closed
531,33,6,2025-06-05,2025-07-06,Closed
532,13,9,2025-06-05,2025-06-23,Closed
533,95,10,2025-06-05,2025-07-18,Closed
534,31,4,2025-06-05,2025-07-09,Delivered
535,14,5,2025-06-05,2025-06-22,Delivered
536,84,4,2025-06-05,2025-07-13,Closed
537,10,10,2025-06-05,2025-07-06,Closed
538,61,4,2025-06-06,2025-07-20,Closed
539,6,10,2025-06-06,2025-07-21,Closed
540,98,9,2025-06-06,2025-07-08,Closed
541,58,2,2025-06-06,2025-07-13,Delivered
542,54,9,2025-06-06,2025-06-17,Closed
543,36,3,2025-06-06,2025-07-04,Delivered
544,73,7,2025-06-07,2025-07-12,Closed
545,69,2,2025-06-07,2025-06-27,Closed
546,66,10,2025-06-08,2025-07-13,Closed
547,27,1,2025-06-08,2025-07-01,Closed
548,2,9,2025-06-08,2025-07-17,Closed
549,93,8,2025-06-08,2025-07-02,Closed
550,35,1,2025-06-09,2025-07-03,Delivered
551,31,5,2025-06-09,2025-06-28,Closed
552,36,5,2025-06-09,2025-06-22,Closed
553,32,4,2025-06-09,2025-07-23,Closed
554,84,8,2025-06-09,2025-07-09,Delivered
555,91,5,2025-06-09,2025-06-27,Closed
556,79,1,2025-06-09,2025-06-19,Closed
557,29,5,2025-06-09,2025-06-30,Closed
558,3,6,2025-06-09,2025-07-13,Closed
559,33,10,2025-06-09,2025-07-24,Closed
560,57,8,2025-06-09,2025-07-02,Closed
561,97,2,2025-06-09,2025-07-03,Closed
562,56,2,2025-06-09,2025-06-24,Closed
563,59,7,2025-06-09,2025-07-01,Closed
564,94,4,2025-06-10,2025-06-21,Closed
565,23,10,2025-06-10,2025-07-02,Delivered
566,10,10,2025-06-10,2025-07-15,Closed
567,68,6,2025-06-10,2025-06-26,Closed
568,3,6,2025-06-10,2025-06-22,Closed
569,99,7,2025-06-10,2025-06-20,Closed
570,2,2,2025-06-10,2025-07-24,Closed
571,44,2,2025-06-10,2025-07-02,Closed
572,98,2,2025-06-10,2025-06-30,Closed
573,62,6,2025-06-11,2025-07-25,Closed
574,81,1,2025-06-11,2025-06-23,Closed
575,38,2,2025-06-11,2025-06-30,Shipped
576,29,10,2025-06-11,2025-07-15,Closed
577,84,10,2025-06-11,2025-06-28,Closed
578,15,2,2025-06-11,2025-07-13,Delivered
579,43,1,2025-06-11,2025-06-23,Closed
580,23,2,2025-06-11,2025-07-02,Closed
581,20,5,2025-06-11,2025-07-09,Closed
582,14,4,2025-06-11,2025-07-14,Closed
583,92,1,2025-06-11,2025-06-30,Closed
584,19,10,2025-06-12,2025-07-20,Closed
585,62,2,2025-06-12,2025-07-19,Closed
586,36,4,2025-06-12,2025-06-30,Closed
587,50,10,2025-06-12,2025-07-19,Closed
588,53,6,2025-06-12,2025-06-30,Closed
589,84,7,2025-06-12,2025-07-18,Closed
590,69,7,2025-06-12,2025-07-16,Delivered
591,92,5,2025-06-12,2025-07-06,Closed
592,31,3,2025-06-12,2025-06-23,Closed
593,61,2,2025-06-12,2025-06-25,Closed
594,47,3,2025-06-12,2025-07-10,Closed
595,71,7,2025-06-12,2025-07-07,Closed
596,29,7,2025-06-12,2025-06-29,Closed
597,91,6,2025-06-12,2025-07-19,Closed
598,90,6,2025-06-12,2025-07-22,Closed
599,21,8,2025-06-13,2025-07-02,Delivered
600,10,10,2025-06-13,2025-07-02,Closed
601,61,9,2025-06-13,2025-07-12,Closed
602,93,6,2025-06-13,2025-07-11,Closed
603,8,1,2025-06-13,2025-07-04,Closed
604,2,10,2025-06-13,2025-07-22,Closed
605,34,9,2025-06-13,2025-07-12,Closed
606,55,5,2025-06-14,2025-06-29,Closed
607,17,7,2025-06-14,2025-06-27,Closed
608,24,9,2025-06-15,2025-06-29,Closed
609,60,9,2025-06-15,2025-07-20,Closed
610,22,8,2025-06-15,2025-07-22,Closed
611,14,4,2025-06-16,2025-07-17,Delivered
612,37,6,2025-06-16,2025-06-30,Closed
613,2,5,2025-06-16,2025-07-08,Closed
614,82,4,2025-06-16,2025-07-13,Delivered
615,73,10,2025-06-16,2025-06-28,Delivered
616,12,1,2025-06-16,2025-07-18,Closed
617,51,4,2025-06-16,2025-07-21,Closed
618,17,2,2025-06-17,2025-07-18,Closed
619,95,7,2025-06-17,2025-06-28,Closed
620,49,6,2025-06-17,2025-07-15,Closed
621,88,9,2025-06-17,2025-07-02,Closed
622,30,3,2025-06-17,2025-07-07,Closed
623,65,9,2025-06-17,2025-07-30,Closed
624,44,1,2025-06-17,2025-07-18,Closed
625,80,7,2025-06-18,2025-06-30,Closed
626,100,4,2025-06-18,2025-07-11,Closed
627,78,7,2025-06-18,2025-07-29,Delivered
628,2,8,2025-06-18,2025-08-02,Closed
629,12,4,2025-06-18,2025-07-18,Closed
630,38,2,2025-06-18,2025-07-21,Closed
631,10,10,2025-06-18,2025-07-14,Closed
632,33,8,2025-06-18,2025-07-06,Closed
633,73,8,2025-06-18,2025-07-16,Closed
634,80,3,2025-06-19,2025-07-27,Closed
635,80,6,2025-06-19,2025-07-04,Closed
636,65,9,2025-06-19,2025-07-01,Closed
637,83,1,2025-06-19,2025-08-03,Shipped
638,14,3,2025-06-19,2025-07-24,Closed
639,29,10,2025-06-19,2025-07-04,Closed
640,60,8,2025-06-19,2025-07-05,Delivered
641,94,4,2025-06-19,2025-07-26,Closed
642,43,2,2025-06-19,2025-07-30,Closed
643,95,8,2025-06-19,2025-07-28,Delivered
644,20,3,2025-06-19,2025-07-12,Closed
645,5,7,2025-06-19,2025-07-02,Closed
646,47,8,2025-06-19,2025-07-12,Delivered
647,3,7,2025-06-20,2025-07-17,Closed
648,23,1,2025-06-20,2025-07-17,Closed
649,39,8,2025-06-20,2025-07-26,Closed
650,86,3,2025-06-20,2025-07-03,Delivered
651,55,2,2025-06-20,2025-07-10,Closed
652,54,9,2025-06-20,2025-07-10,Closed
653,56,9,2025-06-20,2025-07-24,Closed
654,72,10,2025-06-20,2025-07-12,Delivered
655,86,3,2025-06-20,2025-07-20,Closed
656,94,6,2025-06-20,2025-06-30,Closed
657,59,8,2025-06-20,2025-07-20,Closed
658,87,9,2025-06-20,2025-06-30,Closed
659,17,10,2025-06-20,2025-07-06,Delivered
660,96,7,2025-06-20,2025-08-03,Closed
661,77,2,2025-06-20,2025-07-13,Closed
662,87,1,2025-06-20,2025-07-23,Closed
663,3,8,2025-06-20,2025-08-01,Closed
664,16,8,2025-06-21,2025-07-27,Closed
665,46,7,2025-06-21,2025-08-03,Closed
666,43,1,2025-06-21,2025-07-30,Closed
667,23,1,2025-06-22,2025-08-05,Closed
668,37,7,2025-06-22,2025-07-20,Closed
669,13,2,2025-06-22,2025-07-07,Closed
670,79,2,2025-06-22,2025-08-02,Closed
671,80,2,2025-06-22,2025-07-30,Closed
672,5,7,2025-06-23,2025-07-16,Closed
673,59,6,2025-06-23,2025-07-15,Closed
674,16,4,2025-06-23,2025-07-29,Closed
675,83,7,2025-06-23,2025-07-03,Closed
676,29,8,2025-06-23,2025-07-19,Closed
677,54,1,2025-06-23,2025-07-29,Delivered
678,4,8,2025-06-23,2025-08-05,Closed
679,77,1,2025-06-23,2025-07-30,Closed
680,51,5,2025-06-23,2025-07-28,Closed
681,74,9,2025-06-23,2025-07-27,Closed
682,23,2,2025-06-23,2025-08-05,Closed
683,30,3,2025-06-23,2025-08-04,Closed
684,74,5,2025-06-23,2025-08-07,Closed
685,42,6,2025-06-23,2025-07-04,Closed
686,81,3,2025-06-23,2025-07-04,Closed
687,70,2,2025-06-24,2025-07-28,Delivered
688,94,4,2025-06-24,2025-07-26,Closed
689,84,5,2025-06-24,2025-07-16,Closed
690,32,7,2025-06-24,2025-07-20,Closed
691,36,3,2025-06-24,2025-07-05,Closed
692,75,2,2025-06-24,2025-08-02,Closed
693,16,4,2025-06-24,2025-07-20,Closed
694,12,4,2025-06-24,2025-07-17,Closed
695,63,7,2025-06-24,2025-07-08,Closed
696,81,9,2025-06-24,2025-07-30,Closed
697,41,8,2025-06-24,2025-07-14,Closed
698,2,10,2025-06-24,2025-07-06,Closed
699,44,8,2025-06-24,2025-08-07,Shipped
700,67,2,2025-06-24,2025-07-16,Closed
701,69,7,2025-06-24,2025-07-17,Closed
702,15,1,2025-06-24,2025-07-24,Closed
703,11,3,2025-06-24,2025-07-21,Closed
704,26,6,2025-06-25,2025-08-09,Closed
705,60,8,2025-06-25,2025-08-01,Closed
706,52,5,2025-06-25,2025-07-16,Closed
707,92,4,2025-06-25,2025-07-11,Closed
708,99,7,2025-06-25,2025-07-18,Closed
709,63,4,2025-06-25,2025-08-01,Closed
710,35,10,2025-06-25,2025-07-11,Closed
711,55,2,2025-06-25,2025-07-28,Closed
712,9,3,2025-06-25,2025-08-06,Closed
713,53,5,2025-06-25,2025-08-07,Closed
714,4,8,2025-06-25,2025-08-01,Closed
715,46,7,2025-06-25,2025-07-28,Closed
716,100,1,2025-06-25,2025-07-25,Closed
717,92,4,2025-06-25,2025-07-25,Closed
718,72,2,2025-06-25,2025-07-18,Closed
719,14,5,2025-06-26,2025-07-10,Closed
720,83,2,2025-06-26,2025-07-26,Closed
721,26,4,2025-06-26,2025-08-06,Delivered
722,36,3,2025-06-26,2025-08-03,Closed
723,42,7,2025-06-26,2025-07-07,Closed
724,83,10,2025-06-26,2025-07-06,Closed
725,37,10,2025-06-26,2025-07-08,Closed
726,68,6,2025-06-26,2025-07-10,Closed
727,54,5,2025-06-26,2025-07-26,Closed
728,52,8,2025-06-26,2025-08-06,Closed
729,51,4,2025-06-27,2025-08-07,Closed
730,16,10,2025-06-27,2025-07-13,Delivered
731,7,3,2025-06-27,2025-07-13,Closed
732,89,4,2025-06-27,2025-07-17,Delivered
733,93,6,2025-06-27,2025-08-10,Closed
734,89,5,2025-06-27,2025-07-09,Closed
735,39,2,2025-06-27,2025-07-31,Closed
736,22,10,2025-06-27,2025-08-05,Closed
737,41,10,2025-06-27,2025-08-02,Closed
738,86,5,2025-06-28,2025-07-23,Closed
739,85,2,2025-06-28,2025-07-28,Closed
740,62,8,2025-06-28,2025-07-26,Closed
741,46,7,2025-06-28,2025-07-21,Closed
742,10,1,2025-06-28,2025-07-21,Shipped
743,28,4,2025-06-29,2025-07-21,Closed
744,44,9,2025-06-29,2025-08-11,Closed
745,41,5,2025-06-29,2025-08-07,Closed
746,65,1,2025-06-29,2025-07-23,Closed
747,50,10,2025-06-29,2025-08-10,Closed
748,52,8,2025-06-30,2025-08-06,Closed
749,40,10,2025-06-30,2025-07-16,Closed
750,14,4,2025-06-30,2025-07-11,Closed
751,24,2,2025-06-30,2025-08-12,Closed
752,34,6,2025-06-30,2025-08-01,Closed
753,20,10,2025-06-30,2025-08-11,Closed
754,57,6,2025-06-30,2025-07-13,Closed
755,94,4,2025-07-01,2025-07-29,Closed
756,23,9,2025-07-01,2025-08-11,Closed
757,14,4,2025-07-01,2025-07-18,Closed
758,7,10,2025-07-01,2025-07-28,Closed
759,69,7,2025-07-01,2025-08-05,Closed
760,13,9,2025-07-01,2025-07-28,Closed
761,22,6,2025-07-01,2025-07-29,Closed
762,37,2,2025-07-01,2025-07-22,Closed
763,90,5,2025-07-01,2025-07-26,Closed
764,88,1,2025-07-01,2025-08-01,Closed
765,19,8,2025-07-01,2025-08-07,Closed
766,23,2,2025-07-01,2025-07-21,Closed
767,2,10,2025-07-01,2025-07-11,Closed
768,32,1,2025-07-01,2025-07-12,Closed
769,38,9,2025-07-01,2025-08-12,Closed
770,19,2,2025-07-02,2025-07-31,Closed
771,43,9,2025-07-02,2025-08-03,Closed
772,33,5,2025-07-02,2025-08-04,Closed
773,46,8,2025-07-02,2025-08-14,Closed
774,77,2,2025-07-02,2025-08-14,Closed
775,3,10,2025-07-02,2025-07-26,Closed
776,19,6,2025-07-02,2025-07-27,Closed
777,90,6,2025-07-02,2025-07-25,Closed
778,25,7,2025-07-03,2025-07-19,Closed
779,81,8,2025-07-03,2025-08-15,Closed
780,87,2,2025-07-03,2025-08-07,Closed
781,36,3,2025-07-03,2025-08-15,Closed
782,79,2,2025-07-03,2025-08-04,Closed
783,2,7,2025-07-03,2025-08-11,Closed
784,67,10,2025-07-03,2025-08-17,Closed
785,39,1,2025-07-03,2025-07-31,Shipped
786,6,6,2025-07-03,2025-07-16,Closed
787,1,9,2025-07-03,2025-07-13,Delivered
788,18,2,2025-07-04,2025-08-15,Closed
789,99,6,2025-07-04,2025-07-31,Closed
790,94,5,2025-07-04,2025-07-19,Closed
791,5,4,2025-07-04,2025-07-29,Closed
792,82,10,2025-07-04,2025-07-20,Closed
793,39,1,2025-07-04,2025-08-10,Closed
794,42,3,2025-07-04,2025-07-26,Closed
795,54,2,2025-07-04,2025-08-02,Delivered
796,73,8,2025-07-04,2025-08-17,Closed
797,56,9,2025-07-04,2025-08-11,Closed
798,65,6,2025-07-04,2025-08-12,Closed
799,60,2,2025-07-04,2025-08-12,Delivered
800,72,2,2025-07-06,2025-07-21,Closed
801,79,4,2025-07-06,2025-08-17,Closed
802,80,8,2025-07-06,2025-07-19,Closed
803,51,5,2025-07-07,2025-07-17,Closed
804,98,8,2025-07-07,2025-07-20,Delivered
805,35,2,2025-07-07,2025-08-07,Closed
806,38,9,2025-07-07,2025-08-07,Closed
807,16,9,2025-07-07,2025-07-20,Closed
808,67,9,2025-07-07,2025-08-17,Closed
809,87,3,2025-07-07,2025-08-05,Closed
810,93,1,2025-07-07,2025-08-17,Closed
811,26,3,2025-07-08,2025-07-27,Closed
812,16,3,2025-07-08,2025-07-31,Closed
813,4,8,2025-07-08,2025-08-12,Delivered
814,16,4,2025-07-08,2025-07-29,Closed
815,70,10,2025-07-08,2025-07-25,Closed
816,82,7,2025-07-08,2025-08-02,Closed
817,95,4,2025-07-08,2025-08-17,Closed
818,38,10,2025-07-08,2025-08-18,Closed
819,36,5,2025-07-09,2025-07-25,Closed
820,55,2,2025-07-09,2025-08-17,Closed
821,50,8,2025-07-09,2025-07-21,Closed
822,85,1,2025-07-09,2025-08-10,Closed
823,60,8,2025-07-09,2025-08-05,Shipped
824,21,7,2025-07-09,2025-08-10,Closed
825,68,6,2025-07-09,2025-07-30,Closed
826,46,10,2025-07-09,2025-08-09,Closed
827,18,9,2025-07-09,2025-08-07,Closed
828,9,8,2025-07-09,2025-08-12,Closed
829,78,10,2025-07-09,2025-08-20,Closed
830,68,8,2025-07-09,2025-08-10,Closed
831,52,6,2025-07-09,2025-07-29,Closed
832,86,5,2025-07-09,2025-08-18,Closed
833,30,4,2025-07-10,2025-07-26,Closed
834,23,7,2025-07-10,2025-08-15,Closed
835,8,2,2025-07-10,2025-07-22,Closed
836,10,8,2025-07-10,2025-07-21,Closed
837,42,10,2025-07-10,2025-08-13,Closed
838,82,7,2025-07-10,2025-08-01,Closed
839,57,4,2025-07-10,2025-08-01,Closed
840,56,4,2025-07-10,2025-07-25,Closed
841,81,2,2025-07-10,2025-08-02,Delivered
842,18,6,2025-07-11,2025-08-16,Closed
843,10,10,2025-07-11,2025-08-02,Closed
844,74,9,2025-07-11,2025-08-12,Closed
845,72,2,2025-07-11,2025-08-18,Closed
846,49,10,2025-07-11,2025-07-26,Closed
847,67,1,2025-07-11,2025-08-21,Closed
848,77,1,2025-07-11,2025-08-04,Closed
849,38,5,2025-07-11,2025-08-14,Closed
850,9,3,2025-07-11,2025-08-08,Delivered
851,74,9,2025-07-11,2025-08-22,Closed
852,80,6,2025-07-11,2025-08-20,Closed
853,34,1,2025-07-12,2025-08-12,Closed
854,26,3,2025-07-12,2025-07-30,Closed
855,94,5,2025-07-12,2025-07-25,Closed
856,10,10,2025-07-12,2025-07-24,Closed
857,10,10,2025-07-13,2025-07-28,Closed
858,62,5,2025-07-13,2025-07-25,Closed
859,64,5,2025-07-14,2025-08-15,Closed
860,39,4,2025-07-14,2025-07-25,Closed
861,4,4,2025-07-14,2025-08-27,Closed
862,49,1,2025-07-14,2025-08-28,Closed
863,50,3,2025-07-14,2025-08-20,Closed
864,71,4,2025-07-14,2025-07-31,Closed
865,48,8,2025-07-14,2025-08-20,Closed
866,31,5,2025-07-14,2025-07-24,Closed
867,96,9,2025-07-14,2025-07-26,Closed
868,2,4,2025-07-14,2025-07-27,Delivered
869,17,4,2025-07-14,2025-07-26,Closed
870,78,4,2025-07-14,2025-08-11,Closed
871,51,3,2025-07-14,2025-07-28,Delivered
872,70,8,2025-07-14,2025-08-07,Closed
873,39,9,2025-07-15,2025-08-12,Closed
874,32,2,2025-07-15,2025-08-14,Closed
875,65,2,2025-07-15,2025-08-20,Closed
876,80,6,2025-07-15,2025-08-07,Closed
877,67,9,2025-07-15,2025-08-29,Closed
878,48,3,2025-07-15,2025-07-27,Closed
879,90,10,2025-07-15,2025-08-01,Delivered
880,5,5,2025-07-16,2025-08-19,Closed
881,11,10,2025-07-16,2025-08-26,Shipped
882,49,6,2025-07-16,2025-08-09,Closed
883,24,9,2025-07-16,2025-07-29,Closed
884,5,4,2025-07-16,2025-07-27,Closed
885,97,5,2025-07-16,2025-08-08,Closed
886,44,10,2025-07-16,2025-08-22,Closed
887,94,1,2025-07-16,2025-08-01,Closed
888,93,5,2025-07-16,2025-08-29,Closed
889,74,9,2025-07-16,2025-08-11,Closed
890,49,7,2025-07-16,2025-08-03,Closed
891,36,5,2025-07-17,2025-08-01,Closed
892,99,8,2025-07-17,2025-08-21,Delivered
893,36,5,2025-07-17,2025-08-12,Closed
894,99,2,2025-07-17,2025-08-15,Closed
895,42,3,2025-07-17,2025-08-24,Closed
896,57,6,2025-07-17,2025-08-18,Closed
897,72,1,2025-07-17,2025-08-01,Closed
898,79,1,2025-07-17,2025-08-24,Closed
899,99,5,2025-07-17,2025-08-27,Closed
900,81,9,2025-07-17,2025-07-30,Closed
901,84,10,2025-07-17,2025-08-16,Delivered
902,92,5,2025-07-17,2025-08-12,Closed
903,3,6,2025-07-17,2025-08-30,Closed
904,77,1,2025-07-17,2025-07-31,Closed
905,15,1,2025-07-17,2025-08-09,Closed
906,48,7,2025-07-18,2025-08-01,Closed
907,37,8,2025-07-18,2025-08-20,Closed
908,53,6,2025-07-18,2025-08-27,Closed
909,38,3,2025-07-18,2025-08-20,Delivered
910,20,1,2025-07-18,2025-08-03,Closed
911,41,9,2025-07-18,2025-08-29,Closed
912,92,3,2025-07-18,2025-08-21,Closed
913,5,3,2025-07-18,2025-08-21,Closed
914,84,6,2025-07-18,2025-08-11,Closed
915,74,7,2025-07-18,2025-08-31,Closed
916,68,10,2025-07-18,2025-08-27,Closed
917,67,2,2025-07-18,2025-08-09,Closed
918,38,6,2025-07-19,2025-08-13,Closed
919,47,8,2025-07-19,2025-08-05,Closed
920,57,7,2025-07-19,2025-08-21,Delivered
921,72,2,2025-07-19,2025-08-28,Closed
922,58,4,2025-07-19,2025-08-06,Closed
923,32,7,2025-07-19,2025-08-06,Closed
924,37,6,2025-07-19,2025-08-03,Closed
925,65,10,2025-07-20,2025-08-30,Closed
926,99,7,2025-07-20,2025-08-28,Shipped
927,16,5,2025-07-20,2025-08-29,Closed
928,17,7,2025-07-21,2025-08-01,Closed
929,10,10,2025-07-21,2025-08-27,Closed
930,52,4,2025-07-21,2025-08-18,Closed
931,44,9,2025-07-21,2025-08-06,Closed
932,6,8,2025-07-21,2025-08-28,Closed
933,81,2,2025-07-21,2025-08-18,Closed
934,90,7,2025-07-21,2025-09-01,Delivered
935,1,2,2025-07-21,2025-08-29,Closed
936,57,8,2025-07-22,2025-08-07,Closed
937,64,5,2025-07-22,2025-09-03,Closed
938,75,10,2025-07-22,2025-08-19,Closed
939,41,3,2025-07-22,2025-08-03,Closed
940,95,4,2025-07-22,2025-08-28,Closed
941,74,6,2025-07-22,2025-08-07,Closed
942,22,8,2025-07-22,2025-09-01,Closed
943,22,8,2025-07-22,2025-08-07,Closed
944,86,3,2025-07-23,2025-08-15,Closed
945,66,1,2025-07-23,2025-08-04,Closed
946,70,7,2025-07-23,2025-08-02,Closed
947,4,8,2025-07-23,2025-08-29,Closed
948,67,2,2025-07-23,2025-08-20,Closed
949,92,2,2025-07-23,2025-08-30,Closed
950,64,3,2025-07-23,2025-08-19,Closed
951,15,2,2025-07-23,2025-08-16,Closed
952,42,8,2025-07-23,2025-08-19,Closed
953,95,6,2025-07-23,2025-08-22,Closed
954,5,5,2025-07-23,2025-09-04,Closed
955,72,1,2025-07-23,2025-08-02,Closed
956,76,1,2025-07-24,2025-08-15,Closed
957,20,7,2025-07-24,2025-09-03,Closed
958,26,2,2025-07-24,2025-09-05,Closed
959,96,4,2025-07-24,2025-08-07,Closed
960,79,1,2025-07-24,2025-08-05,Closed
961,34,10,2025-07-24,2025-08-18,Closed
962,62,7,2025-07-24,2025-08-22,Closed
963,38,8,2025-07-24,2025-08-28,Closed
964,70,6,2025-07-24,2025-08-17,Closed
965,97,7,2025-07-24,2025-08-31,Closed
966,85,1,2025-07-24,2025-09-01,Closed
967,85,9,2025-07-24,2025-08-28,Closed
968,100,8,2025-07-24,2025-08-29,Closed
969,4,7,2025-07-24,2025-08-29,Delivered
970,99,8,2025-07-25,2025-08-30,Closed
971,57,8,2025-07-25,2025-08-07,Closed
972,94,5,2025-07-25,2025-08-06,Closed
973,53,3,2025-07-25,2025-09-07,Closed
974,81,9,2025-07-25,2025-08-25,Closed
975,70,6,2025-07-25,2025-08-28,Delivered
976,91,8,2025-07-25,2025-09-08,Delivered
977,7,4,2025-07-25,2025-09-07,Closed
978,21,7,2025-07-26,2025-08-19,Closed
979,21,6,2025-07-26,2025-08-31,Closed
980,94,3,2025-07-27,2025-08-08,Closed
981,97,2,2025-07-27,2025-09-07,Closed
982,63,4,2025-07-28,2025-08-26,Delivered
983,81,4,2025-07-28,2025-08-09,Closed
984,16,7,2025-07-28,2025-09-01,Closed
985,95,2,2025-07-28,2025-08-11,Delivered
986,93,7,2025-07-28,2025-08-08,Shipped
987,70,3,2025-07-28,2025-08-13,Closed
988,51,5,2025-07-28,2025-08-26,Closed
989,55,1,2025-07-28,2025-08-26,Closed
990,26,5,2025-07-28,2025-09-06,Closed
991,55,2,2025-07-28,2025-09-11,Closed
992,37,9,2025-07-28,2025-09-08,Closed
993,3,7,2025-07-29,2025-08-31,Closed
994,92,3,2025-07-29,2025-08-09,Closed
995,30,4,2025-07-29,2025-08-14,Closed
996,43,9,2025-07-29,2025-08-13,Delivered
997,22,10,2025-07-29,2025-08-23,Delivered
998,52,8,2025-07-29,2025-09-10,Closed
999,73,1,2025-07-29,2025-09-08,Closed
1000,40,3,2025-07-29,2025-08-10,Closed
1001,73,6,2025-07-29,2025-08-25,Closed
1002,97,2,2025-07-30,2025-09-12,Closed
1003,84,10,2025-07-31,2025-09-09,Closed
1004,95,2,2025-07-31,2025-08-16,Closed
1005,10,6,2025-07-31,2025-08-20,Closed
1006,16,4,2025-07-31,2025-08-17,Delivered
1007,55,9,2025-07-31,2025-09-12,Closed
1008,96,7,2025-07-31,2025-09-04,Shipped
1009,16,4,2025-07-31,2025-08-27,Closed
1010,79,10,2025-07-31,2025-08-20,Closed
1011,67,10,2025-07-31,2025-09-02,Closed
1012,33,1,2025-07-31,2025-08-31,Closed
1013,93,3,2025-07-31,2025-08-20,Closed
1014,61,4,2025-07-31,2025-08-21,Closed
1015,9,1,2025-07-31,2025-08-29,Closed
1016,26,9,2025-07-31,2025-09-08,Closed
1017,8,10,2025-07-31,2025-08-20,Delivered
1018,82,7,2025-07-31,2025-09-01,Closed
1019,25,4,2025-08-01,2025-08-30,Closed
1020,99,8,2025-08-01,2025-09-15,Closed
1021,85,9,2025-08-01,2025-08-20,Closed
1022,28,4,2025-08-01,2025-08-17,Closed
1023,67,2,2025-08-01,2025-09-01,Closed
1024,76,10,2025-08-01,2025-09-10,Closed
1025,1,4,2025-08-01,2025-08-16,Closed
1026,79,1,2025-08-01,2025-09-10,Closed
1027,42,6,2025-08-01,2025-08-19,Closed
1028,57,10,2025-08-01,2025-08-31,Closed
1029,98,9,2025-08-01,2025-09-05,Closed
1030,50,6,2025-08-01,2025-08-30,Closed
1031,41,9,2025-08-01,2025-08-24,Closed
1032,82,3,2025-08-01,2025-09-07,Closed
1033,63,5,2025-08-01,2025-08-18,Closed
1034,56,3,2025-08-02,2025-08-13,Closed
1035,60,6,2025-08-02,2025-09-08,Closed
1036,72,4,2025-08-02,2025-09-05,Closed
1037,96,4,2025-08-03,2025-09-10,Closed
1038,25,4,2025-08-03,2025-09-03,Delivered
1039,48,9,2025-08-04,2025-08-14,Closed
1040,5,8,2025-08-04,2025-09-08,Delivered
1041,90,5,2025-08-04,2025-08-17,Closed
1042,4,8,2025-08-04,2025-09-12,Closed
1043,61,9,2025-08-04,2025-08-20,Delivered
1044,4,3,2025-08-04,2025-08-25,Closed
1045,17,3,2025-08-04,2025-08-17,Closed
1046,91,6,2025-08-04,2025-09-17,Closed
1047,25,1,2025-08-05,2025-09-05,Closed
1048,41,3,2025-08-05,2025-09-07,Closed
1049,86,5,2025-08-05,2025-08-18,Delivered
1050,98,9,2025-08-05,2025-09-01,Delivered
1051,57,7,2025-08-05,2025-09-16,Closed
1052,82,1,2025-08-05,2025-09-03,Closed
1053,45,2,2025-08-05,2025-08-20,Closed
1054,60,1,2025-08-05,2025-08-26,Closed
1055,24,9,2025-08-05,2025-08-16,Closed
1056,2,8,2025-08-05,2025-09-13,Delivered
1057,93,5,2025-08-05,2025-08-27,Closed
1058,95,6,2025-08-05,2025-09-08,Closed
1059,23,9,2025-08-05,2025-09-04,Closed
1060,25,3,2025-08-05,2025-08-26,Closed
1061,34,5,2025-08-05,2025-08-20,Closed
1062,75,10,2025-08-06,2025-08-26,Delivered
1063,75,7,2025-08-06,2025-09-12,Closed
1064,88,4,2025-08-06,2025-09-06,Closed
1065,65,9,2025-08-06,2025-09-02,Delivered
1066,99,7,2025-08-06,2025-09-14,Closed
1067,15,9,2025-08-07,2025-08-28,Closed
1068,60,2,2025-08-07,2025-09-10,Closed
1069,5,3,2025-08-07,2025-09-08,Closed
1070,2,10,2025-08-07,2025-09-07,Closed
1071,13,2,2025-08-07,2025-09-05,Closed
1072,70,6,2025-08-07,2025-09-14,Closed
1073,59,10,2025-08-07,2025-09-11,Closed
1074,32,2,2025-08-07,2025-09-07,Closed
1075,52,7,2025-08-08,2025-09-19,Closed
1076,55,10,2025-08-08,2025-09-12,Closed
1077,21,8,2025-08-08,2025-09-20,Closed
1078,73,3,2025-08-08,2025-09-08,Closed
1079,7,5,2025-08-09,2025-08-28,Closed
1080,59,10,2025-08-09,2025-08-19,Closed
1081,26,5,2025-08-09,2025-09-07,Delivered
1082,31,7,2025-08-10,2025-08-25,Closed
1083,20,6,2025-08-11,2025-08-21,Closed
1084,45,9,2025-08-11,2025-09-15,Closed
1085,61,8,2025-08-11,2025-09-05,Closed
1086,13,2,2025-08-12,2025-08-30,Closed
1087,42,7,2025-08-12,2025-09-16,Closed
1088,45,9,2025-08-12,2025-08-23,Closed
1089,78,7,2025-08-12,2025-09-14,Closed
1090,65,10,2025-08-12,2025-09-16,Closed
1091,83,2,2025-08-12,2025-09-03,Delivered
1092,39,2,2025-08-12,2025-09-15,Closed
1093,55,2,2025-08-12,2025-09-15,Closed
1094,62,10,2025-08-12,2025-09-02,Closed
1095,88,1,2025-08-12,2025-09-20,Closed
1096,45,2,2025-08-12,2025-09-16,Closed
1097,2,7,2025-08-12,2025-09-23,Closed
1098,59,10,2025-08-13,2025-09-19,Closed
1099,39,9,2025-08-13,2025-08-30,Closed
1100,58,2,2025-08-13,2025-09-13,Closed
1101,47,7,2025-08-13,2025-09-19,Closed
1102,50,2,2025-08-13,2025-09-01,Shipped
1103,91,7,2025-08-13,2025-09-24,Closed
1104,94,7,2025-08-13,2025-08-26,Closed
1105,6,10,2025-08-13,2025-09-21,Closed
1106,77,5,2025-08-13,2025-09-19,Closed
1107,38,1,2025-08-13,2025-09-26,Closed
1108,38,1,2025-08-13,2025-09-20,Closed
1109,82,6,2025-08-14,2025-09-15,Closed
1110,69,4,2025-08-14,2025-09-04,Delivered
1111,13,1,2025-08-14,2025-09-24,Closed
1112,36,4,2025-08-14,2025-09-08,Closed
1113,94,10,2025-08-14,2025-09-22,Delivered
1114,42,7,2025-08-14,2025-08-30,Closed
1115,93,8,2025-08-14,2025-09-20,Closed
1116,24,5,2025-08-14,2025-08-29,Closed
1117,56,4,2025-08-14,2025-09-09,Closed
1118,79,1,2025-08-14,2025-08-27,Closed
1119,61,4,2025-08-14,2025-09-10,Closed
1120,100,9,2025-08-14,2025-08-26,Closed
1121,24,5,2025-08-14,2025-08-24,Closed
1122,3,3,2025-08-14,2025-09-10,Closed
1123,77,6,2025-08-15,2025-08-31,Closed
1124,3,4,2025-08-15,2025-08-29,Closed
1125,94,8,2025-08-15,2025-09-20,Closed
1126,43,2,2025-08-16,2025-09-30,Shipped
1127,44,2,2025-08-16,2025-09-04,Closed
1128,96,5,2025-08-16,2025-09-05,Closed
1129,33,9,2025-08-16,2025-08-31,Closed
1130,72,2,2025-08-17,2025-09-09,Closed
1131,68,8,2025-08-17,2025-09-16,Closed
1132,60,9,2025-08-18,2025-09-07,Closed
1133,73,6,2025-08-18,2025-09-15,Closed
1134,63,7,2025-08-18,2025-10-01,Closed
1135,78,2,2025-08-18,2025-09-03,Closed
1136,28,10,2025-08-18,2025-09-15,Closed
1137,21,7,2025-08-18,2025-10-02,Closed
1138,97,9,2025-08-18,2025-09-14,Closed
1139,47,6,2025-08-19,2025-09-30,Closed
1140,51,4,2025-08-19,2025-09-29,Closed
1141,37,8,2025-08-19,2025-09-08,Closed
1142,23,1,2025-08-19,2025-10-02,Closed
1143,98,1,2025-08-19,2025-09-04,Closed
1144,84,10,2025-08-19,2025-09-24,Closed
1145,4,3,2025-08-19,2025-09-30,Closed
1146,77,2,2025-08-19,2025-08-30,Closed
1147,32,9,2025-08-20,2025-09-29,Closed
1148,48,10,2025-08-20,2025-10-04,Closed
1149,25,3,2025-08-20,2025-09-28,Closed
1150,31,5,2025-08-20,2025-09-11,Closed
1151,38,1,2025-08-20,2025-09-12,Closed
1152,59,10,2025-08-20,2025-09-14,Closed
1153,60,1,2025-08-20,2025-09-20,Closed
1154,21,6,2025-08-20,2025-08-30,Closed
1155,88,9,2025-08-20,2025-09-29,Closed
1156,10,5,2025-08-20,2025-10-03,Closed
1157,100,9,2025-08-20,2025-08-31,Closed
1158,93,10,2025-08-20,2025-09-01,Closed
1159,92,8,2025-08-21,2025-09-27,Closed
1160,14,4,2025-08-21,2025-09-07,Closed
1161,47,8,2025-08-21,2025-09-09,Closed
1162,62,6,2025-08-21,2025-09-21,Closed
1163,10,10,2025-08-22,2025-09-16,Closed
1164,44,2,2025-08-22,2025-09-22,Closed
1165,90,8,2025-08-22,2025-09-03,Closed
1166,19,6,2025-08-22,2025-09-15,Closed
1167,73,8,2025-08-22,2025-09-20,Closed
1168,21,8,2025-08-22,2025-10-01,Closed
1169,87,9,2025-08-22,2025-09-09,Closed
1170,38,5,2025-08-22,2025-09-15,Delivered
1171,28,3,2025-08-22,2025-09-01,Closed
1172,93,10,2025-08-22,2025-10-01,Closed
1173,22,3,2025-08-23,2025-10-04,Closed
1174,48,10,2025-08-23,2025-09-12,Closed
1175,62,10,2025-08-23,2025-09-02,Closed
1176,9,4,2025-08-23,2025-09-15,Closed
1177,36,2,2025-08-23,2025-09-14,Closed
1178,59,6,2025-08-23,2025-10-05,Closed
1179,95,6,2025-08-23,2025-09-27,Closed
1180,43,2,2025-08-23,2025-10-07,Closed
1181,95,6,2025-08-23,2025-09-05,Closed
1182,67,2,2025-08-24,2025-09-14,Closed
1183,84,4,2025-08-24,2025-10-02,Closed
1184,78,8,2025-08-25,2025-09-09,Closed
1185,94,2,2025-08-25,2025-09-12,Closed
1186,8,7,2025-08-25,2025-10-04,Closed
1187,69,1,2025-08-25,2025-09-24,Closed
1188,10,6,2025-08-25,2025-10-02,Delivered
1189,26,5,2025-08-25,2025-09-17,Closed
1190,39,9,2025-08-25,2025-10-01,Closed
1191,15,8,2025-08-26,2025-09-17,Closed
1192,82,8,2025-08-26,2025-09-05,Closed
1193,53,8,2025-08-26,2025-09-16,Closed
1194,62,8,2025-08-26,2025-09-21,Closed
1195,32,9,2025-08-26,2025-10-10,Closed
1196,81,1,2025-08-26,2025-10-06,Shipped
1197,66,7,2025-08-26,2025-09-16,Delivered
1198,56,2,2025-08-26,2025-10-03,Closed
1199,88,1,2025-08-27,2025-09-18,Closed
1200,98,2,2025-08-27,2025-10-08,Closed
1201,99,6,2025-08-27,2025-09-25,Closed
1202,27,1,2025-08-27,2025-09-26,Closed
1203,99,7,2025-08-27,2025-09-16,Closed
1204,21,10,2025-08-28,2025-10-03,Closed
1205,35,2,2025-08-28,2025-10-07,Closed
1206,39,2,2025-08-28,2025-09-28,Closed
1207,96,4,2025-08-28,2025-10-04,Closed
1208,98,2,2025-08-28,2025-09-10,Closed
1209,46,3,2025-08-28,2025-10-06,Closed
1210,3,4,2025-08-28,2025-09-20,Closed
1211,33,2,2025-08-28,2025-09-08,Closed
1212,49,7,2025-08-29,2025-09-21,Closed
1213,57,2,2025-08-29,2025-09-12,Closed
1214,42,10,2025-08-29,2025-10-08,Closed
1215,6,7,2025-08-29,2025-10-09,Closed
1216,78,6,2025-08-29,2025-09-14,Delivered
1217,44,2,2025-08-29,2025-10-06,Closed
1218,15,9,2025-08-29,2025-09-12,Closed
1219,100,3,2025-08-29,2025-09-17,Closed
1220,74,1,2025-08-29,2025-10-06,Closed
1221,74,9,2025-08-29,2025-09-24,Closed
1222,38,3,2025-08-29,2025-09-12,Closed
1223,90,6,2025-08-29,2025-10-01,Closed
1224,58,4,2025-08-29,2025-09-19,Closed
1225,30,4,2025-08-29,2025-09-20,Closed
1226,91,6,2025-08-30,2025-09-17,Closed
1227,53,4,2025-08-30,2025-09-12,Closed
1228,8,9,2025-08-30,2025-10-02,Shipped
1229,56,9,2025-08-30,2025-09-29,Closed
1230,63,4,2025-08-30,2025-09-13,Closed
1231,73,6,2025-08-31,2025-10-14,Closed
1232,66,2,2025-08-31,2025-10-09,Closed
1233,25,7,2025-08-31,2025-09-27,Closed
1234,95,8,2025-08-31,2025-09-14,Closed
1235,74,9,2025-09-01,2025-10-08,Closed
1236,52,6,2025-09-01,2025-10-05,Shipped
1237,29,7,2025-09-01,2025-09-27,Closed
1238,75,6,2025-09-01,2025-10-15,Closed
1239,86,5,2025-09-01,2025-10-03,Closed
1240,92,3,2025-09-01,2025-09-23,Closed
1241,27,1,2025-09-01,2025-09-12,Closed
1242,6,9,2025-09-01,2025-10-03,Closed
1243,42,4,2025-09-02,2025-09-25,Closed
1244,21,8,2025-09-02,2025-09-26,Closed
1245,28,1,2025-09-02,2025-09-20,Closed
1246,57,10,2025-09-02,2025-09-13,Closed
1247,96,4,2025-09-02,2025-10-06,Delivered
1248,57,7,2025-09-02,2025-10-06,Closed
1249,16,3,2025-09-02,2025-10-14,Closed
1250,93,7,2025-09-02,2025-09-25,Closed
1251,63,6,2025-09-02,2025-10-02,Closed
1252,27,9,2025-09-03,2025-10-06,Closed
1253,66,10,2025-09-03,2025-09-14,Shipped
1254,54,1,2025-09-03,2025-10-05,Closed
1255,40,7,2025-09-03,2025-10-02,Closed
1256,90,10,2025-09-03,2025-10-13,Shipped
1257,36,6,2025-09-03,2025-09-15,Closed
1258,32,1,2025-09-03,2025-09-21,Closed
1259,18,1,2025-09-03,2025-09-16,Closed
1260,27,5,2025-09-04,2025-10-07,Closed
1261,21,7,2025-09-04,2025-10-17,Closed
1262,95,3,2025-09-04,2025-10-07,Closed
1263,15,1,2025-09-04,2025-10-15,Closed
1264,52,5,2025-09-04,2025-10-04,Delivered
1265,4,10,2025-09-04,2025-09-16,Closed
1266,19,1,2025-09-04,2025-10-18,Closed
1267,77,3,2025-09-04,2025-09-24,Closed
1268,45,2,2025-09-04,2025-10-10,Closed
1269,15,8,2025-09-05,2025-10-11,Closed
1270,69,6,2025-09-05,2025-10-04,Closed
1271,33,9,2025-09-05,2025-10-19,Closed
1272,79,2,2025-09-05,2025-10-15,Closed
1273,74,1,2025-09-05,2025-10-17,Closed
1274,19,6,2025-09-05,2025-09-21,Closed
1275,37,2,2025-09-05,2025-09-30,Closed
1276,24,5,2025-09-05,2025-10-06,Closed
1277,60,9,2025-09-05,2025-10-18,Closed
1278,35,3,2025-09-05,2025-10-05,Closed
1279,85,9,2025-09-05,2025-09-17,Closed
1280,50,4,2025-09-06,2025-09-27,Shipped
1281,82,7,2025-09-06,2025-09-26,Closed
1282,2,10,2025-09-06,2025-10-08,Closed
1283,74,1,2025-09-06,2025-10-15,Closed
1284,70,8,2025-09-07,2025-10-19,Closed
1285,44,3,2025-09-07,2025-10-03,Closed
1286,63,8,2025-09-07,2025-09-23,Closed
1287,44,5,2025-09-07,2025-09-21,Closed
1288,55,9,2025-09-08,2025-09-26,Delivered
1289,59,2,2025-09-08,2025-10-23,Closed
1290,17,5,2025-09-08,2025-10-16,Closed
1291,11,9,2025-09-08,2025-09-29,Closed
1292,66,7,2025-09-08,2025-09-19,Closed
1293,96,5,2025-09-08,2025-09-27,Closed
1294,68,8,2025-09-08,2025-10-22,Closed
1295,68,7,2025-09-08,2025-09-24,Closed
1296,82,10,2025-09-08,2025-10-02,Closed
1297,97,9,2025-09-08,2025-10-15,Closed
1298,36,4,2025-09-09,2025-10-07,Closed
1299,67,8,2025-09-09,2025-10-18,Closed
1300,93,1,2025-09-09,2025-09-23,Closed
1301,72,4,2025-09-09,2025-09-23,Delivered
1302,53,4,2025-09-09,2025-09-29,Closed
1303,32,1,2025-09-09,2025-10-15,Closed
1304,25,4,2025-09-10,2025-09-24,Closed
1305,36,4,2025-09-10,2025-09-27,Closed
1306,75,3,2025-09-10,2025-10-03,Closed
1307,87,2,2025-09-10,2025-09-20,Closed
1308,67,1,2025-09-10,2025-10-20,Closed
1309,57,6,2025-09-10,2025-10-24,Closed
1310,59,8,2025-09-10,2025-10-07,Closed
1311,6,8,2025-09-10,2025-09-27,Closed
1312,55,9,2025-09-10,2025-10-21,Closed
1313,29,6,2025-09-10,2025-10-13,Closed
1314,86,5,2025-09-11,2025-10-18,Closed
1315,82,8,2025-09-11,2025-10-08,Closed
1316,82,10,2025-09-11,2025-10-07,Closed
1317,11,10,2025-09-11,2025-10-06,Closed
1318,29,8,2025-09-11,2025-09-27,Closed
1319,91,10,2025-09-11,2025-10-24,Closed
1320,86,5,2025-09-11,2025-09-27,Closed
1321,83,10,2025-09-11,2025-09-27,Closed
1322,98,9,2025-09-11,2025-10-17,Closed
1323,92,6,2025-09-11,2025-10-19,Closed
1324,74,1,2025-09-11,2025-10-16,Closed
1325,81,7,2025-09-11,2025-09-22,Closed
1326,24,2,2025-09-11,2025-09-27,Closed
1327,53,8,2025-09-11,2025-10-07,Closed
1328,88,1,2025-09-12,2025-10-09,Closed
1329,7,5,2025-09-12,2025-10-08,Closed
1330,21,8,2025-09-12,2025-10-17,Closed
1331,100,8,2025-09-12,2025-09-27,Closed
1332,79,1,2025-09-12,2025-10-12,Closed
1333,13,2,2025-09-12,2025-10-17,Closed
1334,64,7,2025-09-12,2025-10-04,Closed
1335,91,8,2025-09-12,2025-10-20,Closed
1336,97,1,2025-09-13,2025-10-13,Shipped
1337,25,5,2025-09-13,2025-10-28,Closed
1338,72,2,2025-09-13,2025-09-27,Closed
1339,12,7,2025-09-14,2025-10-10,Closed
1340,44,2,2025-09-14,2025-10-02,Closed
1341,14,5,2025-09-14,2025-09-29,Closed
1342,29,6,2025-09-14,2025-10-09,Closed
1343,86,1,2025-09-14,2025-10-25,Closed
1344,89,4,2025-09-14,2025-10-08,Closed
1345,28,4,2025-09-15,2025-10-10,Closed
1346,79,2,2025-09-15,2025-10-21,Closed
1347,73,7,2025-09-15,2025-10-28,Closed
1348,81,2,2025-09-15,2025-10-11,Closed
1349,47,5,2025-09-15,2025-10-22,Closed
1350,31,4,2025-09-15,2025-09-29,Closed
1351,18,9,2025-09-15,2025-10-10,Closed
1352,75,10,2025-09-15,2025-10-29,Closed
1353,78,8,2025-09-15,2025-10-30,Closed
1354,29,6,2025-09-15,2025-10-24,Closed
1355,64,3,2025-09-15,2025-10-05,Delivered
1356,58,1,2025-09-15,2025-10-17,Closed
1357,91,8,2025-09-16,2025-09-30,Closed
1358,36,5,2025-09-16,2025-09-27,Closed
1359,63,3,2025-09-16,2025-10-21,Closed
1360,58,9,2025-09-16,2025-10-15,Closed
1361,73,9,2025-09-16,2025-10-22,Closed
1362,70,10,2025-09-16,2025-10-16,Closed
1363,79,2,2025-09-16,2025-10-03,Closed
1364,10,9,2025-09-16,2025-10-22,Closed
1365,94,5,2025-09-16,2025-10-07,Closed
1366,4,8,2025-09-16,2025-10-03,Closed
1367,13,10,2025-09-16,2025-10-20,Closed
1368,49,3,2025-09-16,2025-10-17,Closed
1369,40,9,2025-09-17,2025-10-24,Closed
1370,64,4,2025-09-17,2025-10-22,Closed
1371,45,2,2025-09-17,2025-10-18,Closed
1372,13,1,2025-09-17,2025-09-30,Closed
1373,8,2,2025-09-17,2025-10-07,Shipped
1374,68,8,2025-09-17,2025-10-21,Closed
1375,73,6,2025-09-17,2025-10-08,Closed
1376,80,7,2025-09-17,2025-10-19,Delivered
1377,88,10,2025-09-17,2025-10-20,Closed
1378,57,3,2025-09-18,2025-10-30,Closed
1379,57,6,2025-09-18,2025-11-01,Closed
1380,16,5,2025-09-18,2025-10-16,Closed
1381,88,9,2025-09-18,2025-10-08,Closed
1382,64,3,2025-09-18,2025-10-19,Closed
1383,85,2,2025-09-18,2025-10-26,Closed
1384,86,4,2025-09-18,2025-10-13,Closed
1385,31,8,2025-09-18,2025-10-10,Closed
1386,6,10,2025-09-18,2025-10-04,Closed
1387,12,6,2025-09-18,2025-10-31,Closed
1388,90,10,2025-09-19,2025-11-02,Closed
1389,37,10,2025-09-19,2025-10-11,Closed
1390,81,2,2025-09-19,2025-10-23,Delivered
1391,4,8,2025-09-19,2025-11-03,Closed
1392,50,8,2025-09-19,2025-10-02,Closed
1393,6,6,2025-09-19,2025-10-18,Closed
1394,96,9,2025-09-19,2025-10-10,Closed
1395,95,6,2025-09-19,2025-10-02,Closed
1396,50,6,2025-09-20,2025-10-27,Closed
1397,68,9,2025-09-20,2025-10-23,Closed
1398,6,2,2025-09-20,2025-10-29,Closed
1399,29,2,2025-09-20,2025-10-13,Closed
1400,74,1,2025-09-20,2025-10-02,Closed
1401,27,2,2025-09-21,2025-10-19,Shipped
1402,31,6,2025-09-21,2025-10-12,Closed
1403,30,4,2025-09-21,2025-10-03,Closed
1404,77,9,2025-09-21,2025-10-17,Closed
1405,55,5,2025-09-21,2025-10-14,Closed
1406,84,5,2025-09-22,2025-10-28,Closed
1407,54,7,2025-09-22,2025-10-19,Closed
1408,25,8,2025-09-22,2025-10-18,Closed
1409,81,1,2025-09-22,2025-10-30,Closed
1410,89,9,2025-09-22,2025-10-09,Closed
1411,63,5,2025-09-22,2025-10-22,Closed
1412,95,10,2025-09-22,2025-10-20,Closed
1413,37,5,2025-09-22,2025-10-08,Closed
1414,51,4,2025-09-22,2025-10-07,Closed
1415,64,5,2025-09-22,2025-10-04,Closed
1416,14,3,2025-09-22,2025-10-26,Closed
1417,98,2,2025-09-23,2025-10-18,Closed
1418,48,7,2025-09-23,2025-10-31,Closed
1419,6,9,2025-09-23,2025-10-15,Closed
1420,93,6,2025-09-23,2025-10-12,Closed
1421,33,6,2025-09-23,2025-11-01,Closed
1422,83,2,2025-09-23,2025-10-12,Closed
1423,65,1,2025-09-23,2025-10-15,Closed
1424,93,10,2025-09-23,2025-10-07,Closed
1425,78,7,2025-09-23,2025-10-12,Closed
1426,41,9,2025-09-23,2025-10-07,Closed
1427,69,7,2025-09-23,2025-10-23,Closed
1428,19,4,2025-09-23,2025-10-03,Closed
1429,73,10,2025-09-24,2025-10-11,Closed
1430,98,10,2025-09-24,2025-11-07,Delivered
1431,84,8,2025-09-24,2025-10-28,Closed
1432,79,9,2025-09-24,2025-10-19,Closed
1433,79,9,2025-09-24,2025-11-02,Closed
1434,20,8,2025-09-24,2025-10-18,Closed
1435,82,7,2025-09-24,2025-10-20,Closed
1436,48,7,2025-09-24,2025-10-23,Closed
1437,59,7,2025-09-24,2025-10-29,Closed
1438,81,2,2025-09-24,2025-10-30,Closed
1439,59,8,2025-09-24,2025-10-28,Closed
1440,44,2,2025-09-24,2025-10-12,Closed
1441,27,9,2025-09-24,2025-10-16,Closed
1442,94,10,2025-09-24,2025-10-27,Closed
1443,71,7,2025-09-24,2025-10-27,Closed
1444,28,4,2025-09-24,2025-10-10,Closed
1445,58,9,2025-09-25,2025-10-31,Delivered
1446,28,3,2025-09-25,2025-10-29,Closed
1447,56,2,2025-09-25,2025-10-06,Closed
1448,50,7,2025-09-25,2025-10-22,Closed
1449,88,1,2025-09-25,2025-10-30,Closed
1450,26,4,2025-09-25,2025-11-03,Closed
1451,95,10,2025-09-25,2025-10-25,Closed
1452,98,1,2025-09-26,2025-10-12,Closed
1453,11,6,2025-09-26,2025-10-27,Closed
1454,41,6,2025-09-26,2025-10-18,Closed
1455,28,3,2025-09-26,2025-10-29,Closed
1456,41,2,2025-09-26,2025-11-05,Closed
1457,23,1,2025-09-26,2025-11-10,Closed
1458,20,6,2025-09-26,2025-11-09,Closed
1459,53,5,2025-09-26,2025-11-05,Closed
1460,36,4,2025-09-26,2025-10-13,Closed
1461,19,2,2025-09-26,2025-10-08,Closed
1462,49,10,2025-09-26,2025-10-16,Closed
1463,76,6,2025-09-26,2025-11-03,Closed
1464,24,1,2025-09-26,2025-11-06,Closed
1465,73,8,2025-09-26,2025-10-11,Closed
1466,9,5,2025-09-28,2025-10-27,Closed
1467,20,7,2025-09-28,2025-10-28,Closed
1468,11,10,2025-09-29,2025-10-10,Closed
1469,76,1,2025-09-29,2025-11-01,Closed
1470,25,5,2025-09-29,2025-10-10,Closed
1471,22,7,2025-09-29,2025-10-28,Closed
1472,56,2,2025-09-29,2025-11-07,Closed
1473,43,1,2025-09-29,2025-10-09,Closed
1474,3,7,2025-09-29,2025-11-08,Closed
1475,5,5,2025-09-29,2025-11-02,Closed
1476,66,7,2025-09-29,2025-11-04,Closed
1477,17,5,2025-09-29,2025-11-13,Closed
1478,37,10,2025-09-29,2025-10-14,Closed
1479,41,2,2025-09-29,2025-10-10,Closed
1480,98,1,2025-09-30,2025-10-21,Closed
1481,20,7,2025-09-30,2025-10-15,Closed
1482,2,6,2025-09-30,2025-10-14,Closed
1483,81,8,2025-09-30,2025-10-31,Closed
1484,14,1,2025-09-30,2025-10-18,Closed
1485,96,3,2025-09-30,2025-10-15,Closed
1486,12,5,2025-09-30,2025-10-24,Closed
1487,92,4,2025-09-30,2025-11-12,Closed
1488,26,8,2025-09-30,2025-10-21,Closed
1489,94,1,2025-09-30,2025-11-07,Closed
1490,1,1,2025-09-30,2025-10-26,Closed
1491,70,7,2025-09-30,2025-10-17,Closed
1492,10,8,2025-09-30,2025-10-24,Closed
1493,82,5,2025-09-30,2025-11-05,Closed
1494,37,8,2025-09-30,2025-11-01,Closed
1495,68,8,2025-09-30,2025-10-28,Closed
1496,9,4,2025-10-01,2025-11-02,Closed
1497,8,7,2025-10-01,2025-10-16,Closed
1498,92,5,2025-10-01,2025-10-16,Closed
1499,99,6,2025-10-01,2025-10-15,Closed
1500,94,8,2025-10-01,2025-11-02,Closed
1501,62,8,2025-10-01,2025-11-11,Closed
1502,96,5,2025-10-01,2025-10-21,Delivered
1503,46,10,2025-10-01,2025-10-31,Closed
1504,52,10,2025-10-01,2025-11-08,Closed
1505,95,7,2025-10-01,2025-10-12,Closed
1506,41,9,2025-10-01,2025-10-20,Closed
1507,2,7,2025-10-01,2025-10-20,Closed
1508,24,1,2025-10-01,2025-11-05,Closed
1509,35,1,2025-10-01,2025-11-11,Closed
1510,39,9,2025-10-01,2025-10-28,Closed
1511,63,8,2025-10-01,2025-11-07,Closed
1512,21,6,2025-10-01,2025-11-02,Closed
1513,9,8,2025-10-02,2025-10-30,Closed
1514,67,4,2025-10-02,2025-11-07,Closed
1515,40,6,2025-10-02,2025-10-31,Closed
1516,55,10,2025-10-02,2025-10-20,Closed
1517,44,3,2025-10-02,2025-11-04,Closed
1518,61,4,2025-10-02,2025-11-04,Closed
1519,27,4,2025-10-02,2025-11-01,Closed
1520,61,9,2025-10-02,2025-11-02,Closed
1521,43,3,2025-10-02,2025-11-01,Closed
1522,74,4,2025-10-02,2025-10-27,Closed
1523,32,2,2025-10-02,2025-10-13,Closed
1524,13,1,2025-10-02,2025-11-01,Delivered
1525,63,5,2025-10-02,2025-10-29,Delivered
1526,50,5,2025-10-02,2025-10-21,Closed
1527,100,1,2025-10-02,2025-10-26,Closed
1528,42,10,2025-10-02,2025-11-16,Closed
1529,35,8,2025-10-02,2025-11-01,Closed
1530,69,7,2025-10-03,2025-10-20,Closed
1531,8,4,2025-10-03,2025-11-15,Closed
1532,37,10,2025-10-03,2025-11-09,Closed
1533,2,7,2025-10-03,2025-10-22,Closed
1534,4,7,2025-10-03,2025-10-18,Closed
1535,100,3,2025-10-03,2025-11-10,Closed
1536,72,2,2025-10-03,2025-11-02,Closed
1537,36,3,2025-10-03,2025-11-11,Closed
1538,76,1,2025-10-03,2025-10-20,Delivered
1539,42,8,2025-10-03,2025-10-22,Closed
1540,93,6,2025-10-03,2025-11-09,Closed
1541,51,5,2025-10-03,2025-10-15,Closed
1542,42,6,2025-10-03,2025-11-14,Delivered
1543,92,8,2025-10-03,2025-10-17,Closed
1544,18,9,2025-10-03,2025-10-23,Closed
1545,31,4,2025-10-03,2025-11-04,Closed
1546,53,3,2025-10-04,2025-11-14,Closed
1547,8,10,2025-10-04,2025-10-23,Closed
1548,12,8,2025-10-05,2025-10-25,Closed
1549,34,6,2025-10-05,2025-11-19,Delivered
1550,83,4,2025-10-05,2025-11-14,Delivered
1551,29,3,2025-10-05,2025-10-23,Closed
1552,42,10,2025-10-05,2025-10-16,Closed
1553,38,9,2025-10-05,2025-11-10,Closed
1554,6,6,2025-10-06,2025-10-29,Closed
1555,63,5,2025-10-06,2025-10-21,Closed
1556,48,7,2025-10-06,2025-11-10,Closed
1557,69,8,2025-10-06,2025-11-02,Closed
1558,66,7,2025-10-06,2025-11-01,Closed
1559,42,7,2025-10-06,2025-10-23,Closed
1560,58,9,2025-10-06,2025-11-17,Closed
1561,27,1,2025-10-06,2025-11-09,Closed
1562,96,4,2025-10-06,2025-10-28,Closed
1563,95,4,2025-10-06,2025-11-04,Closed
1564,7,4,2025-10-06,2025-11-01,Closed
1565,4,7,2025-10-06,2025-10-27,Closed
1566,27,9,2025-10-06,2025-11-09,Closed
1567,59,10,2025-10-06,2025-10-26,Closed
1568,62,8,2025-10-06,2025-10-31,Delivered
1569,14,1,2025-10-06,2025-10-19,Closed
1570,36,5,2025-10-06,2025-11-13,Closed
1571,73,2,2025-10-06,2025-10-19,Closed
1572,83,2,2025-10-06,2025-11-08,Delivered
1573,54,5,2025-10-06,2025-10-18,Closed
1574,39,2,2025-10-07,2025-10-30,Closed
1575,82,1,2025-10-07,2025-11-16,Closed
1576,15,1,2025-10-07,2025-11-15,Closed
1577,75,5,2025-10-07,2025-11-03,Delivered
1578,73,7,2025-10-07,2025-10-30,Delivered
1579,87,1,2025-10-07,2025-11-17,Closed
1580,60,1,2025-10-07,2025-10-19,Closed
1581,99,5,2025-10-07,2025-11-16,Closed
1582,35,2,2025-10-07,2025-10-29,Closed
1583,58,1,2025-10-07,2025-11-13,Closed
1584,90,7,2025-10-07,2025-10-20,Closed
1585,12,4,2025-10-07,2025-11-16,Closed
1586,48,6,2025-10-07,2025-11-21,Closed
1587,42,6,2025-10-07,2025-11-12,Closed
1588,52,8,2025-10-07,2025-11-04,Closed
1589,87,8,2025-10-07,2025-11-20,Closed
1590,56,2,2025-10-07,2025-10-25,Closed
1591,46,8,2025-10-07,2025-11-20,Closed
1592,22,6,2025-10-07,2025-11-18,Closed
1593,81,2,2025-10-07,2025-11-20,Closed
1594,96,5,2025-10-08,2025-10-26,Closed
1595,27,7,2025-10-08,2025-10-23,Closed
1596,15,9,2025-10-08,2025-10-20,Closed
1597,74,9,2025-10-08,2025-10-28,Closed
1598,88,6,2025-10-08,2025-11-18,Closed
1599,94,6,2025-10-08,2025-11-22,Closed
1600,67,7,2025-10-08,2025-11-01,Closed
1601,96,3,2025-10-08,2025-11-01,Closed
1602,59,7,2025-10-08,2025-10-18,Closed
1603,65,8,2025-10-08,2025-10-27,Closed
1604,89,4,2025-10-08,2025-11-12,Closed
1605,27,1,2025-10-08,2025-10-30,Delivered
1606,4,7,2025-10-08,2025-10-29,Closed
1607,88,2,2025-10-08,2025-11-15,Closed
1608,55,7,2025-10-08,2025-10-18,Closed
1609,39,2,2025-10-08,2025-10-31,Closed
1610,80,10,2025-10-08,2025-10-20,Closed
1611,5,4,2025-10-08,2025-10-19,Closed
1612,61,7,2025-10-09,2025-11-22,Closed
1613,55,10,2025-10-09,2025-11-10,Closed
1614,88,1,2025-10-09,2025-11-12,Delivered
1615,63,2,2025-10-09,2025-11-18,Closed
1616,12,5,2025-10-09,2025-10-25,Closed
1617,96,5,2025-10-09,2025-11-18,Delivered
1618,40,9,2025-10-09,2025-11-16,Closed
1619,53,5,2025-10-09,2025-10-27,Closed
1620,87,9,2025-10-09,2025-11-16,Delivered
1621,24,9,2025-10-09,2025-11-12,Closed
1622,69,1,2025-10-09,2025-11-04,Closed
1623,90,7,2025-10-09,2025-11-16,Closed
1624,21,8,2025-10-09,2025-11-15,Closed
1625,20,2,2025-10-09,2025-10-31,Closed
1626,32,9,2025-10-09,2025-10-30,Closed
1627,6,7,2025-10-10,2025-11-10,Closed
1628,75,4,2025-10-10,2025-11-17,Closed
1629,15,1,2025-10-10,2025-10-28,Closed
1630,78,10,2025-10-10,2025-11-20,Closed
1631,90,8,2025-10-10,2025-11-23,Closed
1632,61,4,2025-10-10,2025-11-24,Closed
1633,9,4,2025-10-10,2025-11-11,Closed
1634,65,3,2025-10-10,2025-10-27,Delivered
1635,12,5,2025-10-10,2025-11-01,Closed
1636,70,8,2025-10-10,2025-11-19,Delivered
1637,85,2,2025-10-10,2025-10-27,Closed
1638,30,4,2025-10-10,2025-10-28,Closed
1639,51,3,2025-10-10,2025-11-21,Closed
1640,15,2,2025-10-10,2025-11-22,Shipped
1641,18,1,2025-10-10,2025-11-19,Closed
1642,25,8,2025-10-10,2025-11-19,Closed
1643,23,9,2025-10-11,2025-11-24,Closed
1644,10,7,2025-10-11,2025-11-22,Closed
1645,98,9,2025-10-11,2025-10-25,Closed
1646,32,7,2025-10-11,2025-11-13,Closed
1647,34,10,2025-10-11,2025-10-23,Closed
1648,100,1,2025-10-11,2025-11-13,Closed
1649,78,4,2025-10-12,2025-10-30,Closed
1650,66,3,2025-10-12,2025-11-06,Closed
1651,37,6,2025-10-13,2025-11-19,Closed
1652,54,1,2025-10-13,2025-11-01,Closed
1653,6,10,2025-10-13,2025-11-09,Closed
1654,44,9,2025-10-13,2025-11-12,Closed
1655,61,4,2025-10-13,2025-11-27,Closed
1656,78,7,2025-10-13,2025-11-22,Closed
1657,89,2,2025-10-13,2025-11-26,Closed
1658,81,9,2025-10-13,2025-11-09,Closed
1659,37,7,2025-10-13,2025-11-12,Closed
1660,42,10,2025-10-13,2025-11-04,Closed
1661,40,2,2025-10-13,2025-11-25,Closed
1662,36,4,2025-10-13,2025-11-04,Closed
1663,18,5,2025-10-13,2025-11-04,Closed
1664,47,9,2025-10-13,2025-11-12,Closed
1665,60,1,2025-10-14,2025-10-31,Closed
1666,38,4,2025-10-14,2025-11-14,Closed
1667,83,6,2025-10-14,2025-11-08,Closed
1668,92,5,2025-10-14,2025-11-22,Closed
1669,19,6,2025-10-14,2025-11-09,Closed
1670,49,7,2025-10-14,2025-10-24,Delivered
1671,33,8,2025-10-14,2025-11-28,Closed
1672,36,4,2025-10-14,2025-11-05,Closed
1673,55,8,2025-10-14,2025-10-30,Closed
1674,50,7,2025-10-14,2025-11-04,Closed
1675,98,1,2025-10-14,2025-10-26,Closed
1676,36,5,2025-10-14,2025-11-10,Closed
1677,13,7,2025-10-14,2025-11-06,Delivered
1678,85,1,2025-10-15,2025-11-01,Closed
1679,80,5,2025-10-15,2025-11-21,Closed
1680,29,10,2025-10-15,2025-11-11,Closed
1681,46,3,2025-10-15,2025-10-26,Closed
1682,41,3,2025-10-15,2025-11-18,Closed
1683,79,1,2025-10-15,2025-10-30,Closed
1684,79,5,2025-10-15,2025-11-25,Closed
1685,32,4,2025-10-15,2025-11-09,Closed
1686,22,4,2025-10-15,2025-11-11,Closed
1687,31,7,2025-10-15,2025-11-18,Closed
1688,30,3,2025-10-15,2025-11-20,Closed
1689,57,10,2025-10-15,2025-11-18,Delivered
1690,98,9,2025-10-16,2025-11-26,Closed
1691,68,6,2025-10-16,2025-11-26,Closed
1692,50,10,2025-10-16,2025-11-08,Closed
1693,91,10,2025-10-16,2025-11-05,Closed
1694,27,2,2025-10-16,2025-11-20,Closed
1695,92,3,2025-10-16,2025-11-19,Closed
1696,61,10,2025-10-16,2025-11-10,Closed
1697,9,3,2025-10-16,2025-11-19,Closed
1698,47,10,2025-10-16,2025-11-22,Closed
1699,55,2,2025-10-16,2025-11-17,Closed
1700,47,5,2025-10-16,2025-11-25,Closed
1701,29,9,2025-10-17,2025-11-29,Closed
1702,5,6,2025-10-17,2025-10-30,Closed
1703,12,3,2025-10-17,2025-11-01,Closed
1704,71,3,2025-10-17,2025-11-29,Closed
1705,58,1,2025-10-17,2025-11-23,Closed
1706,24,2,2025-10-17,2025-11-06,Closed
1707,30,10,2025-10-17,2025-10-30,Closed
1708,95,10,2025-10-17,2025-11-23,Closed
1709,31,3,2025-10-17,2025-10-31,Delivered
1710,13,1,2025-10-17,2025-11-30,Closed
1711,60,2,2025-10-17,2025-11-07,Closed
1712,24,1,2025-10-17,2025-11-16,Closed
1713,99,6,2025-10-17,2025-11-28,Closed
1714,8,7,2025-10-18,2025-10-31,Closed
1715,17,5,2025-10-18,2025-11-20,Closed
1716,36,4,2025-10-18,2025-11-08,Closed
1717,92,5,2025-10-18,2025-10-30,Delivered
1718,49,8,2025-10-18,2025-11-26,Closed
1719,63,7,2025-10-18,2025-12-02,Closed
1720,52,8,2025-10-18,2025-11-30,Closed
1721,78,10,2025-10-18,2025-11-13,Closed
1722,53,4,2025-10-18,2025-11-05,Closed
1723,27,2,2025-10-18,2025-11-16,Closed
1724,53,4,2025-10-18,2025-11-20,Delivered
1725,63,3,2025-10-19,2025-11-11,Closed
1726,82,8,2025-10-19,2025-11-06,Closed
1727,39,1,2025-10-19,2025-10-30,Closed
1728,57,10,2025-10-19,2025-11-27,Closed
1729,48,8,2025-10-19,2025-11-06,Closed
1730,7,3,2025-10-19,2025-11-04,Closed
1731,7,4,2025-10-20,2025-11-26,Delivered
1732,38,9,2025-10-20,2025-12-04,Closed
1733,62,8,2025-10-20,2025-11-11,Closed
1734,65,1,2025-10-20,2025-11-08,Closed
1735,72,1,2025-10-20,2025-12-01,Closed
1736,67,2,2025-10-20,2025-11-24,Closed
1737,79,9,2025-10-20,2025-11-19,Closed
1738,7,10,2025-10-20,2025-11-06,Closed
1739,98,9,2025-10-20,2025-11-01,Closed
1740,71,10,2025-10-20,2025-12-01,Delivered
1741,20,7,2025-10-20,2025-11-20,Closed
1742,57,5,2025-10-20,2025-11-08,Closed
1743,26,4,2025-10-20,2025-11-16,Closed
1744,6,6,2025-10-20,2025-11-07,Closed
1745,73,7,2025-10-20,2025-11-26,Closed
1746,33,4,2025-10-20,2025-10-30,Closed
1747,21,5,2025-10-20,2025-11-29,Closed
1748,29,7,2025-10-21,2025-12-01,Closed
1749,86,4,2025-10-21,2025-11-23,Closed
1750,34,8,2025-10-21,2025-11-20,Closed
1751,86,10,2025-10-21,2025-12-03,Closed
1752,77,4,2025-10-21,2025-11-14,Closed
1753,56,2,2025-10-21,2025-12-02,Closed
1754,93,1,2025-10-21,2025-11-19,Closed
1755,33,1,2025-10-21,2025-12-05,Closed
1756,29,4,2025-10-21,2025-11-29,Closed
1757,13,9,2025-10-21,2025-11-23,Closed
1758,52,8,2025-10-21,2025-11-19,Delivered
1759,21,2,2025-10-22,2025-11-21,Closed
1760,8,10,2025-10-22,2025-11-10,Closed
1761,4,8,2025-10-22,2025-11-08,Closed
1762,63,8,2025-10-22,2025-11-26,Closed
1763,52,7,2025-10-22,2025-11-19,Closed
1764,22,8,2025-10-22,2025-11-25,Closed
1765,13,9,2025-10-22,2025-11-01,Closed
1766,55,1,2025-10-22,2025-11-10,Closed
1767,1,1,2025-10-22,2025-11-09,Closed
1768,47,6,2025-10-22,2025-11-06,Delivered
1769,40,1,2025-10-22,2025-11-06,Closed
1770,79,1,2025-10-22,2025-11-11,Closed
1771,63,5,2025-10-22,2025-11-19,Closed
1772,68,8,2025-10-22,2025-11-09,Delivered
1773,78,3,2025-10-22,2025-12-03,Delivered
1774,78,8,2025-10-22,2025-11-03,Closed
1775,44,8,2025-10-22,2025-11-29,Closed
1776,66,10,2025-10-22,2025-11-27,Closed
1777,31,5,2025-10-23,2025-11-22,Closed
1778,60,1,2025-10-23,2025-11-04,Delivered
1779,76,3,2025-10-23,2025-11-08,Closed
1780,17,3,2025-10-23,2025-11-20,Closed
1781,89,1,2025-10-23,2025-12-02,Closed
1782,16,9,2025-10-23,2025-11-21,Closed
1783,27,1,2025-10-23,2025-11-25,Closed
1784,25,3,2025-10-23,2025-11-04,Closed
1785,33,2,2025-10-23,2025-12-01,Closed
1786,51,6,2025-10-23,2025-11-30,Closed
1787,42,7,2025-10-23,2025-11-22,Closed
1788,97,9,2025-10-23,2025-11-13,Shipped
1789,22,7,2025-10-24,2025-11-08,Closed
1790,43,1,2025-10-24,2025-11-18,Closed
1791,64,4,2025-10-24,2025-11-14,Closed
1792,99,8,2025-10-24,2025-11-24,Closed
1793,48,6,2025-10-24,2025-12-03,Closed
1794,65,1,2025-10-24,2025-11-24,Closed
1795,95,5,2025-10-24,2025-12-06,Closed
1796,68,10,2025-10-24,2025-11-15,Closed
1797,94,8,2025-10-24,2025-12-08,Closed
1798,97,2,2025-10-24,2025-11-24,Shipped
1799,76,2,2025-10-24,2025-12-03,Closed
1800,54,10,2025-10-24,2025-11-17,Closed
1801,76,2,2025-10-24,2025-11-22,Closed
1802,5,10,2025-10-24,2025-11-19,Closed
1803,1,1,2025-10-24,2025-11-17,Closed
1804,58,1,2025-10-24,2025-11-30,Delivered
1805,10,5,2025-10-24,2025-12-07,Closed
1806,70,1,2025-10-24,2025-12-05,Closed
1807,94,5,2025-10-24,2025-11-06,Closed
1808,75,8,2025-10-25,2025-11-11,Closed
1809,50,8,2025-10-25,2025-11-15,Closed
1810,26,4,2025-10-25,2025-11-09,Closed
1811,32,1,2025-10-25,2025-11-10,Closed
1812,96,3,2025-10-26,2025-11-23,Closed
1813,54,2,2025-10-26,2025-11-18,Closed
1814,47,8,2025-10-27,2025-11-25,Closed
1815,89,1,2025-10-27,2025-11-10,Closed
1816,16,1,2025-10-27,2025-11-21,Delivered
1817,99,5,2025-10-27,2025-11-17,Closed
1818,58,9,2025-10-27,2025-12-10,Closed
1819,16,5,2025-10-27,2025-11-23,Closed
1820,46,6,2025-10-27,2025-11-17,Closed
1821,25,4,2025-10-27,2025-11-07,Closed
1822,80,2,2025-10-27,2025-11-10,Closed
1823,44,9,2025-10-27,2025-12-10,Closed
1824,97,1,2025-10-28,2025-11-28,Closed
1825,97,9,2025-10-28,2025-12-02,Closed
1826,25,8,2025-10-28,2025-11-11,Closed
1827,96,5,2025-10-28,2025-12-08,Closed
1828,59,8,2025-10-28,2025-11-19,Closed
1829,5,3,2025-10-28,2025-11-29,Shipped
1830,86,6,2025-10-28,2025-12-03,Closed
1831,1,8,2025-10-28,2025-11-12,Closed
1832,13,9,2025-10-28,2025-11-14,Closed
1833,61,5,2025-10-28,2025-11-28,Closed
1834,5,6,2025-10-28,2025-11-22,Closed
1835,55,1,2025-10-28,2025-11-10,Closed
1836,86,3,2025-10-28,2025-11-23,Closed
1837,20,10,2025-10-28,2025-11-11,Closed
1838,47,8,2025-10-28,2025-11-26,Closed
1839,4,6,2025-10-28,2025-11-18,Closed
1840,18,10,2025-10-28,2025-11-13,Closed
1841,13,6,2025-10-28,2025-11-27,Closed
1842,24,9,2025-10-28,2025-11-12,Closed
1843,36,5,2025-10-28,2025-12-11,Closed
1844,11,9,2025-10-29,2025-12-12,Closed
1845,71,2,2025-10-29,2025-12-03,Closed
1846,6,10,2025-10-29,2025-11-13,Closed
1847,35,3,2025-10-29,2025-11-12,Delivered
1848,76,2,2025-10-29,2025-11-10,Closed
1849,47,6,2025-10-29,2025-11-24,Closed
1850,72,4,2025-10-29,2025-11-13,Closed
1851,24,10,2025-10-29,2025-11-14,Closed
1852,3,7,2025-10-29,2025-11-18,Closed
1853,88,2,2025-10-29,2025-11-08,Closed
1854,35,9,2025-10-29,2025-11-20,Closed
1855,31,3,2025-10-29,2025-12-02,Closed
1856,68,7,2025-10-29,2025-12-03,Closed
1857,53,5,2025-10-29,2025-11-25,Closed
1858,16,5,2025-10-30,2025-12-10,Shipped
1859,15,1,2025-10-30,2025-11-25,Closed
1860,74,9,2025-10-30,2025-11-16,Closed
1861,32,1,2025-10-30,2025-11-23,Closed
1862,96,3,2025-10-30,2025-12-04,Closed
1863,28,3,2025-10-30,2025-11-09,Closed
1864,92,5,2025-10-30,2025-11-09,Closed
1865,44,1,2025-10-30,2025-11-18,Closed
1866,16,6,2025-10-30,2025-12-05,Closed
1867,67,8,2025-10-30,2025-11-21,Closed
1868,19,8,2025-10-30,2025-11-21,Closed
1869,85,2,2025-10-30,2025-11-26,Closed
1870,33,2,2025-10-30,2025-11-19,Delivered
1871,8,9,2025-10-30,2025-11-27,Closed
1872,15,3,2025-10-30,2025-11-27,Closed
1873,55,8,2025-10-30,2025-12-12,Delivered
1874,59,7,2025-10-30,2025-12-07,Closed
1875,36,7,2025-10-30,2025-11-26,Closed
1876,29,7,2025-10-30,2025-11-10,Closed
1877,83,1,2025-10-30,2025-12-14,Closed
1878,19,8,2025-10-31,2025-12-13,Closed
1879,13,9,2025-10-31,2025-12-13,Closed
1880,96,3,2025-10-31,2025-11-16,Closed
1881,37,7,2025-10-31,2025-12-15,Closed
1882,74,9,2025-10-31,2025-11-21,Closed
1883,68,6,2025-10-31,2025-11-30,Closed
1884,99,8,2025-10-31,2025-11-10,Closed
1885,24,2,2025-10-31,2025-12-07,Closed
1886,35,9,2025-10-31,2025-12-05,Closed
1887,78,8,2025-10-31,2025-11-16,Closed
1888,80,7,2025-10-31,2025-11-30,Delivered
1889,44,1,2025-10-31,2025-12-14,Closed
1890,30,5,2025-11-01,2025-11-12,Closed
1891,14,3,2025-11-01,2025-11-25,Closed
1892,6,10,2025-11-02,2025-12-16,Closed
1893,10,10,2025-11-02,2025-11-20,Closed
1894,28,3,2025-11-02,2025-11-14,Closed
1895,76,2,2025-11-03,2025-12-11,Closed
1896,12,3,2025-11-03,2025-11-20,Delivered
1897,33,9,2025-11-03,2025-11-28,Delivered
1898,89,1,2025-11-03,2025-11-13,Closed
1899,63,4,2025-11-03,2025-12-09,Closed
1900,13,9,2025-11-03,2025-11-27,Closed
1901,36,5,2025-11-03,2025-12-05,Closed
1902,97,9,2025-11-03,2025-11-23,Delivered
1903,13,10,2025-11-03,2025-11-14,Closed
1904,25,3,2025-11-03,2025-11-27,Closed
1905,94,3,2025-11-03,2025-11-25,Closed
1906,59,10,2025-11-03,2025-11-27,Closed
1907,5,5,2025-11-03,2025-11-26,Closed
1908,97,5,2025-11-03,2025-12-10,Closed
1909,9,3,2025-11-03,2025-12-13,Closed
1910,22,7,2025-11-03,2025-12-09,Closed
1911,98,1,2025-11-03,2025-11-22,Closed
1912,56,1,2025-11-03,2025-11-30,Closed
1913,92,5,2025-11-03,2025-12-16,Closed
1914,76,10,2025-11-03,2025-12-04,Closed
1915,21,10,2025-11-04,2025-12-18,Closed
1916,28,7,2025-11-04,2025-11-25,Closed
1917,57,8,2025-11-04,2025-11-27,Closed
1918,99,4,2025-11-04,2025-12-09,Closed
1919,99,6,2025-11-04,2025-11-21,Closed
1920,17,4,2025-11-04,2025-12-18,Closed
1921,15,2,2025-11-04,2025-11-22,Delivered
1922,24,1,2025-11-04,2025-11-22,Closed
1923,7,5,2025-11-04,2025-12-18,Closed
1924,31,3,2025-11-04,2025-12-05,Closed
1925,12,4,2025-11-04,2025-12-19,Closed
1926,23,2,2025-11-04,2025-11-27,Closed
1927,29,2,2025-11-04,2025-12-17,Closed
1928,57,6,2025-11-04,2025-12-04,Closed
1929,88,2,2025-11-04,2025-11-15,Delivered
1930,2,1,2025-11-04,2025-11-15,Delivered
1931,22,10,2025-11-04,2025-11-19,Delivered
1932,25,3,2025-11-04,2025-12-12,Closed
1933,69,1,2025-11-04,2025-11-15,Closed
1934,46,6,2025-11-04,2025-12-16,Closed
1935,97,1,2025-11-04,2025-11-19,Closed
1936,19,10,2025-11-04,2025-12-18,Closed
1937,63,3,2025-11-04,2025-11-23,Closed
1938,98,9,2025-11-04,2025-11-16,Closed
1939,61,4,2025-11-05,2025-12-14,Delivered
1940,77,9,2025-11-05,2025-12-01,Closed
1941,49,8,2025-11-05,2025-11-20,Closed
1942,67,1,2025-11-05,2025-12-10,Closed
1943,16,3,2025-11-05,2025-12-02,Closed
1944,42,6,2025-11-05,2025-12-08,Closed
1945,22,7,2025-11-05,2025-11-17,Closed
1946,6,1,2025-11-05,2025-12-11,Closed
1947,53,10,2025-11-05,2025-12-20,Closed
1948,46,1,2025-11-05,2025-12-18,Closed
1949,9,3,2025-11-05,2025-11-22,Closed
1950,33,2,2025-11-05,2025-12-20,Closed
1951,95,8,2025-11-05,2025-11-26,Closed
1952,61,3,2025-11-06,2025-12-19,Closed
1953,92,9,2025-11-06,2025-11-20,Closed
1954,32,1,2025-11-06,2025-11-25,Closed
1955,80,3,2025-11-06,2025-12-19,Closed
1956,86,5,2025-11-06,2025-12-12,Closed
1957,3,10,2025-11-06,2025-11-24,Closed
1958,93,7,2025-11-06,2025-11-29,Closed
1959,100,2,2025-11-06,2025-11-18,Closed
1960,38,7,2025-11-06,2025-11-26,Closed
1961,97,2,2025-11-06,2025-11-18,Closed
1962,30,6,2025-11-06,2025-12-07,Closed
1963,24,9,2025-11-06,2025-11-17,Closed
1964,61,4,2025-11-06,2025-12-03,Closed
1965,66,6,2025-11-07,2025-12-01,Closed
1966,48,7,2025-11-07,2025-12-04,Closed
1967,18,9,2025-11-07,2025-11-20,Closed
1968,44,9,2025-11-07,2025-11-20,Closed
1969,38,1,2025-11-07,2025-11-30,Closed
1970,46,8,2025-11-07,2025-12-07,Closed
1971,16,3,2025-11-07,2025-11-26,Closed
1972,12,5,2025-11-07,2025-12-16,Closed
1973,93,2,2025-11-07,2025-12-21,Delivered
1974,26,3,2025-11-07,2025-11-29,Closed
1975,18,2,2025-11-07,2025-12-01,Delivered
1976,53,2,2025-11-08,2025-11-23,Closed
1977,79,8,2025-11-08,2025-12-08,Closed
1978,13,9,2025-11-08,2025-12-14,Closed
1979,93,1,2025-11-08,2025-11-18,Closed
1980,27,1,2025-11-09,2025-11-25,Closed
1981,54,1,2025-11-09,2025-12-22,Closed
1982,32,6,2025-11-09,2025-12-19,Closed
1983,64,4,2025-11-09,2025-11-26,Closed
1984,54,10,2025-11-10,2025-12-03,Closed
1985,79,3,2025-11-10,2025-11-23,Delivered
1986,78,6,2025-11-10,2025-12-23,Closed
1987,74,9,2025-11-10,2025-12-08,Closed
1988,51,4,2025-11-10,2025-11-21,Closed
1989,97,4,2025-11-10,2025-11-30,Closed
1990,21,10,2025-11-10,2025-12-22,Closed
1991,31,4,2025-11-10,2025-12-11,Closed
1992,12,3,2025-11-10,2025-12-08,Closed
1993,69,6,2025-11-10,2025-12-13,Closed
1994,100,4,2025-11-10,2025-12-21,Closed
1995,55,9,2025-11-10,2025-11-22,Closed
1996,13,1,2025-11-10,2025-12-17,Closed
1997,3,4,2025-11-10,2025-11-23,Closed
1998,27,2,2025-11-10,2025-11-25,Closed
1999,98,1,2025-11-10,2025-12-19,Delivered
2000,96,3,2025-11-10,2025-12-03,Closed
2001,44,2,2025-11-11,2025-12-23,Closed
2002,56,2,2025-11-11,2025-12-22,Closed
2003,72,3,2025-11-11,2025-12-04,Closed
2004,34,6,2025-11-11,2025-11-28,Closed
2005,71,5,2025-11-11,2025-12-19,Closed
2006,44,2,2025-11-11,2025-12-26,Closed
2007,68,6,2025-11-11,2025-12-04,Closed
2008,48,2,2025-11-11,2025-11-24,Closed
2009,48,6,2025-11-11,2025-11-24,Closed
2010,73,6,2025-11-11,2025-12-09,Closed
2011,24,8,2025-11-11,2025-12-07,Closed
2012,22,10,2025-11-11,2025-12-15,Closed
2013,85,9,2025-11-12,2025-12-21,Delivered
2014,67,9,2025-11-12,2025-12-15,Closed
2015,82,4,2025-11-12,2025-12-01,Closed
2016,14,5,2025-11-12,2025-12-11,Closed
2017,25,4,2025-11-12,2025-11-28,Closed
2018,100,4,2025-11-12,2025-12-10,Closed
2019,100,7,2025-11-12,2025-12-27,Closed
2020,8,6,2025-11-12,2025-12-27,Closed
2021,51,8,2025-11-12,2025-12-18,Closed
2022,4,3,2025-11-12,2025-12-05,Closed
2023,93,7,2025-11-13,2025-12-13,Closed
2024,78,4,2025-11-13,2025-12-26,Closed
2025,72,5,2025-11-13,2025-11-23,Closed
2026,53,2,2025-11-13,2025-12-02,Closed
2027,73,6,2025-11-13,2025-11-24,Closed
2028,19,8,2025-11-13,2025-12-27,Closed
2029,56,2,2025-11-13,2025-12-28,Closed
2030,49,6,2025-11-13,2025-12-06,Shipped
2031,62,2,2025-11-13,2025-12-02,Closed
2032,68,8,2025-11-13,2025-11-30,Closed
2033,25,7,2025-11-13,2025-12-27,Closed
2034,76,5,2025-11-14,2025-12-26,Closed
2035,6,3,2025-11-14,2025-12-24,Closed
2036,1,9,2025-11-14,2025-12-21,Closed
2037,50,6,2025-11-14,2025-12-01,Closed
2038,98,1,2025-11-14,2025-11-28,Delivered
2039,25,6,2025-11-14,2025-11-25,Delivered
2040,9,3,2025-11-14,2025-12-11,Delivered
2041,81,6,2025-11-14,2025-11-27,Closed
2042,100,9,2025-11-14,2025-12-27,Closed
2043,75,7,2025-11-14,2025-12-03,Delivered
2044,48,8,2025-11-15,2025-12-12,Shipped
2045,64,5,2025-11-15,2025-12-13,Closed
2046,8,8,2025-11-15,2025-12-03,Closed
2047,98,3,2025-11-15,2025-12-03,Closed
2048,72,8,2025-11-15,2025-12-25,Closed
2049,7,10,2025-11-16,2025-11-30,Closed
2050,34,8,2025-11-16,2025-11-30,Closed
2051,26,3,2025-11-16,2025-12-01,Closed
2052,41,1,2025-11-16,2025-12-08,Closed
2053,52,6,2025-11-16,2025-12-25,Shipped
2054,22,2,2025-11-17,2025-12-07,Shipped
2055,15,2,2025-11-17,2025-12-12,Closed
2056,86,4,2025-11-17,2025-12-28,Closed
2057,45,1,2025-11-17,2025-12-10,Closed
2058,86,4,2025-11-17,2025-12-13,Closed
2059,93,10,2025-11-17,2025-12-17,Delivered
2060,51,3,2025-11-17,2025-12-03,Closed
2061,37,4,2025-11-17,2025-12-25,Closed
2062,33,7,2025-11-17,2025-12-27,Closed
2063,19,8,2025-11-17,2025-12-29,Closed
2064,24,1,2025-11-17,2025-12-02,Closed
2065,76,1,2025-11-17,2025-12-03,Closed
2066,34,10,2025-11-17,2025-12-07,Closed
2067,44,8,2025-11-17,2025-12-25,Closed
2068,55,4,2025-11-17,2025-12-31,Closed
2069,15,3,2025-11-17,2025-12-31,Closed
2070,41,2,2025-11-17,2025-12-11,Closed
2071,58,1,2025-11-17,2025-12-28,Closed
2072,76,9,2025-11-17,2025-12-24,Closed
2073,16,5,2025-11-17,2025-11-30,Closed
2074,64,4,2025-11-17,2025-12-30,Closed
2075,19,1,2025-11-17,2025-12-20,Closed
2076,49,6,2025-11-18,2025-12-08,Closed
2077,81,9,2025-11-18,2025-12-08,Delivered
2078,51,6,2025-11-18,2025-11-28,Closed
2079,70,2,2025-11-18,2025-12-14,Closed
2080,20,9,2025-11-18,2025-12-09,Delivered
2081,74,9,2025-11-18,2025-12-23,Closed
2082,97,1,2025-11-18,2026-01-02,Closed
2083,99,4,2025-11-18,2025-12-25,Closed
2084,70,6,2025-11-18,2025-12-08,Closed
2085,5,1,2025-11-18,2025-12-12,Closed
2086,70,8,2025-11-18,2025-12-30,Closed
2087,83,9,2025-11-18,2025-12-19,Closed
2088,79,9,2025-11-18,2025-12-02,Closed
2089,37,10,2025-11-18,2025-11-30,Closed
2090,57,7,2025-11-18,2025-12-13,Closed
2091,52,10,2025-11-18,2025-12-10,Closed
2092,85,9,2025-11-18,2025-12-26,Closed
2093,100,9,2025-11-18,2025-12-02,Closed
2094,85,8,2025-11-18,2026-01-01,Closed
2095,70,10,2025-11-18,2025-12-30,Closed
2096,20,3,2025-11-19,2025-12-19,Closed
2097,26,5,2025-11-19,2025-12-01,Closed
2098,69,6,2025-11-19,2025-12-24,Closed
2099,88,4,2025-11-19,2025-12-22,Delivered
2100,35,6,2025-11-19,2025-12-23,Closed
2101,80,10,2025-11-19,2025-12-01,Delivered
2102,16,5,2025-11-19,2025-12-10,Closed
2103,44,5,2025-11-19,2025-12-15,Closed
2104,68,10,2025-11-19,2025-12-11,Closed
2105,79,9,2025-11-19,2025-12-14,Closed
2106,18,10,2025-11-19,2025-12-16,Closed
2107,29,4,2025-11-19,2026-01-02,Closed
2108,74,6,2025-11-19,2025-12-24,Closed
2109,11,6,2025-11-20,2025-12-11,Closed
2110,44,8,2025-11-20,2025-12-11,Closed
2111,44,9,2025-11-20,2025-12-10,Closed
2112,76,9,2025-11-20,2025-12-14,Closed
2113,78,6,2025-11-20,2025-12-06,Closed
2114,65,9,2025-11-20,2025-12-25,Closed
2115,4,8,2025-11-20,2026-01-02,Closed
2116,50,9,2025-11-20,2025-12-20,Shipped
2117,42,5,2025-11-21,2025-12-17,Closed
2118,25,5,2025-11-21,2025-12-08,Closed
2119,66,2,2025-11-21,2025-12-08,Closed
2120,77,1,2025-11-21,2025-12-13,Closed
2121,91,7,2025-11-21,2025-12-18,Closed
2122,12,4,2025-11-21,2025-12-26,Closed
2123,42,6,2025-11-21,2025-12-21,Closed
2124,26,5,2025-11-22,2025-12-13,Closed
2125,28,8,2025-11-22,2026-01-04,Delivered
2126,55,2,2025-11-22,2025-12-04,Shipped
2127,80,7,2025-11-23,2025-12-09,Closed
2128,99,1,2025-11-23,2025-12-25,Closed
2129,50,2,2025-11-24,2026-01-06,Closed
2130,8,3,2025-11-24,2026-01-03,Shipped
2131,47,8,2025-11-24,2025-12-29,Closed
2132,18,9,2025-11-24,2025-12-31,Closed
2133,42,10,2025-11-24,2026-01-05,Closed
2134,97,2,2025-11-24,2025-12-21,Closed
2135,22,8,2025-11-24,2026-01-05,Closed
2136,95,5,2025-11-24,2026-01-07,Closed
2137,94,4,2025-11-24,2025-12-24,Closed
2138,79,9,2025-11-25,2025-12-13,Closed
2139,79,2,2025-11-25,2026-01-01,Closed
2140,4,6,2025-11-25,2025-12-07,Delivered
2141,40,1,2025-11-25,2025-12-19,Delivered
2142,31,3,2025-11-25,2025-12-25,Closed
2143,9,4,2025-11-25,2025-12-26,Closed
2144,67,9,2025-11-25,2026-01-01,Closed
2145,24,5,2025-11-25,2025-12-24,Closed
2146,67,2,2025-11-25,2025-12-29,Closed
2147,92,4,2025-11-25,2025-12-19,Closed
2148,82,5,2025-11-25,2025-12-31,Closed
2149,1,9,2025-11-26,2025-12-16,Closed
2150,37,6,2025-11-26,2026-01-08,Closed
2151,23,2,2025-11-26,2025-12-14,Closed
2152,9,5,2025-11-26,2025-12-15,Closed
2153,83,2,2025-11-26,2025-12-11,Delivered
2154,95,6,2025-11-26,2026-01-08,Closed
2155,34,7,2025-11-26,2026-01-10,Closed
2156,4,10,2025-11-26,2025-12-31,Closed
2157,12,3,2025-11-26,2025-12-17,Closed
2158,62,8,2025-11-26,2025-12-29,Closed
2159,35,2,2025-11-26,2025-12-15,Closed
2160,5,5,2025-11-26,2025-12-11,Closed
2161,100,8,2025-11-26,2025-12-30,Closed
2162,71,3,2025-11-26,2025-12-31,Delivered
2163,24,2,2025-11-26,2026-01-05,Closed
2164,59,4,2025-11-27,2026-01-04,Closed
2165,94,5,2025-11-27,2025-12-18,Closed
2166,4,7,2025-11-27,2025-12-16,Closed
2167,73,4,2025-11-27,2026-01-02,Closed
2168,13,6,2025-11-27,2025-12-11,Closed
2169,31,3,2025-11-27,2025-12-22,Closed
2170,42,4,2025-11-27,2026-01-10,Closed
2171,72,5,2025-11-27,2026-01-02,Closed
2172,93,8,2025-11-27,2025-12-21,Closed
2173,51,3,2025-11-27,2025-12-28,Closed
2174,33,2,2025-11-27,2025-12-14,Closed
2175,58,10,2025-11-27,2026-01-04,Shipped
2176,74,1,2025-11-28,2025-12-18,Delivered
2177,32,10,2025-11-28,2026-01-06,Closed
2178,64,4,2025-11-28,2026-01-08,Closed
2179,42,7,2025-11-28,2025-12-16,Closed
2180,87,2,2025-11-28,2025-12-16,Closed
2181,51,1,2025-11-28,2026-01-12,Closed
2182,5,5,2025-11-28,2026-01-12,Closed
2183,88,9,2025-11-28,2026-01-09,Closed
2184,73,7,2025-11-28,2025-12-31,Closed
2185,46,10,2025-11-28,2025-12-11,Closed
2186,97,1,2025-11-28,2025-12-20,Shipped
2187,39,2,2025-11-28,2025-12-13,Closed
2188,74,2,2025-11-28,2025-12-12,Closed
2189,21,10,2025-11-28,2025-12-13,Delivered
2190,20,3,2025-11-29,2025-12-31,Closed
2191,12,4,2025-11-29,2025-12-26,Closed
2192,95,6,2025-11-29,2025-12-21,Closed
2193,74,2,2025-11-30,2025-12-15,Closed
2194,76,9,2025-11-30,2025-12-17,Closed
2195,7,3,2025-11-30,2025-12-17,Closed
2196,16,8,2025-11-30,2026-01-05,Closed
2197,85,1,2025-11-30,2025-12-15,Closed
2198,49,7,2025-11-30,2025-12-21,Delivered
2199,80,8,2025-11-30,2025-12-18,Closed
2200,85,9,2025-11-30,2026-01-07,Closed
2201,26,4,2025-12-01,2025-12-13,Closed
2202,25,4,2025-12-01,2025-12-24,Closed
2203,85,9,2025-12-01,2025-12-30,Closed
2204,14,4,2025-12-01,2025-12-22,Closed
2205,37,10,2025-12-01,2026-01-13,Closed
2206,44,10,2025-12-01,2025-12-31,Closed
2207,20,10,2025-12-01,2025-12-19,Shipped
2208,76,2,2025-12-01,2026-01-02,Closed
2209,9,1,2025-12-01,2025-12-24,Closed
2210,73,7,2025-12-01,2026-01-11,Closed
2211,100,2,2025-12-01,2025-12-18,Closed
2212,25,4,2025-12-01,2026-01-15,Closed
2213,47,7,2025-12-01,2025-12-24,Closed
2214,34,3,2025-12-01,2025-12-12,Closed
2215,62,7,2025-12-01,2025-12-18,Closed
2216,21,10,2025-12-01,2025-12-28,Delivered
2217,77,8,2025-12-02,2025-12-17,Closed
2218,76,1,2025-12-02,2025-12-20,Closed
2219,37,6,2025-12-02,2026-01-02,Closed
2220,21,1,2025-12-02,2025-12-26,Closed
2221,37,6,2025-12-02,2025-12-19,Shipped
2222,47,7,2025-12-02,2026-01-12,Closed
2223,99,6,2025-12-02,2026-01-08,Closed
2224,40,6,2025-12-02,2026-01-09,Closed
2225,100,6,2025-12-02,2025-12-30,Closed
2226,23,5,2025-12-02,2026-01-11,Closed
2227,18,5,2025-12-02,2026-01-10,Closed
2228,15,1,2025-12-02,2025-12-19,Closed
2229,66,7,2025-12-02,2025-12-13,Closed
2230,95,9,2025-12-02,2025-12-26,Closed
2231,52,6,2025-12-02,2026-01-12,Closed
2232,67,1,2025-12-02,2026-01-14,Delivered
2233,94,8,2025-12-02,2025-12-18,Closed
2234,4,2,2025-12-02,2026-01-02,Closed
2235,60,9,2025-12-03,2025-12-15,Closed
2236,14,4,2025-12-03,2025-12-27,Closed
2237,7,5,2025-12-03,2026-01-05,Closed
2238,36,3,2025-12-03,2026-01-07,Closed
2239,91,6,2025-12-03,2026-01-09,Closed
2240,69,6,2025-12-03,2026-01-10,Closed
2241,55,2,2025-12-03,2025-12-14,Closed
2242,72,1,2025-12-03,2025-12-25,Closed
2243,21,8,2025-12-03,2025-12-29,Closed
2244,51,3,2025-12-03,2025-12-18,Closed
2245,9,3,2025-12-03,2026-01-12,Shipped
2246,8,7,2025-12-03,2026-01-08,Closed
2247,40,10,2025-12-03,2025-12-14,Closed
2248,15,9,2025-12-03,2026-01-13,Closed
2249,16,1,2025-12-04,2025-12-15,Closed
2250,34,6,2025-12-04,2025-12-31,Closed
2251,41,9,2025-12-04,2025-12-18,Closed
2252,23,9,2025-12-04,2026-01-15,Delivered
2253,76,9,2025-12-04,2026-01-14,Closed
2254,51,9,2025-12-04,2026-01-14,Closed
2255,83,2,2025-12-04,2026-01-11,Closed
2256,54,9,2025-12-04,2026-01-01,Closed
2257,49,3,2025-12-04,2025-12-27,Closed
2258,7,5,2025-12-04,2025-12-31,Closed
2259,23,7,2025-12-04,2025-12-25,Closed
2260,89,10,2025-12-04,2026-01-01,Closed
2261,15,8,2025-12-04,2025-12-14,Delivered
2262,34,10,2025-12-04,2025-12-22,Delivered
2263,60,2,2025-12-04,2026-01-17,Closed
2264,14,3,2025-12-04,2025-12-24,Closed
2265,85,9,2025-12-04,2025-12-30,Delivered
2266,70,2,2025-12-04,2025-12-29,Closed
2267,90,10,2025-12-04,2026-01-15,Closed
2268,100,1,2025-12-05,2025-12-22,Delivered
2269,57,9,2025-12-05,2026-01-16,Closed
2270,38,9,2025-12-05,2025-12-16,Closed
2271,10,7,2025-12-05,2025-12-31,Closed
2272,18,1,2025-12-05,2026-01-12,Closed
2273,46,7,2025-12-05,2026-01-12,Closed
2274,48,6,2025-12-05,2026-01-18,Closed
2275,4,6,2025-12-05,2026-01-10,Closed
2276,61,3,2025-12-05,2025-12-27,Closed
2277,11,10,2025-12-05,2025-12-20,Closed
2278,86,3,2025-12-05,2026-01-16,Closed
2279,87,5,2025-12-05,2025-12-25,Closed
2280,55,9,2025-12-05,2025-12-24,Closed
2281,97,9,2025-12-05,2026-01-14,Closed
2282,7,5,2025-12-05,2026-01-06,Closed
2283,16,3,2025-12-05,2026-01-11,Closed
2284,55,9,2025-12-05,2025-12-30,Closed
2285,37,9,2025-12-05,2026-01-19,Closed
2286,93,6,2025-12-05,2026-01-13,Closed
2287,85,7,2025-12-05,2025-12-26,Closed
2288,6,7,2025-12-06,2026-01-03,Closed
2289,49,7,2025-12-06,2026-01-01,Closed
2290,55,2,2025-12-06,2026-01-17,Closed
2291,9,3,2025-12-06,2026-01-20,Closed
2292,50,8,2025-12-06,2025-12-31,Closed
2293,53,5,2025-12-06,2025-12-24,Shipped
2294,74,4,2025-12-06,2026-01-02,Closed
2295,69,4,2025-12-07,2025-12-19,Closed
2296,18,7,2025-12-07,2026-01-16,Closed
2297,97,9,2025-12-07,2025-12-21,Closed
2298,80,2,2025-12-08,2026-01-06,Delivered
2299,15,9,2025-12-08,2026-01-02,Closed
2300,97,3,2025-12-08,2025-12-31,Closed
2301,14,4,2025-12-08,2026-01-13,Closed
2302,44,1,2025-12-08,2025-12-20,Closed
2303,42,6,2025-12-08,2026-01-12,Closed
2304,90,7,2025-12-08,2026-01-10,Closed
2305,36,8,2025-12-08,2025-12-27,Closed
2306,79,2,2025-12-08,2025-12-20,Closed
2307,90,6,2025-12-08,2026-01-13,Closed
2308,9,5,2025-12-08,2026-01-17,Closed
2309,96,5,2025-12-08,2025-12-26,Closed
2310,77,9,2025-12-08,2025-12-20,Closed
2311,94,4,2025-12-09,2026-01-17,Closed
2312,19,6,2025-12-09,2026-01-16,Closed
2313,67,2,2025-12-09,2026-01-02,Closed
2314,80,10,2025-12-09,2026-01-12,Closed
2315,70,7,2025-12-09,2026-01-13,Closed
2316,71,5,2025-12-09,2026-01-12,Closed
2317,89,2,2025-12-09,2026-01-08,Closed
2318,34,1,2025-12-09,2025-12-26,Closed
2319,18,3,2025-12-09,2025-12-22,Closed
2320,100,2,2025-12-10,2026-01-04,Closed
2321,49,1,2025-12-10,2026-01-11,Closed
2322,61,5,2025-12-10,2025-12-23,Closed
2323,77,9,2025-12-10,2026-01-14,Closed
2324,41,9,2025-12-10,2025-12-28,Closed
2325,75,8,2025-12-10,2025-12-23,Closed
2326,1,9,2025-12-10,2026-01-08,Closed
2327,39,9,2025-12-10,2026-01-05,Closed
2328,38,7,2025-12-10,2026-01-06,Closed
2329,95,10,2025-12-10,2026-01-16,Closed
2330,53,4,2025-12-10,2026-01-05,Closed
2331,40,2,2025-12-10,2026-01-20,Closed
2332,44,1,2025-12-10,2026-01-17,Closed
2333,40,4,2025-12-10,2026-01-01,Closed
2334,78,7,2025-12-10,2026-01-04,Closed
2335,48,10,2025-12-10,2026-01-13,Closed
2336,82,10,2025-12-11,2026-01-11,Closed
2337,7,5,2025-12-11,2026-01-11,Closed
2338,45,1,2025-12-11,2025-12-21,Closed
2339,87,1,2025-12-11,2025-12-28,Closed
2340,38,2,2025-12-11,2026-01-17,Closed
2341,62,8,2025-12-11,2026-01-09,Closed
2342,98,1,2025-12-11,2026-01-14,Delivered
2343,11,6,2025-12-11,2025-12-26,Closed
2344,65,5,2025-12-11,2026-01-24,Closed
2345,82,6,2025-12-11,2025-12-21,Closed
2346,69,10,2025-12-11,2026-01-23,Closed
2347,62,9,2025-12-11,2025-12-29,Closed
2348,11,8,2025-12-11,2026-01-18,Closed
2349,2,5,2025-12-12,2026-01-19,Closed
2350,92,4,2025-12-12,2026-01-01,Closed
2351,55,9,2025-12-12,2025-12-29,Closed
2352,7,4,2025-12-12,2026-01-05,Closed
2353,62,10,2025-12-12,2026-01-13,Closed
2354,94,5,2025-12-12,2025-12-25,Closed
2355,45,3,2025-12-12,2026-01-14,Closed
2356,66,7,2025-12-12,2025-12-29,Closed
2357,89,9,2025-12-12,2026-01-11,Closed
2358,47,5,2025-12-12,2025-12-25,Delivered
2359,55,9,2025-12-12,2026-01-14,Closed
2360,60,1,2025-12-12,2026-01-03,Closed
2361,10,7,2025-12-12,2025-12-31,Closed
2362,58,9,2025-12-12,2026-01-22,Closed
2363,80,2,2025-12-12,2026-01-19,Closed
2364,100,1,2025-12-12,2026-01-06,Closed
2365,83,3,2025-12-12,2026-01-22,Closed
2366,25,9,2025-12-12,2026-01-25,Closed
2367,22,8,2025-12-12,2026-01-13,Closed
2368,84,6,2025-12-12,2026-01-15,Closed
2369,6,7,2025-12-12,2025-12-24,Closed
2370,30,5,2025-12-12,2026-01-23,Closed
2371,35,4,2025-12-12,2026-01-12,Closed
2372,40,9,2025-12-12,2025-12-28,Closed
2373,92,8,2025-12-12,2026-01-21,Closed
2374,66,7,2025-12-13,2026-01-14,Closed
2375,36,5,2025-12-14,2026-01-16,Closed
2376,55,9,2025-12-14,2026-01-06,Closed
2377,47,8,2025-12-14,2026-01-06,Closed
2378,71,5,2025-12-14,2026-01-13,Closed
2379,77,9,2025-12-14,2026-01-22,Closed
2380,66,9,2025-12-14,2026-01-17,Closed
2381,73,7,2025-12-15,2025-12-28,Closed
2382,41,9,2025-12-15,2026-01-02,Closed
2383,14,4,2025-12-15,2026-01-02,Closed
2384,30,3,2025-12-15,2026-01-28,Closed
2385,49,3,2025-12-15,2026-01-11,Closed
2386,27,4,2025-12-15,2026-01-22,Closed
2387,31,3,2025-12-15,2026-01-03,Closed
2388,83,8,2025-12-15,2025-12-26,Closed
2389,21,10,2025-12-15,2026-01-07,Closed
2390,67,1,2025-12-15,2026-01-29,Closed
2391,22,6,2025-12-15,2026-01-01,Shipped
2392,30,3,2025-12-15,2025-12-26,Delivered
2393,67,2,2025-12-16,2026-01-19,Closed
2394,4,10,2025-12-16,2026-01-19,Closed
2395,71,4,2025-12-16,2026-01-07,Closed
2396,12,5,2025-12-16,2026-01-10,Closed
2397,38,4,2025-12-16,2025-12-31,Closed
2398,97,2,2025-12-16,2026-01-12,Closed
2399,97,9,2025-12-16,2026-01-03,Closed
2400,40,9,2025-12-16,2026-01-15,Closed
2401,13,1,2025-12-16,2025-12-27,Closed
2402,97,1,2025-12-16,2025-12-26,Closed
2403,36,10,2025-12-16,2026-01-19,Closed
2404,10,6,2025-12-16,2026-01-22,Closed
2405,86,4,2025-12-16,2025-12-31,Delivered
2406,83,2,2025-12-16,2026-01-14,Closed
2407,91,7,2025-12-16,2026-01-13,Shipped
2408,58,1,2025-12-16,2026-01-20,Closed
2409,76,9,2025-12-16,2026-01-25,Delivered
2410,79,9,2025-12-16,2026-01-07,Closed
2411,71,5,2025-12-16,2026-01-04,Closed
2412,93,10,2025-12-16,2026-01-05,Closed
2413,59,9,2025-12-16,2026-01-09,Closed
2414,72,9,2025-12-16,2026-01-02,Closed
2415,88,8,2025-12-17,2025-12-31,Closed
2416,48,7,2025-12-17,2026-01-07,Closed
2417,10,10,2025-12-17,2025-12-28,Closed
2418,31,3,2025-12-17,2026-01-04,Closed
2419,90,6,2025-12-17,2026-01-25,Closed
2420,81,9,2025-12-17,2026-01-07,Closed
2421,39,9,2025-12-17,2025-12-27,Closed
2422,74,1,2025-12-17,2025-12-31,Closed
2423,47,8,2025-12-17,2026-01-03,Closed
2424,59,6,2025-12-17,2026-01-04,Closed
2425,50,2,2025-12-17,2026-01-02,Closed
2426,83,2,2025-12-17,2026-01-01,Closed
2427,76,1,2025-12-17,2026-01-23,Closed
2428,21,10,2025-12-17,2026-01-17,Closed
2429,10,8,2025-12-18,2026-01-20,Closed
2430,17,5,2025-12-18,2026-01-19,Closed
2431,48,6,2025-12-18,2026-01-17,Closed
2432,65,9,2025-12-18,2026-01-06,Closed
2433,47,6,2025-12-18,2025-12-29,Closed
2434,7,4,2025-12-18,2026-01-11,Closed
2435,44,1,2025-12-18,2026-01-26,Closed
2436,18,2,2025-12-18,2026-01-08,Closed
2437,72,5,2025-12-18,2025-12-28,Delivered
2438,63,5,2025-12-18,2026-01-08,Closed
2439,34,4,2025-12-18,2026-01-02,Closed
2440,54,9,2025-12-18,2026-01-20,Shipped
2441,9,4,2025-12-18,2026-02-01,Closed
2442,97,2,2025-12-18,2026-01-04,Closed
2443,1,8,2025-12-18,2026-01-03,Closed
2444,85,1,2025-12-18,2026-01-24,Delivered
2445,6,4,2025-12-18,2026-01-25,Delivered
2446,73,6,2025-12-18,2025-12-30,Closed
2447,56,9,2025-12-19,2025-12-29,Shipped
2448,62,6,2025-12-19,2026-01-30,Closed
2449,40,2,2025-12-19,2026-01-16,Closed
2450,83,9,2025-12-19,2026-01-31,Closed
2451,76,1,2025-12-19,2026-01-24,Closed
2452,77,2,2025-12-19,2026-01-05,Closed
2453,94,5,2025-12-19,2026-01-30,Closed
2454,61,4,2025-12-19,2026-02-01,Delivered
2455,99,2,2025-12-19,2025-12-31,Closed
2456,6,10,2025-12-19,2026-01-12,Closed
2457,9,4,2025-12-19,2026-01-11,Closed
2458,94,4,2025-12-19,2026-01-31,Closed
2459,31,3,2025-12-19,2026-01-24,Closed
2460,52,9,2025-12-19,2026-01-25,Delivered
2461,55,9,2025-12-19,2026-02-02,Closed
2462,92,5,2025-12-19,2026-02-01,Closed
2463,71,3,2025-12-19,2026-01-18,Closed
2464,49,5,2025-12-19,2026-01-23,Closed
2465,70,8,2025-12-20,2026-01-02,Closed
2466,57,1,2025-12-20,2026-01-24,Closed
2467,80,6,2025-12-20,2026-01-22,Closed
2468,21,7,2025-12-20,2025-12-30,Closed
2469,70,6,2025-12-21,2026-01-06,Delivered
2470,81,1,2025-12-21,2026-01-06,Closed
2471,13,2,2025-12-21,2026-01-29,Closed
2472,50,6,2025-12-21,2026-01-09,Closed
2473,38,8,2025-12-22,2026-01-25,Delivered
2474,90,6,2025-12-22,2026-01-26,Closed
2475,48,6,2025-12-22,2026-01-18,Closed
2476,11,1,2025-12-22,2026-01-06,Closed
2477,24,2,2025-12-22,2026-01-23,Closed
2478,8,10,2025-12-22,2026-01-04,Delivered
2479,15,9,2025-12-22,2026-01-12,Closed
2480,45,10,2025-12-22,2026-01-17,Closed
2481,80,10,2025-12-22,2026-01-19,Delivered
2482,64,4,2025-12-22,2026-01-13,Closed
2483,60,1,2025-12-22,2026-01-23,Closed
2484,76,1,2025-12-22,2026-01-15,Closed
2485,9,4,2025-12-22,2026-01-19,Closed
2486,80,8,2025-12-22,2026-01-01,Closed
2487,75,8,2025-12-22,2026-01-23,Closed
2488,5,7,2025-12-22,2026-01-03,Closed
2489,90,5,2025-12-22,2026-01-05,Delivered
2490,39,2,2025-12-23,2026-01-16,Closed
2491,44,10,2025-12-23,2026-01-13,Closed
2492,46,7,2025-12-23,2026-01-25,Closed
2493,44,2,2025-12-23,2026-01-26,Delivered
2494,8,10,2025-12-23,2026-01-02,Closed
2495,51,5,2025-12-23,2026-01-05,Delivered
2496,50,8,2025-12-23,2026-01-18,Delivered
2497,90,8,2025-12-23,2026-02-03,Closed
2498,88,1,2025-12-23,2026-01-14,Closed
2499,37,8,2025-12-23,2026-01-16,Delivered
2500,51,4,2025-12-23,2026-01-12,Closed
2501,2,8,2025-12-23,2026-01-02,Delivered
2502,28,6,2025-12-23,2026-01-18,Closed
2503,51,3,2025-12-23,2026-01-31,Closed
2504,24,9,2025-12-23,2026-01-13,Closed
2505,74,3,2025-12-23,2026-01-16,Closed
2506,40,1,2025-12-23,2026-01-06,Shipped
2507,5,5,2025-12-23,2026-01-28,Closed
2508,6,6,2025-12-23,2026-02-05,Closed
2509,53,3,2025-12-23,2026-01-02,Closed
2510,15,2,2025-12-23,2026-01-30,Closed
2511,18,1,2025-12-23,2026-01-20,Closed
2512,43,8,2025-12-23,2026-01-23,Closed
2513,73,10,2025-12-23,2026-01-22,Closed
2514,24,9,2025-12-24,2026-01-30,Closed
2515,51,3,2025-12-24,2026-01-29,Closed
2516,23,3,2025-12-24,2026-02-01,Closed
2517,67,2,2025-12-24,2026-02-01,Closed
2518,4,3,2025-12-24,2026-01-03,Closed
2519,15,2,2025-12-24,2026-01-13,Closed
2520,97,1,2025-12-24,2026-01-15,Closed
2521,22,7,2025-12-24,2026-01-07,Closed
2522,68,9,2025-12-24,2026-02-03,Closed
2523,88,1,2025-12-24,2026-01-30,Closed
2524,15,1,2025-12-24,2026-02-06,Closed
2525,71,5,2025-12-24,2026-01-23,Closed
2526,60,8,2025-12-24,2026-01-13,Closed
2527,13,9,2025-12-24,2026-01-05,Closed
2528,97,6,2025-12-24,2026-01-18,Closed
2529,98,10,2025-12-24,2026-01-16,Delivered
2530,49,3,2025-12-24,2026-02-04,Closed
2531,62,9,2025-12-25,2026-01-21,Closed
2532,40,2,2025-12-25,2026-02-05,Closed
2533,93,3,2025-12-25,2026-01-04,Delivered
2534,71,4,2025-12-25,2026-02-07,Closed
2535,30,3,2025-12-25,2026-01-07,Closed
2536,36,4,2025-12-25,2026-01-17,Closed
2537,96,2,2025-12-25,2026-01-08,Closed
2538,47,7,2025-12-25,2026-01-04,Closed
2539,95,1,2025-12-25,2026-01-12,Delivered
2540,27,5,2025-12-25,2026-01-13,Closed
2541,17,4,2025-12-25,2026-02-04,Closed
2542,17,2,2025-12-25,2026-01-19,Closed
2543,25,3,2025-12-25,2026-02-05,Delivered
2544,43,7,2025-12-25,2026-01-20,Closed
2545,1,1,2025-12-26,2026-01-27,Closed
2546,77,2,2025-12-26,2026-02-03,Closed
2547,51,2,2025-12-26,2026-02-08,Closed
2548,99,6,2025-12-26,2026-01-15,Closed
2549,12,5,2025-12-26,2026-01-09,Closed
2550,49,1,2025-12-26,2026-01-15,Closed
2551,68,6,2025-12-26,2026-01-21,Closed
2552,95,8,2025-12-26,2026-01-09,Closed
2553,51,5,2025-12-26,2026-01-10,Closed
2554,26,7,2025-12-26,2026-02-05,Shipped
2555,8,8,2025-12-26,2026-01-31,Closed
2556,51,3,2025-12-27,2026-01-30,Closed
2557,51,2,2025-12-27,2026-02-07,Closed
2558,47,8,2025-12-27,2026-01-24,Closed
2559,33,1,2025-12-27,2026-02-03,Closed
2560,51,5,2025-12-28,2026-01-19,Closed
2561,73,6,2025-12-28,2026-01-26,Closed
2562,49,7,2025-12-28,2026-01-15,Closed
2563,50,6,2025-12-28,2026-01-12,Closed
2564,19,10,2025-12-29,2026-01-16,Closed
2565,95,8,2025-12-29,2026-01-25,Closed
2566,13,9,2025-12-29,2026-01-10,Closed
2567,64,10,2025-12-29,2026-01-14,Closed
2568,53,3,2025-12-29,2026-01-27,Closed
2569,92,5,2025-12-29,2026-02-01,Closed
2570,26,3,2025-12-29,2026-01-16,Closed
2571,37,3,2025-12-29,2026-01-31,Closed
2572,47,7,2025-12-29,2026-01-23,Closed
2573,26,1,2025-12-29,2026-01-23,Delivered
2574,91,9,2025-12-29,2026-02-08,Closed
2575,48,5,2025-12-29,2026-01-31,Closed
2576,100,10,2025-12-29,2026-01-25,Closed
2577,59,8,2025-12-29,2026-01-29,Closed
2578,47,7,2025-12-29,2026-01-31,Closed
2579,35,9,2025-12-29,2026-02-09,Closed
2580,9,4,2025-12-29,2026-01-16,Delivered
2581,44,1,2025-12-29,2026-02-11,Closed
2582,2,8,2025-12-30,2026-02-10,Delivered
2583,44,2,2025-12-30,2026-01-18,Closed
2584,48,10,2025-12-30,2026-01-28,Closed
2585,24,1,2025-12-30,2026-01-09,Closed
2586,36,4,2025-12-30,2026-01-16,Closed
2587,50,8,2025-12-30,2026-01-12,Closed
2588,34,10,2025-12-30,2026-01-21,Closed
2589,21,2,2025-12-30,2026-01-28,Closed
2590,40,1,2025-12-30,2026-02-06,Closed
2591,29,8,2025-12-30,2026-01-23,Closed
2592,88,1,2025-12-30,2026-02-12,Closed
2593,94,5,2025-12-31,2026-02-01,Closed
2594,19,2,2025-12-31,2026-02-02,Closed
2595,58,9,2025-12-31,2026-01-27,Closed
2596,27,9,2025-12-31,2026-01-27,Closed
2597,23,9,2025-12-31,2026-02-08,Closed
2598,88,8,2025-12-31,2026-01-13,Closed
2599,25,3,2025-12-31,2026-01-11,Closed
2600,53,3,2025-12-31,2026-01-24,Closed
2601,60,9,2025-12-31,2026-02-06,Closed
2602,42,7,2025-12-31,2026-02-08,Shipped
2603,36,1,2025-12-31,2026-02-01,Closed
2604,57,2,2025-12-31,2026-01-11,Closed
2605,48,6,2025-12-31,2026-01-12,Delivered
2606,20,7,2026-01-01,2026-01-19,Delivered
2607,24,9,2026-01-01,2026-01-23,Closed
2608,4,4,2026-01-01,2026-01-18,Closed
2609,28,9,2026-01-01,2026-01-16,Closed
2610,22,4,2026-01-01,2026-01-18,Closed
2611,80,7,2026-01-01,2026-02-13,Closed
2612,23,1,2026-01-01,2026-01-22,Closed
2613,81,4,2026-01-01,2026-02-02,Closed
2614,48,6,2026-01-01,2026-01-24,Closed
2615,19,10,2026-01-01,2026-01-25,Closed
2616,25,10,2026-01-01,2026-01-22,Shipped
2617,47,4,2026-01-01,2026-02-02,Closed
2618,30,3,2026-01-01,2026-02-12,Closed
2619,5,3,2026-01-01,2026-01-14,Closed
2620,59,7,2026-01-01,2026-02-04,Closed
2621,16,3,2026-01-02,2026-01-24,Closed
2622,13,1,2026-01-02,2026-01-21,Closed
2623,46,9,2026-01-02,2026-01-26,Closed
2624,72,3,2026-01-02,2026-01-17,Closed
2625,64,7,2026-01-02,2026-01-28,Closed
2626,34,8,2026-01-02,2026-01-24,Closed
2627,97,1,2026-01-02,2026-01-25,Closed
2628,28,3,2026-01-02,2026-01-21,Closed
2629,92,5,2026-01-02,2026-01-18,Closed
2630,38,1,2026-01-02,2026-02-03,Closed
2631,86,10,2026-01-02,2026-01-21,Closed
2632,86,3,2026-01-02,2026-01-23,Closed
2633,46,10,2026-01-03,2026-01-24,Closed
2634,80,6,2026-01-03,2026-01-26,Closed
2635,7,4,2026-01-04,2026-02-13,Closed
2636,32,9,2026-01-04,2026-01-21,Closed
2637,35,2,2026-01-04,2026-01-31,Closed
2638,31,5,2026-01-05,2026-02-04,Closed
2639,72,2,2026-01-05,2026-02-19,Closed
2640,2,2,2026-01-05,2026-01-29,Closed
2641,23,1,2026-01-05,2026-02-16,Closed
2642,85,9,2026-01-05,2026-02-14,Closed
2643,50,8,2026-01-05,2026-02-14,Delivered
2644,41,1,2026-01-05,2026-01-26,Closed
2645,85,1,2026-01-05,2026-02-11,Closed
2646,35,9,2026-01-05,2026-02-05,Closed
2647,35,9,2026-01-05,2026-01-20,Closed
2648,49,7,2026-01-06,2026-02-05,Closed
2649,64,3,2026-01-06,2026-01-19,Closed
2650,1,1,2026-01-06,2026-02-01,Closed
2651,21,2,2026-01-06,2026-02-16,Delivered
2652,94,3,2026-01-06,2026-02-04,Delivered
2653,26,5,2026-01-06,2026-02-12,Closed
2654,80,10,2026-01-06,2026-02-10,Delivered
2655,67,1,2026-01-06,2026-01-26,Closed
2656,62,7,2026-01-06,2026-01-24,Closed
2657,50,1,2026-01-06,2026-02-14,Closed
2658,90,10,2026-01-06,2026-02-19,Closed
2659,31,4,2026-01-07,2026-02-05,Closed
2660,78,10,2026-01-07,2026-02-07,Closed
2661,4,10,2026-01-07,2026-02-07,Closed
2662,16,3,2026-01-07,2026-01-24,Closed
2663,46,6,2026-01-07,2026-02-17,Closed
2664,35,10,2026-01-07,2026-02-15,Closed
2665,37,6,2026-01-07,2026-01-17,Closed
2666,72,2,2026-01-07,2026-02-05,Closed
2667,98,2,2026-01-07,2026-02-05,Closed
2668,76,2,2026-01-07,2026-01-22,Closed
2669,26,4,2026-01-07,2026-02-13,Closed
2670,5,4,2026-01-08,2026-01-20,Delivered
2671,32,9,2026-01-08,2026-02-01,Closed
2672,5,4,2026-01-08,2026-02-04,Closed
2673,79,2,2026-01-08,2026-02-15,Delivered
2674,82,8,2026-01-08,2026-01-26,Closed
2675,49,7,2026-01-08,2026-01-21,Closed
2676,76,1,2026-01-08,2026-01-29,Closed
2677,15,1,2026-01-08,2026-02-16,Closed
2678,27,1,2026-01-08,2026-01-23,Closed
2679,79,9,2026-01-08,2026-02-22,Closed
2680,98,2,2026-01-08,2026-02-09,Closed
2681,53,4,2026-01-08,2026-02-06,Closed
2682,97,2,2026-01-08,2026-02-01,Closed
2683,33,5,2026-01-09,2026-01-26,Closed
2684,78,7,2026-01-09,2026-02-04,Closed
2685,58,9,2026-01-09,2026-02-05,Closed
2686,34,7,2026-01-09,2026-01-28,Closed
2687,76,2,2026-01-09,2026-01-27,Closed
2688,62,4,2026-01-09,2026-02-22,Closed
2689,67,2,2026-01-09,2026-01-25,Closed
2690,14,10,2026-01-09,2026-02-16,Closed
2691,89,2,2026-01-09,2026-01-21,Closed
2692,39,9,2026-01-09,2026-02-10,Closed
2693,81,7,2026-01-09,2026-02-11,Closed
2694,75,7,2026-01-09,2026-01-21,Closed
2695,6,10,2026-01-09,2026-02-07,Closed
2696,9,5,2026-01-09,2026-02-02,Closed
2697,4,8,2026-01-09,2026-01-25,Closed
2698,15,2,2026-01-09,2026-02-09,Closed
2699,46,10,2026-01-10,2026-02-01,Closed
2700,44,8,2026-01-10,2026-01-20,Closed
2701,56,2,2026-01-10,2026-02-02,Closed
2702,34,9,2026-01-11,2026-02-09,Closed
2703,90,10,2026-01-11,2026-02-04,Delivered
2704,29,9,2026-01-11,2026-02-13,Delivered
2705,27,1,2026-01-11,2026-02-02,Closed
2706,21,3,2026-01-11,2026-01-23,Closed
2707,25,4,2026-01-12,2026-02-02,Closed
2708,27,1,2026-01-12,2026-02-10,Closed
2709,58,7,2026-01-12,2026-02-23,Closed
2710,87,7,2026-01-12,2026-02-25,Closed
2711,5,5,2026-01-12,2026-02-11,Closed
2712,19,8,2026-01-12,2026-02-15,Closed
2713,7,5,2026-01-12,2026-01-27,Closed
2714,63,4,2026-01-12,2026-01-26,Closed
2715,25,5,2026-01-12,2026-02-04,Closed
2716,8,8,2026-01-12,2026-01-25,Closed
2717,72,5,2026-01-13,2026-02-19,Closed
2718,24,2,2026-01-13,2026-02-02,Closed
2719,18,1,2026-01-13,2026-02-06,Shipped
2720,3,10,2026-01-13,2026-01-29,Closed
2721,2,7,2026-01-13,2026-02-04,Closed
2722,60,9,2026-01-13,2026-01-30,Closed
2723,55,6,2026-01-13,2026-01-23,Closed
2724,55,2,2026-01-13,2026-02-14,Closed
2725,41,9,2026-01-13,2026-01-26,Closed
2726,83,1,2026-01-13,2026-01-28,Closed
2727,23,10,2026-01-14,2026-02-28,Closed
2728,63,3,2026-01-14,2026-02-06,Closed
2729,17,5,2026-01-14,2026-02-11,Closed
2730,75,1,2026-01-14,2026-01-29,Closed
2731,21,3,2026-01-14,2026-02-11,Delivered
2732,48,10,2026-01-14,2026-02-09,Closed
2733,70,6,2026-01-14,2026-02-23,Closed
2734,89,2,2026-01-14,2026-02-19,Closed
2735,77,3,2026-01-14,2026-02-09,Delivered
2736,47,4,2026-01-14,2026-02-27,Closed
2737,57,10,2026-01-14,2026-02-02,Closed
2738,9,4,2026-01-14,2026-01-26,Closed
2739,75,6,2026-01-15,2026-02-18,Closed
2740,69,8,2026-01-15,2026-02-26,Closed
2741,19,8,2026-01-15,2026-02-09,Closed
2742,58,1,2026-01-15,2026-02-05,Delivered
2743,11,6,2026-01-15,2026-02-01,Closed
2744,66,8,2026-01-15,2026-03-01,Closed
2745,96,2,2026-01-15,2026-02-23,Closed
2746,63,3,2026-01-15,2026-02-08,Closed
2747,46,8,2026-01-15,2026-02-16,Closed
2748,41,2,2026-01-15,2026-02-25,Closed
2749,23,2,2026-01-16,2026-02-19,Closed
2750,32,2,2026-01-16,2026-02-06,Closed
2751,47,3,2026-01-16,2026-02-04,Closed
2752,23,2,2026-01-16,2026-02-11,Closed
2753,83,1,2026-01-16,2026-02-07,Closed
2754,1,4,2026-01-16,2026-02-07,Closed
2755,38,1,2026-01-16,2026-02-14,Closed
2756,67,9,2026-01-16,2026-02-16,Shipped
2757,60,1,2026-01-16,2026-01-26,Closed
2758,79,9,2026-01-16,2026-02-17,Delivered
2759,99,4,2026-01-17,2026-02-24,Closed
2760,80,3,2026-01-17,2026-02-21,Closed
2761,85,9,2026-01-17,2026-02-16,Closed
2762,35,2,2026-01-18,2026-02-27,Closed
2763,22,8,2026-01-18,2026-02-06,Shipped
2764,11,6,2026-01-18,2026-03-03,Delivered
2765,78,8,2026-01-18,2026-02-07,Closed
2766,37,8,2026-01-18,2026-02-23,Closed
2767,20,8,2026-01-18,2026-02-22,Closed
2768,32,9,2026-01-18,2026-02-06,Closed
2769,23,5,2026-01-19,2026-02-09,Delivered
2770,49,8,2026-01-19,2026-03-02,Delivered
2771,86,3,2026-01-19,2026-02-10,Closed
2772,14,5,2026-01-19,2026-01-31,Delivered
2773,74,1,2026-01-19,2026-02-08,Delivered
2774,83,1,2026-01-19,2026-02-04,Closed
2775,23,6,2026-01-19,2026-02-16,Closed
2776,15,9,2026-01-19,2026-02-07,Closed
2777,70,10,2026-01-19,2026-02-23,Closed
2778,2,6,2026-01-19,2026-03-03,Closed
2779,72,2,2026-01-19,2026-02-17,Closed
2780,97,9,2026-01-19,2026-01-29,Delivered
2781,50,10,2026-01-19,2026-02-26,Closed
2782,62,8,2026-01-19,2026-03-03,Closed
2783,95,7,2026-01-20,2026-02-17,Closed
2784,52,2,2026-01-20,2026-02-26,Closed
2785,28,3,2026-01-20,2026-02-06,Closed
2786,92,3,2026-01-20,2026-02-10,Delivered
2787,24,9,2026-01-20,2026-02-03,Delivered
2788,21,9,2026-01-20,2026-02-12,Closed
2789,15,2,2026-01-20,2026-03-03,Closed
2790,73,2,2026-01-20,2026-02-04,Closed
2791,79,2,2026-01-20,2026-02-16,Closed
2792,68,7,2026-01-20,2026-03-03,Closed
2793,15,1,2026-01-21,2026-02-03,Closed
2794,56,1,2026-01-21,2026-02-10,Closed
2795,8,7,2026-01-21,2026-02-10,Closed
2796,25,3,2026-01-21,2026-02-06,Shipped
2797,81,1,2026-01-21,2026-02-17,Closed
2798,68,9,2026-01-21,2026-01-31,Closed
2799,71,7,2026-01-21,2026-02-10,Closed
2800,73,1,2026-01-21,2026-02-03,Closed
2801,69,3,2026-01-21,2026-03-01,Closed
2802,32,3,2026-01-21,2026-03-07,Closed
2803,27,9,2026-01-21,2026-02-24,Closed
2804,27,2,2026-01-21,2026-02-26,Closed
2805,11,6,2026-01-21,2026-03-06,Closed
2806,97,7,2026-01-22,2026-02-12,Closed
2807,14,5,2026-01-22,2026-02-20,Closed
2808,14,3,2026-01-22,2026-02-13,Closed
2809,65,4,2026-01-22,2026-02-15,Closed
2810,20,7,2026-01-22,2026-02-23,Closed
2811,60,2,2026-01-22,2026-03-06,Closed
2812,91,1,2026-01-22,2026-02-26,Closed
2813,62,6,2026-01-22,2026-02-03,Closed
2814,81,10,2026-01-22,2026-02-11,Shipped
2815,69,8,2026-01-23,2026-02-17,Closed
2816,80,10,2026-01-23,2026-02-28,Closed
2817,65,6,2026-01-23,2026-02-28,Closed
2818,69,9,2026-01-23,2026-02-21,Closed
2819,64,5,2026-01-23,2026-02-03,Closed
2820,94,4,2026-01-23,2026-02-26,Closed
2821,52,7,2026-01-23,2026-02-24,Closed
2822,13,2,2026-01-23,2026-02-15,Closed
2823,65,1,2026-01-23,2026-02-23,Closed
2824,78,10,2026-01-24,2026-02-03,Closed
2825,95,7,2026-01-24,2026-02-04,Closed
2826,81,9,2026-01-24,2026-03-01,Closed
2827,39,2,2026-01-24,2026-02-28,Closed
2828,72,9,2026-01-24,2026-03-04,Closed
2829,88,9,2026-01-24,2026-02-25,Closed
2830,74,2,2026-01-24,2026-02-07,Closed
2831,25,9,2026-01-25,2026-02-23,Closed
2832,60,2,2026-01-25,2026-03-09,Closed
2833,44,9,2026-01-25,2026-03-10,Closed
2834,14,5,2026-01-25,2026-03-10,Delivered
2835,38,9,2026-01-25,2026-02-14,Closed
2836,66,1,2026-01-26,2026-02-25,Closed
2837,16,1,2026-01-26,2026-02-15,Closed
2838,59,10,2026-01-26,2026-02-23,Closed
2839,8,7,2026-01-26,2026-02-22,Closed
2840,33,1,2026-01-26,2026-02-19,Shipped
2841,70,7,2026-01-26,2026-02-07,Closed
2842,40,9,2026-01-26,2026-03-12,Closed
2843,77,5,2026-01-26,2026-02-11,Closed
2844,54,4,2026-01-26,2026-02-05,Closed
2845,58,1,2026-01-26,2026-02-08,Shipped
2846,6,7,2026-01-26,2026-03-02,Closed
2847,100,9,2026-01-27,2026-02-19,Shipped
2848,46,6,2026-01-27,2026-03-13,Closed
2849,73,10,2026-01-27,2026-03-12,Closed
2850,38,9,2026-01-27,2026-02-09,Closed
2851,62,1,2026-01-27,2026-02-13,Closed
2852,21,6,2026-01-27,2026-02-07,Closed
2853,97,2,2026-01-27,2026-02-13,Delivered
2854,35,5,2026-01-27,2026-02-22,Closed
2855,77,7,2026-01-27,2026-03-08,Closed
2856,44,9,2026-01-27,2026-03-03,Closed
2857,48,6,2026-01-27,2026-03-02,Closed
2858,100,2,2026-01-28,2026-03-01,Closed
2859,56,3,2026-01-28,2026-02-27,Closed
2860,99,7,2026-01-28,2026-02-14,Closed
2861,43,9,2026-01-28,2026-02-25,Closed
2862,4,8,2026-01-28,2026-03-09,Closed
2863,39,9,2026-01-29,2026-02-28,Closed
2864,29,6,2026-01-29,2026-02-18,Delivered
2865,30,4,2026-01-29,2026-02-08,Closed
2866,11,5,2026-01-29,2026-03-01,Closed
2867,28,5,2026-01-29,2026-02-11,Shipped
2868,32,9,2026-01-29,2026-02-19,Closed
2869,9,8,2026-01-29,2026-02-23,Closed
2870,82,10,2026-01-29,2026-03-11,Closed
2871,99,7,2026-01-29,2026-03-02,Closed
2872,92,9,2026-01-29,2026-02-28,Closed
2873,75,3,2026-01-29,2026-03-02,Closed
2874,41,1,2026-01-29,2026-03-12,Closed
2875,48,8,2026-01-29,2026-02-12,Delivered
2876,7,5,2026-01-29,2026-02-11,Closed
2877,77,2,2026-01-30,2026-03-10,Closed
2878,61,4,2026-01-30,2026-02-22,Closed
2879,19,8,2026-01-30,2026-02-16,Closed
2880,60,9,2026-01-30,2026-02-28,Closed
2881,74,2,2026-01-30,2026-02-27,Closed
2882,78,8,2026-01-30,2026-02-23,Closed
2883,69,7,2026-01-30,2026-02-16,Closed
2884,54,1,2026-01-30,2026-02-21,Closed
2885,83,9,2026-01-30,2026-02-20,Closed
2886,5,5,2026-01-30,2026-03-15,Closed
2887,72,1,2026-01-30,2026-03-11,Closed
2888,26,5,2026-01-30,2026-03-08,Closed
2889,88,1,2026-01-31,2026-02-17,Closed
2890,40,9,2026-01-31,2026-02-23,Closed
2891,94,5,2026-02-01,2026-02-14,Closed
2892,73,6,2026-02-01,2026-03-10,Closed
2893,25,4,2026-02-01,2026-03-14,Delivered
2894,62,10,2026-02-01,2026-02-21,Closed
2895,51,3,2026-02-01,2026-03-02,Closed
2896,51,5,2026-02-01,2026-02-27,Closed
2897,81,5,2026-02-02,2026-03-05,Delivered
2898,76,1,2026-02-02,2026-02-14,Closed
2899,69,8,2026-02-02,2026-03-14,Closed
2900,3,7,2026-02-02,2026-03-05,Closed
2901,91,10,2026-02-02,2026-03-17,Closed
2902,37,8,2026-02-02,2026-03-08,Closed
2903,66,5,2026-02-02,2026-03-13,Closed
2904,57,8,2026-02-02,2026-03-15,Closed
2905,91,7,2026-02-02,2026-03-17,Closed
2906,76,1,2026-02-02,2026-02-16,Closed
2907,75,6,2026-02-02,2026-02-20,Closed
2908,70,10,2026-02-02,2026-02-17,Closed
2909,43,9,2026-02-02,2026-03-03,Closed
2910,34,2,2026-02-02,2026-03-01,Closed
2911,27,1,2026-02-02,2026-03-17,Closed
2912,67,1,2026-02-02,2026-02-25,Closed
2913,27,2,2026-02-03,2026-03-12,Closed
2914,15,10,2026-02-03,2026-02-28,Closed
2915,63,2,2026-02-03,2026-03-02,Closed
2916,44,1,2026-02-03,2026-02-23,Closed
2917,57,6,2026-02-03,2026-03-08,Closed
2918,72,7,2026-02-03,2026-02-26,Closed
2919,48,8,2026-02-03,2026-03-17,Closed
2920,3,8,2026-02-04,2026-02-14,Closed
2921,86,3,2026-02-04,2026-03-11,Shipped
2922,96,5,2026-02-04,2026-03-01,Closed
2923,11,7,2026-02-04,2026-03-16,Closed
2924,83,6,2026-02-04,2026-02-21,Closed
2925,55,1,2026-02-04,2026-03-19,Closed
2926,69,9,2026-02-05,2026-02-22,Delivered
2927,42,7,2026-02-05,2026-03-06,Closed
2928,60,1,2026-02-05,2026-03-08,Closed
2929,68,10,2026-02-05,2026-03-12,Closed
2930,57,8,2026-02-05,2026-03-19,Closed
2931,52,7,2026-02-05,2026-03-09,Closed
2932,80,6,2026-02-05,2026-03-08,Closed
2933,97,7,2026-02-05,2026-02-20,Closed
2934,38,1,2026-02-05,2026-02-20,Closed
2935,50,4,2026-02-06,2026-03-19,Closed
2936,46,6,2026-02-06,2026-02-22,Closed
2937,32,9,2026-02-06,2026-02-18,Closed
2938,66,8,2026-02-06,2026-03-19,Closed
2939,4,9,2026-02-06,2026-03-14,Closed
2940,84,6,2026-02-06,2026-03-09,Closed
2941,38,1,2026-02-06,2026-03-12,Closed
2942,33,9,2026-02-06,2026-03-14,Delivered
2943,14,8,2026-02-06,2026-03-08,Closed
2944,27,9,2026-02-06,2026-03-07,Closed
2945,34,8,2026-02-07,2026-02-24,Delivered
2946,86,3,2026-02-07,2026-02-25,Closed
2947,28,3,2026-02-07,2026-03-20,Closed
2948,55,9,2026-02-08,2026-02-24,Closed
2949,34,8,2026-02-09,2026-02-26,Closed
2950,75,8,2026-02-09,2026-03-04,Closed
2951,74,1,2026-02-09,2026-03-17,Closed
2952,34,10,2026-02-09,2026-02-19,Closed
2953,23,2,2026-02-09,2026-03-23,Closed
2954,35,6,2026-02-09,2026-02-26,Closed
2955,31,6,2026-02-09,2026-03-25,Closed
2956,59,10,2026-02-09,2026-02-26,Closed
2957,26,4,2026-02-09,2026-03-26,Closed
2958,16,7,2026-02-09,2026-03-08,Closed
2959,99,4,2026-02-09,2026-03-10,Closed
2960,76,9,2026-02-09,2026-02-23,Closed
2961,27,2,2026-02-09,2026-03-13,Closed
2962,29,4,2026-02-09,2026-03-16,Closed
2963,61,4,2026-02-09,2026-02-25,Closed
2964,2,10,2026-02-10,2026-02-27,Closed
2965,45,9,2026-02-10,2026-03-18,Closed
2966,24,2,2026-02-10,2026-02-28,Closed
2967,22,5,2026-02-10,2026-02-24,Closed
2968,22,4,2026-02-10,2026-02-25,Closed
2969,93,8,2026-02-10,2026-03-21,Closed
2970,35,2,2026-02-10,2026-02-21,Delivered
2971,89,9,2026-02-10,2026-03-09,Delivered
2972,28,4,2026-02-10,2026-03-07,Closed
2973,83,9,2026-02-10,2026-03-22,Closed
2974,40,9,2026-02-10,2026-03-01,Closed
2975,36,4,2026-02-10,2026-02-21,Closed
2976,95,7,2026-02-10,2026-03-16,Closed
2977,74,1,2026-02-10,2026-03-03,Closed
2978,64,3,2026-02-11,2026-03-04,Closed
2979,34,4,2026-02-11,2026-03-04,Closed
2980,14,5,2026-02-11,2026-02-24,Delivered
2981,40,2,2026-02-11,2026-02-27,Closed
2982,28,3,2026-02-11,2026-03-02,Closed
2983,58,3,2026-02-11,2026-02-24,Closed
2984,20,1,2026-02-11,2026-03-14,Closed
2985,31,4,2026-02-11,2026-03-01,Delivered
2986,47,6,2026-02-11,2026-02-21,Closed
2987,61,1,2026-02-11,2026-02-24,Delivered
2988,32,9,2026-02-11,2026-02-21,Delivered
2989,60,2,2026-02-11,2026-02-26,Closed
2990,100,2,2026-02-11,2026-03-03,Closed
2991,14,4,2026-02-12,2026-02-24,Closed
2992,61,7,2026-02-12,2026-03-25,Closed
2993,16,4,2026-02-12,2026-03-14,Closed
2994,91,7,2026-02-12,2026-03-01,Closed
2995,15,9,2026-02-12,2026-02-26,Closed
2996,1,2,2026-02-12,2026-03-09,Closed
2997,19,5,2026-02-12,2026-03-12,Closed
2998,17,3,2026-02-12,2026-02-27,Closed
2999,2,7,2026-02-13,2026-03-08,Closed
3000,35,3,2026-02-13,2026-02-24,Closed
3001,40,8,2026-02-13,2026-03-25,Closed
3002,49,4,2026-02-13,2026-03-06,Closed
3003,81,1,2026-02-13,2026-03-09,Closed
3004,61,5,2026-02-13,2026-03-24,Closed
3005,39,1,2026-02-13,2026-03-03,Closed
3006,45,6,2026-02-13,2026-03-29,Closed
3007,49,6,2026-02-14,2026-03-02,Closed
3008,15,9,2026-02-14,2026-03-01,Closed
3009,56,2,2026-02-14,2026-03-14,Closed
3010,69,5,2026-02-14,2026-03-26,Closed
3011,66,3,2026-02-15,2026-03-10,Closed
3012,8,9,2026-02-15,2026-03-30,Closed
3013,59,7,2026-02-15,2026-03-25,Closed
3014,72,10,2026-02-16,2026-03-05,Closed
3015,63,5,2026-02-16,2026-03-06,Delivered
3016,39,2,2026-02-16,2026-03-31,Closed
3017,99,4,2026-02-16,2026-03-23,Closed
3018,94,4,2026-02-16,2026-03-18,Closed
3019,36,5,2026-02-16,2026-03-25,Closed
3020,6,6,2026-02-17,2026-03-13,Closed
3021,68,8,2026-02-17,2026-03-26,Closed
3022,92,3,2026-02-17,2026-03-03,Closed
3023,26,8,2026-02-17,2026-03-08,Closed
3024,46,1,2026-02-17,2026-03-12,Closed
3025,1,1,2026-02-17,2026-04-03,Closed
3026,32,7,2026-02-17,2026-03-28,Closed
3027,15,1,2026-02-17,2026-04-01,Closed
3028,99,2,2026-02-17,2026-03-06,Closed
3029,52,1,2026-02-17,2026-03-04,Closed
3030,97,3,2026-02-17,2026-03-14,Closed
3031,64,4,2026-02-17,2026-04-02,Closed
3032,74,10,2026-02-17,2026-03-01,Closed
3033,70,6,2026-02-17,2026-03-18,Closed
3034,11,9,2026-02-18,2026-03-27,Closed
3035,34,6,2026-02-18,2026-03-03,Delivered
3036,77,10,2026-02-18,2026-04-01,Closed
3037,29,6,2026-02-18,2026-03-06,Closed
3038,32,2,2026-02-18,2026-03-06,Closed
3039,11,8,2026-02-18,2026-03-16,Closed
3040,19,5,2026-02-18,2026-03-09,Closed
3041,25,1,2026-02-19,2026-03-05,Closed
3042,42,5,2026-02-19,2026-03-27,Closed
3043,58,9,2026-02-19,2026-03-17,Closed
3044,91,10,2026-02-19,2026-03-28,Closed
3045,92,3,2026-02-19,2026-04-05,Closed
3046,83,3,2026-02-19,2026-04-04,Closed
3047,89,1,2026-02-19,2026-03-15,Closed
3048,77,5,2026-02-19,2026-03-01,Closed
3049,51,5,2026-02-19,2026-03-23,Closed
3050,9,5,2026-02-20,2026-03-22,Closed
3051,60,2,2026-02-20,2026-03-14,Closed
3052,21,4,2026-02-20,2026-03-24,Closed
3053,3,6,2026-02-20,2026-03-12,Closed
3054,99,7,2026-02-20,2026-04-06,Closed
3055,14,5,2026-02-20,2026-03-28,Closed
3056,81,9,2026-02-20,2026-03-22,Closed
3057,3,10,2026-02-20,2026-03-09,Closed
3058,8,7,2026-02-21,2026-03-17,Delivered
3059,55,1,2026-02-21,2026-03-08,Closed
3060,32,2,2026-02-21,2026-03-08,Delivered
3061,93,3,2026-02-21,2026-03-15,Closed
3062,17,5,2026-02-21,2026-03-30,Delivered
3063,12,5,2026-02-22,2026-03-20,Closed
3064,92,4,2026-02-22,2026-03-31,Closed
3065,42,8,2026-02-22,2026-03-23,Closed
3066,6,5,2026-02-22,2026-03-15,Closed
3067,57,7,2026-02-22,2026-03-23,Closed
3068,4,6,2026-02-23,2026-03-26,Closed
3069,47,7,2026-02-23,2026-03-24,Closed
3070,20,8,2026-02-23,2026-04-09,Closed
3071,11,10,2026-02-23,2026-04-08,Closed
3072,41,3,2026-02-23,2026-04-03,Closed
3073,24,1,2026-02-23,2026-04-06,Closed
3074,54,7,2026-02-23,2026-03-27,Closed
3075,52,3,2026-02-23,2026-03-22,Closed
3076,80,7,2026-02-23,2026-04-08,Closed
3077,35,5,2026-02-23,2026-04-04,Closed
3078,11,10,2026-02-23,2026-03-08,Closed
3079,47,10,2026-02-23,2026-03-11,Closed
3080,39,2,2026-02-23,2026-03-24,Closed
3081,17,4,2026-02-23,2026-03-18,Closed
3082,40,7,2026-02-23,2026-04-09,Closed
3083,15,2,2026-02-24,2026-04-02,Closed
3084,78,6,2026-02-24,2026-03-16,Closed
3085,74,1,2026-02-24,2026-03-31,Closed
3086,36,2,2026-02-24,2026-03-13,Closed
3087,91,4,2026-02-24,2026-04-09,Closed
3088,68,7,2026-02-24,2026-03-06,Closed
3089,55,1,2026-02-24,2026-03-27,Closed
3090,37,7,2026-02-24,2026-03-10,Closed
3091,36,4,2026-02-24,2026-04-09,Delivered
3092,52,6,2026-02-24,2026-03-28,Closed
3093,13,3,2026-02-24,2026-03-11,Closed
3094,48,8,2026-02-24,2026-03-11,Closed
3095,24,1,2026-02-24,2026-03-13,Closed
3096,7,5,2026-02-25,2026-04-09,Closed
3097,31,3,2026-02-25,2026-04-08,Closed
3098,8,6,2026-02-25,2026-03-19,Closed
3099,58,9,2026-02-25,2026-03-10,Delivered
3100,36,3,2026-02-25,2026-03-20,Closed
3101,61,4,2026-02-25,2026-03-13,Closed
3102,64,10,2026-02-25,2026-04-05,Closed
3103,72,9,2026-02-25,2026-03-13,Closed
3104,97,1,2026-02-25,2026-03-29,Closed
3105,79,1,2026-02-25,2026-04-08,Closed
3106,75,8,2026-02-25,2026-04-09,Closed
3107,47,2,2026-02-26,2026-03-12,Closed
3108,57,8,2026-02-26,2026-04-10,Closed
3109,16,3,2026-02-26,2026-04-12,Closed
3110,57,6,2026-02-26,2026-04-07,Closed
3111,60,1,2026-02-26,2026-03-22,Closed
3112,54,1,2026-02-26,2026-04-12,Closed
3113,15,8,2026-02-26,2026-03-17,Closed
3114,26,10,2026-02-26,2026-04-01,Closed
3115,63,9,2026-02-26,2026-03-20,Closed
3116,30,4,2026-02-26,2026-04-12,Closed
3117,1,2,2026-02-26,2026-04-12,Shipped
3118,93,6,2026-02-27,2026-03-31,Closed
3119,65,1,2026-02-27,2026-03-25,Closed
3120,38,1,2026-02-27,2026-03-22,Closed
3121,24,1,2026-02-27,2026-04-03,Closed
3122,50,7,2026-02-27,2026-04-13,Closed
3123,59,10,2026-02-27,2026-03-10,Closed
3124,57,6,2026-02-28,2026-03-14,Closed
3125,89,9,2026-02-28,2026-04-02,Closed
3126,19,6,2026-03-01,2026-03-18,Closed
3127,39,7,2026-03-01,2026-03-15,Shipped
3128,2,8,2026-03-01,2026-03-13,Closed
3129,84,8,2026-03-01,2026-03-21,Closed
3130,28,2,2026-03-01,2026-04-14,Closed
3131,74,9,2026-03-02,2026-03-30,Closed
3132,29,8,2026-03-02,2026-03-18,Closed
3133,77,2,2026-03-02,2026-03-12,Closed
3134,30,3,2026-03-02,2026-04-04,Closed
3135,49,8,2026-03-02,2026-04-16,Closed
3136,90,7,2026-03-02,2026-03-26,Closed
3137,79,4,2026-03-02,2026-03-31,Closed
3138,12,3,2026-03-02,2026-03-19,Closed
3139,36,7,2026-03-02,2026-03-28,Closed
3140,20,10,2026-03-02,2026-03-19,Closed
3141,32,2,2026-03-02,2026-03-19,Closed
3142,99,10,2026-03-02,2026-04-12,Closed
3143,13,9,2026-03-02,2026-04-04,Closed
3144,64,4,2026-03-02,2026-04-04,Closed
3145,49,1,2026-03-03,2026-04-11,Closed
3146,94,3,2026-03-03,2026-03-31,Closed
3147,56,6,2026-03-03,2026-03-30,Closed
3148,60,1,2026-03-03,2026-04-04,Delivered
3149,14,3,2026-03-03,2026-03-16,Closed
3150,60,2,2026-03-03,2026-03-29,Closed
3151,62,7,2026-03-03,2026-04-12,Closed
3152,8,10,2026-03-03,2026-04-02,Closed
3153,30,3,2026-03-03,2026-04-10,Closed
3154,10,9,2026-03-04,2026-04-03,Closed
3155,86,3,2026-03-04,2026-03-24,Closed
3156,43,2,2026-03-04,2026-04-16,Closed
3157,19,3,2026-03-04,2026-04-18,Closed
3158,39,8,2026-03-04,2026-04-09,Closed
3159,18,9,2026-03-04,2026-04-07,Closed
3160,19,6,2026-03-04,2026-03-27,Closed
3161,27,7,2026-03-04,2026-04-13,Closed
3162,18,1,2026-03-04,2026-03-27,Closed
3163,56,8,2026-03-04,2026-03-17,Closed
3164,86,5,2026-03-04,2026-04-16,Closed
3165,67,10,2026-03-04,2026-03-28,Closed
3166,89,2,2026-03-04,2026-03-29,Closed
3167,45,9,2026-03-05,2026-03-24,Closed
3168,74,1,2026-03-05,2026-04-04,Closed
3169,58,2,2026-03-05,2026-03-15,Closed
3170,88,6,2026-03-05,2026-04-10,Closed
3171,95,10,2026-03-05,2026-04-15,Closed
3172,45,2,2026-03-05,2026-03-19,Closed
3173,4,8,2026-03-05,2026-03-24,Closed
3174,62,10,2026-03-05,2026-03-23,Closed
3175,27,9,2026-03-05,2026-03-26,Closed
3176,83,1,2026-03-05,2026-03-21,Closed
3177,60,8,2026-03-05,2026-04-11,Closed
3178,63,3,2026-03-05,2026-03-18,Closed
3179,21,9,2026-03-05,2026-04-07,Closed
3180,35,7,2026-03-06,2026-04-20,Closed
3181,48,6,2026-03-06,2026-04-12,Closed
3182,2,7,2026-03-06,2026-03-27,Delivered
3183,24,10,2026-03-06,2026-04-20,Shipped
3184,35,2,2026-03-06,2026-04-02,Closed
3185,10,6,2026-03-06,2026-03-20,Closed
3186,98,1,2026-03-06,2026-03-21,Closed
3187,25,3,2026-03-06,2026-04-06,Closed
3188,5,3,2026-03-07,2026-03-30,Closed
3189,59,8,2026-03-08,2026-04-11,Closed
3190,15,8,2026-03-08,2026-03-28,Closed
3191,57,7,2026-03-08,2026-04-22,Shipped
3192,29,1,2026-03-08,2026-04-12,Closed
3193,42,7,2026-03-08,2026-04-09,Closed
3194,79,9,2026-03-09,2026-04-08,Closed
3195,78,7,2026-03-09,2026-03-27,Closed
3196,21,8,2026-03-09,2026-03-30,Closed
3197,12,5,2026-03-09,2026-03-26,Closed
3198,29,6,2026-03-09,2026-04-07,Closed
3199,73,1,2026-03-09,2026-03-27,Closed
3200,92,4,2026-03-09,2026-04-09,Closed
3201,59,9,2026-03-09,2026-04-07,Closed
3202,27,2,2026-03-09,2026-04-11,Delivered
3203,93,10,2026-03-09,2026-04-07,Closed
3204,54,6,2026-03-09,2026-04-14,Closed
3205,3,6,2026-03-09,2026-03-25,Closed
3206,22,7,2026-03-09,2026-03-30,Closed
3207,48,5,2026-03-09,2026-04-03,Closed
3208,36,5,2026-03-10,2026-03-22,Closed
3209,23,6,2026-03-10,2026-04-01,Closed
3210,23,1,2026-03-10,2026-04-04,Closed
3211,6,8,2026-03-10,2026-04-10,Closed
3212,8,7,2026-03-10,2026-04-10,Closed
3213,92,1,2026-03-10,2026-04-03,Closed
3214,75,8,2026-03-10,2026-04-02,Closed
3215,97,4,2026-03-10,2026-03-30,Closed
3216,32,1,2026-03-10,2026-04-16,Closed
3217,69,7,2026-03-10,2026-03-27,Closed
3218,35,2,2026-03-10,2026-03-30,Closed
3219,8,8,2026-03-11,2026-04-15,Closed
3220,79,3,2026-03-11,2026-03-24,Closed
3221,32,7,2026-03-11,2026-04-02,Delivered
3222,59,8,2026-03-11,2026-04-07,Closed
3223,2,8,2026-03-11,2026-03-26,Closed
3224,58,1,2026-03-11,2026-03-29,Closed
3225,58,1,2026-03-11,2026-03-27,Closed
3226,30,3,2026-03-11,2026-04-17,Closed
3227,36,3,2026-03-11,2026-04-22,Closed
3228,52,6,2026-03-11,2026-03-30,Closed
3229,80,10,2026-03-12,2026-04-05,Delivered
3230,74,9,2026-03-12,2026-04-25,Closed
3231,41,5,2026-03-12,2026-03-25,Closed
3232,91,8,2026-03-12,2026-04-05,Closed
3233,46,6,2026-03-12,2026-04-08,Closed
3234,99,6,2026-03-12,2026-04-10,Closed
3235,7,4,2026-03-12,2026-04-22,Closed
3236,60,5,2026-03-12,2026-04-20,Closed
3237,17,5,2026-03-12,2026-04-07,Closed
3238,20,9,2026-03-12,2026-04-25,Closed
3239,33,6,2026-03-12,2026-04-25,Closed
3240,76,1,2026-03-12,2026-04-10,Closed
3241,62,10,2026-03-12,2026-04-22,Closed
3242,74,1,2026-03-13,2026-04-07,Closed
3243,76,9,2026-03-13,2026-04-19,Closed
3244,46,1,2026-03-13,2026-04-02,Closed
3245,92,4,2026-03-13,2026-04-19,Closed
3246,67,9,2026-03-13,2026-04-14,Closed
3247,68,7,2026-03-13,2026-04-12,Closed
3248,91,3,2026-03-13,2026-04-17,Closed
3249,3,5,2026-03-13,2026-04-17,Closed
3250,85,1,2026-03-13,2026-04-15,Closed
3251,28,6,2026-03-13,2026-04-15,Delivered
3252,75,7,2026-03-13,2026-04-03,Closed
3253,45,1,2026-03-14,2026-04-27,Closed
3254,94,7,2026-03-14,2026-04-03,Closed
3255,39,9,2026-03-14,2026-04-19,Closed
3256,98,1,2026-03-14,2026-03-24,Delivered
3257,22,4,2026-03-15,2026-04-11,Delivered
3258,73,6,2026-03-15,2026-03-25,Closed
3259,84,7,2026-03-15,2026-04-22,Delivered
3260,53,4,2026-03-15,2026-04-15,Closed
3261,7,6,2026-03-15,2026-04-21,Closed
3262,9,4,2026-03-15,2026-03-27,Shipped
3263,30,1,2026-03-16,2026-03-31,Closed
3264,32,1,2026-03-16,2026-04-29,Closed
3265,18,2,2026-03-16,2026-03-31,Delivered
3266,76,1,2026-03-16,2026-03-28,Closed
3267,3,3,2026-03-16,2026-04-24,Closed
3268,5,4,2026-03-16,2026-04-20,Closed
3269,88,1,2026-03-16,2026-04-25,Closed
3270,17,3,2026-03-17,2026-04-29,Closed
3271,46,8,2026-03-17,2026-04-10,Closed
3272,26,3,2026-03-17,2026-04-24,Closed
3273,85,1,2026-03-17,2026-04-03,Closed
3274,26,2,2026-03-17,2026-03-27,Closed
3275,80,6,2026-03-17,2026-04-23,Closed
3276,26,7,2026-03-17,2026-04-18,Closed
3277,37,7,2026-03-17,2026-04-25,Closed
3278,61,7,2026-03-17,2026-04-29,Closed
3279,54,1,2026-03-17,2026-04-23,Closed
3280,27,10,2026-03-17,2026-04-14,Closed
3281,6,7,2026-03-17,2026-03-31,Closed
3282,44,9,2026-03-17,2026-04-24,Shipped
3283,12,8,2026-03-17,2026-04-08,Closed
3284,90,7,2026-03-18,2026-04-15,Closed
3285,57,8,2026-03-18,2026-04-01,Closed
3286,22,8,2026-03-18,2026-04-24,Closed
3287,26,4,2026-03-18,2026-04-13,Closed
3288,98,3,2026-03-18,2026-04-19,Closed
3289,99,7,2026-03-18,2026-04-21,Closed
3290,18,9,2026-03-18,2026-03-30,Closed
3291,60,9,2026-03-18,2026-04-24,Closed
3292,35,1,2026-03-18,2026-03-28,Closed
3293,30,4,2026-03-18,2026-04-17,Closed
3294,35,2,2026-03-19,2026-04-15,Closed
3295,100,1,2026-03-19,2026-03-31,Closed
3296,29,6,2026-03-19,2026-04-14,Closed
3297,7,5,2026-03-19,2026-04-24,Closed
3298,38,9,2026-03-19,2026-05-01,Closed
3299,28,4,2026-03-19,2026-04-22,Delivered
3300,97,9,2026-03-19,2026-04-20,Closed
3301,33,8,2026-03-19,2026-04-06,Closed
3302,50,7,2026-03-19,2026-05-03,Closed
3303,9,4,2026-03-19,2026-04-03,Closed
3304,67,10,2026-03-19,2026-03-31,Closed
3305,20,7,2026-03-19,2026-04-05,Shipped
3306,67,1,2026-03-19,2026-04-27,Closed
3307,72,2,2026-03-20,2026-04-14,Closed
3308,97,1,2026-03-20,2026-04-20,Closed
3309,30,8,2026-03-20,2026-04-16,Closed
3310,76,1,2026-03-20,2026-03-31,Closed
3311,83,1,2026-03-20,2026-03-31,Closed
3312,61,2,2026-03-20,2026-05-04,Closed
3313,24,7,2026-03-20,2026-04-25,Closed
3314,61,5,2026-03-20,2026-04-04,Closed
3315,99,10,2026-03-20,2026-04-20,Closed
3316,98,9,2026-03-20,2026-04-01,Closed
3317,97,2,2026-03-20,2026-04-12,Closed
3318,22,10,2026-03-20,2026-05-01,Closed
3319,52,8,2026-03-20,2026-04-19,Closed
3320,86,10,2026-03-20,2026-04-07,Closed
3321,16,1,2026-03-21,2026-04-16,Closed
3322,72,9,2026-03-21,2026-04-04,Closed
3323,52,8,2026-03-21,2026-04-01,Closed
3324,27,1,2026-03-22,2026-04-05,Closed
3325,21,6,2026-03-22,2026-05-01,Closed
3326,75,6,2026-03-22,2026-05-05,Closed
3327,63,3,2026-03-22,2026-04-27,Closed
3328,99,7,2026-03-22,2026-04-30,Delivered
3329,95,1,2026-03-22,2026-05-05,Closed
3330,40,3,2026-03-22,2026-04-26,Closed
3331,21,7,2026-03-22,2026-04-06,Closed
3332,31,5,2026-03-22,2026-04-02,Closed
3333,46,10,2026-03-22,2026-04-27,Closed
3334,49,6,2026-03-23,2026-04-23,Closed
3335,57,8,2026-03-23,2026-04-18,Closed
3336,68,8,2026-03-23,2026-04-16,Closed
3337,66,5,2026-03-23,2026-04-17,Closed
3338,90,6,2026-03-23,2026-05-01,Closed
3339,15,9,2026-03-23,2026-04-02,Closed
3340,49,5,2026-03-23,2026-04-16,Closed
3341,44,9,2026-03-23,2026-04-05,Closed
3342,84,10,2026-03-23,2026-04-11,Closed
3343,84,8,2026-03-23,2026-04-02,Closed
3344,58,2,2026-03-23,2026-05-02,Delivered
3345,77,7,2026-03-23,2026-04-21,Delivered
3346,7,5,2026-03-24,2026-05-07,Delivered
3347,82,2,2026-03-24,2026-05-02,Closed
3348,20,10,2026-03-24,2026-05-08,Closed
3349,99,8,2026-03-24,2026-05-06,Closed
3350,4,1,2026-03-24,2026-05-02,Closed
3351,65,6,2026-03-25,2026-04-15,Closed
3352,60,2,2026-03-25,2026-04-08,Closed
3353,1,9,2026-03-25,2026-04-11,Closed
3354,50,3,2026-03-25,2026-05-04,Closed
3355,17,3,2026-03-25,2026-05-07,Closed
3356,3,6,2026-03-25,2026-05-03,Delivered
3357,97,7,2026-03-25,2026-04-16,Closed
3358,34,7,2026-03-26,2026-04-25,Closed
3359,49,3,2026-03-26,2026-04-21,Closed
3360,67,8,2026-03-26,2026-04-05,Delivered
3361,2,5,2026-03-26,2026-04-14,Closed
3362,85,4,2026-03-26,2026-05-01,Closed
3363,75,7,2026-03-26,2026-04-19,Closed
3364,32,9,2026-03-26,2026-04-22,Closed
3365,52,1,2026-03-26,2026-04-20,Closed
3366,84,1,2026-03-26,2026-04-13,Closed
3367,38,2,2026-03-27,2026-04-14,Closed
3368,89,2,2026-03-27,2026-04-28,Closed
3369,98,9,2026-03-27,2026-04-11,Closed
3370,57,5,2026-03-27,2026-04-07,Closed
3371,52,5,2026-03-27,2026-05-08,Closed
3372,16,5,2026-03-27,2026-05-04,Closed
3373,32,2,2026-03-27,2026-05-01,Closed
3374,26,4,2026-03-27,2026-05-03,Delivered
3375,52,10,2026-03-27,2026-05-09,Closed
3376,75,8,2026-03-27,2026-04-25,Closed
3377,63,3,2026-03-27,2026-04-14,Closed
3378,33,9,2026-03-27,2026-04-30,Closed
3379,53,3,2026-03-27,2026-04-06,Closed
3380,51,4,2026-03-28,2026-05-03,Closed
3381,45,9,2026-03-28,2026-04-16,Closed
3382,95,9,2026-03-28,2026-04-22,Closed
3383,97,2,2026-03-28,2026-05-02,Closed
3384,60,8,2026-03-28,2026-04-18,Closed
3385,100,2,2026-03-29,2026-04-15,Closed
3386,68,8,2026-03-30,2026-04-24,Delivered
3387,26,4,2026-03-30,2026-04-14,Closed
3388,17,3,2026-03-30,2026-04-09,Closed
3389,38,9,2026-03-30,2026-05-08,Closed
3390,19,2,2026-03-30,2026-04-28,Closed
3391,85,1,2026-03-30,2026-04-27,Closed
3392,73,8,2026-03-30,2026-04-16,Shipped
3393,67,8,2026-03-30,2026-04-29,Closed
3394,82,8,2026-03-30,2026-04-17,Delivered
3395,79,9,2026-03-30,2026-04-29,Closed
3396,50,7,2026-03-30,2026-04-27,Closed
3397,43,3,2026-03-30,2026-04-12,Closed
3398,30,3,2026-03-31,2026-04-11,Closed
3399,63,7,2026-03-31,2026-04-16,Closed
3400,34,10,2026-03-31,2026-04-18,Closed
3401,73,9,2026-03-31,2026-04-12,Closed
3402,48,7,2026-03-31,2026-04-10,Delivered
3403,85,9,2026-03-31,2026-04-10,Closed
3404,53,5,2026-03-31,2026-05-07,Closed
3405,62,8,2026-03-31,2026-04-10,Closed
3406,40,1,2026-03-31,2026-04-20,Closed
3407,10,8,2026-03-31,2026-04-30,Closed
3408,13,2,2026-03-31,2026-05-11,Closed
3409,83,2,2026-03-31,2026-05-02,Delivered
3410,54,9,2026-03-31,2026-04-21,Closed
3411,19,10,2026-03-31,2026-04-14,Closed
3412,67,1,2026-03-31,2026-05-09,Delivered
3413,39,5,2026-03-31,2026-04-29,Closed
3414,58,9,2026-04-01,2026-04-11,Closed
3415,64,4,2026-04-01,2026-05-15,Closed
3416,17,6,2026-04-01,2026-04-15,Closed
3417,1,8,2026-04-01,2026-05-07,Closed
3418,100,2,2026-04-01,2026-05-11,Closed
3419,89,2,2026-04-01,2026-04-16,Closed
3420,31,3,2026-04-01,2026-05-15,Closed
3421,11,10,2026-04-01,2026-04-23,Closed
3422,5,2,2026-04-01,2026-05-16,Closed
3423,66,8,2026-04-01,2026-05-15,Closed
3424,94,2,2026-04-01,2026-05-01,Closed
3425,58,9,2026-04-01,2026-05-06,Closed
3426,32,2,2026-04-01,2026-05-06,Delivered
3427,63,1,2026-04-02,2026-04-15,Closed
3428,76,1,2026-04-02,2026-05-01,Closed
3429,40,2,2026-04-02,2026-04-13,Closed
3430,32,9,2026-04-02,2026-04-21,Closed
3431,70,7,2026-04-02,2026-05-06,Closed
3432,21,1,2026-04-02,2026-04-27,Closed
3433,70,8,2026-04-02,2026-04-13,Closed
3434,69,7,2026-04-02,2026-05-07,Closed
3435,78,2,2026-04-02,2026-05-06,Closed
3436,56,4,2026-04-02,2026-04-25,Closed
3437,44,3,2026-04-02,2026-04-24,Delivered
3438,25,8,2026-04-02,2026-05-01,Closed
3439,3,6,2026-04-02,2026-05-09,Closed
3440,65,10,2026-04-03,2026-05-18,Closed
3441,6,6,2026-04-03,2026-04-20,Closed
3442,79,9,2026-04-03,2026-05-01,Closed
3443,11,7,2026-04-03,2026-05-07,Closed
3444,13,2,2026-04-03,2026-05-18,Closed
3445,7,4,2026-04-03,2026-04-28,Closed
3446,16,5,2026-04-03,2026-05-08,Delivered
3447,59,3,2026-04-03,2026-04-22,Shipped
3448,29,8,2026-04-03,2026-04-13,Closed
3449,35,2,2026-04-03,2026-05-01,Closed
3450,90,1,2026-04-03,2026-05-17,Closed
3451,87,4,2026-04-03,2026-04-18,Closed
3452,9,5,2026-04-03,2026-04-17,Closed
3453,74,1,2026-04-04,2026-05-01,Closed
3454,63,7,2026-04-04,2026-04-22,Closed
3455,24,9,2026-04-04,2026-05-08,Closed
3456,47,6,2026-04-05,2026-04-23,Closed
3457,10,5,2026-04-05,2026-04-16,Closed
3458,63,8,2026-04-06,2026-04-16,Closed
3459,50,6,2026-04-06,2026-05-07,Closed
3460,7,3,2026-04-06,2026-05-11,Closed
3461,56,6,2026-04-06,2026-04-18,Closed
3462,68,2,2026-04-06,2026-05-13,Closed
3463,2,10,2026-04-06,2026-04-23,Shipped
3464,28,5,2026-04-06,2026-04-23,Closed
3465,8,4,2026-04-06,2026-04-17,Closed
3466,18,2,2026-04-06,2026-05-07,Closed
3467,26,8,2026-04-06,2026-05-09,Closed
3468,90,7,2026-04-06,2026-04-23,Closed
3469,24,1,2026-04-06,2026-04-19,Closed
3470,69,7,2026-04-06,2026-05-15,Closed
3471,64,6,2026-04-06,2026-05-02,Closed
3472,81,1,2026-04-07,2026-04-19,Closed
3473,96,5,2026-04-07,2026-05-05,Closed
3474,43,1,2026-04-07,2026-04-24,Closed
3475,81,9,2026-04-07,2026-05-22,Closed
3476,45,9,2026-04-07,2026-04-30,Closed
3477,37,7,2026-04-07,2026-05-12,Closed
3478,22,8,2026-04-07,2026-04-26,Closed
3479,79,2,2026-04-07,2026-05-13,Closed
3480,31,7,2026-04-07,2026-04-23,Closed
3481,18,2,2026-04-07,2026-04-18,Closed
3482,38,9,2026-04-07,2026-04-26,Closed
3483,52,7,2026-04-07,2026-05-09,Closed
3484,9,4,2026-04-08,2026-04-19,Delivered
3485,26,2,2026-04-08,2026-05-16,Closed
3486,93,2,2026-04-08,2026-05-15,Closed
3487,13,1,2026-04-08,2026-05-10,Closed
3488,74,1,2026-04-08,2026-04-29,Closed
3489,10,8,2026-04-08,2026-05-07,Closed
3490,34,10,2026-04-08,2026-05-04,Closed
3491,47,8,2026-04-08,2026-05-17,Closed
3492,41,2,2026-04-08,2026-04-23,Closed
3493,68,9,2026-04-08,2026-05-13,Closed
3494,96,7,2026-04-08,2026-05-01,Closed
3495,50,9,2026-04-08,2026-05-03,Closed
3496,42,8,2026-04-08,2026-05-04,Closed
3497,72,9,2026-04-09,2026-04-19,Closed
3498,60,1,2026-04-09,2026-05-04,Closed
3499,89,2,2026-04-09,2026-04-24,Closed
3500,32,2,2026-04-09,2026-04-30,Closed
3501,78,10,2026-04-09,2026-05-04,Closed
3502,19,10,2026-04-09,2026-05-19,Closed
3503,88,9,2026-04-09,2026-05-14,Closed
3504,6,7,2026-04-09,2026-05-09,Closed
3505,21,8,2026-04-09,2026-05-13,Closed
3506,76,5,2026-04-09,2026-04-29,Closed
3507,31,3,2026-04-09,2026-05-03,Closed
3508,44,1,2026-04-09,2026-04-27,Closed
3509,24,1,2026-04-10,2026-05-06,Closed
3510,1,9,2026-04-10,2026-05-02,Closed
3511,23,2,2026-04-10,2026-04-28,Closed
3512,39,1,2026-04-10,2026-05-23,Closed
3513,78,10,2026-04-10,2026-05-11,Closed
3514,11,8,2026-04-10,2026-05-11,Closed
3515,50,10,2026-04-10,2026-05-10,Closed
3516,89,2,2026-04-10,2026-05-02,Closed
3517,29,6,2026-04-10,2026-05-15,Closed
3518,32,1,2026-04-10,2026-05-01,Closed
3519,56,3,2026-04-10,2026-04-28,Closed
3520,60,1,2026-04-10,2026-04-24,Closed
3521,93,6,2026-04-10,2026-05-15,Closed
3522,39,1,2026-04-10,2026-05-18,Shipped
3523,72,1,2026-04-10,2026-05-14,Closed
3524,43,3,2026-04-10,2026-05-22,Closed
3525,18,2,2026-04-10,2026-04-22,Closed
3526,91,6,2026-04-11,2026-04-29,Closed
3527,35,9,2026-04-11,2026-05-18,Closed
3528,98,1,2026-04-11,2026-05-18,Closed
3529,18,1,2026-04-12,2026-05-19,Closed
3530,2,4,2026-04-12,2026-05-17,Closed
3531,66,6,2026-04-12,2026-05-17,Closed
3532,34,2,2026-04-13,2026-05-11,Closed
3533,35,2,2026-04-13,2026-05-06,Closed
3534,28,10,2026-04-13,2026-05-24,Closed
3535,70,10,2026-04-13,2026-04-27,Closed
3536,91,6,2026-04-13,2026-05-13,Closed
3537,2,10,2026-04-13,2026-05-06,Closed
3538,54,7,2026-04-13,2026-05-11,Closed
3539,17,10,2026-04-13,2026-05-09,Closed
3540,13,1,2026-04-13,2026-05-28,Closed
3541,69,2,2026-04-13,2026-04-29,Closed
3542,37,8,2026-04-13,2026-05-07,Closed
3543,1,3,2026-04-13,2026-05-21,Closed
3544,90,3,2026-04-13,2026-05-01,Closed
3545,76,5,2026-04-13,2026-05-24,Closed
3546,82,10,2026-04-13,2026-05-22,Closed
3547,90,7,2026-04-13,2026-05-01,Closed
3548,68,8,2026-04-14,2026-04-27,Closed
3549,70,5,2026-04-14,2026-04-28,Closed
3550,7,3,2026-04-14,2026-05-06,Closed
3551,33,2,2026-04-14,2026-05-19,Closed
3552,96,10,2026-04-14,2026-05-28,Closed
3553,35,9,2026-04-14,2026-05-14,Closed
3554,88,2,2026-04-14,2026-05-18,Closed
3555,87,1,2026-04-14,2026-05-22,Closed
3556,51,1,2026-04-14,2026-05-28,Delivered
3557,19,10,2026-04-14,2026-05-19,Closed
3558,13,2,2026-04-14,2026-05-14,Closed
3559,88,2,2026-04-14,2026-05-15,Closed
3560,67,6,2026-04-14,2026-05-14,Closed
3561,46,6,2026-04-15,2026-05-01,Closed
3562,23,2,2026-04-15,2026-05-12,Shipped
3563,7,4,2026-04-15,2026-05-16,Closed
3564,54,3,2026-04-15,2026-05-13,Closed
3565,46,10,2026-04-15,2026-05-17,Closed
3566,14,4,2026-04-15,2026-05-14,Closed
3567,99,10,2026-04-15,2026-05-13,Shipped
3568,26,4,2026-04-15,2026-05-29,Closed
3569,3,7,2026-04-15,2026-05-15,Closed
3570,6,8,2026-04-15,2026-04-26,Closed
3571,53,5,2026-04-15,2026-05-14,Closed
3572,35,1,2026-04-15,2026-05-27,Closed
3573,8,8,2026-04-15,2026-04-28,Closed
3574,95,6,2026-04-15,2026-05-12,Closed
3575,28,5,2026-04-15,2026-04-25,Closed
3576,56,10,2026-04-15,2026-05-25,Closed
3577,74,3,2026-04-15,2026-05-12,Closed
3578,20,6,2026-04-16,2026-05-09,Closed
3579,79,1,2026-04-16,2026-05-15,Closed
3580,6,8,2026-04-16,2026-05-20,Closed
3581,63,5,2026-04-16,2026-04-26,Closed
3582,64,4,2026-04-16,2026-05-12,Closed
3583,44,9,2026-04-16,2026-05-31,Delivered
3584,85,1,2026-04-16,2026-05-06,Closed
3585,33,9,2026-04-16,2026-04-28,Closed
3586,12,5,2026-04-17,2026-05-05,Closed
3587,36,1,2026-04-17,2026-05-26,Closed
3588,40,1,2026-04-17,2026-05-03,Closed
3589,57,8,2026-04-17,2026-05-15,Closed
3590,59,8,2026-04-17,2026-05-04,Closed
3591,9,4,2026-04-17,2026-05-14,Closed
3592,88,1,2026-04-17,2026-05-09,Shipped
3593,67,3,2026-04-17,2026-05-17,Closed
3594,67,9,2026-04-17,2026-05-14,Closed
3595,54,9,2026-04-17,2026-05-11,Closed
3596,55,9,2026-04-17,2026-05-20,Closed
3597,49,5,2026-04-17,2026-05-07,Closed
3598,62,7,2026-04-18,2026-05-04,Closed
3599,57,6,2026-04-18,2026-05-22,Closed
3600,76,9,2026-04-19,2026-05-04,Closed
3601,68,2,2026-04-19,2026-05-28,Closed
3602,20,7,2026-04-19,2026-05-23,Closed
3603,44,2,2026-04-19,2026-06-03,Closed
3604,3,3,2026-04-19,2026-05-14,Closed
3605,93,10,2026-04-19,2026-05-06,Closed
3606,65,1,2026-04-19,2026-05-08,Closed
3607,30,5,2026-04-20,2026-05-03,Delivered
3608,98,6,2026-04-20,2026-05-17,Closed
3609,92,5,2026-04-20,2026-05-28,Delivered
3610,71,4,2026-04-20,2026-05-28,Closed
3611,91,10,2026-04-20,2026-05-26,Closed
3612,41,9,2026-04-20,2026-05-04,Closed
3613,70,6,2026-04-20,2026-05-28,Closed
3614,60,2,2026-04-20,2026-05-04,Closed
3615,78,8,2026-04-20,2026-05-23,Closed
3616,78,7,2026-04-20,2026-05-10,Closed
3617,71,4,2026-04-21,2026-06-05,Closed
3618,53,3,2026-04-21,2026-05-10,Closed
3619,88,1,2026-04-21,2026-05-10,Closed
3620,52,3,2026-04-21,2026-05-08,Closed
3621,86,6,2026-04-21,2026-05-06,Closed
3622,70,10,2026-04-21,2026-05-07,Closed
3623,18,1,2026-04-21,2026-06-01,Shipped
3624,52,6,2026-04-22,2026-05-09,Delivered
3625,76,2,2026-04-22,2026-05-11,Closed
3626,19,7,2026-04-22,2026-05-16,Closed
3627,91,10,2026-04-22,2026-05-21,Closed
3628,59,4,2026-04-22,2026-05-22,Delivered
3629,63,5,2026-04-22,2026-05-28,Closed
3630,94,4,2026-04-22,2026-05-23,Closed
3631,58,2,2026-04-23,2026-05-31,Closed
3632,13,4,2026-04-23,2026-05-09,Closed
3633,44,6,2026-04-23,2026-05-31,Closed
3634,5,5,2026-04-23,2026-05-08,Closed
3635,80,4,2026-04-23,2026-06-05,Closed
3636,36,4,2026-04-23,2026-05-26,Closed
3637,69,6,2026-04-23,2026-05-22,Delivered
3638,62,2,2026-04-23,2026-05-12,Closed
3639,83,1,2026-04-23,2026-05-15,Closed
3640,57,10,2026-04-23,2026-06-06,Closed
3641,96,5,2026-04-23,2026-05-31,Closed
3642,58,9,2026-04-23,2026-05-06,Closed
3643,19,8,2026-04-24,2026-05-21,Closed
3644,66,10,2026-04-24,2026-06-03,Closed
3645,38,1,2026-04-24,2026-05-31,Closed
3646,55,1,2026-04-24,2026-05-08,Closed
3647,18,8,2026-04-24,2026-05-17,Closed
3648,65,2,2026-04-24,2026-05-26,Closed
3649,64,5,2026-04-24,2026-05-14,Closed
3650,91,8,2026-04-24,2026-05-18,Closed
3651,51,4,2026-04-24,2026-05-06,Closed
3652,12,4,2026-04-24,2026-05-23,Closed
3653,30,4,2026-04-24,2026-05-09,Closed
3654,95,8,2026-04-24,2026-05-20,Closed
3655,75,10,2026-04-25,2026-05-06,Closed
3656,27,2,2026-04-25,2026-06-04,Closed
3657,50,6,2026-04-25,2026-05-27,Closed
3658,74,2,2026-04-25,2026-05-10,Closed
3659,63,5,2026-04-26,2026-05-13,Closed
3660,57,6,2026-04-26,2026-05-16,Closed
3661,10,6,2026-04-26,2026-05-31,Closed
3662,10,5,2026-04-27,2026-05-13,Closed
3663,98,2,2026-04-27,2026-06-06,Closed
3664,8,5,2026-04-27,2026-06-11,Closed
3665,63,5,2026-04-27,2026-05-08,Closed
3666,17,5,2026-04-27,2026-05-15,Closed
3667,37,4,2026-04-27,2026-05-19,Closed
3668,4,7,2026-04-27,2026-05-29,Closed
3669,96,5,2026-04-27,2026-05-31,Closed
3670,24,1,2026-04-27,2026-06-02,Closed
3671,59,10,2026-04-27,2026-06-02,Closed
3672,10,8,2026-04-27,2026-06-01,Closed
3673,36,3,2026-04-27,2026-05-15,Closed
3674,17,5,2026-04-28,2026-05-22,Closed
3675,76,1,2026-04-28,2026-05-21,Closed
3676,55,2,2026-04-28,2026-06-08,Closed
3677,95,10,2026-04-28,2026-06-05,Closed
3678,42,8,2026-04-28,2026-05-25,Closed
3679,16,3,2026-04-28,2026-05-18,Closed
3680,100,2,2026-04-28,2026-06-06,Closed
3681,51,7,2026-04-28,2026-05-27,Closed
3682,49,2,2026-04-28,2026-06-12,Closed
3683,63,7,2026-04-28,2026-05-21,Delivered
3684,75,6,2026-04-28,2026-06-01,Closed
3685,82,7,2026-04-28,2026-05-19,Closed
3686,57,8,2026-04-28,2026-05-13,Closed
3687,6,8,2026-04-29,2026-05-09,Closed
3688,96,6,2026-04-29,2026-05-13,Closed
3689,27,5,2026-04-29,2026-05-27,Closed
3690,33,7,2026-04-29,2026-06-08,Closed
3691,69,4,2026-04-29,2026-05-09,Closed
3692,97,1,2026-04-29,2026-05-13,Closed
3693,47,6,2026-04-29,2026-06-01,Closed
3694,38,1,2026-04-29,2026-05-18,Closed
3695,15,9,2026-04-29,2026-06-07,Closed
3696,60,2,2026-04-29,2026-05-22,Delivered
3697,89,1,2026-04-29,2026-05-29,Closed
3698,57,10,2026-04-30,2026-06-06,Delivered
3699,25,5,2026-04-30,2026-06-02,Closed
3700,8,10,2026-04-30,2026-05-25,Delivered
3701,27,2,2026-04-30,2026-05-15,Closed
3702,33,2,2026-04-30,2026-06-13,Closed
3703,81,1,2026-04-30,2026-06-10,Closed
3704,10,6,2026-04-30,2026-05-12,Closed
3705,52,6,2026-04-30,2026-06-06,Closed
3706,43,1,2026-04-30,2026-06-05,Closed
3707,84,3,2026-04-30,2026-06-06,Closed
3708,85,9,2026-04-30,2026-05-14,Closed
3709,34,7,2026-04-30,2026-05-10,Closed
3710,7,3,2026-04-30,2026-05-21,Closed
3711,56,6,2026-05-01,2026-05-12,Closed
3712,18,9,2026-05-01,2026-05-17,Delivered
3713,20,10,2026-05-01,2026-06-10,Delivered
3714,41,2,2026-05-01,2026-05-20,Shipped
3715,52,7,2026-05-01,2026-05-24,Closed
3716,67,1,2026-05-01,2026-05-19,Closed
3717,5,4,2026-05-01,2026-05-19,Closed
3718,23,2,2026-05-01,2026-05-19,Closed
3719,13,10,2026-05-01,2026-05-13,Closed
3720,15,5,2026-05-01,2026-06-14,Closed
3721,29,7,2026-05-01,2026-05-25,Closed
3722,47,10,2026-05-01,2026-05-18,Closed
3723,21,8,2026-05-02,2026-06-02,Closed
3724,53,6,2026-05-02,2026-05-20,Closed
3725,24,2,2026-05-02,2026-05-31,Closed
3726,55,3,2026-05-02,2026-05-28,Closed
3727,56,2,2026-05-02,2026-05-23,Closed
3728,94,6,2026-05-02,2026-05-27,Closed
3729,59,8,2026-05-03,2026-05-28,Closed
3730,74,9,2026-05-03,2026-06-05,Closed
3731,61,6,2026-05-03,2026-06-07,Closed
3732,12,3,2026-05-04,2026-06-07,Closed
3733,52,8,2026-05-04,2026-05-18,Closed
3734,98,3,2026-05-04,2026-06-06,Closed
3735,82,10,2026-05-04,2026-06-09,Closed
3736,35,2,2026-05-04,2026-05-28,Closed
3737,75,3,2026-05-04,2026-06-01,Closed
3738,100,5,2026-05-05,2026-06-09,Closed
3739,41,6,2026-05-05,2026-05-28,Closed
3740,90,7,2026-05-05,2026-05-23,Closed
3741,99,8,2026-05-05,2026-05-30,Closed
3742,26,7,2026-05-05,2026-06-15,Closed
3743,20,8,2026-05-05,2026-06-14,Delivered
3744,83,9,2026-05-05,2026-06-10,Closed
3745,96,4,2026-05-05,2026-06-04,Closed
3746,85,9,2026-05-05,2026-06-05,Closed
3747,55,9,2026-05-06,2026-05-17,Closed
3748,13,9,2026-05-06,2026-05-25,Closed
3749,61,3,2026-05-06,2026-06-19,Closed
3750,10,8,2026-05-06,2026-05-30,Closed
3751,65,2,2026-05-06,2026-06-17,Closed
3752,89,1,2026-05-06,2026-05-31,Delivered
3753,27,2,2026-05-06,2026-05-19,Closed
3754,22,1,2026-05-06,2026-05-22,Closed
3755,79,2,2026-05-06,2026-06-20,Closed
3756,3,7,2026-05-06,2026-06-09,Closed
3757,74,1,2026-05-06,2026-05-23,Closed
3758,51,10,2026-05-06,2026-06-04,Closed
3759,57,8,2026-05-06,2026-06-02,Closed
3760,96,5,2026-05-07,2026-05-27,Closed
3761,90,10,2026-05-07,2026-05-30,Closed
3762,25,4,2026-05-07,2026-05-25,Closed
3763,75,10,2026-05-07,2026-06-05,Shipped
3764,51,5,2026-05-07,2026-06-18,Closed
3765,11,2,2026-05-08,2026-05-29,Closed
3766,90,5,2026-05-08,2026-06-16,Delivered
3767,53,5,2026-05-08,2026-05-19,Closed
3768,71,4,2026-05-08,2026-06-01,Closed
3769,5,4,2026-05-08,2026-05-24,Closed
3770,99,6,2026-05-08,2026-06-12,Closed
3771,32,2,2026-05-08,2026-05-20,Closed
3772,11,7,2026-05-08,2026-06-04,Closed
3773,28,5,2026-05-09,2026-06-14,Closed
3774,85,5,2026-05-09,2026-06-22,Closed
3775,37,8,2026-05-09,2026-05-24,Closed
3776,10,8,2026-05-09,2026-06-01,Delivered
3777,33,2,2026-05-10,2026-05-26,Closed
3778,37,6,2026-05-10,2026-05-21,Delivered
3779,40,3,2026-05-10,2026-05-22,Closed
3780,72,7,2026-05-11,2026-06-16,Closed
3781,52,1,2026-05-11,2026-05-25,Closed
3782,78,8,2026-05-11,2026-05-30,Closed
3783,99,8,2026-05-11,2026-06-09,Closed
3784,20,4,2026-05-12,2026-06-11,Closed
3785,55,2,2026-05-12,2026-05-28,Closed
3786,76,9,2026-05-12,2026-06-15,Delivered
3787,42,2,2026-05-12,2026-05-27,Closed
3788,15,1,2026-05-12,2026-05-28,Closed
3789,40,1,2026-05-12,2026-05-30,Closed
3790,60,1,2026-05-12,2026-06-01,Closed
3791,67,9,2026-05-12,2026-05-27,Closed
3792,16,5,2026-05-12,2026-06-20,Closed
3793,39,2,2026-05-12,2026-05-26,Closed
3794,78,10,2026-05-12,2026-06-21,Closed
3795,48,8,2026-05-12,2026-06-18,Closed
3796,10,6,2026-05-12,2026-05-24,Closed
3797,64,3,2026-05-13,2026-06-16,Closed
3798,74,3,2026-05-13,2026-06-07,Closed
3799,16,3,2026-05-13,2026-05-27,Closed
3800,11,4,2026-05-13,2026-06-13,Delivered
3801,77,3,2026-05-13,2026-06-16,Delivered
3802,71,4,2026-05-13,2026-06-13,Closed
3803,42,10,2026-05-13,2026-06-11,Closed
3804,1,2,2026-05-13,2026-06-10,Closed
3805,9,8,2026-05-13,2026-06-26,Closed
3806,79,9,2026-05-13,2026-06-14,Closed
3807,78,7,2026-05-13,2026-05-26,Delivered
3808,14,5,2026-05-14,2026-06-14,Closed
3809,45,7,2026-05-14,2026-06-06,Closed
3810,100,1,2026-05-14,2026-06-04,Closed
3811,93,7,2026-05-14,2026-06-17,Closed
3812,98,7,2026-05-14,2026-06-16,Delivered
3813,49,8,2026-05-14,2026-05-25,Closed
3814,11,8,2026-05-14,2026-05-31,Closed
3815,1,7,2026-05-14,2026-06-25,Closed
3816,54,5,2026-05-14,2026-05-26,Closed
3817,66,6,2026-05-14,2026-05-24,Shipped
3818,82,7,2026-05-15,2026-06-20,Closed
3819,8,2,2026-05-15,2026-06-25,Closed
3820,19,10,2026-05-15,2026-06-04,Closed
3821,93,8,2026-05-15,2026-06-04,Closed
3822,19,7,2026-05-15,2026-06-05,Closed
3823,37,8,2026-05-15,2026-06-24,Closed
3824,20,8,2026-05-16,2026-06-14,Delivered
3825,35,9,2026-05-16,2026-06-30,Closed
3826,78,4,2026-05-17,2026-06-19,Closed
3827,14,4,2026-05-17,2026-06-18,Closed
3828,100,2,2026-05-17,2026-06-24,Closed
3829,22,9,2026-05-17,2026-06-04,Closed
3830,1,7,2026-05-18,2026-06-15,Closed
3831,90,6,2026-05-18,2026-06-28,Closed
3832,6,10,2026-05-18,2026-06-30,Closed
3833,17,1,2026-05-18,2026-06-01,Delivered
3834,39,2,2026-05-18,2026-06-18,Closed
3835,10,3,2026-05-18,2026-06-29,Closed
3836,13,5,2026-05-18,2026-06-15,Closed
3837,53,5,2026-05-18,2026-06-05,Closed
3838,23,9,2026-05-18,2026-07-02,Closed
3839,29,7,2026-05-18,2026-06-19,Closed
3840,72,1,2026-05-18,2026-06-11,Closed
3841,75,3,2026-05-18,2026-06-03,Closed
3842,85,8,2026-05-19,2026-06-14,Closed
3843,31,7,2026-05-19,2026-05-29,Closed
3844,43,2,2026-05-19,2026-06-29,Closed
3845,76,9,2026-05-19,2026-05-30,Closed
3846,36,5,2026-05-19,2026-05-29,Closed
3847,78,10,2026-05-19,2026-06-01,Closed
3848,46,9,2026-05-19,2026-07-02,Closed
3849,49,6,2026-05-19,2026-06-22,Closed
3850,59,10,2026-05-19,2026-06-15,Closed
3851,6,8,2026-05-19,2026-06-07,Closed
3852,12,7,2026-05-19,2026-07-03,Delivered
3853,76,1,2026-05-19,2026-06-06,Closed
3854,82,8,2026-05-19,2026-06-10,Closed
3855,52,3,2026-05-19,2026-06-23,Closed
3856,39,2,2026-05-19,2026-06-09,Closed
3857,2,7,2026-05-19,2026-06-13,Closed
3858,33,2,2026-05-19,2026-06-30,Shipped
3859,5,4,2026-05-20,2026-06-07,Closed
3860,93,7,2026-05-20,2026-06-24,Closed
3861,42,8,2026-05-20,2026-06-28,Closed
3862,75,7,2026-05-20,2026-06-10,Closed
3863,73,1,2026-05-20,2026-06-09,Closed
3864,48,7,2026-05-20,2026-06-12,Closed
3865,19,6,2026-05-20,2026-06-17,Closed
3866,29,6,2026-05-20,2026-07-03,Closed
3867,18,1,2026-05-20,2026-06-01,Closed
3868,18,7,2026-05-20,2026-06-10,Closed
3869,89,2,2026-05-20,2026-06-27,Closed
3870,63,3,2026-05-21,2026-06-08,Closed
3871,4,10,2026-05-21,2026-06-29,Closed
3872,99,6,2026-05-21,2026-06-22,Closed
3873,76,2,2026-05-21,2026-06-24,Closed
3874,61,1,2026-05-21,2026-06-25,Closed
3875,17,1,2026-05-21,2026-06-13,Closed
3876,30,5,2026-05-21,2026-06-02,Closed
3877,100,6,2026-05-21,2026-05-31,Closed
3878,6,6,2026-05-21,2026-06-06,Closed
3879,83,2,2026-05-21,2026-06-14,Closed
3880,63,3,2026-05-21,2026-05-31,Delivered
3881,3,8,2026-05-21,2026-06-27,Delivered
3882,19,8,2026-05-21,2026-06-24,Closed
3883,87,2,2026-05-21,2026-06-04,Closed
3884,48,8,2026-05-21,2026-05-31,Closed
3885,75,3,2026-05-22,2026-06-15,Shipped
3886,100,1,2026-05-22,2026-06-09,Closed
3887,11,8,2026-05-22,2026-06-30,Closed
3888,69,5,2026-05-22,2026-06-22,Closed
3889,57,4,2026-05-22,2026-06-29,Shipped
3890,95,8,2026-05-22,2026-06-23,Closed
3891,79,2,2026-05-22,2026-06-06,Closed
3892,64,4,2026-05-22,2026-06-28,Closed
3893,45,2,2026-05-22,2026-06-27,Delivered
3894,4,3,2026-05-22,2026-07-06,Delivered
3895,90,8,2026-05-22,2026-07-06,Delivered
3896,85,9,2026-05-22,2026-06-04,Closed
3897,32,1,2026-05-22,2026-06-26,Closed
3898,71,8,2026-05-22,2026-06-02,Closed
3899,62,4,2026-05-23,2026-06-23,Closed
3900,20,10,2026-05-23,2026-06-09,Closed
3901,75,7,2026-05-23,2026-06-26,Closed
3902,67,9,2026-05-23,2026-06-25,Closed
3903,64,4,2026-05-24,2026-06-12,Closed
3904,25,3,2026-05-24,2026-06-18,Closed
3905,44,4,2026-05-24,2026-07-07,Closed
3906,90,7,2026-05-25,2026-06-08,Closed
3907,34,10,2026-05-25,2026-06-28,Closed
3908,17,9,2026-05-25,2026-06-20,Closed
3909,85,9,2026-05-25,2026-07-05,Closed
3910,73,8,2026-05-25,2026-06-17,Closed
3911,18,1,2026-05-25,2026-06-21,Closed
3912,4,6,2026-05-25,2026-06-14,Closed
3913,51,4,2026-05-25,2026-07-02,Closed
3914,29,6,2026-05-25,2026-06-08,Closed
3915,63,4,2026-05-25,2026-06-24,Closed
3916,29,4,2026-05-25,2026-07-05,Closed
3917,47,6,2026-05-25,2026-06-28,Closed
3918,53,4,2026-05-25,2026-07-06,Closed
3919,55,2,2026-05-25,2026-06-22,Closed
3920,16,4,2026-05-26,2026-06-13,Closed
3921,53,5,2026-05-26,2026-07-01,Closed
3922,69,2,2026-05-26,2026-06-14,Closed
3923,7,3,2026-05-26,2026-07-03,Closed
3924,92,5,2026-05-26,2026-06-19,Closed
3925,90,10,2026-05-26,2026-06-18,Closed
3926,35,2,2026-05-26,2026-06-13,Closed
3927,39,9,2026-05-26,2026-06-28,Closed
3928,24,1,2026-05-26,2026-06-23,Closed
3929,60,9,2026-05-27,2026-06-06,Closed
3930,45,10,2026-05-27,2026-07-05,Closed
3931,18,9,2026-05-27,2026-06-24,Closed
3932,7,3,2026-05-27,2026-06-20,Closed
3933,68,8,2026-05-27,2026-07-04,Closed
3934,19,4,2026-05-27,2026-07-04,Closed
3935,20,10,2026-05-27,2026-06-23,Closed
3936,92,8,2026-05-27,2026-07-01,Closed
3937,57,7,2026-05-27,2026-07-02,Closed
3938,86,5,2026-05-27,2026-07-03,Closed
3939,15,1,2026-05-27,2026-06-15,Delivered
3940,7,9,2026-05-27,2026-06-24,Closed
3941,35,2,2026-05-27,2026-07-10,Closed
3942,97,2,2026-05-27,2026-06-30,Delivered
3943,66,10,2026-05-28,2026-07-08,Closed
3944,82,7,2026-05-28,2026-07-01,Shipped
3945,43,5,2026-05-28,2026-06-25,Closed
3946,77,9,2026-05-28,2026-06-30,Closed
3947,36,3,2026-05-28,2026-06-14,Closed
3948,19,8,2026-05-28,2026-06-12,Closed
3949,28,5,2026-05-28,2026-06-07,Delivered
3950,43,1,2026-05-28,2026-07-07,Closed
3951,68,1,2026-05-29,2026-07-12,Closed
3952,28,9,2026-05-29,2026-06-10,Closed
3953,82,8,2026-05-29,2026-06-11,Closed
3954,9,4,2026-05-29,2026-07-10,Closed
3955,88,2,2026-05-29,2026-06-20,Closed
3956,84,7,2026-05-29,2026-07-08,Closed
3957,41,1,2026-05-29,2026-06-20,Delivered
3958,82,10,2026-05-29,2026-07-11,Closed
3959,49,6,2026-05-29,2026-07-09,Closed
3960,58,1,2026-05-29,2026-06-13,Closed
3961,78,10,2026-05-29,2026-06-14,Closed
3962,78,7,2026-05-29,2026-07-08,Closed
3963,56,2,2026-05-29,2026-07-11,Closed
3964,55,9,2026-05-29,2026-07-05,Closed
3965,73,10,2026-05-29,2026-07-06,Closed
3966,95,4,2026-05-30,2026-06-21,Closed
3967,9,3,2026-05-30,2026-06-29,Closed
3968,43,9,2026-05-31,2026-06-23,Closed
3969,33,9,2026-05-31,2026-06-14,Closed
3970,55,9,2026-05-31,2026-06-19,Closed
3971,32,1,2026-06-01,2026-06-26,Closed
3972,76,9,2026-06-01,2026-06-21,Closed
3973,50,7,2026-06-01,2026-06-17,Closed
3974,100,6,2026-06-01,2026-07-16,Delivered
3975,88,2,2026-06-01,2026-07-08,Closed
3976,63,4,2026-06-01,2026-06-11,Closed
3977,100,1,2026-06-01,2026-07-13,Closed
3978,21,8,2026-06-01,2026-06-22,Closed
3979,50,7,2026-06-01,2026-06-27,Closed
3980,82,6,2026-06-01,2026-06-21,Closed
3981,67,2,2026-06-01,2026-07-08,Closed
3982,31,5,2026-06-01,2026-07-10,Closed
3983,1,9,2026-06-01,2026-07-11,Closed
3984,93,8,2026-06-02,2026-06-26,Closed
3985,92,8,2026-06-02,2026-07-12,Closed
3986,96,2,2026-06-02,2026-06-19,Closed
3987,65,2,2026-06-02,2026-06-20,Closed
3988,62,7,2026-06-02,2026-06-24,Shipped
3989,78,10,2026-06-02,2026-06-17,Closed
3990,7,5,2026-06-02,2026-06-21,Closed
3991,87,1,2026-06-02,2026-06-15,Closed
3992,85,9,2026-06-02,2026-07-10,Closed
3993,13,7,2026-06-02,2026-06-19,Closed
3994,75,2,2026-06-02,2026-07-06,Closed
3995,79,2,2026-06-02,2026-07-07,Closed
3996,53,5,2026-06-02,2026-07-06,Closed
3997,31,4,2026-06-02,2026-06-13,Shipped
3998,92,3,2026-06-03,2026-07-01,Closed
3999,87,9,2026-06-03,2026-07-06,Closed
4000,59,3,2026-06-03,2026-06-21,Closed
4001,75,8,2026-06-03,2026-06-28,Closed
4002,91,6,2026-06-03,2026-07-06,Closed
4003,62,7,2026-06-03,2026-06-16,Closed
4004,43,9,2026-06-03,2026-06-20,Delivered
4005,43,9,2026-06-03,2026-06-19,Delivered
4006,51,3,2026-06-04,2026-07-10,Shipped
4007,65,2,2026-06-04,2026-07-06,Closed
4008,92,4,2026-06-04,2026-07-13,Closed
4009,77,9,2026-06-04,2026-06-27,Closed
4010,37,7,2026-06-04,2026-07-06,Closed
4011,12,2,2026-06-04,2026-07-02,Closed
4012,61,4,2026-06-04,2026-07-08,Closed
4013,91,10,2026-06-04,2026-07-08,Closed
4014,87,3,2026-06-04,2026-06-15,Closed
4015,12,8,2026-06-04,2026-06-22,Closed
4016,53,3,2026-06-04,2026-07-17,Closed
4017,51,4,2026-06-04,2026-06-24,Closed
4018,64,5,2026-06-04,2026-06-14,Delivered
4019,5,3,2026-06-05,2026-06-16,Closed
4020,86,4,2026-06-05,2026-07-09,Closed
4021,41,1,2026-06-05,2026-07-20,Closed
4022,36,3,2026-06-05,2026-07-16,Closed
4023,52,4,2026-06-05,2026-06-18,Closed
4024,90,4,2026-06-05,2026-07-05,Closed
4025,84,7,2026-06-05,2026-06-27,Closed
4026,12,1,2026-06-05,2026-06-17,Closed
4027,68,10,2026-06-05,2026-06-30,Delivered
4028,57,6,2026-06-05,2026-07-04,Closed
4029,69,3,2026-06-05,2026-07-18,Closed
4030,30,4,2026-06-06,2026-06-20,Closed
4031,77,10,2026-06-06,2026-06-19,Closed
4032,30,4,2026-06-07,2026-07-01,Closed
4033,54,1,2026-06-07,2026-07-13,Closed
4034,69,1,2026-06-07,2026-07-19,Closed
4035,11,7,2026-06-07,2026-07-14,Closed
4036,45,10,2026-06-08,2026-07-07,Closed
4037,90,8,2026-06-08,2026-06-18,Closed
4038,92,3,2026-06-08,2026-06-20,Closed
4039,88,1,2026-06-08,2026-07-03,Shipped
4040,79,1,2026-06-08,2026-07-16,Closed
4041,38,2,2026-06-08,2026-07-23,Closed
4042,16,3,2026-06-08,2026-07-15,Closed
4043,61,6,2026-06-08,2026-06-19,Closed
4044,14,4,2026-06-08,2026-07-15,Closed
4045,13,2,2026-06-08,2026-07-13,Closed
4046,17,9,2026-06-08,2026-07-01,Closed
4047,31,5,2026-06-08,2026-07-10,Delivered
4048,94,3,2026-06-08,2026-07-17,Closed
4049,23,1,2026-06-08,2026-07-15,Closed
4050,57,6,2026-06-08,2026-06-30,Closed
4051,51,4,2026-06-09,2026-07-09,Closed
4052,71,10,2026-06-09,2026-07-23,Closed
4053,1,9,2026-06-09,2026-07-04,Closed
4054,73,7,2026-06-09,2026-07-09,Closed
4055,62,7,2026-06-09,2026-07-16,Closed
4056,78,7,2026-06-09,2026-07-07,Delivered
4057,25,6,2026-06-09,2026-07-23,Delivered
4058,4,5,2026-06-09,2026-06-26,Closed
4059,14,7,2026-06-09,2026-07-10,Closed
4060,75,6,2026-06-09,2026-06-27,Closed
4061,46,6,2026-06-10,2026-06-25,Closed
4062,57,6,2026-06-10,2026-07-09,Closed
4063,6,8,2026-06-10,2026-06-22,Shipped
4064,78,8,2026-06-10,2026-07-01,Closed
4065,58,2,2026-06-10,2026-07-12,Closed
4066,7,1,2026-06-10,2026-06-29,Closed
4067,3,7,2026-06-10,2026-07-11,Closed
4068,9,7,2026-06-10,2026-06-22,Closed
4069,22,6,2026-06-10,2026-07-15,Closed
4070,77,1,2026-06-10,2026-06-30,Closed
4071,25,3,2026-06-10,2026-06-27,Closed
4072,3,6,2026-06-10,2026-06-20,Closed
4073,64,1,2026-06-10,2026-06-28,Closed
4074,23,7,2026-06-10,2026-06-28,Closed
4075,74,1,2026-06-10,2026-07-20,Closed
4076,95,1,2026-06-10,2026-07-10,Closed
4077,89,9,2026-06-11,2026-07-08,Closed
4078,85,6,2026-06-11,2026-07-17,Closed
4079,64,5,2026-06-11,2026-07-15,Closed
4080,64,6,2026-06-11,2026-07-10,Closed
4081,48,8,2026-06-11,2026-06-25,Closed
4082,84,10,2026-06-11,2026-07-13,Closed
4083,66,8,2026-06-11,2026-07-23,Closed
4084,38,1,2026-06-11,2026-07-13,Closed
4085,55,7,2026-06-11,2026-07-22,Closed
4086,51,9,2026-06-11,2026-07-11,Closed
4087,4,8,2026-06-11,2026-07-21,Closed
4088,61,5,2026-06-11,2026-07-09,Closed
4089,99,7,2026-06-11,2026-07-26,Closed
4090,84,7,2026-06-12,2026-07-19,Closed
4091,89,9,2026-06-12,2026-06-24,Closed
4092,98,5,2026-06-12,2026-07-12,Closed
4093,47,1,2026-06-12,2026-07-03,Closed
4094,52,6,2026-06-12,2026-06-25,Closed
4095,36,5,2026-06-12,2026-07-04,Closed
4096,90,7,2026-06-12,2026-07-23,Closed
4097,76,9,2026-06-12,2026-07-14,Closed
4098,88,9,2026-06-12,2026-06-23,Delivered
4099,18,2,2026-06-12,2026-06-29,Closed
4100,87,9,2026-06-13,2026-06-23,Closed
4101,44,1,2026-06-13,2026-07-28,Delivered
4102,27,1,2026-06-14,2026-07-02,Closed
4103,77,9,2026-06-14,2026-07-08,Closed
4104,97,2,2026-06-14,2026-07-06,Delivered
4105,93,2,2026-06-15,2026-07-02,Closed
4106,85,1,2026-06-15,2026-07-12,Closed
4107,22,7,2026-06-15,2026-07-24,Closed
4108,20,10,2026-06-15,2026-07-06,Closed
4109,45,1,2026-06-15,2026-07-28,Closed
4110,29,8,2026-06-15,2026-07-17,Closed
4111,11,10,2026-06-15,2026-06-27,Closed
4112,81,1,2026-06-15,2026-07-15,Delivered
4113,62,5,2026-06-15,2026-07-17,Closed
4114,41,4,2026-06-15,2026-07-24,Closed
4115,98,2,2026-06-16,2026-07-07,Closed
4116,14,3,2026-06-16,2026-07-11,Closed
4117,50,7,2026-06-16,2026-07-01,Closed
4118,61,4,2026-06-16,2026-07-06,Closed
4119,33,3,2026-06-16,2026-07-23,Delivered
4120,33,9,2026-06-16,2026-07-24,Closed
4121,2,6,2026-06-16,2026-07-23,Closed
4122,11,7,2026-06-16,2026-07-11,Delivered
4123,31,10,2026-06-16,2026-07-17,Closed
4124,56,1,2026-06-16,2026-07-15,Closed
4125,92,5,2026-06-16,2026-07-30,Closed
4126,17,7,2026-06-16,2026-07-24,Closed
4127,13,4,2026-06-17,2026-07-14,Closed
4128,100,9,2026-06-17,2026-07-30,Closed
4129,40,1,2026-06-17,2026-07-15,Closed
4130,8,7,2026-06-17,2026-07-22,Closed
4131,6,3,2026-06-17,2026-08-01,Closed
4132,93,7,2026-06-17,2026-07-13,Closed
4133,47,8,2026-06-17,2026-07-21,Closed
4134,78,2,2026-06-17,2026-07-18,Closed
4135,4,5,2026-06-17,2026-07-09,Closed
4136,67,4,2026-06-17,2026-07-16,Closed
4137,79,1,2026-06-17,2026-06-29,Closed
4138,21,10,2026-06-17,2026-07-27,Closed
4139,87,6,2026-06-17,2026-06-28,Closed
4140,88,9,2026-06-17,2026-07-26,Closed
4141,50,6,2026-06-17,2026-07-01,Closed
4142,28,9,2026-06-17,2026-07-04,Closed
4143,19,2,2026-06-18,2026-07-01,Closed
4144,63,5,2026-06-18,2026-07-07,Closed
4145,76,2,2026-06-18,2026-07-02,Closed
4146,57,10,2026-06-18,2026-07-25,Closed
4147,15,6,2026-06-18,2026-07-06,Closed
4148,88,1,2026-06-18,2026-07-26,Closed
4149,45,10,2026-06-18,2026-07-03,Closed
4150,26,4,2026-06-18,2026-07-18,Delivered
4151,23,9,2026-06-19,2026-07-23,Closed
4152,67,2,2026-06-19,2026-08-03,Closed
4153,28,5,2026-06-19,2026-07-21,Closed
4154,22,10,2026-06-19,2026-07-27,Closed
4155,7,3,2026-06-19,2026-07-16,Shipped
4156,100,4,2026-06-19,2026-07-16,Closed
4157,89,2,2026-06-19,2026-07-18,Closed
4158,69,3,2026-06-19,2026-07-14,Closed
4159,70,6,2026-06-19,2026-07-03,Closed
4160,71,8,2026-06-19,2026-07-10,Delivered
4161,97,1,2026-06-19,2026-07-14,Closed
4162,8,8,2026-06-19,2026-07-09,Closed
4163,13,9,2026-06-19,2026-08-03,Closed
4164,31,5,2026-06-20,2026-07-12,Closed
4165,10,7,2026-06-20,2026-08-02,Closed
4166,100,4,2026-06-20,2026-07-26,Closed
4167,31,5,2026-06-20,2026-07-05,Closed
4168,90,7,2026-06-20,2026-07-24,Closed
4169,60,10,2026-06-20,2026-07-19,Closed
4170,55,1,2026-06-21,2026-07-03,Delivered
4171,17,5,2026-06-22,2026-07-08,Closed
4172,61,8,2026-06-22,2026-07-09,Closed
4173,35,1,2026-06-22,2026-08-05,Closed
4174,42,7,2026-06-22,2026-07-31,Shipped
4175,48,6,2026-06-22,2026-07-07,Closed
4176,83,2,2026-06-22,2026-07-25,Closed
4177,61,4,2026-06-22,2026-07-24,Closed
4178,15,8,2026-06-23,2026-07-30,Closed
4179,31,5,2026-06-23,2026-07-10,Closed
4180,87,2,2026-06-23,2026-07-12,Closed
4181,31,4,2026-06-23,2026-07-09,Closed
4182,52,7,2026-06-23,2026-07-31,Closed
4183,4,10,2026-06-23,2026-07-16,Closed
4184,26,5,2026-06-23,2026-08-02,Closed
4185,6,7,2026-06-23,2026-07-16,Closed
4186,92,5,2026-06-24,2026-07-28,Closed
4187,39,2,2026-06-24,2026-07-28,Closed
4188,55,1,2026-06-24,2026-07-04,Closed
4189,88,2,2026-06-24,2026-07-30,Closed
4190,88,9,2026-06-24,2026-07-10,Closed
4191,38,1,2026-06-24,2026-07-29,Closed
4192,95,10,2026-06-24,2026-07-20,Closed
4193,33,2,2026-06-24,2026-08-07,Closed
4194,50,10,2026-06-24,2026-07-05,Closed
4195,71,3,2026-06-24,2026-07-04,Delivered
4196,70,7,2026-06-24,2026-07-29,Closed
4197,89,6,2026-06-24,2026-07-15,Closed
4198,19,10,2026-06-24,2026-07-11,Closed
4199,22,6,2026-06-24,2026-07-28,Closed
4200,29,6,2026-06-25,2026-07-21,Delivered
4201,96,3,2026-06-25,2026-07-11,Delivered
4202,58,9,2026-06-25,2026-07-15,Closed
4203,16,3,2026-06-25,2026-07-10,Closed
4204,58,7,2026-06-25,2026-07-08,Closed
4205,62,10,2026-06-25,2026-08-07,Closed
4206,94,4,2026-06-26,2026-08-05,Closed
4207,75,10,2026-06-26,2026-07-09,Closed
4208,18,1,2026-06-26,2026-07-13,Closed
4209,53,7,2026-06-26,2026-07-28,Closed
4210,13,9,2026-06-26,2026-07-12,Closed
4211,2,10,2026-06-26,2026-07-19,Closed
4212,88,6,2026-06-26,2026-08-01,Closed
4213,13,4,2026-06-26,2026-07-12,Closed
4214,60,6,2026-06-26,2026-07-28,Closed
4215,23,7,2026-06-26,2026-07-12,Closed
4216,40,4,2026-06-26,2026-08-06,Closed
4217,65,9,2026-06-26,2026-07-19,Closed
4218,89,10,2026-06-26,2026-07-09,Closed
4219,22,2,2026-06-26,2026-07-19,Closed
4220,2,10,2026-06-26,2026-08-06,Closed
4221,88,2,2026-06-26,2026-07-30,Closed
4222,89,1,2026-06-27,2026-07-22,Delivered
4223,79,6,2026-06-27,2026-07-24,Closed
4224,97,5,2026-06-27,2026-07-10,Closed
4225,87,2,2026-06-28,2026-07-26,Closed
4226,100,1,2026-06-28,2026-07-29,Closed
4227,31,10,2026-06-28,2026-08-12,Closed
4228,16,4,2026-06-29,2026-07-22,Closed
4229,20,8,2026-06-29,2026-07-30,Closed
4230,35,9,2026-06-29,2026-07-20,Closed
4231,9,5,2026-06-29,2026-08-09,Closed
4232,23,2,2026-06-29,2026-07-20,Closed
4233,52,2,2026-06-29,2026-08-12,Closed
4234,74,2,2026-06-29,2026-07-25,Delivered
4235,27,9,2026-06-29,2026-07-25,Closed
4236,13,1,2026-06-29,2026-07-12,Closed
4237,2,8,2026-06-29,2026-08-03,Closed
4238,95,6,2026-06-29,2026-08-05,Closed
4239,40,9,2026-06-29,2026-08-12,Closed
4240,81,9,2026-06-29,2026-07-11,Closed
4241,96,3,2026-06-30,2026-07-16,Closed
4242,82,4,2026-06-30,2026-07-31,Closed
4243,98,7,2026-06-30,2026-08-04,Closed
4244,9,4,2026-06-30,2026-08-09,Closed
4245,55,2,2026-06-30,2026-07-18,Closed
4246,85,2,2026-06-30,2026-07-10,Closed
4247,24,9,2026-06-30,2026-07-20,Closed
4248,95,5,2026-06-30,2026-07-16,Closed
4249,68,4,2026-06-30,2026-07-13,Closed
4250,32,1,2026-06-30,2026-08-06,Closed
4251,2,6,2026-06-30,2026-07-29,Closed
4252,22,8,2026-06-30,2026-07-19,Closed
4253,86,5,2026-06-30,2026-07-27,Closed
4254,97,9,2026-06-30,2026-07-29,Closed
4255,45,2,2026-07-01,2026-07-18,Closed
4256,66,6,2026-07-01,2026-08-01,Closed
4257,36,5,2026-07-01,2026-07-29,Closed
4258,64,5,2026-07-01,2026-08-14,Closed
4259,9,8,2026-07-01,2026-07-13,Closed
4260,82,8,2026-07-01,2026-07-16,Closed
4261,80,7,2026-07-01,2026-08-04,Closed
4262,86,2,2026-07-01,2026-07-12,Closed
4263,41,9,2026-07-02,2026-07-29,Closed
4264,74,1,2026-07-02,2026-07-14,Closed
4265,23,2,2026-07-02,2026-08-05,Closed
4266,85,7,2026-07-02,2026-07-23,Closed
4267,73,7,2026-07-02,2026-08-15,Closed
4268,73,6,2026-07-02,2026-08-15,Closed
4269,25,1,2026-07-02,2026-07-26,Closed
4270,40,9,2026-07-02,2026-07-21,Closed
4271,49,7,2026-07-02,2026-08-13,Closed
4272,35,1,2026-07-02,2026-07-31,Closed
4273,69,4,2026-07-02,2026-07-28,Closed
4274,48,10,2026-07-02,2026-08-08,Closed
4275,33,9,2026-07-03,2026-08-09,Closed
4276,47,3,2026-07-03,2026-07-31,Closed
4277,72,9,2026-07-03,2026-07-21,Closed
4278,44,2,2026-07-03,2026-07-26,Closed
4279,3,8,2026-07-03,2026-07-23,Closed
4280,72,9,2026-07-03,2026-08-05,Closed
4281,62,1,2026-07-03,2026-07-28,Closed
4282,78,7,2026-07-03,2026-07-31,Closed
4283,42,8,2026-07-03,2026-08-07,Closed
4284,34,7,2026-07-03,2026-07-13,Delivered
4285,76,6,2026-07-03,2026-07-30,Closed
4286,66,4,2026-07-03,2026-07-30,Closed
4287,95,7,2026-07-03,2026-08-06,Closed
4288,56,9,2026-07-03,2026-08-16,Closed
4289,34,10,2026-07-03,2026-07-19,Closed
4290,83,2,2026-07-04,2026-07-17,Delivered
4291,34,2,2026-07-04,2026-07-19,Delivered
4292,98,9,2026-07-04,2026-07-30,Closed
4293,92,8,2026-07-04,2026-07-20,Closed
4294,62,7,2026-07-04,2026-08-10,Closed
4295,1,2,2026-07-05,2026-08-18,Closed
4296,55,2,2026-07-06,2026-08-09,Closed
4297,38,9,2026-07-06,2026-07-27,Closed
4298,89,2,2026-07-06,2026-08-12,Closed
4299,42,8,2026-07-06,2026-08-05,Closed
4300,3,7,2026-07-06,2026-08-11,Closed
4301,74,4,2026-07-06,2026-08-16,Closed
4302,6,8,2026-07-06,2026-07-27,Closed
4303,56,9,2026-07-06,2026-08-19,Closed
4304,43,2,2026-07-06,2026-08-04,Closed
4305,17,5,2026-07-06,2026-07-31,Closed
4306,91,7,2026-07-06,2026-07-27,Closed
4307,39,1,2026-07-06,2026-08-11,Closed
4308,32,2,2026-07-06,2026-07-31,Closed
4309,53,1,2026-07-06,2026-08-09,Closed
4310,66,6,2026-07-07,2026-07-22,Delivered
4311,11,3,2026-07-07,2026-08-14,Closed
4312,49,2,2026-07-07,2026-07-30,Shipped
4313,38,9,2026-07-07,2026-08-09,Closed
4314,91,8,2026-07-07,2026-08-19,Closed
4315,61,3,2026-07-07,2026-08-10,Closed
4316,19,7,2026-07-07,2026-08-13,Closed
4317,39,4,2026-07-07,2026-08-02,Closed
4318,100,9,2026-07-08,2026-08-02,Closed
4319,69,7,2026-07-08,2026-07-30,Closed
4320,57,2,2026-07-08,2026-08-17,Closed
4321,96,8,2026-07-08,2026-08-01,Closed
4322,58,2,2026-07-08,2026-08-16,Closed
4323,55,2,2026-07-08,2026-07-26,Closed
4324,51,4,2026-07-08,2026-07-20,Closed
4325,71,10,2026-07-08,2026-08-18,Closed
4326,34,6,2026-07-08,2026-08-04,Closed
4327,84,8,2026-07-08,2026-08-19,Closed
4328,18,1,2026-07-09,2026-08-16,Closed
4329,33,1,2026-07-09,2026-08-03,Closed
4330,60,2,2026-07-09,2026-08-06,Delivered
4331,20,10,2026-07-09,2026-08-14,Closed
4332,11,10,2026-07-09,2026-08-10,Closed
4333,12,4,2026-07-09,2026-08-01,Closed
4334,27,9,2026-07-09,2026-07-22,Closed
4335,83,10,2026-07-09,2026-08-05,Closed
4336,53,4,2026-07-09,2026-08-20,Closed
4337,96,4,2026-07-09,2026-08-09,Closed
4338,43,7,2026-07-09,2026-08-11,Closed
4339,24,3,2026-07-09,2026-08-14,Closed
4340,5,1,2026-07-09,2026-07-21,Closed
4341,4,10,2026-07-10,2026-07-25,Delivered
4342,95,8,2026-07-10,2026-08-12,Closed
4343,10,10,2026-07-10,2026-08-09,Closed
4344,12,5,2026-07-10,2026-08-09,Closed
4345,96,5,2026-07-10,2026-08-14,Closed
4346,40,8,2026-07-10,2026-08-17,Closed
4347,12,5,2026-07-10,2026-08-15,Closed
4348,86,5,2026-07-10,2026-08-18,Closed
4349,53,5,2026-07-10,2026-08-13,Closed
4350,19,1,2026-07-10,2026-08-12,Closed
4351,48,8,2026-07-10,2026-07-21,Closed
4352,80,7,2026-07-10,2026-08-03,Closed
4353,1,10,2026-07-10,2026-07-31,Closed
4354,37,6,2026-07-11,2026-08-07,Closed
4355,88,9,2026-07-11,2026-08-17,Closed
4356,20,6,2026-07-12,2026-08-13,Delivered
4357,12,4,2026-07-12,2026-07-24,Closed
4358,40,1,2026-07-12,2026-08-04,Closed
4359,12,5,2026-07-13,2026-08-24,Closed
4360,34,8,2026-07-13,2026-07-31,Shipped
4361,42,5,2026-07-13,2026-07-29,Shipped
4362,96,3,2026-07-13,2026-08-06,Closed
4363,62,6,2026-07-13,2026-07-28,Closed
4364,96,7,2026-07-13,2026-08-18,Closed
4365,64,3,2026-07-13,2026-08-05,Delivered
4366,27,2,2026-07-13,2026-08-24,Closed
4367,2,8,2026-07-13,2026-08-04,Closed
4368,54,9,2026-07-13,2026-07-28,Closed
4369,80,9,2026-07-14,2026-08-16,Closed
4370,89,9,2026-07-14,2026-08-13,Closed
4371,80,1,2026-07-14,2026-08-26,Closed
4372,87,2,2026-07-14,2026-08-03,Closed
4373,71,6,2026-07-14,2026-08-16,Closed
4374,15,2,2026-07-14,2026-08-04,Closed
4375,27,2,2026-07-14,2026-08-07,Closed
4376,98,2,2026-07-14,2026-08-28,Closed
4377,98,1,2026-07-14,2026-08-05,Closed
4378,9,7,2026-07-14,2026-08-05,Closed
4379,91,3,2026-07-15,2026-08-13,Closed
4380,14,6,2026-07-15,2026-08-23,Closed
4381,31,1,2026-07-15,2026-07-31,Closed
4382,66,10,2026-07-15,2026-08-06,Closed
4383,12,4,2026-07-15,2026-07-30,Closed
4384,11,8,2026-07-15,2026-08-17,Closed
4385,7,6,2026-07-15,2026-08-08,Delivered
4386,8,5,2026-07-15,2026-07-25,Closed
4387,69,6,2026-07-15,2026-07-28,Closed
4388,95,8,2026-07-15,2026-08-14,Closed
4389,53,7,2026-07-15,2026-08-09,Closed
4390,40,2,2026-07-15,2026-08-01,Closed
4391,95,10,2026-07-15,2026-07-31,Closed
4392,79,10,2026-07-15,2026-08-11,Closed
4393,8,6,2026-07-15,2026-07-31,Delivered
4394,14,7,2026-07-15,2026-08-18,Closed
4395,12,5,2026-07-16,2026-08-28,Closed
4396,21,3,2026-07-16,2026-08-02,Closed
4397,19,7,2026-07-16,2026-08-04,Closed
4398,82,6,2026-07-16,2026-08-20,Closed
4399,49,10,2026-07-16,2026-08-19,Closed
4400,4,8,2026-07-16,2026-08-26,Closed
4401,91,6,2026-07-16,2026-07-26,Closed
4402,30,5,2026-07-17,2026-08-18,Closed
4403,98,9,2026-07-17,2026-08-25,Delivered
4404,26,3,2026-07-17,2026-07-29,Closed
4405,85,2,2026-07-17,2026-08-31,Closed
4406,64,5,2026-07-17,2026-08-08,Closed
4407,16,4,2026-07-17,2026-08-01,Closed
4408,24,1,2026-07-17,2026-08-17,Closed
4409,66,1,2026-07-17,2026-08-05,Closed
4410,67,2,2026-07-17,2026-07-29,Closed
4411,4,7,2026-07-17,2026-08-12,Shipped
4412,46,8,2026-07-18,2026-08-13,Closed
4413,52,10,2026-07-18,2026-08-18,Delivered
4414,75,6,2026-07-18,2026-08-29,Closed
4415,75,10,2026-07-18,2026-08-22,Closed
4416,34,6,2026-07-19,2026-08-22,Closed
4417,46,7,2026-07-20,2026-08-13,Closed
4418,63,5,2026-07-20,2026-08-27,Closed
4419,49,7,2026-07-20,2026-08-03,Closed
4420,85,7,2026-07-20,2026-08-07,Closed
4421,18,1,2026-07-20,2026-08-04,Closed
4422,94,9,2026-07-20,2026-08-23,Shipped
4423,36,5,2026-07-20,2026-08-16,Closed
4424,58,2,2026-07-21,2026-07-31,Closed
4425,3,6,2026-07-21,2026-08-16,Closed
4426,67,2,2026-07-21,2026-08-15,Closed
4427,92,4,2026-07-21,2026-08-04,Closed
4428,97,2,2026-07-21,2026-08-03,Closed
4429,30,3,2026-07-21,2026-09-04,Closed
4430,46,7,2026-07-21,2026-08-30,Closed
4431,8,6,2026-07-21,2026-08-14,Closed
4432,94,3,2026-07-21,2026-09-04,Closed
4433,66,7,2026-07-21,2026-09-02,Closed
4434,53,6,2026-07-22,2026-08-25,Closed
4435,20,7,2026-07-22,2026-08-24,Closed
4436,85,1,2026-07-22,2026-08-11,Closed
4437,22,1,2026-07-22,2026-08-08,Closed
4438,20,7,2026-07-22,2026-08-03,Closed
4439,66,10,2026-07-22,2026-09-04,Closed
4440,88,7,2026-07-23,2026-09-02,Closed
4441,82,6,2026-07-23,2026-08-27,Closed
4442,71,4,2026-07-23,2026-08-19,Closed
4443,74,1,2026-07-23,2026-08-07,Closed
4444,82,10,2026-07-23,2026-08-22,Closed
4445,88,6,2026-07-23,2026-08-12,Closed
4446,90,5,2026-07-23,2026-09-05,Closed
4447,36,5,2026-07-23,2026-08-06,Closed
4448,38,7,2026-07-23,2026-08-12,Closed
4449,42,2,2026-07-24,2026-09-03,Closed
4450,43,9,2026-07-24,2026-08-29,Closed
4451,41,2,2026-07-24,2026-08-30,Closed
4452,15,8,2026-07-24,2026-09-05,Closed
4453,31,1,2026-07-24,2026-08-06,Closed
4454,27,9,2026-07-24,2026-08-14,Delivered
4455,15,1,2026-07-24,2026-08-05,Delivered
4456,95,10,2026-07-24,2026-08-12,Closed
4457,36,5,2026-07-24,2026-08-20,Closed
4458,96,5,2026-07-25,2026-08-14,Closed
4459,53,5,2026-07-25,2026-09-06,Closed
4460,56,1,2026-07-26,2026-08-10,Closed
4461,65,5,2026-07-26,2026-08-05,Closed
4462,26,9,2026-07-26,2026-08-05,Delivered
4463,43,8,2026-07-26,2026-08-20,Closed
4464,68,10,2026-07-26,2026-08-11,Closed
4465,42,10,2026-07-27,2026-08-07,Closed
4466,75,10,2026-07-27,2026-08-08,Closed
4467,56,2,2026-07-27,2026-08-31,Closed
4468,18,1,2026-07-27,2026-08-27,Closed
4469,51,5,2026-07-27,2026-08-10,Closed
4470,89,9,2026-07-27,2026-08-28,Closed
4471,95,3,2026-07-27,2026-09-07,Closed
4472,6,6,2026-07-27,2026-08-28,Closed
4473,93,4,2026-07-27,2026-09-10,Closed
4474,3,8,2026-07-28,2026-08-28,Closed
4475,71,3,2026-07-28,2026-08-31,Closed
4476,34,8,2026-07-28,2026-09-01,Closed
4477,66,10,2026-07-28,2026-08-07,Closed
4478,79,1,2026-07-28,2026-09-06,Closed
4479,11,10,2026-07-28,2026-08-13,Closed
4480,9,4,2026-07-28,2026-08-30,Delivered
4481,74,5,2026-07-28,2026-08-26,Delivered
4482,40,3,2026-07-28,2026-08-28,Closed
4483,13,2,2026-07-29,2026-09-11,Closed
4484,98,4,2026-07-29,2026-09-10,Closed
4485,44,8,2026-07-29,2026-08-25,Closed
4486,56,2,2026-07-29,2026-08-10,Closed
4487,47,8,2026-07-29,2026-08-21,Closed
4488,40,2,2026-07-29,2026-09-11,Closed
4489,64,4,2026-07-30,2026-08-20,Closed
4490,93,8,2026-07-30,2026-08-12,Closed
4491,89,1,2026-07-30,2026-08-31,Closed
4492,76,1,2026-07-30,2026-08-12,Closed
4493,15,2,2026-07-30,2026-08-25,Closed
4494,30,10,2026-07-30,2026-08-25,Closed
4495,10,5,2026-07-30,2026-09-12,Closed
4496,23,2,2026-07-30,2026-09-07,Closed
4497,44,1,2026-07-30,2026-08-23,Closed
4498,83,8,2026-07-30,2026-08-28,Delivered
4499,69,8,2026-07-30,2026-09-07,Closed
4500,86,3,2026-07-30,2026-08-18,Closed
4501,48,6,2026-07-30,2026-08-31,Closed
4502,77,2,2026-07-30,2026-09-01,Closed
4503,13,7,2026-07-30,2026-08-11,Closed
4504,68,5,2026-07-31,2026-08-17,Closed
4505,53,3,2026-07-31,2026-08-29,Closed
4506,39,1,2026-07-31,2026-08-26,Closed
4507,76,8,2026-07-31,2026-08-16,Closed
4508,64,8,2026-07-31,2026-08-25,Closed
4509,16,5,2026-07-31,2026-08-30,Closed
4510,6,7,2026-07-31,2026-09-10,Closed
4511,48,7,2026-07-31,2026-08-12,Closed
4512,4,10,2026-08-01,2026-08-17,Shipped
4513,59,6,2026-08-01,2026-08-13,Closed
4514,57,7,2026-08-01,2026-09-09,Closed
4515,83,1,2026-08-01,2026-09-11,Closed
4516,90,8,2026-08-02,2026-09-01,Closed
4517,51,3,2026-08-02,2026-08-19,Closed
4518,47,7,2026-08-03,2026-09-17,Closed
4519,75,10,2026-08-03,2026-08-28,Closed
4520,26,8,2026-08-03,2026-08-28,Closed
4521,87,9,2026-08-03,2026-09-08,Delivered
4522,8,7,2026-08-03,2026-09-16,Closed
4523,35,4,2026-08-03,2026-08-27,Closed
4524,14,10,2026-08-03,2026-08-13,Delivered
4525,25,4,2026-08-03,2026-09-01,Closed
4526,82,7,2026-08-04,2026-09-10,Closed
4527,87,6,2026-08-04,2026-09-13,Closed
4528,94,4,2026-08-04,2026-08-18,Closed
4529,35,1,2026-08-04,2026-08-26,Closed
4530,86,3,2026-08-04,2026-09-12,Closed
4531,30,7,2026-08-04,2026-09-06,Closed
4532,20,6,2026-08-04,2026-09-15,Closed
4533,44,9,2026-08-04,2026-09-09,Closed
4534,94,5,2026-08-04,2026-08-30,Closed
4535,9,5,2026-08-04,2026-09-16,Closed
4536,75,7,2026-08-05,2026-08-23,Closed
4537,22,7,2026-08-05,2026-09-04,Closed
4538,49,6,2026-08-05,2026-09-15,Closed
4539,70,7,2026-08-05,2026-09-05,Closed
4540,40,2,2026-08-05,2026-09-12,Closed
4541,81,7,2026-08-05,2026-09-07,Closed
4542,24,2,2026-08-05,2026-09-01,Closed
4543,10,6,2026-08-05,2026-09-18,Closed
4544,98,6,2026-08-05,2026-08-20,Closed
4545,58,1,2026-08-05,2026-09-05,Closed
4546,27,9,2026-08-06,2026-09-19,Closed
4547,76,9,2026-08-06,2026-09-12,Closed
4548,100,2,2026-08-06,2026-09-16,Closed
4549,34,7,2026-08-06,2026-08-26,Delivered
4550,10,7,2026-08-06,2026-08-28,Closed
4551,35,2,2026-08-06,2026-08-23,Closed
4552,22,10,2026-08-07,2026-08-17,Closed
4553,66,10,2026-08-07,2026-09-04,Closed
4554,62,6,2026-08-07,2026-09-12,Closed
4555,62,7,2026-08-07,2026-09-15,Closed
4556,95,1,2026-08-07,2026-09-16,Closed
4557,62,2,2026-08-07,2026-09-12,Closed
4558,13,1,2026-08-07,2026-09-04,Closed
4559,67,1,2026-08-07,2026-09-05,Closed
4560,50,4,2026-08-07,2026-08-19,Closed
4561,86,4,2026-08-07,2026-09-07,Closed
4562,33,8,2026-08-07,2026-09-05,Closed
4563,79,1,2026-08-08,2026-09-07,Closed
4564,88,10,2026-08-08,2026-08-19,Closed
4565,33,10,2026-08-08,2026-08-20,Closed
4566,93,8,2026-08-09,2026-08-19,Closed
4567,17,5,2026-08-09,2026-08-26,Closed
4568,77,1,2026-08-09,2026-08-26,Closed
4569,95,9,2026-08-10,2026-08-26,Closed
4570,70,10,2026-08-10,2026-09-18,Closed
4571,60,1,2026-08-10,2026-09-10,Closed
4572,9,5,2026-08-10,2026-09-14,Closed
4573,100,3,2026-08-10,2026-09-14,Closed
4574,18,2,2026-08-10,2026-08-21,Closed
4575,66,8,2026-08-10,2026-09-21,Shipped
4576,78,8,2026-08-10,2026-09-23,Closed
4577,65,4,2026-08-10,2026-08-25,Shipped
4578,47,8,2026-08-10,2026-08-25,Closed
4579,44,7,2026-08-10,2026-09-02,Closed
4580,91,6,2026-08-10,2026-08-30,Closed
4581,39,1,2026-08-10,2026-08-29,Closed
4582,32,9,2026-08-11,2026-09-11,Closed
4583,82,10,2026-08-11,2026-08-21,Closed
4584,44,10,2026-08-11,2026-09-19,Delivered
4585,64,4,2026-08-11,2026-08-22,Closed
4586,45,2,2026-08-11,2026-08-24,Closed
4587,39,2,2026-08-11,2026-09-14,Shipped
4588,12,5,2026-08-11,2026-09-24,Closed
4589,98,9,2026-08-11,2026-09-10,Closed
4590,58,2,2026-08-11,2026-08-28,Closed
4591,59,7,2026-08-11,2026-09-19,Closed
4592,86,3,2026-08-11,2026-08-21,Closed
4593,29,10,2026-08-11,2026-09-04,Closed
4594,82,4,2026-08-11,2026-08-23,Closed
4595,23,2,2026-08-11,2026-09-18,Closed
4596,97,5,2026-08-11,2026-09-11,Closed
4597,1,2,2026-08-12,2026-09-25,Closed
4598,76,2,2026-08-12,2026-09-04,Closed
4599,70,8,2026-08-12,2026-09-15,Shipped
4600,44,3,2026-08-12,2026-09-21,Delivered
4601,77,10,2026-08-12,2026-09-14,Closed
4602,92,8,2026-08-12,2026-09-17,Closed
4603,14,4,2026-08-12,2026-09-21,Closed
4604,58,9,2026-08-12,2026-09-13,Closed
4605,60,9,2026-08-12,2026-09-20,Closed
4606,50,4,2026-08-12,2026-09-09,Closed
4607,35,1,2026-08-12,2026-09-04,Closed
4608,78,10,2026-08-13,2026-09-25,Closed
4609,95,10,2026-08-13,2026-09-16,Closed
4610,94,5,2026-08-13,2026-09-18,Delivered
4611,67,2,2026-08-13,2026-09-27,Closed
4612,80,8,2026-08-13,2026-09-20,Closed
4613,57,10,2026-08-13,2026-08-25,Closed
4614,27,2,2026-08-13,2026-09-01,Closed
4615,64,3,2026-08-14,2026-09-21,Delivered
4616,11,10,2026-08-14,2026-09-08,Closed
4617,16,5,2026-08-14,2026-09-19,Closed
4618,85,7,2026-08-14,2026-09-27,Closed
4619,84,5,2026-08-14,2026-09-05,Closed
4620,25,4,2026-08-14,2026-08-27,Closed
4621,28,4,2026-08-14,2026-09-09,Closed
4622,3,1,2026-08-14,2026-09-17,Closed
4623,34,1,2026-08-14,2026-09-18,Closed
4624,84,8,2026-08-14,2026-09-21,Closed
4625,51,3,2026-08-15,2026-09-13,Delivered
4626,65,2,2026-08-15,2026-08-28,Delivered
4627,49,5,2026-08-15,2026-09-10,Closed
4628,72,9,2026-08-16,2026-09-25,Closed
4629,44,1,2026-08-16,2026-09-28,Closed
4630,33,2,2026-08-16,2026-09-14,Closed
4631,68,6,2026-08-16,2026-09-10,Closed
4632,53,5,2026-08-16,2026-09-03,Closed
4633,4,10,2026-08-17,2026-10-01,Closed
4634,58,1,2026-08-17,2026-09-07,Delivered
4635,93,7,2026-08-17,2026-09-06,Closed
4636,10,1,2026-08-17,2026-09-01,Closed
4637,92,9,2026-08-17,2026-09-21,Closed
4638,27,10,2026-08-17,2026-09-04,Closed
4639,61,4,2026-08-17,2026-09-06,Closed
4640,67,9,2026-08-17,2026-08-31,Closed
4641,21,10,2026-08-17,2026-09-19,Closed
4642,23,1,2026-08-18,2026-09-27,Closed
4643,74,2,2026-08-18,2026-09-04,Closed
4644,31,3,2026-08-18,2026-10-01,Closed
4645,1,1,2026-08-18,2026-09-17,Delivered
4646,6,10,2026-08-18,2026-09-16,Closed
4647,11,6,2026-08-18,2026-09-06,Closed
4648,94,1,2026-08-18,2026-09-02,Closed
4649,63,4,2026-08-18,2026-09-14,Delivered
4650,36,5,2026-08-18,2026-09-05,Closed
4651,90,8,2026-08-19,2026-09-23,Closed
4652,60,9,2026-08-19,2026-08-30,Closed
4653,46,10,2026-08-19,2026-09-14,Closed
4654,7,5,2026-08-19,2026-09-23,Delivered
4655,69,6,2026-08-19,2026-09-16,Closed
4656,25,5,2026-08-19,2026-09-21,Closed
4657,64,3,2026-08-19,2026-10-03,Closed
4658,69,1,2026-08-19,2026-09-25,Delivered
4659,12,6,2026-08-19,2026-09-26,Closed
4660,20,10,2026-08-19,2026-09-29,Delivered
4661,95,6,2026-08-19,2026-09-30,Closed
4662,80,1,2026-08-19,2026-09-04,Closed
4663,93,10,2026-08-19,2026-09-29,Closed
4664,62,1,2026-08-20,2026-09-07,Closed
4665,74,1,2026-08-20,2026-10-04,Closed
4666,93,3,2026-08-20,2026-09-14,Closed
4667,20,8,2026-08-20,2026-08-30,Closed
4668,74,4,2026-08-20,2026-09-29,Closed
4669,65,1,2026-08-20,2026-09-20,Closed
4670,81,6,2026-08-20,2026-09-06,Delivered
4671,28,8,2026-08-20,2026-09-04,Closed
4672,22,8,2026-08-20,2026-09-20,Closed
4673,59,6,2026-08-20,2026-09-18,Closed
4674,39,2,2026-08-20,2026-09-14,Closed
4675,21,8,2026-08-20,2026-09-04,Closed
4676,70,6,2026-08-20,2026-09-10,Closed
4677,74,8,2026-08-21,2026-09-28,Closed
4678,83,2,2026-08-21,2026-09-30,Closed
4679,97,1,2026-08-21,2026-09-19,Closed
4680,44,10,2026-08-21,2026-09-29,Closed
4681,22,7,2026-08-21,2026-09-23,Closed
4682,44,5,2026-08-21,2026-09-14,Closed
4683,87,3,2026-08-21,2026-09-03,Closed
4684,29,6,2026-08-21,2026-09-18,Closed
4685,61,4,2026-08-21,2026-09-03,Closed
4686,93,8,2026-08-21,2026-08-31,Closed
4687,54,8,2026-08-21,2026-09-14,Closed
4688,17,3,2026-08-21,2026-09-25,Closed
4689,100,3,2026-08-22,2026-09-09,Closed
4690,77,1,2026-08-22,2026-09-15,Closed
4691,77,9,2026-08-22,2026-09-06,Closed
4692,35,1,2026-08-22,2026-09-07,Closed
4693,19,6,2026-08-22,2026-09-08,Closed
4694,24,7,2026-08-23,2026-09-21,Closed
4695,34,8,2026-08-23,2026-09-28,Closed
4696,2,2,2026-08-24,2026-10-06,Closed
4697,79,4,2026-08-24,2026-09-24,Closed
4698,95,8,2026-08-24,2026-09-13,Closed
4699,69,6,2026-08-24,2026-09-29,Closed
4700,89,2,2026-08-24,2026-09-08,Closed
4701,32,1,2026-08-24,2026-09-13,Closed
4702,99,5,2026-08-24,2026-10-02,Closed
4703,31,3,2026-08-24,2026-09-05,Closed
4704,19,1,2026-08-25,2026-09-06,Closed
4705,82,8,2026-08-25,2026-10-03,Closed
4706,83,1,2026-08-25,2026-10-02,Closed
4707,32,6,2026-08-25,2026-09-24,Closed
4708,7,5,2026-08-25,2026-09-15,Closed
4709,16,4,2026-08-25,2026-09-13,Closed
4710,96,4,2026-08-25,2026-10-02,Closed
4711,35,4,2026-08-25,2026-09-16,Closed
4712,30,7,2026-08-26,2026-09-06,Shipped
4713,28,10,2026-08-26,2026-09-16,Closed
4714,89,9,2026-08-26,2026-10-05,Delivered
4715,29,7,2026-08-26,2026-09-20,Closed
4716,66,7,2026-08-26,2026-09-20,Open
4717,62,8,2026-08-26,2026-09-20,Delivered
4718,87,1,2026-08-26,2026-09-19,Delivered
4719,13,3,2026-08-26,2026-09-23,Closed
4720,33,9,2026-08-26,2026-10-09,Delivered
4721,92,3,2026-08-26,2026-09-08,Shipped
4722,45,1,2026-08-27,2026-10-01,Open
4723,32,6,2026-08-27,2026-09-12,Closed
4724,63,6,2026-08-27,2026-09-28,Delivered
4725,64,5,2026-08-27,2026-09-23,Delivered
4726,90,7,2026-08-27,2026-09-15,Closed
4727,88,6,2026-08-27,2026-10-01,Delivered
4728,11,7,2026-08-27,2026-09-29,Closed
4729,12,3,2026-08-27,2026-10-08,Closed
4730,5,9,2026-08-27,2026-09-10,Delivered
4731,32,6,2026-08-27,2026-09-07,Delivered
4732,96,5,2026-08-27,2026-09-25,Delivered
4733,33,2,2026-08-27,2026-10-06,Shipped
4734,89,2,2026-08-27,2026-09-28,Delivered
4735,16,7,2026-08-28,2026-10-04,Closed
4736,23,3,2026-08-28,2026-09-24,Delivered
4737,3,7,2026-08-28,2026-09-14,Closed
4738,18,2,2026-08-28,2026-10-11,Delivered
4739,92,4,2026-08-28,2026-09-15,Open
4740,100,2,2026-08-28,2026-09-11,Delivered
4741,38,2,2026-08-28,2026-10-12,Delivered
4742,65,7,2026-08-28,2026-10-05,Delivered
4743,10,7,2026-08-28,2026-10-04,Open
4744,65,9,2026-08-28,2026-09-09,Shipped
4745,11,7,2026-08-28,2026-09-13,Closed
4746,94,3,2026-08-28,2026-10-08,Closed
4747,68,6,2026-08-28,2026-10-11,Delivered
4748,5,4,2026-08-28,2026-09-14,Delivered
4749,32,1,2026-08-28,2026-10-03,Closed
4750,61,6,2026-08-28,2026-09-12,Delivered
4751,88,2,2026-08-28,2026-09-09,Closed
4752,81,9,2026-08-28,2026-10-01,Delivered
4753,52,9,2026-08-29,2026-09-18,Delivered
4754,23,1,2026-08-30,2026-10-09,Closed
4755,92,3,2026-08-30,2026-10-14,Shipped
4756,86,5,2026-08-31,2026-10-08,Shipped
4757,25,4,2026-08-31,2026-10-06,Shipped
4758,60,9,2026-08-31,2026-09-11,Closed
4759,29,10,2026-08-31,2026-10-08,Closed
4760,67,10,2026-08-31,2026-10-03,Shipped
4761,33,2,2026-08-31,2026-10-15,Shipped
4762,60,5,2026-08-31,2026-10-04,Delivered
4763,73,10,2026-09-01,2026-10-05,Delivered
4764,93,8,2026-09-01,2026-09-15,Closed
4765,44,2,2026-09-01,2026-09-16,Delivered
4766,46,8,2026-09-01,2026-10-04,Closed
4767,27,4,2026-09-01,2026-09-16,Delivered
4768,81,4,2026-09-01,2026-09-20,Open
4769,5,5,2026-09-01,2026-10-03,Delivered
4770,98,4,2026-09-01,2026-10-11,Closed
4771,62,1,2026-09-01,2026-09-23,Shipped
4772,64,8,2026-09-01,2026-09-17,Delivered
4773,21,2,2026-09-01,2026-10-04,Shipped
4774,62,1,2026-09-01,2026-09-17,Shipped
4775,86,4,2026-09-01,2026-09-29,Delivered
4776,4,6,2026-09-01,2026-09-29,Delivered
4777,5,5,2026-09-01,2026-09-13,Delivered
4778,76,4,2026-09-02,2026-10-13,Delivered
4779,59,10,2026-09-02,2026-09-20,Delivered
4780,13,1,2026-09-02,2026-09-24,Closed
4781,99,7,2026-09-02,2026-09-15,Open
4782,75,7,2026-09-02,2026-10-02,Shipped
4783,40,4,2026-09-02,2026-09-13,Delivered
4784,92,4,2026-09-02,2026-10-08,Delivered
4785,35,2,2026-09-02,2026-09-21,Delivered
4786,64,6,2026-09-03,2026-09-19,Delivered
4787,49,8,2026-09-03,2026-09-22,Delivered
4788,42,1,2026-09-03,2026-09-13,Shipped
4789,32,1,2026-09-03,2026-10-01,Open
4790,49,8,2026-09-03,2026-09-19,Shipped
4791,11,9,2026-09-03,2026-09-15,Closed
4792,14,3,2026-09-03,2026-10-15,Closed
4793,2,10,2026-09-03,2026-10-08,Delivered
4794,91,6,2026-09-03,2026-09-24,Shipped
4795,17,5,2026-09-03,2026-10-01,Closed
4796,63,1,2026-09-03,2026-10-18,Delivered
4797,25,4,2026-09-03,2026-09-21,Delivered
4798,79,9,2026-09-04,2026-10-02,Delivered
4799,20,7,2026-09-04,2026-09-30,Delivered
4800,20,10,2026-09-04,2026-09-26,Closed
4801,32,4,2026-09-04,2026-10-13,Shipped
4802,47,6,2026-09-04,2026-09-21,Closed
4803,5,7,2026-09-04,2026-10-08,Delivered
4804,16,2,2026-09-04,2026-09-29,Delivered
4805,53,3,2026-09-04,2026-09-15,Shipped
4806,12,10,2026-09-04,2026-09-21,Closed
4807,75,10,2026-09-04,2026-09-22,Closed
4808,49,10,2026-09-04,2026-09-23,Closed
4809,93,7,2026-09-04,2026-10-02,Shipped
4810,6,6,2026-09-04,2026-10-01,Shipped
4811,97,1,2026-09-05,2026-09-22,Closed
4812,72,5,2026-09-05,2026-09-15,Closed
4813,44,4,2026-09-05,2026-09-25,Delivered
4814,15,9,2026-09-05,2026-09-15,Delivered
4815,58,2,2026-09-06,2026-10-12,Open
4816,96,3,2026-09-06,2026-10-10,Delivered
4817,38,9,2026-09-06,2026-10-15,Delivered
4818,9,3,2026-09-06,2026-10-02,Closed
4819,46,7,2026-09-06,2026-10-03,Delivered
4820,17,3,2026-09-07,2026-10-16,Delivered
4821,61,3,2026-09-07,2026-10-16,Closed
4822,4,10,2026-09-07,2026-10-03,Shipped
4823,81,9,2026-09-07,2026-10-15,Open
4824,30,3,2026-09-07,2026-10-01,Delivered
4825,79,1,2026-09-07,2026-10-12,Closed
4826,10,10,2026-09-07,2026-09-18,Shipped
4827,55,8,2026-09-07,2026-10-09,Shipped
4828,9,9,2026-09-07,2026-09-19,Delivered
4829,51,5,2026-09-07,2026-09-19,Shipped
4830,69,6,2026-09-07,2026-10-05,Delivered
4831,13,1,2026-09-07,2026-10-12,Open
4832,37,8,2026-09-08,2026-10-16,Shipped
4833,67,9,2026-09-08,2026-10-07,Closed
4834,49,10,2026-09-08,2026-10-21,Delivered
4835,66,6,2026-09-08,2026-10-17,Open
4836,84,6,2026-09-08,2026-09-19,Closed
4837,59,1,2026-09-08,2026-09-22,Delivered
4838,98,8,2026-09-08,2026-10-08,Delivered
4839,40,1,2026-09-08,2026-09-20,Delivered
4840,14,3,2026-09-08,2026-10-16,Shipped
4841,91,1,2026-09-09,2026-09-21,Shipped
4842,4,6,2026-09-09,2026-10-06,Shipped
4843,12,6,2026-09-09,2026-10-10,Closed
4844,55,1,2026-09-09,2026-10-03,Shipped
4845,85,9,2026-09-09,2026-10-15,Closed
4846,44,1,2026-09-09,2026-10-03,Delivered
4847,14,5,2026-09-09,2026-09-20,Closed
4848,94,3,2026-09-09,2026-09-19,Closed
4849,97,9,2026-09-09,2026-09-30,Delivered
4850,52,4,2026-09-10,2026-10-14,Closed
4851,95,8,2026-09-10,2026-10-05,Shipped
4852,59,8,2026-09-10,2026-10-17,Delivered
4853,20,10,2026-09-10,2026-09-29,Closed
4854,26,9,2026-09-10,2026-10-12,Closed
4855,49,4,2026-09-10,2026-09-29,Closed
4856,85,9,2026-09-10,2026-10-19,Delivered
4857,34,4,2026-09-10,2026-10-07,Delivered
4858,16,8,2026-09-10,2026-10-14,Delivered
4859,5,4,2026-09-10,2026-10-13,Delivered
4860,13,1,2026-09-10,2026-10-10,Delivered
4861,17,5,2026-09-10,2026-09-27,Delivered
4862,44,9,2026-09-11,2026-10-26,Delivered
4863,48,7,2026-09-11,2026-10-10,Delivered
4864,76,9,2026-09-11,2026-10-19,Open
4865,38,6,2026-09-11,2026-10-14,Delivered
4866,30,3,2026-09-11,2026-10-07,Delivered
4867,61,2,2026-09-11,2026-10-25,Closed
4868,51,10,2026-09-11,2026-09-30,Delivered
4869,17,1,2026-09-11,2026-10-12,Open
4870,23,1,2026-09-11,2026-09-21,Open
4871,11,2,2026-09-11,2026-09-24,Shipped
4872,42,10,2026-09-11,2026-09-25,Closed
4873,59,8,2026-09-11,2026-10-07,Closed
4874,96,9,2026-09-11,2026-09-26,Shipped
4875,12,1,2026-09-11,2026-09-24,Delivered
4876,72,9,2026-09-11,2026-10-03,Delivered
4877,39,7,2026-09-11,2026-09-24,Closed
4878,88,9,2026-09-12,2026-10-17,Delivered
4879,26,4,2026-09-12,2026-09-26,Shipped
4880,86,3,2026-09-13,2026-10-24,Delivered
4881,60,4,2026-09-13,2026-10-19,Closed
4882,47,7,2026-09-13,2026-09-27,Delivered
4883,17,9,2026-09-13,2026-10-28,Shipped
4884,18,1,2026-09-13,2026-09-28,Delivered
4885,51,2,2026-09-14,2026-10-24,Delivered
4886,82,4,2026-09-14,2026-09-25,Shipped
4887,53,3,2026-09-14,2026-10-21,Delivered
4888,55,2,2026-09-14,2026-09-28,Delivered
4889,60,1,2026-09-14,2026-10-09,Shipped
4890,74,10,2026-09-14,2026-10-08,Delivered
4891,44,9,2026-09-14,2026-10-03,Closed
4892,82,8,2026-09-14,2026-09-30,Shipped
4893,78,8,2026-09-14,2026-10-14,Closed
4894,22,6,2026-09-14,2026-10-05,Closed
4895,54,5,2026-09-15,2026-10-14,Shipped
4896,36,4,2026-09-15,2026-10-22,Shipped
4897,94,5,2026-09-15,2026-10-02,Delivered
4898,15,1,2026-09-15,2026-10-09,Open
4899,33,9,2026-09-15,2026-10-28,Open
4900,72,1,2026-09-15,2026-10-16,Open
4901,45,9,2026-09-15,2026-09-28,Shipped
4902,50,3,2026-09-15,2026-10-25,Shipped
4903,79,2,2026-09-15,2026-10-01,Shipped
4904,3,5,2026-09-15,2026-10-19,Closed
4905,60,2,2026-09-15,2026-10-06,Delivered
4906,51,3,2026-09-15,2026-10-08,Open
4907,42,6,2026-09-15,2026-10-29,Shipped
4908,23,6,2026-09-16,2026-10-27,Open
4909,30,10,2026-09-16,2026-10-08,Shipped
4910,46,10,2026-09-16,2026-10-16,Shipped
4911,9,5,2026-09-16,2026-10-05,Open
4912,58,1,2026-09-16,2026-09-30,Open
4913,87,2,2026-09-16,2026-10-25,Open
4914,91,7,2026-09-16,2026-10-18,Open
4915,84,10,2026-09-16,2026-10-02,Open
4916,47,5,2026-09-16,2026-10-06,Open
4917,4,9,2026-09-16,2026-09-28,Open
4918,32,9,2026-09-16,2026-10-05,Shipped
4919,22,9,2026-09-16,2026-10-04,Shipped
4920,29,3,2026-09-16,2026-10-03,Open
4921,61,9,2026-09-16,2026-10-29,Open
4922,22,4,2026-09-17,2026-10-24,Closed
4923,98,9,2026-09-17,2026-10-19,Open
4924,1,1,2026-09-17,2026-10-01,Shipped
4925,3,7,2026-09-17,2026-10-31,Open
4926,87,9,2026-09-17,2026-10-07,Open
4927,90,7,2026-09-17,2026-10-22,Open
4928,21,6,2026-09-17,2026-10-19,Open
4929,88,1,2026-09-17,2026-10-20,Delivered
4930,5,5,2026-09-18,2026-10-17,Shipped
4931,99,7,2026-09-18,2026-10-06,Open
4932,23,1,2026-09-18,2026-09-28,Open
4933,2,3,2026-09-18,2026-10-06,Open
4934,5,5,2026-09-18,2026-10-31,Open
4935,91,5,2026-09-18,2026-10-07,Delivered
4936,82,10,2026-09-18,2026-10-19,Shipped
4937,74,2,2026-09-18,2026-10-07,Shipped
4938,72,9,2026-09-18,2026-10-05,Delivered
4939,91,6,2026-09-18,2026-10-25,Shipped
4940,55,9,2026-09-18,2026-10-28,Shipped
4941,40,1,2026-09-18,2026-09-28,Open
4942,36,2,2026-09-18,2026-09-29,Open
4943,56,9,2026-09-18,2026-10-27,Open
4944,88,2,2026-09-19,2026-10-20,Shipped
4945,13,9,2026-09-19,2026-10-05,Open
4946,39,2,2026-09-20,2026-10-10,Shipped
4947,76,1,2026-09-20,2026-10-07,Open
4948,41,10,2026-09-20,2026-10-26,Shipped
4949,91,7,2026-09-20,2026-10-07,Open
4950,21,6,2026-09-20,2026-10-10,Shipped
4951,90,6,2026-09-20,2026-10-20,Shipped
4952,71,4,2026-09-20,2026-10-28,Shipped
4953,31,4,2026-09-20,2026-10-03,Closed
4954,92,4,2026-09-21,2026-10-12,Delivered
4955,96,4,2026-09-21,2026-10-24,Open
4956,14,4,2026-09-21,2026-10-11,Shipped
4957,41,2,2026-09-21,2026-10-12,Open
4958,91,7,2026-09-21,2026-10-26,Open
4959,11,5,2026-09-21,2026-11-04,Shipped
4960,31,4,2026-09-21,2026-11-04,Delivered
4961,65,9,2026-09-21,2026-10-31,Open
4962,70,8,2026-09-22,2026-10-10,Open
4963,29,8,2026-09-22,2026-10-20,Shipped
4964,47,7,2026-09-22,2026-10-04,Open
4965,46,10,2026-09-22,2026-10-22,Open
4966,77,2,2026-09-22,2026-10-08,Shipped
4967,58,9,2026-09-22,2026-10-16,Open
4968,40,8,2026-09-22,2026-10-28,Closed
4969,57,6,2026-09-22,2026-10-08,Open
4970,50,8,2026-09-22,2026-11-04,Shipped
4971,5,2,2026-09-22,2026-10-24,Shipped
4972,22,7,2026-09-22,2026-10-14,Open
4973,67,2,2026-09-23,2026-10-06,Open
4974,66,10,2026-09-23,2026-10-30,Shipped
4975,10,7,2026-09-23,2026-10-03,Shipped
4976,64,3,2026-09-23,2026-10-10,Shipped
4977,94,10,2026-09-23,2026-11-02,Shipped
4978,77,1,2026-09-23,2026-10-24,Shipped
4979,7,4,2026-09-23,2026-10-16,Shipped
4980,63,9,2026-09-23,2026-10-25,Delivered
4981,19,10,2026-09-23,2026-11-04,Shipped
4982,70,5,2026-09-23,2026-10-18,Closed
4983,60,1,2026-09-23,2026-10-06,Shipped
4984,73,6,2026-09-23,2026-11-02,Open
4985,76,9,2026-09-23,2026-10-22,Shipped
4986,41,9,2026-09-23,2026-10-19,Delivered
4987,40,1,2026-09-23,2026-10-31,Open
4988,22,3,2026-09-23,2026-10-27,Shipped
4989,44,1,2026-09-23,2026-10-22,Shipped
4990,46,2,2026-09-24,2026-10-29,Open
4991,94,4,2026-09-24,2026-11-05,Open
4992,79,9,2026-09-24,2026-10-07,Open
4993,78,10,2026-09-24,2026-10-31,Open
4994,41,1,2026-09-24,2026-11-04,Open
4995,86,9,2026-09-24,2026-10-08,Open
4996,68,7,2026-09-24,2026-10-23,Shipped
4997,63,4,2026-09-24,2026-10-07,Closed
4998,84,8,2026-09-24,2026-11-02,Closed
4999,13,4,2026-09-24,2026-10-24,Shipped
5000,83,8,2026-09-24,2026-11-05,Shipped
