shipment_id,po_line_id,supplier_id,plant_id,ship_date,delivery_date,promised_delivery_date,shipped_qty,received_qty,defect_qty
1,1,30,2,2025-04-09,2025-04-09,2025-04-12,12,12,0
2,2,21,2,2025-04-02,2025-04-08,2025-04-08,27,27,0
3,3,35,3,2025-04-05,2025-04-10,2025-04-13,217,217,1
4,4,40,3,2025-04-10,2025-04-24,2025-04-24,335,335,3
5,5,11,3,2025-04-02,2025-04-14,2025-04-14,25,25,1
6,6,50,3,2025-04-09,2025-04-19,2025-04-20,66,66,0
7,7,5,5,2025-04-04,2025-04-07,2025-04-07,80,80,2
8,7,5,5,2025-04-05,2025-04-05,2025-04-07,87,87,4
9,7,5,5,2025-04-03,2025-04-12,2025-04-07,89,89,4
10,8,23,5,2025-04-04,2025-04-11,2025-04-12,41,41,3
11,8,23,5,2025-04-04,2025-04-11,2025-04-12,80,80,6
12,9,30,1,2025-04-09,2025-04-09,2025-04-12,15,15,0
13,10,11,1,2025-04-06,2025-04-26,2025-04-14,22,22,0
14,10,11,1,2025-04-05,2025-04-13,2025-04-14,21,21,0
15,11,8,1,2025-04-02,2025-04-08,2025-04-11,10,10,0
16,12,1,2,2025-04-04,2025-04-14,2025-04-14,134,134,2
17,13,5,2,2025-04-03,2025-04-14,2025-04-07,4,4,0
18,13,5,2,2025-04-02,2025-04-06,2025-04-07,2,2,0
19,14,43,8,2025-04-06,2025-04-08,2025-04-11,104,104,4
20,15,32,8,2025-04-06,2025-04-07,2025-04-07,865,865,12
21,16,42,8,2025-04-06,2025-04-14,2025-04-15,465,465,10
22,17,5,8,2025-04-07,2025-04-07,2025-04-07,10,10,1
23,17,5,8,2025-04-02,2025-04-07,2025-04-07,4,4,0
24,17,5,8,2025-04-03,2025-04-06,2025-04-07,5,5,0
25,18,18,2,2025-04-04,2025-04-04,2025-04-07,693,693,20
26,19,10,2,2025-04-13,2025-05-05,2025-04-27,386,386,17
27,20,29,2,2025-04-09,2025-04-25,2025-04-25,25,25,0
28,21,43,2,2025-04-04,2025-04-10,2025-04-11,155,155,4
29,22,20,2,2025-04-02,2025-04-05,2025-04-07,216,216,2
30,23,23,2,2025-04-08,2025-04-10,2025-04-12,33,33,2
31,24,3,4,2025-04-17,2025-05-05,2025-05-06,26,26,1
32,25,16,4,2025-04-02,2025-04-07,2025-04-08,56,56,0
33,26,14,9,2025-04-08,2025-04-14,2025-04-14,99,99,0
34,27,45,9,2025-04-11,2025-04-25,2025-04-26,1198,1198,2
35,28,40,9,2025-04-19,2025-04-24,2025-04-24,5,5,0
36,28,40,9,2025-04-08,2025-04-24,2025-04-24,5,5,0
37,28,40,9,2025-04-09,2025-04-22,2025-04-24,5,5,0
38,29,8,9,2025-04-04,2025-04-08,2025-04-11,37,37,1
39,29,8,9,2025-04-04,2025-04-11,2025-04-11,35,35,1
40,29,8,9,2025-04-04,2025-04-08,2025-04-11,46,46,0
41,30,3,9,2025-04-16,2025-05-03,2025-05-06,353,353,24
42,31,14,9,2025-04-10,2025-04-12,2025-04-14,980,980,5
43,32,43,3,2025-04-06,2025-04-09,2025-04-12,201,201,9
44,32,43,3,2025-04-12,2025-04-12,2025-04-12,345,345,2
45,33,41,4,2025-04-13,2025-04-20,2025-04-21,17,17,1
46,34,50,4,2025-04-13,2025-04-21,2025-04-21,8,8,0
47,35,17,4,2025-04-11,2025-04-12,2025-04-14,40,40,1
48,36,36,4,2025-04-07,2025-04-13,2025-04-14,86,86,4
49,37,22,4,2025-04-07,2025-04-07,2025-04-08,11,11,1
50,38,2,4,2025-04-06,2025-04-19,2025-04-20,10,10,0
51,39,5,4,2025-04-05,2025-04-17,2025-04-08,434,434,19
52,40,8,9,2025-04-12,2025-04-12,2025-04-12,185,185,2
53,41,30,2,2025-04-10,2025-04-10,2025-04-13,302,302,1
54,42,20,3,2025-04-04,2025-04-12,2025-04-09,200,200,4
55,43,20,3,2025-04-04,2025-04-09,2025-04-09,10,10,0
56,44,39,3,2025-04-04,2025-04-07,2025-04-10,106,106,1
57,45,20,1,2025-04-04,2025-04-07,2025-04-09,3,3,0
58,45,20,1,2025-04-04,2025-04-08,2025-04-09,2,2,0
59,45,20,1,2025-04-04,2025-04-09,2025-04-09,4,4,0
60,46,35,1,2025-04-09,2025-04-14,2025-04-15,7,7,0
61,46,35,1,2025-04-10,2025-04-13,2025-04-15,6,6,0
62,47,18,8,2025-04-04,2025-04-07,2025-04-09,114,114,3
63,48,30,7,2025-04-12,2025-04-12,2025-04-14,41,41,0
64,49,10,7,2025-04-13,2025-04-28,2025-04-29,91,91,2
65,50,39,7,2025-04-04,2025-04-07,2025-04-10,62,62,1
66,50,39,7,2025-04-08,2025-04-09,2025-04-10,48,48,0
67,51,50,7,2025-04-10,2025-04-21,2025-04-22,4,4,0
68,51,50,7,2025-04-13,2025-04-20,2025-04-22,2,2,0
69,51,50,7,2025-04-17,2025-04-19,2025-04-22,2,2,0
70,52,37,5,2025-04-18,2025-05-16,2025-05-04,226,226,2
71,53,19,1,2025-04-04,2025-04-08,2025-04-08,13,13,0
72,54,17,9,2025-04-10,2025-04-15,2025-04-15,38,38,4
73,55,5,8,2025-04-04,2025-04-06,2025-04-09,9,9,0
74,55,5,8,2025-04-04,2025-04-09,2025-04-09,20,20,1
75,56,11,8,2025-04-08,2025-04-15,2025-04-16,72,72,3
76,56,11,8,2025-04-12,2025-04-15,2025-04-16,27,27,0
77,56,11,8,2025-04-09,2025-04-18,2025-04-16,47,47,1
78,57,43,8,2025-04-05,2025-04-12,2025-04-13,7,7,0
79,58,46,2,2025-04-14,2025-05-08,2025-04-30,11,11,0
80,59,10,2,2025-04-12,2025-04-27,2025-04-29,129,129,1
81,60,5,2,2025-04-06,2025-04-06,2025-04-09,66,66,4
82,61,46,2,2025-04-15,2025-04-28,2025-04-30,7,7,0
83,62,16,2,2025-04-09,2025-04-10,2025-04-10,270,270,1
84,62,16,2,2025-04-04,2025-04-10,2025-04-10,230,230,1
85,63,4,2,2025-04-11,2025-04-24,2025-04-25,65,65,0
86,64,8,2,2025-04-10,2025-04-13,2025-04-13,5,5,0
87,65,1,1,2025-04-07,2025-04-21,2025-04-16,28,28,1
88,66,10,1,2025-04-19,2025-04-26,2025-04-29,871,871,28
89,67,16,1,2025-04-06,2025-04-09,2025-04-10,11,11,0
90,67,16,1,2025-04-04,2025-04-10,2025-04-10,16,16,0
91,68,42,2,2025-04-13,2025-04-16,2025-04-18,681,681,26
92,69,40,1,2025-04-08,2025-04-27,2025-04-27,9,9,0
93,69,40,1,2025-04-19,2025-04-30,2025-04-27,15,15,0
94,70,36,3,2025-04-09,2025-04-15,2025-04-16,27,27,0
95,70,36,3,2025-04-07,2025-04-14,2025-04-16,58,58,2
96,71,7,3,2025-04-22,2025-05-08,2025-05-09,93,93,0
97,72,40,3,2025-04-17,2025-04-27,2025-04-27,219,219,3
98,72,40,3,2025-04-17,2025-04-24,2025-04-27,404,404,2
99,73,27,9,2025-04-12,2025-04-16,2025-04-17,728,728,15
100,74,19,9,2025-04-08,2025-04-09,2025-04-09,86,86,4
101,75,15,2,2025-04-08,2025-04-22,2025-04-11,825,825,64
102,76,38,2,2025-04-05,2025-04-09,2025-04-09,311,311,3
103,76,38,2,2025-04-05,2025-04-06,2025-04-09,178,178,6
104,77,35,2,2025-04-12,2025-04-15,2025-04-16,124,124,3
105,78,19,2,2025-04-13,2025-04-13,2025-04-09,84,84,3
106,79,48,1,2025-04-18,2025-04-30,2025-05-01,38,38,2
107,80,38,1,2025-04-09,2025-04-09,2025-04-09,40,40,1
108,81,12,1,2025-04-11,2025-04-23,2025-04-23,543,543,12
109,82,15,1,2025-04-05,2025-04-14,2025-04-11,201,201,4
110,83,25,1,2025-04-07,2025-04-09,2025-04-12,119,119,0
111,84,2,1,2025-04-10,2025-04-22,2025-04-22,5,5,0
112,84,2,1,2025-04-13,2025-04-20,2025-04-22,7,7,0
113,85,10,1,2025-04-19,2025-04-27,2025-04-30,137,137,4
114,86,13,1,2025-04-06,2025-04-17,2025-04-17,41,41,1
115,86,13,1,2025-04-12,2025-04-16,2025-04-17,40,40,1
116,87,50,1,2025-04-18,2025-05-05,2025-04-24,5,5,0
117,88,44,1,2025-04-19,2025-04-24,2025-04-26,233,233,1
118,89,23,1,2025-04-12,2025-04-15,2025-04-16,33,33,1
119,90,12,1,2025-04-10,2025-04-22,2025-04-24,219,219,4
120,91,10,1,2025-04-16,2025-05-12,2025-05-01,7,7,0
121,92,42,1,2025-04-12,2025-04-30,2025-04-19,51,51,3
122,93,17,1,2025-04-09,2025-04-14,2025-04-17,310,310,59
123,94,19,10,2025-04-06,2025-04-08,2025-04-10,4,4,0
124,94,19,10,2025-04-06,2025-04-09,2025-04-10,6,6,0
125,95,27,5,2025-04-13,2025-04-17,2025-04-18,44,44,2
126,96,15,5,2025-04-06,2025-04-10,2025-04-12,419,419,18
127,97,29,5,2025-04-14,2025-04-27,2025-04-29,344,344,7
128,98,25,5,2025-04-09,2025-04-10,2025-04-13,21,21,0
129,98,25,5,2025-04-10,2025-04-10,2025-04-13,28,28,0
130,99,25,5,2025-04-08,2025-04-13,2025-04-13,105,105,2
131,100,17,2,2025-04-13,2025-04-17,2025-04-17,390,390,32
132,101,21,2,2025-04-06,2025-04-09,2025-04-12,38,38,1
133,102,44,2,2025-04-17,2025-04-23,2025-04-26,24,24,0
134,103,1,2,2025-04-13,2025-04-17,2025-04-18,56,56,1
135,104,40,5,2025-04-17,2025-04-28,2025-04-29,13,13,0
136,105,15,5,2025-04-13,2025-04-13,2025-04-13,5,5,0
137,105,15,5,2025-04-07,2025-04-11,2025-04-13,8,8,0
138,106,41,1,2025-04-20,2025-04-25,2025-04-25,664,664,86
139,107,1,1,2025-04-09,2025-04-17,2025-04-19,1153,1153,14
140,108,36,1,2025-04-10,2025-04-15,2025-04-18,73,73,1
141,109,11,4,2025-04-09,2025-04-17,2025-04-19,60,60,0
142,109,11,4,2025-04-14,2025-04-19,2025-04-19,44,44,1
143,110,3,4,2025-04-23,2025-05-10,2025-05-11,18,18,1
144,110,3,4,2025-04-24,2025-05-10,2025-05-11,35,35,1
145,111,41,4,2025-04-10,2025-04-22,2025-04-25,542,542,27
146,112,12,4,2025-04-12,2025-04-24,2025-04-25,400,400,11
147,113,40,4,2025-04-17,2025-04-28,2025-04-29,39,39,0
148,114,14,1,2025-04-12,2025-04-18,2025-04-19,66,66,0
149,115,20,1,2025-04-13,2025-04-13,2025-04-12,341,341,11
150,116,32,1,2025-04-07,2025-04-10,2025-04-12,14,14,0
151,116,32,1,2025-04-11,2025-04-11,2025-04-12,5,5,0
152,116,32,1,2025-04-09,2025-04-09,2025-04-12,5,5,0
153,117,10,7,2025-04-20,2025-05-06,2025-05-02,46,46,1
154,118,13,7,2025-04-15,2025-04-18,2025-04-19,113,113,3
155,119,37,7,2025-04-22,2025-05-06,2025-05-07,6,6,0
156,120,28,8,2025-04-20,2025-05-07,2025-04-26,44,44,0
157,121,38,8,2025-04-08,2025-04-11,2025-04-12,193,193,9
158,122,5,8,2025-04-09,2025-04-12,2025-04-13,233,233,7
159,123,33,8,2025-04-21,2025-05-01,2025-05-03,10,10,0
160,124,26,8,2025-04-16,2025-04-23,2025-04-20,139,139,3
161,125,14,7,2025-04-11,2025-04-20,2025-04-20,606,606,2
162,126,1,7,2025-04-13,2025-04-19,2025-04-20,698,698,7
163,127,2,10,2025-04-15,2025-04-22,2025-04-25,32,32,0
164,128,10,10,2025-04-27,2025-05-02,2025-05-03,92,92,2
165,129,18,10,2025-04-13,2025-04-13,2025-04-13,56,56,1
166,130,14,10,2025-04-10,2025-04-17,2025-04-20,219,219,0
167,130,14,10,2025-04-17,2025-04-17,2025-04-20,480,480,0
168,131,49,10,2025-04-08,2025-04-11,2025-04-12,1054,1054,6
169,132,6,5,2025-04-14,2025-04-23,2025-04-26,14,14,0
170,133,43,5,2025-04-12,2025-04-15,2025-04-17,95,95,4
171,134,15,5,2025-04-08,2025-04-18,2025-04-14,129,129,0
172,134,15,5,2025-04-08,2025-04-11,2025-04-14,233,233,14
173,135,41,5,2025-04-17,2025-04-26,2025-04-26,24,24,2
174,136,1,9,2025-04-13,2025-04-17,2025-04-20,117,117,0
175,137,6,9,2025-04-18,2025-04-25,2025-04-26,142,142,1
176,137,6,9,2025-04-10,2025-04-24,2025-04-26,344,344,1
177,138,21,10,2025-04-08,2025-04-17,2025-04-14,39,39,0
178,139,35,5,2025-04-14,2025-04-20,2025-04-20,60,60,1
179,140,13,5,2025-04-09,2025-04-19,2025-04-21,16,16,0
180,141,42,6,2025-04-15,2025-04-20,2025-04-22,88,88,0
181,141,42,6,2025-04-11,2025-04-20,2025-04-22,58,58,1
182,142,32,6,2025-04-10,2025-04-12,2025-04-14,165,165,1
183,143,28,6,2025-04-20,2025-04-24,2025-04-27,38,38,1
184,144,2,6,2025-04-15,2025-04-27,2025-04-26,106,106,0
185,145,3,7,2025-04-25,2025-05-13,2025-05-13,196,196,7
186,146,45,7,2025-04-20,2025-05-02,2025-05-03,279,279,0
187,147,8,5,2025-04-11,2025-04-16,2025-04-18,23,23,0
188,147,8,5,2025-04-09,2025-04-18,2025-04-18,45,45,1
189,148,26,5,2025-04-13,2025-04-20,2025-04-21,331,331,13
190,149,40,10,2025-04-17,2025-04-29,2025-05-01,138,138,1
191,150,25,8,2025-04-12,2025-04-16,2025-04-16,6,6,0
192,151,2,8,2025-04-17,2025-04-25,2025-04-26,56,56,1
193,151,2,8,2025-04-17,2025-04-29,2025-04-26,88,88,1
194,152,36,3,2025-04-17,2025-04-20,2025-04-20,35,35,1
195,153,38,3,2025-04-10,2025-04-10,2025-04-13,12,12,1
196,154,23,3,2025-04-12,2025-04-17,2025-04-19,645,645,27
197,155,1,6,2025-04-16,2025-04-20,2025-04-21,10,10,0
198,156,33,6,2025-04-21,2025-05-01,2025-05-04,42,42,1
199,157,13,6,2025-04-12,2025-04-18,2025-04-21,12,12,0
200,158,50,9,2025-04-16,2025-04-25,2025-04-27,6,6,0
201,158,50,9,2025-04-12,2025-05-04,2025-04-27,5,5,0
202,159,18,9,2025-04-10,2025-04-14,2025-04-14,116,116,5
203,160,47,9,2025-04-17,2025-05-04,2025-04-30,171,171,8
204,160,47,9,2025-04-13,2025-04-29,2025-04-30,275,275,6
205,161,50,3,2025-04-15,2025-04-27,2025-04-27,392,392,13
206,162,3,3,2025-04-20,2025-05-20,2025-05-13,17,17,1
207,163,49,3,2025-04-11,2025-04-12,2025-04-13,5,5,0
208,164,23,9,2025-04-14,2025-04-19,2025-04-20,416,416,0
209,165,10,9,2025-04-24,2025-05-05,2025-05-05,182,182,8
210,166,16,9,2025-04-13,2025-04-15,2025-04-16,91,91,1
211,167,17,9,2025-04-16,2025-04-18,2025-04-21,69,69,3
212,168,25,9,2025-04-17,2025-04-17,2025-04-17,51,51,1
213,169,41,9,2025-04-19,2025-04-28,2025-04-28,165,165,0
214,170,16,9,2025-04-10,2025-04-16,2025-04-16,1028,1028,7
215,171,2,9,2025-04-17,2025-04-24,2025-04-27,28,28,0
216,172,12,10,2025-04-20,2025-04-28,2025-04-28,31,31,0
217,172,12,10,2025-04-17,2025-04-26,2025-04-28,26,26,1
218,172,12,10,2025-04-18,2025-04-27,2025-04-28,37,37,1
219,173,6,10,2025-04-16,2025-04-25,2025-04-28,1344,1344,5
220,174,1,10,2025-04-15,2025-04-20,2025-04-22,261,261,3
221,175,28,10,2025-04-16,2025-04-27,2025-04-28,834,834,13
222,176,11,10,2025-04-13,2025-04-21,2025-04-22,26,26,1
223,177,39,6,2025-04-14,2025-04-14,2025-04-16,24,24,0
224,178,30,6,2025-04-11,2025-04-20,2025-04-20,207,207,1
225,179,22,6,2025-04-13,2025-04-13,2025-04-15,51,51,1
226,180,10,6,2025-04-21,2025-05-03,2025-05-05,526,526,19
227,181,50,6,2025-04-13,2025-04-25,2025-04-28,5,5,0
228,182,41,6,2025-04-18,2025-04-25,2025-04-28,57,57,5
229,183,19,6,2025-04-10,2025-04-13,2025-04-14,20,20,1
230,184,27,6,2025-04-18,2025-04-19,2025-04-22,417,417,7
231,185,30,3,2025-04-15,2025-04-17,2025-04-20,641,641,3
232,186,39,3,2025-04-13,2025-04-14,2025-04-16,19,19,0
233,187,5,8,2025-04-11,2025-04-12,2025-04-15,37,37,2
234,187,5,8,2025-04-12,2025-04-14,2025-04-15,55,55,2
235,188,41,8,2025-04-23,2025-04-28,2025-04-28,7,7,0
236,189,21,8,2025-04-10,2025-04-14,2025-04-16,18,18,0
237,190,3,8,2025-04-25,2025-05-14,2025-05-14,10,10,0
238,191,19,8,2025-04-10,2025-04-18,2025-04-14,329,329,21
239,191,19,8,2025-04-13,2025-04-13,2025-04-14,723,723,27
240,192,22,8,2025-04-14,2025-04-14,2025-04-15,511,511,10
241,193,39,8,2025-04-10,2025-04-14,2025-04-16,35,35,1
242,193,39,8,2025-04-17,2025-04-17,2025-04-16,25,25,1
243,194,36,1,2025-04-19,2025-04-21,2025-04-22,4,4,0
244,195,50,1,2025-04-23,2025-04-26,2025-04-29,18,18,1
245,195,50,1,2025-04-17,2025-04-28,2025-04-29,21,21,0
246,196,12,1,2025-04-20,2025-04-27,2025-04-29,34,34,0
247,196,12,1,2025-04-14,2025-04-28,2025-04-29,31,31,0
248,197,42,1,2025-04-15,2025-04-29,2025-04-24,755,755,31
249,198,30,1,2025-04-12,2025-04-19,2025-04-21,554,554,4
250,199,11,1,2025-04-18,2025-04-22,2025-04-23,54,54,1
251,200,16,10,2025-04-14,2025-04-16,2025-04-17,4,4,0
252,200,16,10,2025-04-15,2025-04-16,2025-04-17,9,9,0
253,201,19,10,2025-04-12,2025-04-14,2025-04-15,17,17,0
254,201,19,10,2025-04-11,2025-04-15,2025-04-15,12,12,0
255,202,47,10,2025-04-16,2025-05-09,2025-05-02,74,74,3
256,203,50,10,2025-04-16,2025-04-26,2025-04-29,428,428,12
257,204,47,10,2025-04-22,2025-05-01,2025-05-02,758,758,42
258,205,1,5,2025-04-14,2025-04-27,2025-04-23,6,6,0
259,206,35,5,2025-04-19,2025-04-22,2025-04-22,190,190,0
260,207,17,5,2025-04-15,2025-04-22,2025-04-22,508,508,43
261,208,49,5,2025-04-12,2025-04-12,2025-04-15,893,893,12
262,209,23,2,2025-04-13,2025-04-18,2025-04-21,30,30,1
263,209,23,2,2025-04-15,2025-04-24,2025-04-21,34,34,2
264,210,28,2,2025-04-13,2025-04-27,2025-04-29,22,22,0
265,210,28,2,2025-04-17,2025-04-28,2025-04-29,25,25,0
266,211,23,2,2025-04-17,2025-04-21,2025-04-21,89,89,0
267,212,38,2,2025-04-14,2025-04-14,2025-04-15,246,246,2
268,213,50,8,2025-04-21,2025-04-30,2025-04-29,148,148,10
269,214,43,8,2025-04-15,2025-04-18,2025-04-20,4,4,0
270,215,47,8,2025-04-22,2025-05-02,2025-05-02,12,12,0
271,216,25,8,2025-04-13,2025-04-15,2025-04-18,51,51,1
272,217,16,8,2025-04-12,2025-04-27,2025-04-17,733,733,3
273,218,3,8,2025-04-28,2025-05-12,2025-05-15,5,5,0
274,218,3,8,2025-04-30,2025-05-12,2025-05-15,13,13,1
275,219,36,5,2025-04-16,2025-04-19,2025-04-22,4,4,0
276,220,5,5,2025-04-11,2025-04-13,2025-04-16,4,4,0
277,221,32,5,2025-04-16,2025-04-16,2025-04-16,188,188,2
278,222,24,9,2025-04-19,2025-04-29,2025-05-02,13,13,0
279,223,35,9,2025-04-18,2025-04-19,2025-04-22,145,145,1
280,224,12,10,2025-04-17,2025-04-30,2025-04-30,1207,1207,21
281,225,5,10,2025-04-17,2025-04-17,2025-04-17,171,171,10
282,226,19,10,2025-04-16,2025-04-16,2025-04-16,518,518,19
283,227,27,7,2025-04-17,2025-04-24,2025-04-24,6,6,0
284,228,10,7,2025-04-21,2025-05-07,2025-05-07,49,49,0
285,229,10,7,2025-04-27,2025-05-07,2025-05-07,4,4,0
286,229,10,7,2025-04-30,2025-05-07,2025-05-07,7,7,0
287,230,43,7,2025-04-20,2025-04-20,2025-04-21,45,45,3
288,231,37,10,2025-04-27,2025-05-09,2025-05-12,618,618,5
289,232,35,10,2025-04-16,2025-04-22,2025-04-23,81,81,0
290,233,4,4,2025-04-22,2025-05-02,2025-05-03,49,49,1
291,234,2,4,2025-04-16,2025-04-28,2025-04-29,385,385,8
292,235,42,4,2025-04-13,2025-04-23,2025-04-25,88,88,2
293,235,42,4,2025-04-15,2025-04-22,2025-04-25,111,111,6
294,236,48,10,2025-04-30,2025-05-15,2025-05-08,18,18,0
295,237,20,10,2025-04-12,2025-04-15,2025-04-17,367,367,7
296,238,8,10,2025-04-21,2025-04-21,2025-04-21,591,591,12
297,239,1,7,2025-04-17,2025-04-21,2025-04-24,128,128,1
298,240,23,7,2025-04-13,2025-04-29,2025-04-22,30,30,1
299,240,23,7,2025-04-16,2025-04-22,2025-04-22,51,51,4
300,241,4,7,2025-04-25,2025-05-03,2025-05-03,8,8,0
301,242,38,7,2025-04-13,2025-04-13,2025-04-16,7,7,0
302,243,30,7,2025-04-22,2025-04-22,2025-04-22,83,83,1
303,244,3,9,2025-04-29,2025-05-24,2025-05-16,8,8,0
304,245,5,10,2025-04-15,2025-04-17,2025-04-18,181,181,9
305,246,6,10,2025-04-25,2025-04-29,2025-05-01,10,10,0
306,247,28,5,2025-04-19,2025-04-30,2025-05-01,22,22,0
307,248,15,1,2025-04-13,2025-04-18,2025-04-19,492,492,8
308,249,48,1,2025-04-18,2025-05-08,2025-05-09,19,19,0
309,250,39,1,2025-04-16,2025-04-16,2025-04-19,125,125,2
310,251,25,1,2025-04-13,2025-05-02,2025-04-20,5,5,0
311,251,25,1,2025-04-21,2025-04-21,2025-04-20,8,8,0
312,252,19,1,2025-04-13,2025-04-16,2025-04-17,900,900,26
313,253,30,1,2025-04-13,2025-04-21,2025-04-23,9,9,0
314,254,39,1,2025-04-17,2025-04-18,2025-04-19,14,14,0
315,255,22,1,2025-04-13,2025-04-16,2025-04-18,142,142,6
316,256,10,5,2025-04-29,2025-05-08,2025-05-09,22,22,1
317,257,2,5,2025-04-23,2025-05-13,2025-05-01,345,345,3
318,258,28,8,2025-04-24,2025-05-01,2025-05-02,261,261,4
319,259,36,8,2025-04-17,2025-04-25,2025-04-25,415,415,16
320,260,36,1,2025-04-15,2025-04-24,2025-04-26,311,311,6
321,261,39,1,2025-04-15,2025-05-03,2025-04-21,21,21,1
322,262,45,1,2025-04-29,2025-05-09,2025-05-09,119,119,0
323,263,32,1,2025-04-16,2025-04-19,2025-04-20,98,98,2
324,264,17,3,2025-04-23,2025-04-25,2025-04-26,449,449,10
325,265,8,3,2025-04-20,2025-04-21,2025-04-24,9,9,0
326,265,8,3,2025-04-18,2025-04-21,2025-04-24,12,12,0
327,266,45,3,2025-04-29,2025-05-06,2025-05-09,130,130,1
328,266,45,3,2025-04-19,2025-05-07,2025-05-09,225,225,1
329,267,48,10,2025-04-27,2025-05-08,2025-05-11,209,209,11
330,268,24,10,2025-04-26,2025-05-03,2025-05-06,18,18,0
331,269,39,10,2025-04-15,2025-04-20,2025-04-21,469,469,5
332,270,50,9,2025-04-26,2025-04-30,2025-05-03,574,574,7
333,271,7,9,2025-05-06,2025-05-19,2025-05-19,1072,1072,11
334,272,30,3,2025-04-16,2025-04-24,2025-04-26,14,14,0
335,273,41,3,2025-04-29,2025-05-04,2025-05-04,136,136,1
336,274,10,3,2025-04-29,2025-05-08,2025-05-11,4,4,0
337,274,10,3,2025-04-23,2025-05-11,2025-05-11,3,3,0
338,275,47,3,2025-04-29,2025-05-04,2025-05-07,586,586,16
339,276,44,3,2025-04-24,2025-05-06,2025-05-06,83,83,1
340,277,30,4,2025-04-17,2025-04-26,2025-04-26,11,11,0
341,277,30,4,2025-04-26,2025-04-26,2025-04-26,6,6,0
342,277,30,4,2025-04-23,2025-04-26,2025-04-26,7,7,0
343,278,40,4,2025-04-25,2025-05-08,2025-05-08,10,10,0
344,279,47,4,2025-04-27,2025-05-11,2025-05-07,420,420,11
345,279,47,4,2025-04-28,2025-05-18,2025-05-07,520,520,0
346,280,22,4,2025-04-20,2025-04-21,2025-04-21,28,28,1
347,280,22,4,2025-04-20,2025-04-21,2025-04-21,27,27,0
348,281,44,4,2025-04-20,2025-05-04,2025-05-06,11,11,0
349,281,44,4,2025-04-28,2025-05-05,2025-05-06,10,10,0
350,282,20,4,2025-04-16,2025-04-21,2025-04-21,10,10,0
351,283,37,4,2025-04-28,2025-05-14,2025-05-16,27,27,1
352,283,37,4,2025-05-02,2025-05-13,2025-05-16,35,35,1
353,284,43,7,2025-04-16,2025-05-02,2025-04-25,6,6,0
354,285,45,7,2025-04-27,2025-05-10,2025-05-10,368,368,0
355,285,45,7,2025-04-26,2025-05-08,2025-05-10,534,534,2
356,286,1,8,2025-04-16,2025-04-26,2025-04-28,316,316,7
357,287,17,8,2025-04-18,2025-04-26,2025-04-27,375,375,9
358,288,17,8,2025-04-17,2025-04-24,2025-04-27,632,632,52
359,289,2,1,2025-04-22,2025-05-01,2025-05-03,205,205,2
360,289,2,1,2025-04-23,2025-04-30,2025-05-03,415,415,6
361,290,36,8,2025-04-18,2025-04-27,2025-04-27,504,504,19
362,291,20,8,2025-04-21,2025-04-21,2025-04-21,484,484,6
363,292,39,8,2025-04-19,2025-05-01,2025-04-22,576,576,0
364,293,34,8,2025-05-06,2025-05-19,2025-05-20,8,8,0
365,294,43,8,2025-04-19,2025-04-25,2025-04-25,2,2,0
366,294,43,8,2025-04-18,2025-04-23,2025-04-25,1,1,0
367,295,29,8,2025-04-27,2025-05-06,2025-05-09,40,40,0
368,296,15,8,2025-04-16,2025-04-21,2025-04-22,964,964,52
369,297,28,8,2025-04-25,2025-05-04,2025-05-04,39,39,0
370,297,28,8,2025-04-20,2025-05-04,2025-05-04,96,96,2
371,298,39,8,2025-04-24,2025-05-03,2025-04-22,665,665,10
372,299,3,8,2025-05-01,2025-05-17,2025-05-20,4,4,0
373,300,12,10,2025-04-25,2025-05-03,2025-05-04,177,177,5
374,301,20,10,2025-04-19,2025-04-21,2025-04-21,48,48,1
375,302,28,10,2025-04-26,2025-05-02,2025-05-04,14,14,0
376,303,43,8,2025-04-17,2025-04-24,2025-04-25,67,67,2
377,304,32,8,2025-04-16,2025-04-18,2025-04-21,77,77,1
378,305,44,5,2025-05-02,2025-05-06,2025-05-07,239,239,2
379,306,41,5,2025-04-26,2025-05-17,2025-05-05,49,49,1
380,307,48,5,2025-04-30,2025-05-10,2025-05-13,430,430,6
381,307,48,5,2025-05-01,2025-05-13,2025-05-13,135,135,8
382,307,48,5,2025-05-04,2025-05-11,2025-05-13,232,232,7
383,308,10,10,2025-05-01,2025-05-19,2025-05-12,19,19,0
384,309,30,10,2025-04-22,2025-04-27,2025-04-27,26,26,0
385,309,30,10,2025-04-17,2025-04-25,2025-04-27,34,34,0
386,310,5,10,2025-04-17,2025-04-21,2025-04-22,391,391,24
387,311,19,7,2025-04-19,2025-05-02,2025-04-21,102,102,3
388,312,28,6,2025-04-23,2025-05-13,2025-05-05,93,93,1
389,313,37,6,2025-05-04,2025-05-14,2025-05-17,8,8,0
390,313,37,6,2025-04-29,2025-05-14,2025-05-17,10,10,0
391,314,39,6,2025-04-21,2025-04-23,2025-04-23,120,120,3
392,315,43,6,2025-04-21,2025-04-26,2025-04-26,4,4,0
393,315,43,6,2025-04-19,2025-04-26,2025-04-26,5,5,0
394,316,28,6,2025-04-22,2025-05-02,2025-05-05,2,2,0
395,316,28,6,2025-04-25,2025-05-02,2025-05-05,3,3,0
396,317,46,7,2025-05-01,2025-05-10,2025-05-13,105,105,6
397,318,15,7,2025-04-17,2025-04-22,2025-04-23,543,543,29
398,319,30,5,2025-04-21,2025-04-25,2025-04-27,9,9,0
399,320,18,5,2025-04-17,2025-04-19,2025-04-22,4,4,0
400,321,40,3,2025-04-27,2025-05-07,2025-05-09,67,67,1
401,322,30,6,2025-04-27,2025-04-27,2025-04-28,52,52,1
402,323,45,6,2025-04-26,2025-05-12,2025-05-12,6,6,0
403,324,37,6,2025-04-25,2025-05-15,2025-05-18,56,56,1
404,325,5,5,2025-04-18,2025-04-22,2025-04-23,246,246,14
405,326,47,3,2025-05-07,2025-05-07,2025-05-09,74,74,2
406,327,37,3,2025-05-02,2025-05-18,2025-05-18,38,38,1
407,328,18,8,2025-04-20,2025-04-30,2025-04-23,5,5,0
408,329,36,1,2025-04-20,2025-05-05,2025-04-29,591,591,21
409,330,16,1,2025-04-18,2025-04-21,2025-04-24,390,390,3
410,331,15,3,2025-04-21,2025-04-24,2025-04-24,74,74,2
411,332,43,3,2025-04-22,2025-04-27,2025-04-27,1086,1086,0
412,333,41,3,2025-05-04,2025-05-05,2025-05-06,13,13,1
413,334,32,3,2025-04-24,2025-04-24,2025-04-23,62,62,1
414,335,41,3,2025-04-30,2025-05-06,2025-05-06,391,391,18
415,335,41,3,2025-04-21,2025-05-06,2025-05-06,284,284,28
416,336,20,3,2025-04-19,2025-04-20,2025-04-23,50,50,1
417,337,9,3,2025-04-29,2025-05-08,2025-05-07,4,4,0
418,338,39,8,2025-04-22,2025-04-24,2025-04-24,11,11,0
419,339,8,8,2025-04-22,2025-04-27,2025-04-27,28,28,0
420,340,50,8,2025-04-26,2025-05-06,2025-05-06,145,145,3
421,341,42,8,2025-04-22,2025-05-02,2025-05-01,17,17,0
422,342,11,5,2025-04-24,2025-04-30,2025-04-30,43,43,2
423,342,11,5,2025-04-27,2025-05-02,2025-04-30,63,63,1
424,343,31,5,2025-05-07,2025-05-16,2025-05-19,48,48,1
425,344,24,5,2025-04-26,2025-05-08,2025-05-09,161,161,2
426,345,10,5,2025-04-28,2025-05-15,2025-05-13,39,39,0
427,346,43,2,2025-04-22,2025-04-27,2025-04-28,1035,1035,51
428,347,38,2,2025-04-24,2025-04-24,2025-04-23,105,105,2
429,348,25,2,2025-04-19,2025-04-25,2025-04-26,621,621,7
430,348,25,2,2025-04-23,2025-04-25,2025-04-26,454,454,7
431,349,3,2,2025-04-30,2025-05-24,2025-05-23,266,266,21
432,350,36,2,2025-04-21,2025-04-28,2025-04-30,807,807,50
433,351,37,2,2025-05-05,2025-05-17,2025-05-19,44,44,1
434,352,20,2,2025-04-19,2025-04-23,2025-04-24,22,22,1
435,353,41,2,2025-04-26,2025-05-18,2025-05-07,16,16,1
436,353,41,2,2025-04-25,2025-05-10,2025-05-07,22,22,1
437,354,49,3,2025-04-26,2025-04-26,2025-04-23,30,30,1
438,355,46,3,2025-05-01,2025-05-21,2025-05-15,74,74,3
439,356,30,3,2025-04-27,2025-04-27,2025-04-29,623,623,2
440,357,9,3,2025-05-04,2025-05-07,2025-05-08,389,389,10
441,358,3,3,2025-05-10,2025-05-21,2025-05-23,46,46,2
442,359,32,8,2025-04-23,2025-04-24,2025-04-24,3,3,0
443,359,32,8,2025-04-23,2025-04-24,2025-04-24,3,3,0
444,360,3,8,2025-05-08,2025-05-20,2025-05-23,361,361,15
445,361,43,2,2025-04-24,2025-05-10,2025-04-28,11,11,0
446,362,30,2,2025-04-24,2025-04-27,2025-04-29,629,629,6
447,363,39,2,2025-04-27,2025-04-27,2025-04-25,24,24,0
448,363,39,2,2025-04-20,2025-04-24,2025-04-25,22,22,0
449,364,3,8,2025-05-08,2025-05-26,2025-05-23,42,42,1
450,364,3,8,2025-05-08,2025-05-23,2025-05-23,55,55,1
451,365,30,8,2025-04-21,2025-04-27,2025-04-29,67,67,0
452,366,49,8,2025-04-19,2025-05-02,2025-04-23,58,58,2
453,366,49,8,2025-04-25,2025-04-25,2025-04-23,20,20,1
454,366,49,8,2025-04-19,2025-04-22,2025-04-23,22,22,0
455,367,50,2,2025-04-30,2025-05-04,2025-05-07,21,21,1
456,367,50,2,2025-04-24,2025-05-07,2025-05-07,7,7,0
457,367,50,2,2025-04-24,2025-05-07,2025-05-07,10,10,0
458,368,12,2,2025-04-30,2025-05-06,2025-05-07,3,3,0
459,368,12,2,2025-04-26,2025-05-18,2025-05-07,1,1,0
460,368,12,2,2025-04-29,2025-05-06,2025-05-07,1,1,0
461,369,39,2,2025-04-23,2025-04-23,2025-04-25,51,51,1
462,370,20,8,2025-04-20,2025-04-22,2025-04-24,327,327,9
463,371,39,8,2025-04-19,2025-04-23,2025-04-25,1302,1302,25
464,372,15,5,2025-04-26,2025-05-05,2025-04-25,463,463,23
465,373,22,5,2025-04-23,2025-04-23,2025-04-24,396,396,2
466,374,39,5,2025-04-20,2025-04-22,2025-04-25,635,635,10
467,375,30,7,2025-04-19,2025-04-26,2025-04-29,72,72,0
468,376,4,7,2025-04-26,2025-05-10,2025-05-10,48,48,2
469,376,4,7,2025-05-07,2025-05-08,2025-05-10,52,52,1
470,377,16,7,2025-04-19,2025-04-25,2025-04-25,460,460,4
471,378,14,7,2025-04-26,2025-05-01,2025-05-01,6,6,0
472,378,14,7,2025-04-29,2025-04-29,2025-05-01,3,3,0
473,378,14,7,2025-04-20,2025-04-29,2025-05-01,3,3,0
474,379,10,6,2025-05-01,2025-05-12,2025-05-14,30,30,1
475,379,10,6,2025-04-29,2025-05-14,2025-05-14,27,27,0
476,380,24,6,2025-04-27,2025-05-23,2025-05-11,187,187,4
477,381,44,6,2025-04-22,2025-05-21,2025-05-10,682,682,6
478,382,40,6,2025-04-30,2025-05-09,2025-05-12,721,721,3
479,382,40,6,2025-04-28,2025-05-09,2025-05-12,194,194,0
480,382,40,6,2025-04-25,2025-05-13,2025-05-12,406,406,4
481,383,12,3,2025-04-27,2025-05-06,2025-05-08,869,869,7
482,384,8,9,2025-04-20,2025-04-27,2025-04-29,6,6,0
483,385,30,9,2025-05-02,2025-05-02,2025-04-30,8,8,0
484,386,36,9,2025-04-26,2025-04-28,2025-05-01,30,30,1
485,387,19,9,2025-04-20,2025-05-04,2025-04-24,11,11,0
486,388,43,9,2025-04-26,2025-05-02,2025-04-29,67,67,1
487,389,19,9,2025-04-20,2025-05-02,2025-04-24,446,446,22
488,390,43,5,2025-04-22,2025-04-29,2025-04-30,134,134,5
489,390,43,5,2025-04-30,2025-05-11,2025-04-30,46,46,3
490,390,43,5,2025-04-29,2025-04-29,2025-04-30,40,40,2
491,391,39,5,2025-04-21,2025-04-25,2025-04-27,740,740,10
492,392,23,5,2025-04-21,2025-04-30,2025-05-01,12,12,1
493,393,17,9,2025-04-28,2025-04-29,2025-05-02,565,565,81
494,393,17,9,2025-04-28,2025-05-02,2025-05-02,620,620,117
495,394,49,9,2025-04-22,2025-04-26,2025-04-25,5,5,0
496,395,9,9,2025-04-29,2025-05-07,2025-05-10,9,9,0
497,396,33,9,2025-05-01,2025-05-14,2025-05-16,10,10,0
498,397,24,7,2025-04-28,2025-05-10,2025-05-12,16,16,0
499,398,49,7,2025-04-21,2025-04-22,2025-04-25,90,90,4
500,399,50,7,2025-04-28,2025-05-06,2025-05-09,69,69,4
501,400,20,7,2025-04-24,2025-04-26,2025-04-26,141,141,3
502,401,33,7,2025-05-02,2025-05-14,2025-05-16,38,38,2
503,402,39,7,2025-04-25,2025-04-25,2025-04-27,106,106,3
504,403,29,7,2025-05-02,2025-05-12,2025-05-14,29,29,0
505,404,30,7,2025-04-26,2025-05-01,2025-05-01,12,12,0
506,405,27,8,2025-04-25,2025-05-03,2025-05-04,636,636,10
507,406,20,8,2025-04-22,2025-04-25,2025-04-27,8,8,0
508,407,20,8,2025-04-29,2025-04-29,2025-04-27,384,384,2
509,408,38,8,2025-04-29,2025-04-29,2025-04-26,807,807,21
510,409,44,8,2025-04-29,2025-05-11,2025-05-12,50,50,1
511,409,44,8,2025-05-04,2025-05-10,2025-05-12,92,92,2
512,410,16,8,2025-04-27,2025-04-27,2025-04-28,463,463,3
513,410,16,8,2025-04-24,2025-04-28,2025-04-28,834,834,0
514,411,39,8,2025-04-26,2025-05-02,2025-04-28,10,10,0
515,412,50,8,2025-05-04,2025-05-07,2025-05-10,118,118,7
516,413,9,6,2025-04-24,2025-05-11,2025-05-11,104,104,0
517,414,5,6,2025-04-25,2025-04-27,2025-04-27,667,667,12
518,415,8,6,2025-04-29,2025-04-30,2025-05-01,167,167,2
519,416,48,5,2025-05-03,2025-05-18,2025-05-18,580,580,22
520,417,9,5,2025-05-03,2025-05-11,2025-05-11,36,36,2
521,418,38,6,2025-04-22,2025-04-25,2025-04-26,10,10,0
522,419,16,6,2025-04-23,2025-04-26,2025-04-28,128,128,1
523,420,10,6,2025-05-06,2025-05-16,2025-05-17,19,19,1
524,421,19,6,2025-04-26,2025-04-26,2025-04-26,5,5,0
525,422,21,8,2025-04-22,2025-05-01,2025-04-28,5,5,0
526,423,25,7,2025-04-22,2025-04-26,2025-04-29,12,12,0
527,424,40,7,2025-04-27,2025-05-12,2025-05-14,663,663,13
528,425,19,10,2025-04-22,2025-04-23,2025-04-26,20,20,1
529,425,19,10,2025-04-22,2025-04-26,2025-04-26,30,30,2
530,426,43,2,2025-04-24,2025-05-01,2025-05-01,512,512,17
531,427,7,2,2025-05-03,2025-05-23,2025-05-26,255,255,2
532,427,7,2,2025-05-07,2025-05-25,2025-05-26,164,164,4
533,428,18,2,2025-04-23,2025-04-27,2025-04-27,73,73,1
534,429,43,2,2025-04-23,2025-05-05,2025-05-01,3,3,0
535,429,43,2,2025-04-26,2025-04-28,2025-05-01,7,7,0
536,430,4,2,2025-05-02,2025-05-10,2025-05-13,71,71,1
537,431,19,6,2025-04-22,2025-04-24,2025-04-26,375,375,18
538,432,22,6,2025-04-23,2025-04-25,2025-04-27,9,9,0
539,433,23,6,2025-04-27,2025-05-02,2025-05-02,749,749,44
540,434,3,4,2025-05-06,2025-05-27,2025-05-27,49,49,3
541,435,34,4,2025-05-12,2025-05-27,2025-05-27,26,26,1
542,436,10,4,2025-05-01,2025-05-16,2025-05-18,48,48,0
543,437,21,4,2025-04-28,2025-05-08,2025-04-29,606,606,20
544,438,47,4,2025-05-04,2025-05-22,2025-05-14,421,421,7
545,438,47,4,2025-05-01,2025-05-25,2025-05-14,566,566,23
546,439,22,8,2025-04-29,2025-05-10,2025-04-28,846,846,29
547,440,38,8,2025-04-24,2025-05-01,2025-04-27,22,22,1
548,441,20,8,2025-04-28,2025-04-28,2025-04-28,1059,1059,14
549,442,3,7,2025-05-08,2025-06-06,2025-05-27,15,15,1
550,443,16,7,2025-04-23,2025-04-29,2025-04-29,6,6,0
551,444,5,7,2025-04-25,2025-04-28,2025-04-28,22,22,1
552,445,18,7,2025-04-23,2025-04-26,2025-04-28,510,510,16
553,446,19,7,2025-04-24,2025-04-24,2025-04-27,377,377,12
554,447,2,10,2025-05-03,2025-05-07,2025-05-10,93,93,1
555,448,15,10,2025-04-24,2025-05-09,2025-04-29,13,13,0
556,449,32,8,2025-04-23,2025-04-28,2025-04-28,16,16,0
557,450,18,8,2025-04-23,2025-04-28,2025-04-28,955,955,9
558,451,22,8,2025-05-03,2025-05-03,2025-04-28,1051,1051,25
559,452,35,10,2025-04-29,2025-05-02,2025-05-04,435,435,1
560,453,29,10,2025-05-05,2025-05-15,2025-05-16,537,537,11
561,454,5,6,2025-05-03,2025-05-03,2025-04-29,364,364,16
562,454,5,6,2025-04-26,2025-05-07,2025-04-29,440,440,17
563,455,46,6,2025-05-05,2025-05-27,2025-05-20,31,31,1
564,455,46,6,2025-05-08,2025-05-20,2025-05-20,48,48,0
565,456,7,6,2025-05-17,2025-05-27,2025-05-28,5,5,0
566,456,7,6,2025-05-15,2025-05-31,2025-05-28,11,11,0
567,457,36,6,2025-04-30,2025-05-02,2025-05-05,61,61,3
568,458,42,9,2025-04-24,2025-05-06,2025-05-07,266,266,8
569,458,42,9,2025-04-29,2025-05-04,2025-05-07,265,265,2
570,459,33,9,2025-05-01,2025-05-19,2025-05-19,90,90,1
571,460,22,9,2025-04-24,2025-04-29,2025-04-29,5,5,0
572,460,22,9,2025-04-24,2025-04-27,2025-04-29,6,6,0
573,461,48,7,2025-05-08,2025-05-27,2025-05-20,717,717,8
574,462,14,7,2025-04-28,2025-05-05,2025-05-06,68,68,0
575,462,14,7,2025-04-24,2025-05-06,2025-05-06,21,21,0
576,462,14,7,2025-04-24,2025-05-03,2025-05-06,26,26,0
577,463,18,7,2025-04-24,2025-05-09,2025-04-29,464,464,3
578,464,19,9,2025-04-24,2025-04-26,2025-04-28,5,5,0
579,465,5,9,2025-04-29,2025-04-29,2025-04-29,107,107,11
580,466,19,9,2025-04-25,2025-04-27,2025-04-28,331,331,10
581,467,19,5,2025-04-26,2025-04-27,2025-04-28,440,440,9
582,468,5,5,2025-04-24,2025-04-26,2025-04-29,2,2,0
583,468,5,5,2025-04-25,2025-04-26,2025-04-29,3,3,0
584,469,2,10,2025-04-28,2025-05-08,2025-05-11,537,537,10
585,470,44,10,2025-05-02,2025-05-14,2025-05-14,14,14,0
586,470,44,10,2025-05-08,2025-05-14,2025-05-14,14,14,0
587,471,10,10,2025-05-04,2025-05-19,2025-05-19,49,49,2
588,472,31,10,2025-05-11,2025-05-24,2025-05-25,169,169,4
589,473,23,10,2025-05-01,2025-05-02,2025-05-04,3,3,0
590,473,23,10,2025-04-28,2025-05-08,2025-05-04,4,4,0
591,474,36,4,2025-04-27,2025-05-03,2025-05-05,120,120,0
592,475,16,4,2025-04-24,2025-04-28,2025-04-30,929,929,9
593,476,8,4,2025-04-26,2025-05-01,2025-05-03,4,4,0
594,476,8,4,2025-04-24,2025-05-02,2025-05-03,3,3,0
595,477,39,4,2025-04-27,2025-04-28,2025-04-30,69,69,0
596,478,29,5,2025-05-05,2025-05-15,2025-05-17,42,42,1
597,478,29,5,2025-05-08,2025-05-17,2025-05-17,33,33,0
598,479,29,5,2025-05-14,2025-05-14,2025-05-17,165,165,4
599,480,48,8,2025-05-08,2025-05-18,2025-05-20,115,115,4
600,481,38,7,2025-04-24,2025-04-25,2025-04-28,1079,1079,12
601,482,31,7,2025-05-08,2025-05-22,2025-05-25,9,9,0
602,483,12,8,2025-04-30,2025-05-12,2025-05-13,574,574,17
603,484,41,8,2025-05-07,2025-05-10,2025-05-13,14,14,1
604,485,28,10,2025-04-29,2025-05-11,2025-05-13,16,16,0
605,486,23,10,2025-04-28,2025-05-05,2025-05-05,592,592,31
606,487,18,10,2025-04-25,2025-04-30,2025-04-30,574,574,20
607,488,20,10,2025-04-25,2025-04-29,2025-04-30,8,8,0
608,488,20,10,2025-04-27,2025-04-28,2025-04-30,6,6,0
609,489,40,10,2025-05-04,2025-05-16,2025-05-17,18,18,0
610,489,40,10,2025-05-05,2025-05-17,2025-05-17,15,15,0
611,489,40,10,2025-05-04,2025-05-14,2025-05-17,15,15,0
612,490,24,10,2025-05-07,2025-05-14,2025-05-16,9,9,0
613,491,35,3,2025-04-27,2025-05-05,2025-05-06,7,7,0
614,492,45,3,2025-05-10,2025-05-16,2025-05-19,123,123,0
615,493,7,3,2025-05-07,2025-05-29,2025-05-29,177,177,3
616,493,7,3,2025-05-15,2025-05-26,2025-05-29,259,259,2
617,494,25,3,2025-04-28,2025-05-10,2025-05-02,299,299,3
618,495,39,1,2025-04-25,2025-05-01,2025-05-01,516,516,7
619,496,4,1,2025-05-01,2025-05-15,2025-05-16,132,132,2
620,497,11,1,2025-05-01,2025-05-06,2025-05-07,27,27,1
621,498,48,1,2025-05-07,2025-05-21,2025-05-21,365,365,0
622,499,29,1,2025-05-07,2025-05-15,2025-05-18,255,255,4
623,500,35,9,2025-05-05,2025-05-05,2025-05-06,36,36,0
624,500,35,9,2025-04-30,2025-05-05,2025-05-06,32,32,0
625,501,33,6,2025-05-07,2025-05-19,2025-05-20,4,4,0
626,502,16,6,2025-04-26,2025-04-29,2025-05-01,135,135,1
627,503,15,6,2025-04-25,2025-04-30,2025-05-01,69,69,2
628,504,36,3,2025-04-28,2025-05-16,2025-05-06,558,558,26
629,505,14,3,2025-05-03,2025-05-05,2025-05-07,54,54,0
630,505,14,3,2025-05-01,2025-05-05,2025-05-07,71,71,0
631,506,30,6,2025-05-01,2025-05-04,2025-05-06,103,103,0
632,507,10,6,2025-05-10,2025-05-18,2025-05-21,66,66,1
633,508,36,6,2025-05-02,2025-05-10,2025-05-07,45,45,3
634,508,36,6,2025-05-09,2025-05-09,2025-05-07,48,48,3
635,509,32,6,2025-04-28,2025-04-28,2025-05-01,25,25,0
636,509,32,6,2025-04-29,2025-04-29,2025-05-01,27,27,0
637,510,43,10,2025-04-27,2025-05-05,2025-05-05,22,22,0
638,511,30,10,2025-05-01,2025-05-06,2025-05-06,759,759,4
639,512,32,10,2025-04-29,2025-04-29,2025-05-01,324,324,2
640,512,32,10,2025-05-03,2025-05-03,2025-05-01,307,307,6
641,512,32,10,2025-05-01,2025-05-01,2025-05-01,203,203,1
642,513,42,7,2025-04-29,2025-05-11,2025-05-09,16,16,0
643,514,41,7,2025-04-27,2025-05-14,2025-05-14,6,6,0
644,515,9,7,2025-05-07,2025-05-15,2025-05-15,112,112,3
645,516,18,7,2025-04-26,2025-04-29,2025-05-01,12,12,0
646,517,2,7,2025-05-03,2025-05-13,2025-05-13,1235,1235,9
647,518,36,8,2025-05-01,2025-05-06,2025-05-07,5,5,0
648,519,21,8,2025-04-26,2025-05-03,2025-05-02,31,31,1
649,520,22,8,2025-04-28,2025-05-04,2025-05-01,157,157,2
650,521,10,2,2025-05-10,2025-05-20,2025-05-21,87,87,1
651,522,16,2,2025-04-27,2025-04-30,2025-05-02,13,13,0
652,523,19,2,2025-04-26,2025-05-07,2025-04-30,5,5,0
653,524,43,8,2025-04-29,2025-05-03,2025-05-05,512,512,4
654,525,11,8,2025-04-30,2025-05-06,2025-05-08,612,612,15
655,526,42,6,2025-05-09,2025-05-09,2025-05-09,183,183,9
656,526,42,6,2025-05-03,2025-05-13,2025-05-09,455,455,18
657,527,19,6,2025-04-26,2025-04-30,2025-04-30,83,83,2
658,528,40,6,2025-05-08,2025-05-17,2025-05-18,81,81,0
659,528,40,6,2025-05-02,2025-05-16,2025-05-18,170,170,1
660,529,39,6,2025-04-26,2025-04-30,2025-05-02,267,267,4
661,530,47,6,2025-05-09,2025-05-15,2025-05-17,845,845,39
662,531,16,6,2025-04-27,2025-05-02,2025-05-02,214,214,3
663,532,16,1,2025-04-27,2025-05-02,2025-05-03,598,598,2
664,533,35,1,2025-05-01,2025-05-06,2025-05-08,13,13,0
665,534,8,1,2025-04-29,2025-05-03,2025-05-06,221,221,1
666,534,8,1,2025-04-27,2025-05-03,2025-05-06,275,275,3
667,535,11,1,2025-05-01,2025-05-09,2025-05-09,1218,1218,33
668,536,2,1,2025-05-05,2025-05-12,2025-05-14,23,23,0
669,537,43,1,2025-04-27,2025-05-06,2025-05-06,677,677,18
670,538,47,1,2025-05-07,2025-05-15,2025-05-18,11,11,0
671,539,5,6,2025-04-29,2025-05-11,2025-05-02,105,105,0
672,540,39,6,2025-04-29,2025-05-15,2025-05-03,109,109,1
673,541,48,4,2025-05-14,2025-05-23,2025-05-23,33,33,1
674,542,19,4,2025-04-27,2025-04-30,2025-05-01,228,228,0
675,542,19,4,2025-04-27,2025-05-01,2025-05-01,130,130,0
676,542,19,4,2025-04-28,2025-04-28,2025-05-01,153,153,6
677,543,30,4,2025-04-27,2025-05-04,2025-05-07,11,11,0
678,543,30,4,2025-05-04,2025-05-04,2025-05-07,15,15,0
679,544,26,4,2025-05-01,2025-05-07,2025-05-09,902,902,42
680,545,42,4,2025-05-01,2025-05-08,2025-05-10,7,7,0
681,546,43,4,2025-04-27,2025-05-03,2025-05-06,204,204,0
682,547,50,7,2025-05-01,2025-05-13,2025-05-15,1034,1034,51
683,548,43,7,2025-04-29,2025-05-06,2025-05-06,471,471,14
684,549,2,9,2025-05-04,2025-05-15,2025-05-15,27,27,0
685,550,10,9,2025-05-05,2025-06-01,2025-05-23,459,459,25
686,551,39,9,2025-04-30,2025-05-04,2025-05-04,48,48,1
687,552,38,9,2025-05-05,2025-05-05,2025-05-02,9,9,0
688,553,8,9,2025-05-06,2025-05-06,2025-05-07,1119,1119,20
689,554,36,9,2025-05-06,2025-05-08,2025-05-09,201,201,9
690,555,44,9,2025-05-08,2025-05-18,2025-05-18,18,18,0
691,556,27,1,2025-05-07,2025-05-10,2025-05-10,33,33,1
692,557,45,1,2025-05-05,2025-05-20,2025-05-22,53,53,0
693,558,38,1,2025-05-04,2025-05-04,2025-05-02,5,5,0
694,559,46,1,2025-05-07,2025-05-21,2025-05-24,20,20,1
695,560,48,1,2025-05-12,2025-05-24,2025-05-24,235,235,6
696,561,33,7,2025-05-14,2025-05-21,2025-05-23,251,251,7
697,562,18,7,2025-04-28,2025-04-30,2025-05-03,2,2,0
698,562,18,7,2025-04-30,2025-05-02,2025-05-03,5,5,0
699,563,5,8,2025-04-28,2025-05-08,2025-05-03,7,7,0
700,564,30,9,2025-05-08,2025-05-08,2025-05-08,296,296,3
701,564,30,9,2025-05-01,2025-05-07,2025-05-08,285,285,2
702,565,19,9,2025-04-28,2025-05-02,2025-05-02,469,469,27
703,566,45,9,2025-05-07,2025-05-20,2025-05-22,267,267,1
704,566,45,9,2025-05-03,2025-05-20,2025-05-22,169,169,0
705,566,45,9,2025-05-04,2025-05-22,2025-05-22,134,134,0
706,567,33,6,2025-05-15,2025-05-24,2025-05-24,36,36,1
707,568,30,6,2025-05-07,2025-05-08,2025-05-09,243,243,1
708,569,33,7,2025-05-10,2025-05-29,2025-05-24,687,687,26
709,570,20,7,2025-05-07,2025-05-07,2025-05-04,151,151,3
710,571,21,7,2025-05-09,2025-05-09,2025-05-05,177,177,10
711,572,20,7,2025-04-29,2025-05-02,2025-05-04,212,212,1
712,572,20,7,2025-05-02,2025-05-02,2025-05-04,238,238,10
713,573,45,7,2025-05-10,2025-05-21,2025-05-23,222,222,1
714,574,32,9,2025-05-01,2025-05-03,2025-05-04,42,42,1
715,575,38,9,2025-04-29,2025-04-30,2025-05-03,3,3,0
716,575,38,9,2025-04-30,2025-05-02,2025-05-03,2,2,0
717,576,35,9,2025-04-29,2025-05-10,2025-05-10,639,639,8
718,577,32,8,2025-05-04,2025-05-04,2025-05-04,13,13,0
719,578,16,8,2025-05-04,2025-05-04,2025-05-05,531,531,2
720,579,4,8,2025-05-12,2025-05-24,2025-05-20,1043,1043,25
721,580,39,10,2025-05-05,2025-05-05,2025-05-05,8,8,0
722,581,20,10,2025-05-08,2025-05-08,2025-05-04,238,238,0
723,582,5,10,2025-05-01,2025-05-04,2025-05-04,108,108,5
724,583,15,10,2025-05-06,2025-05-06,2025-05-05,19,19,0
725,584,35,10,2025-05-09,2025-05-09,2025-05-10,213,213,1
726,585,32,1,2025-05-05,2025-05-05,2025-05-04,133,133,1
727,586,7,1,2025-05-13,2025-05-31,2025-06-02,69,69,1
728,587,20,7,2025-05-05,2025-05-05,2025-05-04,446,446,15
729,588,14,7,2025-05-02,2025-05-11,2025-05-11,249,249,1
730,589,20,7,2025-05-02,2025-05-02,2025-05-04,18,18,0
731,590,17,10,2025-05-11,2025-05-22,2025-05-10,104,104,13
732,590,17,10,2025-05-02,2025-05-08,2025-05-10,45,45,0
733,590,17,10,2025-05-04,2025-05-08,2025-05-10,34,34,1
734,591,20,10,2025-05-01,2025-05-01,2025-05-04,125,125,1
735,592,11,9,2025-05-04,2025-05-11,2025-05-11,52,52,1
736,593,22,9,2025-05-01,2025-05-03,2025-05-04,343,343,6
737,594,15,3,2025-05-03,2025-05-05,2025-05-05,7,7,0
738,595,44,3,2025-05-05,2025-05-19,2025-05-19,604,604,5
739,595,44,3,2025-05-07,2025-05-18,2025-05-19,730,730,1
740,596,8,3,2025-05-04,2025-05-08,2025-05-08,257,257,4
741,597,17,3,2025-05-02,2025-05-08,2025-05-10,113,113,5
742,598,28,6,2025-05-03,2025-05-20,2025-05-17,254,254,1
743,599,12,6,2025-05-07,2025-05-16,2025-05-17,1299,1299,30
744,600,39,1,2025-05-05,2025-05-05,2025-05-05,12,12,0
745,601,18,1,2025-04-30,2025-05-02,2025-05-04,364,364,9
746,601,18,1,2025-05-01,2025-05-04,2025-05-04,628,628,9
747,602,44,1,2025-05-08,2025-05-18,2025-05-19,12,12,0
748,603,13,3,2025-04-30,2025-05-09,2025-05-12,271,271,9
749,604,21,3,2025-05-02,2025-05-03,2025-05-06,297,297,13
750,605,19,3,2025-05-01,2025-05-02,2025-05-04,3,3,0
751,605,19,3,2025-05-01,2025-05-02,2025-05-04,2,2,0
752,605,19,3,2025-04-30,2025-05-01,2025-05-04,2,2,0
753,606,24,6,2025-05-13,2025-05-20,2025-05-21,6,6,0
754,607,10,6,2025-05-11,2025-05-22,2025-05-25,1146,1146,19
755,608,20,6,2025-05-08,2025-05-08,2025-05-05,4,4,0
756,608,20,6,2025-05-05,2025-05-05,2025-05-05,6,6,0
757,609,35,6,2025-05-03,2025-05-10,2025-05-11,16,16,0
758,609,35,6,2025-05-05,2025-05-08,2025-05-11,6,6,0
759,609,35,6,2025-04-30,2025-05-14,2025-05-11,7,7,0
760,610,21,4,2025-05-09,2025-05-09,2025-05-06,797,797,5
761,611,40,4,2025-05-09,2025-05-19,2025-05-22,5,5,0
762,611,40,4,2025-05-13,2025-05-21,2025-05-22,1,1,0
763,611,40,4,2025-05-08,2025-05-20,2025-05-22,3,3,0
764,612,20,10,2025-04-30,2025-05-03,2025-05-05,102,102,3
765,613,19,10,2025-05-01,2025-05-02,2025-05-04,6,6,0
766,614,16,10,2025-04-30,2025-05-06,2025-05-06,59,59,0
767,615,43,8,2025-05-02,2025-05-07,2025-05-09,28,28,0
768,616,41,8,2025-05-04,2025-05-16,2025-05-18,63,63,1
769,616,41,8,2025-05-11,2025-05-16,2025-05-18,103,103,0
770,617,36,5,2025-05-07,2025-05-11,2025-05-11,40,40,1
771,618,16,5,2025-05-04,2025-05-04,2025-05-06,25,25,0
772,619,39,5,2025-05-03,2025-05-05,2025-05-06,10,10,0
773,620,25,5,2025-05-08,2025-05-08,2025-05-07,133,133,3
774,621,41,5,2025-05-09,2025-05-16,2025-05-18,219,219,14
775,622,40,3,2025-05-10,2025-05-22,2025-05-22,548,548,3
776,623,42,3,2025-05-08,2025-05-11,2025-05-13,716,716,4
777,624,20,3,2025-05-03,2025-05-03,2025-05-05,621,621,9
778,625,2,3,2025-05-07,2025-05-14,2025-05-17,227,227,5
779,625,2,3,2025-05-06,2025-05-17,2025-05-17,400,400,9
780,626,44,5,2025-05-08,2025-05-17,2025-05-20,669,669,9
781,627,6,5,2025-05-08,2025-05-18,2025-05-18,12,12,0
782,628,16,5,2025-05-05,2025-05-05,2025-05-06,128,128,1
783,629,21,5,2025-04-30,2025-05-06,2025-05-06,43,43,2
784,629,21,5,2025-05-02,2025-05-09,2025-05-06,17,17,0
785,629,21,5,2025-05-03,2025-05-05,2025-05-06,28,28,0
786,630,24,9,2025-05-08,2025-05-18,2025-05-21,108,108,0
787,631,28,9,2025-05-07,2025-05-16,2025-05-18,12,12,0
788,632,19,9,2025-05-02,2025-05-04,2025-05-04,19,19,1
789,633,22,10,2025-04-30,2025-05-02,2025-05-05,840,840,27
790,634,16,10,2025-05-06,2025-05-06,2025-05-06,759,759,0
791,635,14,10,2025-05-04,2025-05-11,2025-05-13,915,915,0
792,636,43,10,2025-05-03,2025-05-07,2025-05-10,18,18,1
793,637,4,10,2025-05-07,2025-05-20,2025-05-22,219,219,2
794,638,45,2,2025-05-16,2025-05-23,2025-05-25,43,43,0
795,639,35,2,2025-05-02,2025-05-12,2025-05-12,404,404,0
796,640,21,2,2025-05-01,2025-05-07,2025-05-07,10,10,0
797,641,37,2,2025-05-16,2025-05-30,2025-05-31,239,239,8
798,641,37,2,2025-05-16,2025-05-29,2025-05-31,202,202,4
799,642,50,8,2025-05-07,2025-05-18,2025-05-19,12,12,0
800,643,44,1,2025-05-06,2025-05-19,2025-05-21,21,21,0
801,643,44,1,2025-05-10,2025-05-21,2025-05-21,21,21,0
802,643,44,1,2025-05-14,2025-05-18,2025-05-21,16,16,0
803,644,38,1,2025-05-04,2025-05-04,2025-05-05,72,72,0
804,645,41,1,2025-05-10,2025-05-19,2025-05-19,65,65,0
805,646,45,4,2025-05-11,2025-05-25,2025-05-25,614,614,3
806,647,47,4,2025-05-15,2025-05-19,2025-05-22,8,8,0
807,648,5,4,2025-05-06,2025-05-06,2025-05-06,179,179,9
808,648,5,4,2025-05-01,2025-05-05,2025-05-06,133,133,2
809,649,39,2,2025-05-09,2025-05-09,2025-05-07,175,175,0
810,650,43,2,2025-05-11,2025-05-21,2025-05-10,47,47,3
811,651,18,2,2025-05-06,2025-05-06,2025-05-06,49,49,0
812,652,35,2,2025-05-06,2025-05-11,2025-05-12,330,330,8
813,652,35,2,2025-05-07,2025-05-09,2025-05-12,360,360,3
814,653,21,6,2025-05-02,2025-05-05,2025-05-07,479,479,9
815,654,20,6,2025-05-03,2025-05-03,2025-05-06,7,7,0
816,655,8,6,2025-05-01,2025-05-14,2025-05-10,20,20,0
817,656,18,6,2025-05-01,2025-05-05,2025-05-06,113,113,4
818,657,13,4,2025-05-04,2025-05-10,2025-05-13,4,4,0
819,657,13,4,2025-05-01,2025-05-11,2025-05-13,5,5,0
820,658,3,4,2025-05-20,2025-06-15,2025-06-04,636,636,34
821,659,38,2,2025-05-03,2025-05-04,2025-05-06,53,53,3
822,660,41,2,2025-05-04,2025-05-18,2025-05-20,13,13,1
823,661,41,2,2025-05-09,2025-05-28,2025-05-20,31,31,1
824,662,3,1,2025-05-17,2025-06-02,2025-06-05,598,598,20
825,663,10,5,2025-05-17,2025-05-25,2025-05-27,50,50,1
826,664,35,5,2025-05-08,2025-05-16,2025-05-13,64,64,0
827,665,43,8,2025-05-04,2025-05-21,2025-05-11,31,31,1
828,665,43,8,2025-05-09,2025-05-09,2025-05-11,51,51,1
829,666,41,8,2025-05-12,2025-05-20,2025-05-20,101,101,11
830,667,44,8,2025-05-12,2025-05-22,2025-05-22,1366,1366,17
831,668,10,1,2025-05-10,2025-05-25,2025-05-27,27,27,1
832,669,35,1,2025-05-02,2025-05-16,2025-05-13,20,20,0
833,670,2,1,2025-05-12,2025-05-16,2025-05-19,49,49,1
834,671,14,7,2025-05-08,2025-05-12,2025-05-14,27,27,0
835,672,1,7,2025-05-10,2025-05-12,2025-05-14,99,99,2
836,673,50,7,2025-05-10,2025-05-17,2025-05-20,3,3,0
837,673,50,7,2025-05-07,2025-05-18,2025-05-20,3,3,0
838,674,37,7,2025-05-15,2025-05-31,2025-06-01,13,13,0
839,675,38,7,2025-05-03,2025-05-06,2025-05-06,190,190,1
840,675,38,7,2025-05-02,2025-05-04,2025-05-06,125,125,2
841,675,38,7,2025-05-07,2025-05-18,2025-05-06,244,244,11
842,676,9,5,2025-05-08,2025-05-21,2025-05-21,105,105,1
843,677,17,5,2025-05-06,2025-05-24,2025-05-13,3,3,0
844,677,17,5,2025-05-02,2025-05-13,2025-05-13,1,1,0
845,677,17,5,2025-05-10,2025-05-15,2025-05-13,3,3,0
846,678,19,5,2025-05-02,2025-05-03,2025-05-06,63,63,1
847,679,43,5,2025-05-11,2025-05-11,2025-05-11,540,540,0
848,680,50,10,2025-05-11,2025-05-30,2025-05-20,10,10,0
849,681,18,10,2025-05-02,2025-05-05,2025-05-07,536,536,24
850,682,43,10,2025-05-05,2025-05-19,2025-05-11,6,6,0
851,682,43,10,2025-05-06,2025-05-11,2025-05-11,13,13,0
852,683,35,8,2025-05-10,2025-05-12,2025-05-13,663,663,10
853,683,35,8,2025-05-08,2025-05-11,2025-05-13,658,658,3
854,684,23,3,2025-05-06,2025-05-23,2025-05-13,165,165,14
855,685,45,3,2025-05-12,2025-05-25,2025-05-27,18,18,0
856,686,22,3,2025-05-04,2025-05-08,2025-05-08,18,18,1
857,687,47,3,2025-05-11,2025-05-24,2025-05-24,464,464,21
858,688,11,9,2025-05-07,2025-05-12,2025-05-15,39,39,1
859,689,19,9,2025-05-04,2025-05-04,2025-05-07,54,54,1
860,690,37,9,2025-05-20,2025-06-07,2025-06-02,13,13,0
861,691,1,9,2025-05-08,2025-05-12,2025-05-15,12,12,0
862,691,1,9,2025-05-07,2025-05-15,2025-05-15,16,16,0
863,692,43,9,2025-05-07,2025-05-10,2025-05-12,313,313,21
864,693,30,9,2025-05-10,2025-05-13,2025-05-13,121,121,1
865,694,21,9,2025-05-03,2025-05-07,2025-05-09,141,141,7
866,694,21,9,2025-05-03,2025-05-06,2025-05-09,154,154,6
867,695,14,9,2025-05-13,2025-05-14,2025-05-15,26,26,0
868,695,14,9,2025-05-13,2025-05-14,2025-05-15,55,55,0
869,696,1,1,2025-05-11,2025-05-15,2025-05-15,847,847,6
870,697,43,1,2025-05-03,2025-05-20,2025-05-12,147,147,4
871,698,46,9,2025-05-16,2025-05-27,2025-05-29,515,515,10
872,699,15,9,2025-05-05,2025-05-17,2025-05-09,41,41,2
873,700,47,9,2025-05-14,2025-05-31,2025-05-24,3,3,0
874,700,47,9,2025-05-13,2025-05-21,2025-05-24,6,6,0
875,701,38,3,2025-05-05,2025-05-06,2025-05-07,782,782,39
876,702,39,3,2025-05-05,2025-05-09,2025-05-09,10,10,0
877,702,39,3,2025-05-03,2025-05-06,2025-05-09,19,19,0
878,703,1,3,2025-05-03,2025-05-12,2025-05-15,96,96,3
879,704,47,1,2025-05-14,2025-05-24,2025-05-25,639,639,26
880,705,19,1,2025-05-04,2025-05-18,2025-05-08,15,15,0
881,706,16,1,2025-05-10,2025-05-10,2025-05-10,201,201,1
882,707,26,7,2025-05-07,2025-05-14,2025-05-16,5,5,0
883,708,15,7,2025-05-06,2025-05-09,2025-05-10,3,3,0
884,708,15,7,2025-05-07,2025-05-10,2025-05-10,4,4,0
885,709,33,7,2025-05-17,2025-05-29,2025-05-29,9,9,0
886,710,48,4,2025-05-14,2025-05-28,2025-05-30,203,203,4
887,711,32,4,2025-05-05,2025-05-08,2025-05-09,891,891,7
888,712,19,4,2025-05-04,2025-05-06,2025-05-08,15,15,0
889,713,37,4,2025-05-21,2025-06-02,2025-06-03,457,457,3
890,713,37,4,2025-05-19,2025-06-02,2025-06-03,398,398,9
891,714,43,5,2025-05-06,2025-05-14,2025-05-14,5,5,0
892,715,7,5,2025-05-19,2025-06-05,2025-06-08,5,5,0
893,715,7,5,2025-05-19,2025-06-06,2025-06-08,3,3,0
894,716,43,10,2025-05-12,2025-05-22,2025-05-14,19,19,1
895,717,20,1,2025-05-05,2025-05-10,2025-05-10,468,468,9
896,718,30,1,2025-05-07,2025-05-12,2025-05-15,104,104,0
897,719,42,6,2025-05-14,2025-05-18,2025-05-18,969,969,13
898,720,33,6,2025-05-14,2025-05-29,2025-05-30,85,85,3
899,721,44,6,2025-05-14,2025-05-25,2025-05-25,972,972,20
900,722,4,6,2025-05-13,2025-05-24,2025-05-26,186,186,10
901,723,22,4,2025-05-13,2025-05-13,2025-05-11,203,203,7
902,724,25,4,2025-05-07,2025-05-10,2025-05-13,353,353,2
903,725,41,4,2025-05-17,2025-05-21,2025-05-24,3,3,0
904,725,41,4,2025-05-11,2025-06-05,2025-05-24,3,3,0
905,726,1,4,2025-05-10,2025-05-15,2025-05-18,12,12,0
906,727,2,4,2025-05-12,2025-05-29,2025-05-23,57,57,1
907,728,28,4,2025-05-08,2025-05-21,2025-05-24,312,312,5
908,729,1,4,2025-05-06,2025-05-16,2025-05-18,298,298,0
909,729,1,4,2025-05-12,2025-05-18,2025-05-18,506,506,10
910,730,18,7,2025-05-08,2025-05-08,2025-05-11,333,333,10
911,731,38,7,2025-05-10,2025-05-10,2025-05-10,28,28,1
912,731,38,7,2025-05-08,2025-05-09,2025-05-10,61,61,2
913,732,20,7,2025-05-07,2025-05-11,2025-05-11,77,77,2
914,733,27,7,2025-05-07,2025-05-18,2025-05-18,364,364,10
915,734,6,7,2025-05-13,2025-06-05,2025-05-24,13,13,0
916,735,17,7,2025-05-14,2025-05-17,2025-05-17,22,22,3
917,735,17,7,2025-05-14,2025-05-15,2025-05-17,17,17,0
918,735,17,7,2025-05-08,2025-05-14,2025-05-17,16,16,0
919,736,43,7,2025-05-08,2025-05-15,2025-05-15,462,462,12
920,737,8,1,2025-05-14,2025-05-14,2025-05-15,92,92,2
921,738,36,1,2025-05-08,2025-05-27,2025-05-17,848,848,5
922,739,41,1,2025-05-14,2025-05-24,2025-05-24,350,350,25
923,740,40,1,2025-05-15,2025-05-26,2025-05-28,54,54,1
924,740,40,1,2025-05-17,2025-05-26,2025-05-28,104,104,0
925,741,49,2,2025-05-09,2025-05-09,2025-05-10,113,113,5
926,742,32,2,2025-05-10,2025-05-11,2025-05-11,1351,1351,2
927,743,14,1,2025-05-09,2025-05-16,2025-05-18,15,15,0
928,743,14,1,2025-05-13,2025-05-15,2025-05-18,5,5,0
929,743,14,1,2025-05-10,2025-05-15,2025-05-18,10,10,0
930,744,40,1,2025-05-16,2025-05-26,2025-05-28,29,29,0
931,744,40,1,2025-05-12,2025-05-28,2025-05-28,34,34,0
932,745,21,2,2025-05-09,2025-05-09,2025-05-12,109,109,3
933,746,10,2,2025-05-16,2025-05-30,2025-05-31,988,988,55
934,747,21,3,2025-05-09,2025-05-23,2025-05-12,36,36,1
935,748,39,3,2025-05-06,2025-05-11,2025-05-12,76,76,2
936,749,21,1,2025-05-12,2025-05-12,2025-05-12,6,6,0
937,750,31,1,2025-05-17,2025-06-03,2025-06-06,1017,1017,7
938,751,48,1,2025-05-23,2025-05-31,2025-06-01,106,106,4
939,752,43,1,2025-05-11,2025-05-16,2025-05-15,18,18,1
940,753,16,1,2025-05-06,2025-05-12,2025-05-12,92,92,1
941,754,36,1,2025-05-10,2025-05-15,2025-05-17,8,8,0
942,755,44,3,2025-05-10,2025-05-25,2025-05-26,12,12,0
943,755,44,3,2025-05-16,2025-05-24,2025-05-26,11,11,0
944,756,15,3,2025-05-09,2025-05-09,2025-05-12,2,2,0
945,756,15,3,2025-05-06,2025-05-10,2025-05-12,1,1,0
946,756,15,3,2025-05-07,2025-05-19,2025-05-12,2,2,0
947,757,41,3,2025-05-15,2025-05-23,2025-05-24,22,22,2
948,758,7,3,2025-05-24,2025-06-06,2025-06-09,6,6,0
949,758,7,3,2025-05-24,2025-06-06,2025-06-09,3,3,0
950,758,7,3,2025-05-23,2025-06-06,2025-06-09,4,4,0
951,759,41,2,2025-05-11,2025-05-23,2025-05-24,74,74,6
952,760,32,4,2025-05-06,2025-05-11,2025-05-11,13,13,0
953,761,35,4,2025-05-06,2025-05-15,2025-05-17,16,16,0
954,762,44,10,2025-05-11,2025-05-24,2025-05-26,18,18,0
955,763,24,10,2025-05-20,2025-05-25,2025-05-27,1387,1387,25
956,764,40,10,2025-05-14,2025-05-25,2025-05-28,12,12,0
957,765,16,10,2025-05-06,2025-05-09,2025-05-12,25,25,0
958,766,39,10,2025-05-11,2025-05-11,2025-05-12,527,527,10
959,767,43,10,2025-05-08,2025-05-14,2025-05-15,925,925,61
960,768,25,10,2025-05-11,2025-05-11,2025-05-13,43,43,0
961,769,35,4,2025-05-06,2025-05-15,2025-05-17,14,14,0
962,770,11,4,2025-05-08,2025-05-28,2025-05-18,83,83,1
963,771,24,6,2025-05-14,2025-06-03,2025-05-28,226,226,0
964,772,11,6,2025-05-08,2025-05-18,2025-05-19,1292,1292,40
965,773,29,8,2025-05-18,2025-05-29,2025-05-30,176,176,1
966,774,12,10,2025-05-15,2025-05-25,2025-05-26,129,129,2
967,775,47,10,2025-05-20,2025-05-29,2025-05-29,6,6,0
968,775,47,10,2025-05-21,2025-05-29,2025-05-29,2,2,0
969,775,47,10,2025-05-15,2025-05-29,2025-05-29,3,3,0
970,776,43,10,2025-05-08,2025-05-26,2025-05-17,345,345,12
971,777,5,9,2025-05-10,2025-05-10,2025-05-13,6,6,0
972,778,40,9,2025-05-22,2025-05-30,2025-05-30,54,54,0
973,779,36,9,2025-05-16,2025-05-17,2025-05-19,152,152,5
974,780,10,9,2025-05-17,2025-06-14,2025-06-02,22,22,0
975,781,36,9,2025-05-17,2025-05-17,2025-05-19,27,27,2
976,782,37,8,2025-05-23,2025-06-06,2025-06-07,61,61,1
977,783,19,8,2025-05-08,2025-05-11,2025-05-12,104,104,4
978,784,17,10,2025-05-19,2025-05-19,2025-05-19,14,14,0
979,785,23,10,2025-05-12,2025-05-18,2025-05-18,36,36,0
980,786,41,10,2025-05-15,2025-06-02,2025-05-26,95,95,10
981,787,11,10,2025-05-17,2025-05-18,2025-05-20,48,48,2
982,788,42,10,2025-05-11,2025-05-28,2025-05-21,1049,1049,5
983,789,20,10,2025-05-08,2025-05-13,2025-05-13,12,12,0
984,790,5,3,2025-05-09,2025-05-25,2025-05-13,8,8,0
985,791,21,3,2025-05-09,2025-05-14,2025-05-14,12,12,0
986,792,30,10,2025-05-09,2025-05-15,2025-05-18,84,84,1
987,792,30,10,2025-05-19,2025-05-19,2025-05-18,202,202,1
988,793,8,10,2025-05-17,2025-05-17,2025-05-17,11,11,0
989,794,43,6,2025-05-11,2025-05-16,2025-05-17,6,6,0
990,795,35,6,2025-05-10,2025-05-16,2025-05-19,1517,1517,8
991,796,50,6,2025-05-16,2025-05-25,2025-05-26,9,9,0
992,797,32,6,2025-05-09,2025-05-12,2025-05-13,408,408,2
993,797,32,6,2025-05-12,2025-05-12,2025-05-13,438,438,0
994,798,39,6,2025-05-12,2025-05-14,2025-05-14,5,5,0
995,798,39,6,2025-05-08,2025-05-11,2025-05-14,8,8,0
996,799,45,2,2025-05-21,2025-06-01,2025-06-01,97,97,1
997,800,30,2,2025-05-15,2025-05-18,2025-05-18,546,546,4
998,801,2,2,2025-05-16,2025-05-24,2025-05-25,44,44,1
999,802,27,2,2025-05-19,2025-05-19,2025-05-20,59,59,1
1000,803,20,2,2025-05-13,2025-05-13,2025-05-13,25,25,1
1001,803,20,2,2025-05-13,2025-05-13,2025-05-13,23,23,0
1002,804,41,2,2025-05-18,2025-05-24,2025-05-26,4,4,0
1003,804,41,2,2025-05-17,2025-05-29,2025-05-26,2,2,0
1004,804,41,2,2025-05-13,2025-05-25,2025-05-26,2,2,0
1005,805,10,2,2025-05-21,2025-05-31,2025-06-02,8,8,0
1006,806,7,2,2025-05-27,2025-06-11,2025-06-11,987,987,15
1007,807,4,2,2025-05-14,2025-05-27,2025-05-29,126,126,3
1008,808,16,7,2025-05-11,2025-05-12,2025-05-14,715,715,9
1009,809,41,7,2025-05-22,2025-06-01,2025-05-26,99,99,5
1010,809,41,7,2025-05-11,2025-05-24,2025-05-26,82,82,2
1011,809,41,7,2025-05-16,2025-05-24,2025-05-26,73,73,5
1012,810,18,5,2025-05-10,2025-05-11,2025-05-13,172,172,5
1013,811,37,5,2025-05-22,2025-06-04,2025-06-07,30,30,1
1014,811,37,5,2025-05-20,2025-06-07,2025-06-07,11,11,0
1015,811,37,5,2025-05-24,2025-06-06,2025-06-07,25,25,1
1016,812,2,5,2025-05-20,2025-05-25,2025-05-25,6,6,0
1017,813,22,2,2025-05-10,2025-05-12,2025-05-14,41,41,1
1018,814,35,2,2025-05-13,2025-05-17,2025-05-20,31,31,0
1019,815,19,2,2025-05-09,2025-05-25,2025-05-13,417,417,27
1020,816,2,7,2025-05-16,2025-05-26,2025-05-26,12,12,0
1021,817,25,9,2025-05-09,2025-05-16,2025-05-16,13,13,0
1022,818,21,9,2025-05-10,2025-05-15,2025-05-15,985,985,30
1023,819,28,9,2025-05-20,2025-05-25,2025-05-27,63,63,1
1024,820,8,9,2025-05-09,2025-05-17,2025-05-18,8,8,0
1025,821,41,9,2025-05-23,2025-05-26,2025-05-27,8,8,0
1026,822,1,2,2025-05-13,2025-05-21,2025-05-21,25,25,0
1027,823,30,2,2025-05-11,2025-05-17,2025-05-19,28,28,0
1028,824,40,2,2025-05-18,2025-05-30,2025-05-31,16,16,0
1029,824,40,2,2025-05-19,2025-05-28,2025-05-31,11,11,0
1030,824,40,2,2025-05-14,2025-05-30,2025-05-31,8,8,0
1031,825,22,2,2025-05-09,2025-05-14,2025-05-14,18,18,0
1032,826,17,1,2025-05-14,2025-05-20,2025-05-20,19,19,3
1033,827,30,1,2025-05-17,2025-05-19,2025-05-19,352,352,1
1034,827,30,1,2025-05-10,2025-05-17,2025-05-19,283,283,2
1035,828,28,7,2025-05-14,2025-05-27,2025-05-27,47,47,0
1036,829,9,3,2025-05-22,2025-05-26,2025-05-28,33,33,0
1037,830,35,3,2025-05-17,2025-05-17,2025-05-20,70,70,1
1038,831,35,3,2025-05-15,2025-05-19,2025-05-20,109,109,2
1039,832,3,8,2025-05-25,2025-06-13,2025-06-13,679,679,1
1040,833,8,8,2025-05-14,2025-05-16,2025-05-19,59,59,2
1041,834,35,7,2025-05-10,2025-05-21,2025-05-21,29,29,0
1042,834,35,7,2025-05-19,2025-05-21,2025-05-21,33,33,0
1043,835,44,7,2025-05-20,2025-05-30,2025-05-30,59,59,0
1044,836,11,7,2025-05-14,2025-05-21,2025-05-22,309,309,8
1045,836,11,7,2025-05-18,2025-05-26,2025-05-22,309,309,3
1046,836,11,7,2025-05-18,2025-05-29,2025-05-22,260,260,9
1047,837,36,1,2025-05-11,2025-05-19,2025-05-21,15,15,1
1048,837,36,1,2025-05-12,2025-05-20,2025-05-21,5,5,0
1049,837,36,1,2025-05-11,2025-05-19,2025-05-21,4,4,0
1050,838,8,1,2025-05-11,2025-05-16,2025-05-19,399,399,1
1051,839,3,1,2025-05-20,2025-06-13,2025-06-13,91,91,3
1052,839,3,1,2025-05-28,2025-06-11,2025-06-13,74,74,4
1053,840,43,1,2025-05-10,2025-05-16,2025-05-19,3,3,0
1054,840,43,1,2025-05-10,2025-05-25,2025-05-19,3,3,0
1055,841,19,1,2025-05-16,2025-05-16,2025-05-14,5,5,0
1056,842,36,5,2025-05-15,2025-05-22,2025-05-21,200,200,0
1057,842,36,5,2025-05-14,2025-05-25,2025-05-21,181,181,7
1058,843,7,6,2025-05-28,2025-06-13,2025-06-13,226,226,3
1059,843,7,6,2025-05-22,2025-06-11,2025-06-13,250,250,0
1060,844,21,6,2025-05-14,2025-05-14,2025-05-16,383,383,11
1061,845,35,9,2025-05-12,2025-05-20,2025-05-21,50,50,0
1062,846,50,9,2025-05-25,2025-05-25,2025-05-28,174,174,6
1063,846,50,9,2025-05-16,2025-06-01,2025-05-28,304,304,5
1064,847,37,9,2025-05-27,2025-06-18,2025-06-09,188,188,1
1065,848,30,6,2025-05-18,2025-05-18,2025-05-20,6,6,0
1066,849,17,6,2025-05-18,2025-05-19,2025-05-21,102,102,5
1067,850,17,9,2025-05-13,2025-05-21,2025-05-21,13,13,2
1068,851,3,9,2025-05-25,2025-06-14,2025-06-13,71,71,3
1069,852,8,9,2025-05-16,2025-05-19,2025-05-19,1063,1063,18
1070,853,40,9,2025-05-13,2025-05-31,2025-06-01,95,95,1
1071,854,4,9,2025-05-13,2025-06-01,2025-05-31,95,95,2
1072,855,45,2,2025-05-23,2025-05-31,2025-06-03,285,285,1
1073,856,13,2,2025-05-11,2025-05-20,2025-05-22,256,256,0
1074,857,19,2,2025-05-11,2025-05-12,2025-05-14,46,46,1
1075,858,42,5,2025-05-16,2025-05-22,2025-05-23,79,79,1
1076,859,22,5,2025-05-10,2025-05-13,2025-05-15,10,10,0
1077,860,31,5,2025-05-23,2025-06-08,2025-06-10,46,46,1
1078,861,34,1,2025-05-25,2025-06-10,2025-06-13,40,40,2
1079,861,34,1,2025-05-25,2025-06-13,2025-06-13,38,38,0
1080,861,34,1,2025-05-24,2025-06-16,2025-06-13,31,31,1
1081,862,26,1,2025-05-12,2025-05-20,2025-05-22,1046,1046,34
1082,863,39,1,2025-05-15,2025-05-15,2025-05-16,13,13,0
1083,864,35,1,2025-05-13,2025-05-19,2025-05-21,783,783,6
1084,865,16,1,2025-05-13,2025-05-16,2025-05-16,52,52,0
1085,866,25,7,2025-05-15,2025-05-15,2025-05-17,813,813,11
1086,867,16,4,2025-05-18,2025-05-18,2025-05-16,12,12,0
1087,868,37,4,2025-05-25,2025-06-08,2025-06-09,16,16,0
1088,869,7,4,2025-05-27,2025-06-13,2025-06-13,85,85,0
1089,870,4,7,2025-05-19,2025-05-29,2025-06-01,4,4,0
1090,870,4,7,2025-05-19,2025-05-30,2025-06-01,3,3,0
1091,871,5,7,2025-05-15,2025-05-16,2025-05-16,336,336,8
1092,872,5,7,2025-05-14,2025-05-21,2025-05-16,14,14,0
1093,872,5,7,2025-05-13,2025-05-13,2025-05-16,11,11,1
1094,873,35,7,2025-05-16,2025-05-20,2025-05-22,40,40,0
1095,874,4,7,2025-05-23,2025-06-01,2025-06-01,53,53,1
1096,875,16,7,2025-05-17,2025-05-17,2025-05-17,58,58,0
1097,875,16,7,2025-05-15,2025-05-15,2025-05-17,38,38,0
1098,875,16,7,2025-05-11,2025-05-17,2025-05-17,26,26,0
1099,876,48,2,2025-05-25,2025-06-05,2025-06-06,10,10,0
1100,877,42,2,2025-05-18,2025-05-21,2025-05-24,359,359,7
1101,878,35,4,2025-05-14,2025-05-25,2025-05-23,1175,1175,5
1102,879,15,4,2025-05-21,2025-05-21,2025-05-18,5,5,0
1103,880,37,4,2025-05-26,2025-06-10,2025-06-11,104,104,3
1104,881,15,4,2025-05-13,2025-05-30,2025-05-18,805,805,28
1105,882,36,9,2025-05-14,2025-05-22,2025-05-23,55,55,3
1106,883,49,10,2025-05-14,2025-05-14,2025-05-16,446,446,18
1107,884,30,10,2025-05-14,2025-05-20,2025-05-22,14,14,0
1108,885,39,10,2025-05-15,2025-05-16,2025-05-18,13,13,0
1109,886,47,1,2025-05-20,2025-06-02,2025-06-03,218,218,14
1110,887,23,1,2025-05-18,2025-05-20,2025-05-23,51,51,3
1111,887,23,1,2025-05-16,2025-05-23,2025-05-23,50,50,3
1112,887,23,1,2025-05-19,2025-05-22,2025-05-23,38,38,1
1113,888,40,1,2025-05-20,2025-06-03,2025-06-04,15,15,0
1114,889,21,1,2025-05-14,2025-05-17,2025-05-19,44,44,1
1115,890,30,1,2025-05-18,2025-05-21,2025-05-23,112,112,1
1116,891,44,1,2025-05-25,2025-06-02,2025-06-02,599,599,2
1117,892,2,2,2025-05-21,2025-06-02,2025-05-30,227,227,4
1118,893,7,2,2025-06-04,2025-06-22,2025-06-16,347,347,0
1119,894,41,8,2025-05-17,2025-05-28,2025-05-31,4,4,0
1120,895,35,8,2025-05-16,2025-05-21,2025-05-24,751,751,13
1121,896,8,8,2025-05-15,2025-05-21,2025-05-22,202,202,6
1122,896,8,8,2025-05-14,2025-05-21,2025-05-22,239,239,0
1123,897,46,10,2025-05-25,2025-06-06,2025-06-08,104,104,3
1124,898,15,10,2025-05-20,2025-05-20,2025-05-19,69,69,2
1125,899,30,10,2025-05-14,2025-05-20,2025-05-23,116,116,0
1126,900,13,7,2025-05-20,2025-05-22,2025-05-25,222,222,0
1127,901,47,7,2025-05-22,2025-05-31,2025-06-03,172,172,6
1128,902,49,7,2025-05-16,2025-05-17,2025-05-17,75,75,0
1129,903,50,9,2025-05-22,2025-05-31,2025-05-31,30,30,1
1130,904,15,7,2025-05-14,2025-05-19,2025-05-19,745,745,26
1131,905,21,7,2025-05-17,2025-05-19,2025-05-19,84,84,2
1132,906,36,6,2025-05-19,2025-05-24,2025-05-24,31,31,2
1133,907,2,6,2025-05-23,2025-05-29,2025-05-30,172,172,4
1134,908,15,9,2025-05-16,2025-05-17,2025-05-19,11,11,0
1135,909,9,9,2025-05-25,2025-06-01,2025-06-01,234,234,8
1136,910,15,9,2025-05-14,2025-05-23,2025-05-19,694,694,37
1137,911,39,9,2025-05-15,2025-05-18,2025-05-19,3,3,0
1138,911,39,9,2025-05-18,2025-05-18,2025-05-19,7,7,0
1139,912,32,6,2025-05-16,2025-05-16,2025-05-18,23,23,0
1140,913,19,6,2025-05-13,2025-05-16,2025-05-17,14,14,1
1141,914,37,6,2025-05-27,2025-06-12,2025-06-12,119,119,3
1142,914,37,6,2025-05-24,2025-06-12,2025-06-12,56,56,0
1143,914,37,6,2025-05-31,2025-06-12,2025-06-12,38,38,1
1144,915,41,6,2025-05-23,2025-06-05,2025-05-31,132,132,5
1145,916,18,8,2025-05-14,2025-05-15,2025-05-18,635,635,18
1146,917,49,8,2025-05-14,2025-05-15,2025-05-17,17,17,0
1147,918,17,8,2025-05-18,2025-05-24,2025-05-24,17,17,2
1148,919,18,8,2025-05-13,2025-05-18,2025-05-18,272,272,5
1149,920,46,8,2025-05-21,2025-06-05,2025-06-08,42,42,2
1150,921,45,8,2025-05-25,2025-06-06,2025-06-06,19,19,0
1151,922,4,7,2025-05-24,2025-06-05,2025-06-03,41,41,2
1152,922,4,7,2025-05-20,2025-05-31,2025-06-03,53,53,1
1153,923,28,7,2025-05-17,2025-05-29,2025-05-31,97,97,2
1154,923,28,7,2025-05-20,2025-05-31,2025-05-31,71,71,1
1155,924,12,7,2025-05-13,2025-05-29,2025-05-31,179,179,4
1156,924,12,7,2025-05-19,2025-05-29,2025-05-31,445,445,6
1157,925,32,3,2025-05-13,2025-05-15,2025-05-18,14,14,0
1158,926,41,3,2025-05-21,2025-05-29,2025-05-31,28,28,2
1159,927,10,1,2025-05-26,2025-06-06,2025-06-07,44,44,0
1160,927,10,1,2025-05-22,2025-06-08,2025-06-07,46,46,2
1161,928,9,1,2025-05-23,2025-06-01,2025-06-01,401,401,8
1162,928,9,1,2025-05-26,2025-06-11,2025-06-01,828,828,20
1163,929,4,1,2025-05-20,2025-06-02,2025-06-03,81,81,2
1164,930,50,1,2025-05-18,2025-06-06,2025-05-31,4,4,0
1165,931,1,1,2025-05-18,2025-05-24,2025-05-25,11,11,0
1166,932,36,8,2025-05-20,2025-05-23,2025-05-25,182,182,6
1167,932,36,8,2025-05-17,2025-05-23,2025-05-25,138,138,5
1168,933,10,8,2025-05-27,2025-06-19,2025-06-08,63,63,2
1169,933,10,8,2025-05-30,2025-06-16,2025-06-08,48,48,1
1170,934,37,3,2025-05-25,2025-06-10,2025-06-13,7,7,0
1171,935,21,3,2025-05-14,2025-05-26,2025-05-20,21,21,1
1172,936,31,3,2025-05-23,2025-06-12,2025-06-14,9,9,0
1173,937,4,3,2025-05-20,2025-06-03,2025-06-04,11,11,0
1174,938,50,3,2025-05-25,2025-06-10,2025-06-01,54,54,4
1175,939,11,9,2025-05-21,2025-06-07,2025-05-26,406,406,13
1176,940,35,9,2025-05-22,2025-05-22,2025-05-25,173,173,4
1177,941,42,9,2025-05-22,2025-06-07,2025-05-27,4,4,0
1178,941,42,9,2025-05-21,2025-05-25,2025-05-27,6,6,0
1179,942,10,9,2025-05-26,2025-06-07,2025-06-08,219,219,3
1180,943,30,9,2025-05-19,2025-05-21,2025-05-24,1004,1004,3
1181,944,21,5,2025-05-16,2025-05-18,2025-05-20,18,18,1
1182,945,41,1,2025-05-18,2025-06-01,2025-06-01,63,63,4
1183,946,37,1,2025-05-27,2025-06-13,2025-06-13,914,914,5
1184,947,36,1,2025-05-19,2025-05-25,2025-05-25,220,220,5
1185,948,19,6,2025-05-14,2025-05-29,2025-05-18,6,6,0
1186,949,33,6,2025-05-22,2025-06-05,2025-06-08,282,282,11
1187,949,33,6,2025-05-24,2025-06-05,2025-06-08,263,263,9
1188,950,10,6,2025-05-24,2025-06-08,2025-06-08,4,4,0
1189,951,41,7,2025-05-22,2025-06-11,2025-06-01,25,25,1
1190,951,41,7,2025-05-22,2025-05-29,2025-06-01,46,46,2
1191,952,18,7,2025-05-16,2025-05-28,2025-05-19,1080,1080,34
1192,953,11,7,2025-05-23,2025-05-24,2025-05-26,404,404,5
1193,953,11,7,2025-05-19,2025-05-23,2025-05-26,326,326,6
1194,954,36,4,2025-05-16,2025-05-25,2025-05-26,38,38,1
1195,955,8,2,2025-05-18,2025-05-23,2025-05-24,251,251,2
1196,955,8,2,2025-05-19,2025-05-24,2025-05-24,434,434,3
1197,956,33,2,2025-05-30,2025-06-06,2025-06-09,212,212,6
1198,957,5,2,2025-05-19,2025-05-20,2025-05-20,357,357,21
1199,958,43,3,2025-05-20,2025-05-22,2025-05-24,9,9,0
1200,959,5,3,2025-05-19,2025-05-19,2025-05-20,156,156,6
1201,960,15,3,2025-05-17,2025-05-21,2025-05-21,7,7,0
1202,961,45,3,2025-05-26,2025-06-07,2025-06-08,77,77,0
1203,962,43,8,2025-05-17,2025-05-23,2025-05-24,56,56,2
1204,963,5,8,2025-05-15,2025-05-19,2025-05-20,427,427,14
1205,964,8,9,2025-05-21,2025-05-23,2025-05-24,32,32,1
1206,964,8,9,2025-05-18,2025-05-23,2025-05-24,45,45,0
1207,965,36,3,2025-05-24,2025-06-05,2025-05-26,59,59,0
1208,966,4,8,2025-05-24,2025-06-02,2025-06-05,45,45,2
1209,967,41,8,2025-05-22,2025-06-01,2025-06-02,76,76,0
1210,968,16,8,2025-05-22,2025-05-22,2025-05-21,42,42,0
1211,969,11,5,2025-05-27,2025-05-27,2025-05-27,313,313,6
1212,970,12,5,2025-05-20,2025-06-01,2025-06-02,115,115,1
1213,971,5,10,2025-05-17,2025-05-20,2025-05-20,806,806,53
1214,972,3,10,2025-05-30,2025-06-22,2025-06-18,35,35,2
1215,972,3,10,2025-06-01,2025-06-19,2025-06-18,37,37,3
1216,973,5,10,2025-05-16,2025-05-24,2025-05-20,57,57,0
1217,974,32,10,2025-05-20,2025-05-20,2025-05-20,13,13,0
1218,975,12,9,2025-05-25,2025-06-01,2025-06-03,11,11,0
1219,976,4,6,2025-05-23,2025-06-06,2025-06-06,47,47,0
1220,977,30,6,2025-05-21,2025-05-23,2025-05-26,668,668,8
1221,978,1,6,2025-05-19,2025-05-27,2025-05-28,5,5,0
1222,978,1,6,2025-05-20,2025-05-25,2025-05-28,5,5,0
1223,979,43,9,2025-05-26,2025-05-26,2025-05-25,87,87,5
1224,979,43,9,2025-05-23,2025-05-23,2025-05-25,88,88,6
1225,980,15,9,2025-05-21,2025-05-21,2025-05-22,970,970,38
1226,981,31,10,2025-05-28,2025-06-16,2025-06-16,11,11,0
1227,981,31,10,2025-05-23,2025-06-14,2025-06-16,11,11,0
1228,982,35,10,2025-05-23,2025-05-24,2025-05-27,10,10,0
1229,983,35,10,2025-05-17,2025-05-27,2025-05-27,109,109,0
1230,984,30,10,2025-05-18,2025-05-24,2025-05-26,245,245,1
1231,985,43,9,2025-05-20,2025-06-02,2025-05-25,5,5,0
1232,986,5,9,2025-05-18,2025-05-18,2025-05-21,4,4,0
1233,986,5,9,2025-05-16,2025-05-19,2025-05-21,4,4,0
1234,987,29,9,2025-05-25,2025-06-07,2025-06-08,8,8,0
1235,988,39,2,2025-05-16,2025-05-20,2025-05-22,10,10,0
1236,989,7,2,2025-06-03,2025-06-19,2025-06-19,62,62,1
1237,989,7,2,2025-06-04,2025-06-18,2025-06-19,32,32,1
1238,989,7,2,2025-06-06,2025-06-19,2025-06-19,28,28,0
1239,990,43,2,2025-05-16,2025-05-22,2025-05-25,25,25,1
1240,991,7,10,2025-06-03,2025-06-18,2025-06-19,575,575,5
1241,992,22,10,2025-05-18,2025-05-20,2025-05-21,16,16,0
1242,993,30,7,2025-05-20,2025-06-01,2025-05-27,30,30,0
1243,994,50,9,2025-05-25,2025-06-01,2025-06-04,8,8,0
1244,995,30,9,2025-05-22,2025-05-25,2025-05-27,929,929,3
1245,996,39,2,2025-05-21,2025-05-23,2025-05-23,26,26,0
1246,996,39,2,2025-05-17,2025-05-22,2025-05-23,27,27,1
1247,997,33,2,2025-05-26,2025-06-10,2025-06-11,18,18,0
1248,998,5,2,2025-05-21,2025-05-21,2025-05-22,479,479,7
1249,999,38,2,2025-05-20,2025-05-21,2025-05-21,316,316,9
1250,999,38,2,2025-05-18,2025-05-19,2025-05-21,229,229,9
1251,1000,42,5,2025-05-19,2025-06-10,2025-05-30,563,563,13
1252,1000,42,5,2025-05-23,2025-05-27,2025-05-30,173,173,2
1253,1000,42,5,2025-05-19,2025-06-08,2025-05-30,278,278,15
1254,1001,1,3,2025-05-17,2025-05-29,2025-05-29,81,81,1
1255,1002,18,3,2025-05-20,2025-05-22,2025-05-22,8,8,0
1256,1003,25,3,2025-05-20,2025-05-23,2025-05-24,586,586,9
1257,1004,47,4,2025-05-28,2025-06-13,2025-06-07,316,316,9
1258,1005,28,4,2025-05-27,2025-06-04,2025-06-04,12,12,0
1259,1006,20,4,2025-05-17,2025-05-21,2025-05-22,112,112,3
1260,1007,17,4,2025-05-22,2025-05-28,2025-05-28,8,8,1
1261,1008,48,1,2025-05-28,2025-06-11,2025-06-12,176,176,11
1262,1009,42,1,2025-05-18,2025-05-28,2025-05-30,12,12,0
1263,1009,42,1,2025-05-20,2025-05-27,2025-05-30,5,5,0
1264,1009,42,1,2025-05-25,2025-05-30,2025-05-30,5,5,0
1265,1010,35,1,2025-05-24,2025-05-27,2025-05-28,558,558,4
1266,1011,43,1,2025-05-25,2025-05-25,2025-05-26,341,341,17
1267,1011,43,1,2025-05-25,2025-05-25,2025-05-26,306,306,14
1268,1012,28,1,2025-05-24,2025-06-04,2025-06-04,431,431,4
1269,1013,13,1,2025-05-21,2025-05-29,2025-05-29,1322,1322,20
1270,1014,16,1,2025-05-17,2025-05-23,2025-05-23,23,23,0
1271,1015,1,1,2025-05-22,2025-05-26,2025-05-29,26,26,0
1272,1016,35,1,2025-05-21,2025-05-25,2025-05-28,167,167,0
1273,1016,35,1,2025-05-21,2025-05-26,2025-05-28,202,202,1
1274,1017,44,5,2025-05-31,2025-06-05,2025-06-06,24,24,0
1275,1017,44,5,2025-05-29,2025-06-05,2025-06-06,26,26,1
1276,1018,50,5,2025-05-29,2025-06-02,2025-06-04,305,305,12
1277,1018,50,5,2025-05-25,2025-06-01,2025-06-04,488,488,22
1278,1019,11,5,2025-05-22,2025-05-27,2025-05-29,204,204,9
1279,1019,11,5,2025-05-23,2025-05-28,2025-05-29,134,134,1
1280,1019,11,5,2025-05-23,2025-05-29,2025-05-29,239,239,4
1281,1020,30,5,2025-05-26,2025-05-26,2025-05-27,105,105,0
1282,1020,30,5,2025-05-25,2025-05-25,2025-05-27,75,75,0
1283,1021,1,5,2025-05-21,2025-05-27,2025-05-29,6,6,0
1284,1021,1,5,2025-05-25,2025-05-29,2025-05-29,2,2,0
1285,1021,1,5,2025-05-18,2025-05-29,2025-05-29,3,3,0
1286,1022,30,5,2025-05-17,2025-05-25,2025-05-27,255,255,2
1287,1023,8,1,2025-05-24,2025-05-24,2025-05-27,244,244,3
1288,1024,8,1,2025-05-22,2025-05-24,2025-05-27,95,95,1
1289,1025,35,1,2025-05-24,2025-05-27,2025-05-29,106,106,1
1290,1026,27,1,2025-05-19,2025-05-28,2025-05-30,82,82,3
1291,1027,47,1,2025-05-26,2025-06-19,2025-06-08,844,844,44
1292,1028,35,8,2025-05-22,2025-05-27,2025-05-29,537,537,7
1293,1029,45,8,2025-05-31,2025-06-08,2025-06-11,181,181,0
1294,1030,43,4,2025-05-20,2025-05-27,2025-05-27,33,33,1
1295,1031,6,4,2025-05-25,2025-06-05,2025-06-05,592,592,3
1296,1032,33,4,2025-06-04,2025-06-12,2025-06-12,21,21,0
1297,1032,33,4,2025-05-29,2025-06-10,2025-06-12,13,13,0
1298,1032,33,4,2025-05-31,2025-06-12,2025-06-12,9,9,0
1299,1033,12,7,2025-05-30,2025-06-03,2025-06-06,39,39,1
1300,1034,36,7,2025-05-19,2025-05-28,2025-05-30,199,199,9
1301,1035,30,7,2025-05-24,2025-05-27,2025-05-29,64,64,0
1302,1036,3,10,2025-06-07,2025-06-23,2025-06-22,30,30,2
1303,1037,9,5,2025-05-25,2025-06-04,2025-06-07,628,628,4
1304,1038,43,5,2025-05-19,2025-05-28,2025-05-28,138,138,7
1305,1038,43,5,2025-05-22,2025-05-28,2025-05-28,97,97,1
1306,1038,43,5,2025-05-22,2025-05-27,2025-05-28,145,145,7
1307,1039,1,5,2025-05-19,2025-05-29,2025-05-31,9,9,0
1308,1040,43,5,2025-05-22,2025-05-25,2025-05-28,88,88,3
1309,1041,35,4,2025-05-25,2025-05-30,2025-05-31,48,48,0
1310,1042,16,4,2025-05-23,2025-05-24,2025-05-26,295,295,3
1311,1043,25,4,2025-05-23,2025-05-27,2025-05-27,14,14,0
1312,1043,25,4,2025-05-20,2025-05-27,2025-05-27,28,28,1
1313,1044,30,4,2025-05-20,2025-05-30,2025-05-30,48,48,1
1314,1045,20,10,2025-05-21,2025-05-25,2025-05-25,497,497,16
1315,1046,25,10,2025-05-20,2025-05-24,2025-05-27,143,143,2
1316,1047,7,3,2025-06-02,2025-06-20,2025-06-23,192,192,2
1317,1048,35,3,2025-05-26,2025-05-30,2025-05-31,29,29,0
1318,1049,4,6,2025-05-31,2025-06-10,2025-06-10,9,9,0
1319,1050,35,6,2025-05-22,2025-05-31,2025-05-31,17,17,0
1320,1051,45,6,2025-05-31,2025-06-11,2025-06-13,120,120,0
1321,1052,30,2,2025-05-25,2025-05-27,2025-05-30,23,23,0
1322,1053,10,2,2025-06-01,2025-06-14,2025-06-14,5,5,0
1323,1054,4,2,2025-06-02,2025-06-09,2025-06-10,104,104,4
1324,1055,36,5,2025-05-23,2025-05-29,2025-05-31,838,838,28
1325,1056,2,5,2025-06-02,2025-06-05,2025-06-06,32,32,0
1326,1057,36,6,2025-05-23,2025-05-28,2025-05-31,7,7,0
1327,1058,26,6,2025-05-31,2025-05-31,2025-06-01,44,44,1
1328,1059,39,1,2025-05-20,2025-05-26,2025-05-26,6,6,0
1329,1060,50,1,2025-05-29,2025-06-06,2025-06-07,104,104,4
1330,1060,50,1,2025-05-26,2025-06-05,2025-06-07,101,101,5
1331,1061,4,10,2025-05-30,2025-06-07,2025-06-10,57,57,1
1332,1062,45,10,2025-06-03,2025-06-11,2025-06-13,581,581,1
1333,1063,30,1,2025-05-28,2025-05-29,2025-05-31,88,88,1
1334,1064,41,3,2025-05-31,2025-06-14,2025-06-08,389,389,0
1335,1065,9,3,2025-06-05,2025-06-06,2025-06-09,1043,1043,18
1336,1066,2,3,2025-06-01,2025-06-05,2025-06-07,14,14,0
1337,1066,2,3,2025-05-24,2025-06-07,2025-06-07,24,24,1
1338,1067,16,3,2025-05-23,2025-05-25,2025-05-27,507,507,3
1339,1068,20,3,2025-05-25,2025-06-01,2025-05-26,865,865,18
1340,1069,8,3,2025-05-27,2025-05-30,2025-05-30,34,34,1
1341,1070,23,3,2025-05-22,2025-05-30,2025-05-31,5,5,0
1342,1070,23,3,2025-05-23,2025-05-30,2025-05-31,5,5,0
1343,1071,47,7,2025-05-28,2025-06-08,2025-06-11,59,59,4
1344,1072,26,7,2025-05-29,2025-05-30,2025-06-02,22,22,1
1345,1073,16,7,2025-05-25,2025-05-25,2025-05-27,10,10,0
1346,1074,30,7,2025-05-21,2025-05-30,2025-05-31,758,758,6
1347,1075,28,7,2025-06-02,2025-06-05,2025-06-08,63,63,1
1348,1076,44,7,2025-05-30,2025-06-08,2025-06-10,13,13,0
1349,1077,38,7,2025-05-27,2025-05-27,2025-05-25,139,139,0
1350,1078,3,2,2025-06-06,2025-06-22,2025-06-24,99,99,5
1351,1079,12,2,2025-05-31,2025-06-14,2025-06-08,225,225,4
1352,1080,42,10,2025-05-22,2025-06-03,2025-06-03,886,886,34
1353,1081,13,10,2025-05-26,2025-05-30,2025-06-02,22,22,0
1354,1082,28,10,2025-05-26,2025-06-05,2025-06-08,61,61,1
1355,1082,28,10,2025-06-03,2025-06-06,2025-06-08,114,114,0
1356,1083,2,10,2025-05-24,2025-06-07,2025-06-07,18,18,0
1357,1083,2,10,2025-05-26,2025-06-07,2025-06-07,9,9,0
1358,1083,2,10,2025-06-01,2025-06-05,2025-06-07,8,8,0
1359,1084,33,10,2025-06-01,2025-06-14,2025-06-15,12,12,0
1360,1085,43,2,2025-05-26,2025-05-30,2025-05-30,134,134,3
1361,1086,19,2,2025-05-24,2025-05-24,2025-05-25,87,87,4
1362,1086,19,2,2025-05-23,2025-05-23,2025-05-25,82,82,5
1363,1087,16,2,2025-05-28,2025-05-28,2025-05-27,25,25,0
1364,1088,16,2,2025-05-26,2025-05-26,2025-05-27,57,57,0
1365,1088,16,2,2025-05-21,2025-05-27,2025-05-27,88,88,1
1366,1089,10,3,2025-05-29,2025-06-15,2025-06-15,5,5,0
1367,1090,41,3,2025-05-29,2025-06-08,2025-06-08,8,8,0
1368,1091,46,3,2025-05-31,2025-06-15,2025-06-16,30,30,1
1369,1092,32,3,2025-05-22,2025-05-25,2025-05-26,1388,1388,20
1370,1093,4,3,2025-05-30,2025-06-11,2025-06-11,522,522,33
1371,1093,4,3,2025-05-28,2025-06-09,2025-06-11,579,579,24
1372,1094,20,3,2025-05-25,2025-05-25,2025-05-26,35,35,0
1373,1094,20,3,2025-05-22,2025-05-24,2025-05-26,24,24,0
1374,1095,5,4,2025-05-22,2025-05-26,2025-05-27,87,87,7
1375,1096,43,4,2025-05-24,2025-05-30,2025-05-31,20,20,1
1376,1097,30,3,2025-05-22,2025-05-31,2025-06-01,239,239,0
1377,1098,18,3,2025-05-28,2025-05-28,2025-05-27,131,131,7
1378,1098,18,3,2025-05-25,2025-05-27,2025-05-27,170,170,1
1379,1099,44,10,2025-06-04,2025-06-08,2025-06-11,21,21,0
1380,1100,37,10,2025-06-05,2025-06-21,2025-06-21,25,25,1
1381,1100,37,10,2025-06-05,2025-06-20,2025-06-21,49,49,0
1382,1101,31,10,2025-06-05,2025-06-19,2025-06-22,1023,1023,21
1383,1102,27,4,2025-05-26,2025-06-02,2025-06-03,7,7,0
1384,1103,20,4,2025-05-26,2025-06-01,2025-05-27,25,25,1
1385,1104,35,4,2025-05-22,2025-05-31,2025-06-02,5,5,0
1386,1105,5,4,2025-05-24,2025-05-24,2025-05-27,505,505,0
1387,1106,1,4,2025-05-29,2025-06-03,2025-06-03,30,30,0
1388,1107,44,1,2025-05-30,2025-06-11,2025-06-11,13,13,0
1389,1108,13,1,2025-05-24,2025-05-31,2025-06-03,75,75,1
1390,1109,22,1,2025-05-23,2025-05-25,2025-05-27,91,91,3
1391,1110,8,1,2025-05-23,2025-05-28,2025-05-31,62,62,1
1392,1111,40,3,2025-05-31,2025-06-11,2025-06-13,13,13,0
1393,1112,13,3,2025-05-27,2025-06-01,2025-06-03,71,71,0
1394,1113,45,3,2025-06-04,2025-06-15,2025-06-15,7,7,0
1395,1113,45,3,2025-05-30,2025-06-13,2025-06-15,12,12,0
1396,1114,47,5,2025-06-01,2025-06-12,2025-06-12,506,506,7
1397,1115,16,5,2025-05-27,2025-05-27,2025-05-28,9,9,0
1398,1116,43,5,2025-05-24,2025-05-30,2025-05-31,305,305,2
1399,1117,33,6,2025-06-05,2025-06-14,2025-06-16,145,145,0
1400,1117,33,6,2025-06-08,2025-06-13,2025-06-16,223,223,9
1401,1118,22,5,2025-05-23,2025-05-25,2025-05-28,10,10,0
1402,1119,25,5,2025-05-24,2025-05-29,2025-05-30,615,615,5
1403,1120,17,1,2025-05-26,2025-06-02,2025-06-03,102,102,2
1404,1121,3,1,2025-06-10,2025-07-05,2025-06-26,394,394,32
1405,1122,5,9,2025-05-28,2025-05-28,2025-05-28,76,76,3
1406,1123,45,9,2025-05-27,2025-06-16,2025-06-16,76,76,0
1407,1124,41,9,2025-05-29,2025-06-07,2025-06-10,8,8,0
1408,1125,19,9,2025-05-23,2025-05-24,2025-05-27,2,2,0
1409,1125,19,9,2025-05-24,2025-05-26,2025-05-27,1,1,0
1410,1125,19,9,2025-05-23,2025-05-24,2025-05-27,2,2,0
1411,1126,35,9,2025-05-28,2025-06-01,2025-06-03,7,7,0
1412,1127,30,9,2025-05-26,2025-06-01,2025-06-02,216,216,1
1413,1128,32,10,2025-05-23,2025-05-26,2025-05-28,164,164,0
1414,1129,2,10,2025-06-01,2025-06-08,2025-06-09,43,43,1
1415,1130,38,6,2025-05-25,2025-05-27,2025-05-27,859,859,26
1416,1131,23,5,2025-05-27,2025-06-12,2025-06-02,150,150,11
1417,1132,10,5,2025-06-03,2025-06-15,2025-06-17,51,51,3
1418,1133,7,1,2025-06-11,2025-06-23,2025-06-26,288,288,3
1419,1134,35,1,2025-05-30,2025-06-02,2025-06-03,6,6,0
1420,1135,21,1,2025-05-23,2025-05-27,2025-05-29,45,45,1
1421,1136,11,3,2025-05-27,2025-06-04,2025-06-04,22,22,1
1422,1137,11,3,2025-05-24,2025-06-01,2025-06-04,18,18,0
1423,1138,6,7,2025-06-02,2025-06-10,2025-06-10,17,17,0
1424,1138,6,7,2025-05-28,2025-06-08,2025-06-10,5,5,0
1425,1138,6,7,2025-06-04,2025-06-08,2025-06-10,9,9,0
1426,1139,8,7,2025-05-28,2025-05-31,2025-06-01,9,9,0
1427,1140,18,7,2025-05-29,2025-05-29,2025-05-28,9,9,0
1428,1141,48,7,2025-06-04,2025-06-17,2025-06-18,9,9,0
1429,1141,48,7,2025-06-05,2025-06-20,2025-06-18,13,13,0
1430,1142,39,7,2025-05-23,2025-05-26,2025-05-29,29,29,1
1431,1143,12,7,2025-06-07,2025-06-10,2025-06-10,107,107,1
1432,1144,7,7,2025-06-04,2025-06-23,2025-06-26,25,25,1
1433,1144,7,7,2025-06-05,2025-06-23,2025-06-26,56,56,2
1434,1145,43,8,2025-05-28,2025-06-10,2025-06-02,17,17,0
1435,1146,44,5,2025-06-02,2025-06-12,2025-06-13,48,48,1
1436,1146,44,5,2025-06-07,2025-06-11,2025-06-13,63,63,1
1437,1147,36,5,2025-05-26,2025-06-04,2025-06-04,89,89,3
1438,1148,23,5,2025-05-28,2025-06-02,2025-06-03,10,10,1
1439,1148,23,5,2025-05-24,2025-06-03,2025-06-03,7,7,1
1440,1149,30,6,2025-05-28,2025-06-01,2025-06-03,32,32,0
1441,1149,30,6,2025-05-31,2025-06-02,2025-06-03,73,73,1
1442,1150,30,6,2025-05-26,2025-06-01,2025-06-03,25,25,0
1443,1150,30,6,2025-05-26,2025-06-01,2025-06-03,38,38,0
1444,1151,47,6,2025-06-03,2025-06-11,2025-06-14,18,18,1
1445,1152,20,6,2025-06-01,2025-06-01,2025-05-29,714,714,0
1446,1153,2,6,2025-06-02,2025-06-07,2025-06-10,514,514,5
1447,1154,45,5,2025-06-07,2025-06-16,2025-06-17,932,932,4
1448,1155,18,5,2025-05-25,2025-05-26,2025-05-29,31,31,1
1449,1156,11,5,2025-05-30,2025-06-03,2025-06-05,57,57,1
1450,1157,30,2,2025-05-29,2025-06-03,2025-06-03,126,126,1
1451,1158,28,2,2025-05-31,2025-06-09,2025-06-11,115,115,0
1452,1159,23,2,2025-05-29,2025-06-01,2025-06-03,354,354,13
1453,1160,10,2,2025-06-02,2025-06-17,2025-06-18,48,48,1
1454,1161,37,9,2025-06-05,2025-06-21,2025-06-23,126,126,3
1455,1162,28,9,2025-06-07,2025-06-10,2025-06-11,26,26,0
1456,1163,41,9,2025-05-31,2025-06-08,2025-06-11,823,823,42
1457,1164,16,5,2025-05-24,2025-05-29,2025-05-30,694,694,3
1458,1165,10,5,2025-06-08,2025-06-17,2025-06-18,516,516,18
1459,1166,39,2,2025-05-29,2025-05-29,2025-05-30,204,204,5
1460,1167,26,2,2025-05-25,2025-06-05,2025-06-05,9,9,0
1461,1168,39,2,2025-05-27,2025-05-30,2025-05-30,521,521,9
1462,1169,19,2,2025-05-29,2025-05-29,2025-05-28,8,8,0
1463,1170,36,2,2025-05-29,2025-06-02,2025-06-04,44,44,1
1464,1171,27,7,2025-05-29,2025-06-05,2025-06-05,9,9,0
1465,1172,37,7,2025-06-06,2025-06-23,2025-06-23,416,416,4
1466,1173,17,2,2025-05-27,2025-06-03,2025-06-04,184,184,15
1467,1174,43,2,2025-05-24,2025-06-02,2025-06-02,643,643,29
1468,1175,14,2,2025-05-28,2025-06-03,2025-06-05,120,120,0
1469,1176,19,2,2025-05-27,2025-06-06,2025-05-28,446,446,22
1470,1177,23,2,2025-05-28,2025-06-03,2025-06-03,8,8,1
1471,1178,15,8,2025-05-26,2025-05-27,2025-05-30,538,538,31
1472,1179,39,8,2025-05-27,2025-05-27,2025-05-30,34,34,1
1473,1180,17,8,2025-05-26,2025-06-03,2025-06-04,452,452,61
1474,1180,17,8,2025-05-29,2025-06-07,2025-06-04,564,564,71
1475,1181,40,8,2025-06-02,2025-06-12,2025-06-15,12,12,0
1476,1182,20,8,2025-05-24,2025-05-28,2025-05-29,32,32,1
1477,1183,43,8,2025-05-25,2025-06-04,2025-06-02,15,15,1
1478,1184,27,8,2025-05-30,2025-06-04,2025-06-05,480,480,9
1479,1185,50,8,2025-06-03,2025-06-18,2025-06-12,56,56,2
1480,1186,17,10,2025-05-28,2025-06-17,2025-06-05,87,87,15
1481,1187,42,10,2025-05-27,2025-06-04,2025-06-07,4,4,0
1482,1187,42,10,2025-06-07,2025-06-15,2025-06-07,6,6,0
1483,1188,46,7,2025-06-09,2025-06-19,2025-06-20,51,51,1
1484,1189,41,4,2025-06-04,2025-06-13,2025-06-12,666,666,74
1485,1190,35,4,2025-06-01,2025-06-02,2025-06-05,1046,1046,10
1486,1191,37,4,2025-06-08,2025-06-23,2025-06-24,12,12,0
1487,1192,47,4,2025-06-08,2025-06-19,2025-06-15,857,857,11
1488,1193,49,4,2025-06-02,2025-06-02,2025-05-29,828,828,22
1489,1194,46,4,2025-06-10,2025-06-19,2025-06-20,930,930,21
1490,1195,9,1,2025-06-01,2025-06-18,2025-06-14,65,65,1
1491,1196,43,1,2025-06-01,2025-06-01,2025-06-04,97,97,4
1492,1197,41,1,2025-06-04,2025-06-10,2025-06-13,35,35,2
1493,1198,50,5,2025-05-31,2025-06-10,2025-06-13,29,29,0
1494,1198,50,5,2025-05-26,2025-06-10,2025-06-13,52,52,1
1495,1199,20,7,2025-06-01,2025-06-01,2025-05-31,237,237,9
1496,1199,20,7,2025-06-01,2025-06-01,2025-05-31,362,362,6
1497,1200,35,7,2025-05-27,2025-06-06,2025-06-06,242,242,3
1498,1201,6,3,2025-05-29,2025-06-11,2025-06-14,941,941,1
1499,1202,36,3,2025-06-06,2025-06-06,2025-06-07,1015,1015,32
1500,1203,30,3,2025-05-27,2025-06-06,2025-06-06,658,658,2
1501,1204,36,3,2025-06-01,2025-06-07,2025-06-07,903,903,34
1502,1205,32,3,2025-05-29,2025-05-30,2025-06-01,245,245,2
1503,1205,32,3,2025-06-01,2025-06-01,2025-06-01,263,263,2
1504,1206,50,3,2025-06-04,2025-06-20,2025-06-14,17,17,0
1505,1206,50,3,2025-05-31,2025-06-13,2025-06-14,19,19,0
1506,1207,1,3,2025-05-30,2025-06-08,2025-06-08,10,10,0
1507,1208,12,3,2025-06-04,2025-06-14,2025-06-14,9,9,0
1508,1209,19,2,2025-06-03,2025-06-03,2025-05-31,7,7,0
1509,1210,21,8,2025-05-29,2025-05-31,2025-06-02,39,39,2
1510,1211,39,8,2025-05-31,2025-06-01,2025-06-02,438,438,7
1511,1211,39,8,2025-05-30,2025-05-31,2025-06-02,535,535,15
1512,1212,42,8,2025-05-31,2025-06-07,2025-06-09,6,6,0
1513,1213,20,8,2025-05-27,2025-05-31,2025-06-01,232,232,0
1514,1214,10,8,2025-06-10,2025-06-18,2025-06-21,6,6,0
1515,1214,10,8,2025-06-11,2025-06-20,2025-06-21,5,5,0
1516,1214,10,8,2025-06-07,2025-06-19,2025-06-21,8,8,0
1517,1215,48,9,2025-06-06,2025-06-19,2025-06-22,29,29,1
1518,1216,3,9,2025-06-16,2025-06-30,2025-06-30,49,49,2
1519,1217,21,5,2025-05-29,2025-05-30,2025-06-02,8,8,0
1520,1218,41,5,2025-06-02,2025-06-17,2025-06-14,3,3,0
1521,1219,8,5,2025-06-02,2025-06-03,2025-06-05,413,413,9
1522,1220,46,5,2025-06-01,2025-06-19,2025-06-22,8,8,0
1523,1221,20,9,2025-05-27,2025-05-30,2025-06-01,1095,1095,28
1524,1222,40,9,2025-06-13,2025-06-15,2025-06-18,10,10,0
1525,1222,40,9,2025-06-07,2025-06-15,2025-06-18,13,13,0
1526,1223,8,9,2025-06-02,2025-06-02,2025-06-05,1201,1201,9
1527,1224,29,9,2025-06-07,2025-06-19,2025-06-19,1269,1269,18
1528,1225,39,9,2025-05-27,2025-05-31,2025-06-02,220,220,1
1529,1226,36,9,2025-06-03,2025-06-07,2025-06-07,376,376,13
1530,1227,5,9,2025-05-29,2025-05-29,2025-06-01,59,59,4
1531,1228,49,9,2025-05-29,2025-05-29,2025-05-31,119,119,4
1532,1229,10,1,2025-06-04,2025-06-21,2025-06-21,224,224,7
1533,1230,22,1,2025-05-29,2025-06-09,2025-06-01,152,152,4
1534,1231,20,5,2025-05-30,2025-05-30,2025-06-01,470,470,13
1535,1232,1,5,2025-05-31,2025-06-06,2025-06-08,182,182,2
1536,1233,5,5,2025-05-28,2025-06-01,2025-06-01,7,7,0
1537,1233,5,5,2025-06-01,2025-06-01,2025-06-01,13,13,1
1538,1234,32,4,2025-05-30,2025-05-30,2025-06-01,254,254,0
1539,1235,3,4,2025-06-14,2025-06-29,2025-06-30,344,344,14
1540,1236,45,1,2025-06-08,2025-06-21,2025-06-21,261,261,1
1541,1237,25,1,2025-06-04,2025-06-04,2025-06-04,203,203,5
1542,1238,42,4,2025-06-02,2025-06-09,2025-06-10,490,490,21
1543,1239,42,4,2025-06-03,2025-06-21,2025-06-10,597,597,34
1544,1240,35,4,2025-06-04,2025-06-06,2025-06-08,26,26,1
1545,1241,18,4,2025-06-02,2025-06-02,2025-06-02,194,194,3
1546,1242,11,5,2025-05-30,2025-06-07,2025-06-09,58,58,1
1547,1243,7,5,2025-06-15,2025-07-01,2025-07-01,66,66,1
1548,1243,7,5,2025-06-12,2025-06-30,2025-07-01,20,20,0
1549,1243,7,5,2025-06-11,2025-06-29,2025-07-01,37,37,0
1550,1244,19,7,2025-06-07,2025-06-07,2025-06-01,425,425,27
1551,1245,41,7,2025-06-03,2025-06-15,2025-06-15,16,16,0
1552,1246,28,7,2025-05-29,2025-06-12,2025-06-15,87,87,1
1553,1246,28,7,2025-06-04,2025-06-15,2025-06-15,176,176,4
1554,1247,7,7,2025-06-08,2025-06-30,2025-07-01,99,99,2
1555,1248,49,7,2025-06-06,2025-06-06,2025-06-01,10,10,0
1556,1249,1,7,2025-05-28,2025-06-06,2025-06-09,232,232,3
1557,1249,1,7,2025-06-05,2025-06-09,2025-06-09,134,134,1
1558,1249,1,7,2025-06-01,2025-06-08,2025-06-09,114,114,3
1559,1250,20,7,2025-05-28,2025-06-01,2025-06-02,649,649,11
1560,1251,43,5,2025-05-29,2025-06-03,2025-06-06,44,44,1
1561,1251,43,5,2025-05-31,2025-06-07,2025-06-06,52,52,2
1562,1252,8,5,2025-05-30,2025-06-06,2025-06-06,537,537,2
1563,1253,32,1,2025-05-30,2025-06-01,2025-06-02,92,92,1
1564,1253,32,1,2025-05-28,2025-06-01,2025-06-02,189,189,2
1565,1254,44,1,2025-06-05,2025-06-24,2025-06-17,7,7,0
1566,1254,44,1,2025-06-08,2025-06-14,2025-06-17,16,16,0
1567,1255,10,3,2025-06-12,2025-06-20,2025-06-22,552,552,24
1568,1255,10,3,2025-06-06,2025-06-22,2025-06-22,495,495,16
1569,1256,11,3,2025-06-03,2025-06-07,2025-06-09,213,213,8
1570,1257,29,3,2025-06-05,2025-06-17,2025-06-20,598,598,4
1571,1257,29,3,2025-06-08,2025-06-19,2025-06-20,605,605,11
1572,1258,47,10,2025-06-04,2025-06-15,2025-06-18,39,39,0
1573,1259,45,10,2025-06-08,2025-06-21,2025-06-21,254,254,1
1574,1259,45,10,2025-06-04,2025-06-19,2025-06-21,115,115,1
1575,1259,45,10,2025-06-11,2025-06-20,2025-06-21,144,144,0
1576,1260,15,10,2025-05-31,2025-06-03,2025-06-03,20,20,1
1577,1261,9,10,2025-05-29,2025-06-16,2025-06-16,291,291,4
1578,1261,9,10,2025-06-04,2025-06-14,2025-06-16,358,358,3
1579,1262,19,6,2025-05-28,2025-05-31,2025-06-01,56,56,2
1580,1263,12,6,2025-06-04,2025-06-15,2025-06-15,59,59,1
1581,1264,35,3,2025-06-03,2025-06-07,2025-06-08,199,199,2
1582,1265,28,3,2025-06-09,2025-06-13,2025-06-15,12,12,0
1583,1266,40,3,2025-06-06,2025-06-17,2025-06-19,179,179,2
1584,1267,45,3,2025-06-11,2025-06-20,2025-06-21,15,15,0
1585,1268,5,8,2025-05-29,2025-05-31,2025-06-02,17,17,1
1586,1269,48,8,2025-06-07,2025-06-23,2025-06-23,11,11,0
1587,1270,14,8,2025-06-03,2025-06-09,2025-06-09,453,453,1
1588,1271,35,8,2025-06-04,2025-06-06,2025-06-08,253,253,1
1589,1272,29,6,2025-06-09,2025-06-18,2025-06-20,249,249,3
1590,1272,29,6,2025-06-08,2025-06-17,2025-06-20,444,444,3
1591,1273,33,6,2025-06-11,2025-06-20,2025-06-22,50,50,1
1592,1274,22,5,2025-06-01,2025-06-01,2025-06-02,99,99,5
1593,1275,31,5,2025-06-13,2025-06-29,2025-06-28,109,109,2
1594,1276,25,5,2025-05-28,2025-06-03,2025-06-04,58,58,1
1595,1277,36,5,2025-06-02,2025-06-11,2025-06-08,262,262,11
1596,1278,43,5,2025-05-30,2025-06-04,2025-06-06,53,53,3
1597,1278,43,5,2025-05-28,2025-06-04,2025-06-06,37,37,0
1598,1279,32,5,2025-05-29,2025-05-31,2025-06-02,14,14,0
1599,1280,44,5,2025-06-12,2025-06-14,2025-06-17,21,21,0
1600,1280,44,5,2025-06-04,2025-06-17,2025-06-17,35,35,1
1601,1281,45,9,2025-06-11,2025-06-21,2025-06-22,20,20,0
1602,1282,25,5,2025-06-02,2025-06-05,2025-06-05,27,27,1
1603,1283,28,5,2025-06-04,2025-06-13,2025-06-16,23,23,0
1604,1284,16,5,2025-05-31,2025-06-12,2025-06-04,121,121,1
1605,1285,41,5,2025-06-02,2025-06-13,2025-06-16,8,8,0
1606,1286,13,5,2025-06-07,2025-06-08,2025-06-10,1127,1127,8
1607,1287,39,5,2025-06-05,2025-06-05,2025-06-04,517,517,18
1608,1288,20,9,2025-06-03,2025-06-03,2025-06-03,24,24,1
1609,1289,2,10,2025-06-03,2025-06-14,2025-06-15,9,9,0
1610,1290,16,10,2025-06-06,2025-06-06,2025-06-04,12,12,0
1611,1290,16,10,2025-06-02,2025-06-14,2025-06-04,6,6,0
1612,1290,16,10,2025-06-04,2025-06-04,2025-06-04,8,8,0
1613,1291,11,10,2025-06-03,2025-06-08,2025-06-10,9,9,0
1614,1292,22,6,2025-05-29,2025-06-01,2025-06-03,17,17,0
1615,1293,20,6,2025-05-30,2025-06-03,2025-06-03,97,97,2
1616,1294,49,6,2025-05-30,2025-05-30,2025-06-02,461,461,11
1617,1295,19,6,2025-05-29,2025-05-30,2025-06-02,117,117,5
1618,1296,21,6,2025-06-04,2025-06-04,2025-06-04,619,619,13
1619,1297,41,5,2025-06-10,2025-06-27,2025-06-16,388,388,10
1620,1298,7,5,2025-06-16,2025-07-02,2025-07-02,147,147,3
1621,1299,39,2,2025-05-29,2025-06-01,2025-06-04,137,137,2
1622,1300,44,2,2025-06-08,2025-06-17,2025-06-18,29,29,0
1623,1301,12,2,2025-06-03,2025-06-13,2025-06-16,153,153,3
1624,1302,23,2,2025-06-03,2025-06-07,2025-06-08,42,42,1
1625,1303,10,2,2025-06-08,2025-06-20,2025-06-23,778,778,6
1626,1304,21,2,2025-05-29,2025-06-04,2025-06-04,6,6,0
1627,1304,21,2,2025-06-01,2025-06-04,2025-06-04,11,11,1
1628,1305,41,2,2025-06-09,2025-06-13,2025-06-16,36,36,1
1629,1306,8,2,2025-06-04,2025-06-13,2025-06-07,818,818,8
1630,1307,5,2,2025-06-03,2025-06-14,2025-06-03,19,19,0
1631,1308,42,2,2025-06-08,2025-06-11,2025-06-11,285,285,7
1632,1309,43,1,2025-06-06,2025-06-11,2025-06-08,19,19,1
1633,1310,20,1,2025-05-30,2025-06-04,2025-06-04,440,440,8
1634,1311,45,1,2025-06-14,2025-06-23,2025-06-23,713,713,1
1635,1312,35,6,2025-06-04,2025-06-07,2025-06-10,33,33,0
1636,1313,14,6,2025-05-31,2025-06-08,2025-06-11,51,51,0
1637,1313,14,6,2025-06-02,2025-06-10,2025-06-11,22,22,0
1638,1313,14,6,2025-06-01,2025-06-11,2025-06-11,32,32,0
1639,1314,23,5,2025-06-07,2025-06-07,2025-06-09,49,49,4
1640,1315,17,5,2025-06-05,2025-06-10,2025-06-10,6,6,0
1641,1316,8,2,2025-06-05,2025-06-05,2025-06-08,9,9,0
1642,1317,21,9,2025-06-07,2025-06-07,2025-06-05,138,138,5
1643,1318,18,9,2025-06-03,2025-06-04,2025-06-04,371,371,11
1644,1319,47,9,2025-06-06,2025-06-22,2025-06-20,507,507,6
1645,1320,15,4,2025-06-02,2025-06-05,2025-06-05,435,435,17
1646,1321,3,4,2025-06-15,2025-07-09,2025-07-03,40,40,1
1647,1322,16,4,2025-06-06,2025-06-06,2025-06-05,4,4,0
1648,1322,16,4,2025-06-04,2025-06-04,2025-06-05,2,2,0
1649,1322,16,4,2025-05-30,2025-06-03,2025-06-05,4,4,0
1650,1323,3,4,2025-06-17,2025-07-02,2025-07-03,14,14,0
1651,1324,43,4,2025-05-30,2025-06-05,2025-06-08,641,641,27
1652,1325,20,2,2025-06-03,2025-06-03,2025-06-04,118,118,3
1653,1326,1,2,2025-06-04,2025-06-11,2025-06-11,28,28,0
1654,1326,1,2,2025-05-30,2025-06-10,2025-06-11,26,26,1
1655,1327,42,2,2025-06-07,2025-06-11,2025-06-12,9,9,0
1656,1328,24,2,2025-06-08,2025-06-19,2025-06-20,10,10,0
1657,1329,46,2,2025-06-09,2025-06-24,2025-06-25,4,4,0
1658,1329,46,2,2025-06-11,2025-06-22,2025-06-25,5,5,0
1659,1330,13,2,2025-06-09,2025-06-18,2025-06-11,628,628,18
1660,1331,3,2,2025-06-13,2025-06-30,2025-07-03,449,449,39
1661,1332,39,2,2025-05-31,2025-06-04,2025-06-05,516,516,11
1662,1333,18,6,2025-06-02,2025-06-02,2025-06-04,166,166,2
1663,1334,10,6,2025-06-16,2025-06-21,2025-06-24,13,13,0
1664,1335,43,6,2025-06-05,2025-06-07,2025-06-08,75,75,1
1665,1336,21,1,2025-06-03,2025-06-03,2025-06-05,481,481,9
1666,1337,20,1,2025-06-06,2025-06-06,2025-06-04,50,50,1
1667,1338,19,4,2025-06-02,2025-06-02,2025-06-04,6,6,0
1668,1338,19,4,2025-06-05,2025-06-05,2025-06-04,7,7,0
1669,1339,45,4,2025-06-11,2025-06-24,2025-06-24,9,9,0
1670,1340,14,10,2025-06-05,2025-06-12,2025-06-12,310,310,1
1671,1341,41,10,2025-06-10,2025-06-16,2025-06-18,147,147,12
1672,1341,41,10,2025-06-08,2025-06-17,2025-06-18,195,195,2
1673,1342,24,10,2025-06-06,2025-06-20,2025-06-21,7,7,0
1674,1343,17,10,2025-05-31,2025-06-08,2025-06-11,60,60,0
1675,1344,36,10,2025-06-02,2025-06-08,2025-06-11,516,516,26
1676,1345,2,8,2025-06-06,2025-06-16,2025-06-17,71,71,1
1677,1346,2,8,2025-06-06,2025-06-17,2025-06-17,6,6,0
1678,1347,36,8,2025-06-07,2025-06-17,2025-06-11,84,84,5
1679,1348,3,1,2025-06-16,2025-07-03,2025-07-04,15,15,0
1680,1349,25,5,2025-06-04,2025-06-04,2025-06-07,118,118,3
1681,1350,50,5,2025-05-31,2025-06-17,2025-06-18,282,282,8
1682,1351,30,5,2025-06-02,2025-06-09,2025-06-10,1434,1434,6
1683,1352,6,6,2025-06-14,2025-06-15,2025-06-18,98,98,0
1684,1353,31,6,2025-06-16,2025-06-29,2025-07-01,11,11,0
1685,1354,42,6,2025-06-03,2025-06-17,2025-06-13,264,264,5
1686,1355,16,6,2025-05-31,2025-06-06,2025-06-06,26,26,0
1687,1356,1,6,2025-06-02,2025-06-12,2025-06-12,85,85,1
1688,1357,36,10,2025-06-06,2025-06-11,2025-06-11,8,8,0
1689,1358,47,10,2025-06-04,2025-06-21,2025-06-21,4,4,0
1690,1359,46,5,2025-06-07,2025-07-07,2025-06-26,480,480,20
1691,1360,35,3,2025-06-04,2025-06-09,2025-06-11,209,209,1
1692,1361,30,3,2025-06-03,2025-06-09,2025-06-10,1519,1519,14
1693,1362,40,3,2025-06-07,2025-06-21,2025-06-22,934,934,8
1694,1363,30,3,2025-06-07,2025-06-07,2025-06-10,17,17,0
1695,1363,30,3,2025-06-06,2025-06-08,2025-06-10,30,30,0
1696,1364,44,3,2025-06-05,2025-06-29,2025-06-20,9,9,0
1697,1365,21,10,2025-06-01,2025-06-06,2025-06-06,52,52,4
1698,1366,46,10,2025-06-07,2025-06-23,2025-06-26,189,189,7
1699,1367,48,10,2025-06-11,2025-06-26,2025-06-26,97,97,4
1700,1368,41,7,2025-06-08,2025-06-18,2025-06-18,6,6,0
1701,1368,41,7,2025-06-08,2025-06-15,2025-06-18,6,6,0
1702,1369,6,7,2025-06-09,2025-06-18,2025-06-18,66,66,0
1703,1370,45,1,2025-06-09,2025-06-22,2025-06-25,643,643,2
1704,1371,11,1,2025-06-03,2025-06-15,2025-06-13,50,50,1
1705,1372,43,1,2025-06-06,2025-06-07,2025-06-10,190,190,2
1706,1373,36,7,2025-06-09,2025-06-18,2025-06-13,6,6,0
1707,1374,8,7,2025-06-02,2025-06-08,2025-06-11,217,217,4
1708,1375,2,7,2025-06-10,2025-06-16,2025-06-19,614,614,2
1709,1376,43,9,2025-06-03,2025-06-11,2025-06-11,11,11,0
1710,1377,2,9,2025-06-11,2025-06-19,2025-06-19,181,181,5
1711,1377,2,9,2025-06-12,2025-06-18,2025-06-19,191,191,2
1712,1378,35,9,2025-06-02,2025-06-12,2025-06-13,5,5,0
1713,1379,20,9,2025-06-02,2025-06-04,2025-06-07,364,364,11
1714,1380,39,9,2025-06-07,2025-06-07,2025-06-08,80,80,1
1715,1381,25,9,2025-06-02,2025-06-08,2025-06-09,3,3,0
1716,1381,25,9,2025-06-05,2025-06-08,2025-06-09,4,4,0
1717,1382,28,9,2025-06-06,2025-06-17,2025-06-20,1253,1253,0
1718,1383,8,7,2025-06-11,2025-06-11,2025-06-11,487,487,0
1719,1384,13,7,2025-06-06,2025-06-11,2025-06-14,8,8,0
1720,1384,13,7,2025-06-10,2025-06-14,2025-06-14,18,18,0
1721,1385,20,7,2025-06-02,2025-06-04,2025-06-07,4,4,0
1722,1386,23,7,2025-06-09,2025-06-12,2025-06-12,112,112,3
1723,1387,5,7,2025-06-02,2025-06-17,2025-06-07,138,138,2
1724,1388,43,7,2025-06-04,2025-06-09,2025-06-11,21,21,1
1725,1388,43,7,2025-06-03,2025-06-08,2025-06-11,26,26,1
1726,1389,8,8,2025-06-03,2025-06-08,2025-06-11,51,51,1
1727,1390,20,8,2025-06-08,2025-06-08,2025-06-07,22,22,0
1728,1391,19,8,2025-06-07,2025-06-07,2025-06-06,117,117,4
1729,1392,43,8,2025-06-02,2025-06-08,2025-06-11,51,51,2
1730,1393,33,8,2025-06-17,2025-06-25,2025-06-27,10,10,0
1731,1393,33,8,2025-06-17,2025-06-24,2025-06-27,6,6,0
1732,1393,33,8,2025-06-16,2025-06-25,2025-06-27,8,8,0
1733,1394,20,8,2025-06-02,2025-06-04,2025-06-07,51,51,1
1734,1395,40,8,2025-06-14,2025-06-23,2025-06-24,63,63,1
1735,1396,41,8,2025-06-12,2025-06-21,2025-06-20,292,292,1
1736,1397,50,7,2025-06-05,2025-06-28,2025-06-21,287,287,8
1737,1398,40,7,2025-06-11,2025-06-24,2025-06-25,10,10,0
1738,1399,35,9,2025-06-06,2025-06-13,2025-06-14,940,940,13
1739,1400,48,9,2025-06-14,2025-06-28,2025-06-29,96,96,3
1740,1401,45,9,2025-06-10,2025-06-26,2025-06-27,669,669,3
1741,1402,7,7,2025-06-21,2025-07-07,2025-07-07,90,90,2
1742,1402,7,7,2025-06-19,2025-07-07,2025-07-07,186,186,3
1743,1403,7,7,2025-06-22,2025-07-05,2025-07-07,415,415,8
1744,1404,40,8,2025-06-17,2025-06-25,2025-06-25,74,74,0
1745,1405,38,8,2025-06-11,2025-06-11,2025-06-07,459,459,15
1746,1406,30,8,2025-06-04,2025-06-11,2025-06-13,596,596,4
1747,1406,30,8,2025-06-04,2025-06-10,2025-06-13,855,855,7
1748,1407,7,8,2025-06-18,2025-07-12,2025-07-07,28,28,0
1749,1408,39,9,2025-06-05,2025-06-09,2025-06-09,134,134,2
1750,1409,12,9,2025-06-11,2025-06-21,2025-06-21,48,48,1
1751,1410,39,9,2025-06-05,2025-06-17,2025-06-09,45,45,1
1752,1411,1,9,2025-06-12,2025-06-13,2025-06-15,9,9,0
1753,1412,36,9,2025-06-10,2025-06-12,2025-06-14,54,54,1
1754,1413,12,9,2025-06-05,2025-06-18,2025-06-21,101,101,1
1755,1414,18,9,2025-06-03,2025-06-16,2025-06-08,6,6,0
1756,1415,18,1,2025-06-03,2025-06-08,2025-06-08,780,780,32
1757,1416,17,1,2025-06-11,2025-06-12,2025-06-14,100,100,13
1758,1417,33,1,2025-06-17,2025-06-25,2025-06-28,122,122,3
1759,1418,35,4,2025-06-08,2025-06-11,2025-06-14,1410,1410,24
1760,1419,23,4,2025-06-08,2025-06-13,2025-06-13,576,576,0
1761,1420,39,4,2025-06-07,2025-06-09,2025-06-09,131,131,2
1762,1421,30,4,2025-06-03,2025-06-11,2025-06-13,7,7,0
1763,1422,22,4,2025-06-04,2025-06-05,2025-06-08,8,8,0
1764,1423,10,4,2025-06-12,2025-06-25,2025-06-28,404,404,14
1765,1424,40,4,2025-06-14,2025-06-24,2025-06-25,1003,1003,8
1766,1425,46,10,2025-06-14,2025-07-11,2025-06-29,13,13,0
1767,1426,35,9,2025-06-03,2025-06-13,2025-06-14,91,91,1
1768,1426,35,9,2025-06-11,2025-06-13,2025-06-14,75,75,1
1769,1426,35,9,2025-06-07,2025-06-11,2025-06-14,70,70,1
1770,1427,40,1,2025-06-15,2025-06-22,2025-06-25,538,538,3
1771,1428,10,1,2025-06-12,2025-07-07,2025-06-28,8,8,0
1772,1429,23,1,2025-06-03,2025-06-10,2025-06-13,19,19,0
1773,1430,14,1,2025-06-13,2025-06-14,2025-06-15,26,26,0
1774,1431,3,1,2025-06-21,2025-07-09,2025-07-07,90,90,5
1775,1431,3,1,2025-06-21,2025-07-17,2025-07-07,52,52,5
1776,1431,3,1,2025-06-18,2025-07-07,2025-07-07,65,65,1
1777,1432,7,8,2025-06-24,2025-07-06,2025-07-08,48,48,1
1778,1433,23,8,2025-06-12,2025-06-14,2025-06-14,536,536,21
1779,1434,43,8,2025-06-11,2025-06-11,2025-06-13,102,102,3
1780,1435,39,8,2025-06-07,2025-06-10,2025-06-10,8,8,0
1781,1436,2,5,2025-06-13,2025-06-20,2025-06-21,694,694,1
1782,1437,12,4,2025-06-10,2025-06-19,2025-06-22,631,631,7
1783,1438,9,2,2025-06-12,2025-06-22,2025-06-23,15,15,0
1784,1439,30,2,2025-06-07,2025-06-11,2025-06-14,338,338,2
1785,1439,30,2,2025-06-04,2025-06-14,2025-06-14,267,267,2
1786,1440,19,2,2025-06-06,2025-06-07,2025-06-08,52,52,0
1787,1441,18,2,2025-06-04,2025-06-06,2025-06-09,78,78,2
1788,1442,41,7,2025-06-12,2025-06-21,2025-06-22,233,233,0
1789,1443,47,7,2025-06-12,2025-06-22,2025-06-25,679,679,34
1790,1444,10,7,2025-06-13,2025-06-28,2025-06-29,95,95,1
1791,1445,7,7,2025-06-19,2025-07-07,2025-07-08,481,481,9
1792,1446,3,7,2025-06-19,2025-07-08,2025-07-08,5,5,0
1793,1446,3,7,2025-06-17,2025-07-08,2025-07-08,3,3,0
1794,1446,3,7,2025-06-26,2025-07-05,2025-07-08,5,5,0
1795,1447,46,8,2025-06-20,2025-06-28,2025-06-30,7,7,0
1796,1448,30,8,2025-06-07,2025-06-11,2025-06-14,86,86,1
1797,1448,30,8,2025-06-09,2025-06-12,2025-06-14,97,97,0
1798,1449,20,4,2025-06-04,2025-06-06,2025-06-09,9,9,0
1799,1450,29,4,2025-06-16,2025-06-27,2025-06-27,148,148,3
1800,1450,29,4,2025-06-15,2025-06-25,2025-06-27,154,154,3
1801,1451,15,4,2025-06-09,2025-06-09,2025-06-10,966,966,50
1802,1452,30,10,2025-06-10,2025-06-13,2025-06-14,185,185,1
1803,1452,30,10,2025-06-10,2025-06-13,2025-06-14,318,318,2
1804,1453,45,10,2025-06-17,2025-06-25,2025-06-28,640,640,1
1805,1454,7,10,2025-06-18,2025-07-07,2025-07-08,22,22,0
1806,1455,17,10,2025-06-10,2025-06-21,2025-06-15,312,312,34
1807,1456,11,3,2025-06-08,2025-06-15,2025-06-16,28,28,1
1808,1456,11,3,2025-06-13,2025-06-13,2025-06-16,27,27,0
1809,1457,49,3,2025-06-04,2025-06-08,2025-06-08,9,9,0
1810,1458,1,3,2025-06-09,2025-06-14,2025-06-16,442,442,1
1811,1459,22,3,2025-06-06,2025-06-09,2025-06-09,38,38,1
1812,1460,43,3,2025-06-04,2025-06-11,2025-06-13,16,16,0
1813,1461,43,2,2025-06-04,2025-06-13,2025-06-13,35,35,2
1814,1462,19,2,2025-06-08,2025-06-08,2025-06-08,932,932,22
1815,1463,21,6,2025-06-04,2025-06-08,2025-06-10,64,64,1
1816,1464,19,6,2025-06-09,2025-06-09,2025-06-08,116,116,6
1817,1465,25,6,2025-06-07,2025-06-11,2025-06-11,13,13,0
1818,1465,25,6,2025-06-07,2025-06-09,2025-06-11,16,16,0
1819,1466,5,6,2025-06-05,2025-06-07,2025-06-09,487,487,18
1820,1467,8,7,2025-06-08,2025-06-10,2025-06-13,37,37,1
1821,1468,10,3,2025-06-15,2025-06-29,2025-06-29,9,9,0
1822,1468,10,3,2025-06-13,2025-06-29,2025-06-29,5,5,0
1823,1468,10,3,2025-06-10,2025-06-29,2025-06-29,7,7,0
1824,1469,45,4,2025-06-15,2025-06-26,2025-06-28,225,225,1
1825,1470,41,4,2025-06-13,2025-06-26,2025-06-22,11,11,1
1826,1471,47,4,2025-06-17,2025-06-25,2025-06-25,10,10,0
1827,1471,47,4,2025-06-14,2025-06-24,2025-06-25,13,13,0
1828,1472,39,9,2025-06-13,2025-06-13,2025-06-11,57,57,1
1829,1472,39,9,2025-06-10,2025-06-11,2025-06-11,93,93,2
1830,1473,25,1,2025-06-08,2025-06-11,2025-06-12,21,21,0
1831,1474,36,1,2025-06-09,2025-06-16,2025-06-16,290,290,0
1832,1475,23,1,2025-06-10,2025-06-12,2025-06-15,621,621,36
1833,1476,13,1,2025-06-08,2025-06-17,2025-06-17,1268,1268,23
1834,1477,29,1,2025-06-19,2025-06-25,2025-06-28,7,7,0
1835,1478,42,3,2025-06-05,2025-06-15,2025-06-18,4,4,0
1836,1479,9,4,2025-06-10,2025-06-22,2025-06-24,1082,1082,33
1837,1480,19,2,2025-06-05,2025-06-08,2025-06-09,5,5,0
1838,1480,19,2,2025-06-08,2025-06-09,2025-06-09,5,5,0
1839,1481,23,10,2025-06-17,2025-06-17,2025-06-16,24,24,1
1840,1482,39,10,2025-06-09,2025-06-12,2025-06-12,43,43,1
1841,1483,21,10,2025-06-07,2025-06-09,2025-06-12,9,9,1
1842,1483,21,10,2025-06-10,2025-06-10,2025-06-12,8,8,0
1843,1484,6,4,2025-06-16,2025-06-24,2025-06-24,37,37,0
1844,1485,40,4,2025-06-16,2025-06-25,2025-06-28,41,41,0
1845,1486,32,4,2025-06-07,2025-06-08,2025-06-11,131,131,1
1846,1487,29,1,2025-06-20,2025-06-27,2025-06-29,10,10,0
1847,1487,29,1,2025-06-17,2025-06-26,2025-06-29,5,5,0
1848,1487,29,1,2025-06-19,2025-06-29,2025-06-29,6,6,0
1849,1488,16,1,2025-06-06,2025-06-11,2025-06-12,11,11,0
1850,1489,36,8,2025-06-09,2025-06-15,2025-06-17,899,899,45
1851,1490,20,8,2025-06-08,2025-06-08,2025-06-11,140,140,1
1852,1491,11,8,2025-06-07,2025-06-15,2025-06-18,166,166,4
1853,1492,42,8,2025-06-13,2025-06-18,2025-06-19,53,53,2
1854,1492,42,8,2025-06-11,2025-06-18,2025-06-19,39,39,1
1855,1493,14,8,2025-06-06,2025-06-18,2025-06-18,78,78,0
1856,1494,3,8,2025-06-19,2025-07-20,2025-07-10,8,8,1
1857,1495,17,9,2025-06-10,2025-06-27,2025-06-17,13,13,1
1858,1496,4,9,2025-06-12,2025-06-24,2025-06-27,129,129,5
1859,1497,13,9,2025-06-10,2025-06-15,2025-06-18,688,688,16
1860,1498,11,9,2025-06-13,2025-06-16,2025-06-18,57,57,2
1861,1498,11,9,2025-06-10,2025-06-15,2025-06-18,26,26,1
1862,1498,11,9,2025-06-14,2025-06-16,2025-06-18,25,25,1
1863,1499,11,2,2025-06-10,2025-06-16,2025-06-18,694,694,7
1864,1500,11,2,2025-06-14,2025-06-16,2025-06-18,78,78,3
1865,1500,11,2,2025-06-13,2025-06-15,2025-06-18,43,43,0
1866,1500,11,2,2025-06-11,2025-06-18,2025-06-18,39,39,0
1867,1501,44,2,2025-06-15,2025-06-24,2025-06-26,225,225,1
1868,1502,39,4,2025-06-15,2025-06-15,2025-06-12,514,514,9
1869,1503,3,4,2025-06-20,2025-07-08,2025-07-10,109,109,3
1870,1504,36,4,2025-06-10,2025-06-14,2025-06-17,512,512,0
1871,1505,24,4,2025-06-18,2025-06-25,2025-06-27,19,19,1
1872,1506,45,4,2025-06-17,2025-06-29,2025-06-30,12,12,0
1873,1507,20,4,2025-06-12,2025-06-12,2025-06-11,1157,1157,25
1874,1508,2,4,2025-06-14,2025-06-21,2025-06-23,9,9,0
1875,1509,43,9,2025-06-08,2025-06-22,2025-06-15,16,16,0
1876,1509,43,9,2025-06-09,2025-06-14,2025-06-15,17,17,0
1877,1510,28,9,2025-06-14,2025-06-23,2025-06-24,6,6,0
1878,1511,25,9,2025-06-07,2025-06-13,2025-06-13,65,65,0
1879,1512,46,9,2025-06-15,2025-07-02,2025-07-02,101,101,2
1880,1513,48,9,2025-06-18,2025-06-30,2025-07-02,7,7,0
1881,1514,44,5,2025-06-15,2025-06-26,2025-06-26,492,492,10
1882,1515,8,5,2025-06-06,2025-06-14,2025-06-15,6,6,0
1883,1516,5,5,2025-06-06,2025-06-10,2025-06-11,26,26,2
1884,1517,1,5,2025-06-09,2025-06-18,2025-06-18,936,936,6
1885,1518,26,6,2025-06-06,2025-06-17,2025-06-18,33,33,1
1886,1519,33,6,2025-06-19,2025-07-01,2025-07-01,21,21,0
1887,1520,41,6,2025-06-12,2025-06-23,2025-06-24,3,3,0
1888,1520,41,6,2025-06-13,2025-06-29,2025-06-24,2,2,0
1889,1520,41,6,2025-06-17,2025-06-26,2025-06-24,2,2,0
1890,1521,23,9,2025-06-11,2025-06-14,2025-06-16,74,74,3
1891,1522,38,9,2025-06-08,2025-06-11,2025-06-10,171,171,3
1892,1523,13,10,2025-06-12,2025-06-16,2025-06-18,8,8,0
1893,1524,20,4,2025-06-10,2025-06-11,2025-06-11,9,9,0
1894,1525,35,5,2025-06-11,2025-06-16,2025-06-17,537,537,7
1895,1526,26,5,2025-06-13,2025-06-17,2025-06-18,20,20,1
1896,1527,16,5,2025-06-13,2025-06-13,2025-06-12,556,556,6
1897,1528,16,4,2025-06-10,2025-06-19,2025-06-12,23,23,0
1898,1528,16,4,2025-06-06,2025-06-09,2025-06-12,28,28,0
1899,1529,46,4,2025-06-21,2025-06-29,2025-07-02,35,35,1
1900,1530,1,10,2025-06-10,2025-06-17,2025-06-18,46,46,0
1901,1531,2,10,2025-06-14,2025-06-20,2025-06-23,84,84,2
1902,1532,42,4,2025-06-10,2025-06-20,2025-06-20,222,222,5
1903,1532,42,4,2025-06-07,2025-07-01,2025-06-20,101,101,3
1904,1532,42,4,2025-06-11,2025-06-20,2025-06-20,179,179,10
1905,1533,35,4,2025-06-11,2025-06-16,2025-06-18,5,5,0
1906,1533,35,4,2025-06-11,2025-06-16,2025-06-18,12,12,0
1907,1534,39,4,2025-06-12,2025-06-12,2025-06-13,26,26,0
1908,1535,49,4,2025-06-10,2025-06-10,2025-06-11,216,216,0
1909,1536,21,4,2025-06-07,2025-06-10,2025-06-13,338,338,2
1910,1536,21,4,2025-06-07,2025-06-13,2025-06-13,557,557,25
1911,1537,8,10,2025-06-13,2025-06-15,2025-06-16,238,238,4
1912,1538,30,10,2025-06-09,2025-06-17,2025-06-17,220,220,0
1913,1539,27,10,2025-06-12,2025-06-17,2025-06-19,26,26,0
1914,1540,39,9,2025-06-12,2025-06-12,2025-06-13,937,937,41
1915,1541,45,9,2025-06-16,2025-06-30,2025-07-01,143,143,1
1916,1541,45,9,2025-06-16,2025-07-01,2025-07-01,115,115,0
1917,1542,5,2,2025-06-15,2025-06-15,2025-06-12,71,71,3
1918,1543,26,2,2025-06-10,2025-06-19,2025-06-19,48,48,2
1919,1544,7,9,2025-06-22,2025-07-11,2025-07-11,63,63,0
1920,1545,2,9,2025-06-13,2025-06-24,2025-06-24,240,240,0
1921,1546,36,9,2025-06-16,2025-06-16,2025-06-18,20,20,0
1922,1547,36,9,2025-06-13,2025-06-18,2025-06-18,126,126,1
1923,1547,36,9,2025-06-10,2025-06-15,2025-06-18,66,66,1
1924,1547,36,9,2025-06-13,2025-06-18,2025-06-18,117,117,0
1925,1548,8,3,2025-06-10,2025-06-13,2025-06-16,11,11,0
1926,1549,36,3,2025-06-14,2025-06-17,2025-06-18,13,13,0
1927,1550,50,3,2025-06-13,2025-06-24,2025-06-25,59,59,0
1928,1551,36,7,2025-06-15,2025-06-19,2025-06-19,31,31,2
1929,1551,36,7,2025-06-09,2025-06-16,2025-06-19,27,27,1
1930,1551,36,7,2025-06-14,2025-06-17,2025-06-19,24,24,1
1931,1552,39,7,2025-06-09,2025-06-14,2025-06-14,592,592,10
1932,1553,17,7,2025-06-09,2025-06-19,2025-06-19,4,4,0
1933,1553,17,7,2025-06-12,2025-06-18,2025-06-19,5,5,0
1934,1554,49,7,2025-06-13,2025-06-13,2025-06-12,12,12,0
1935,1555,43,2,2025-06-21,2025-06-21,2025-06-17,11,11,0
1936,1556,32,2,2025-06-08,2025-06-11,2025-06-13,11,11,0
1937,1557,39,10,2025-06-09,2025-06-12,2025-06-15,6,6,0
1938,1558,16,10,2025-06-11,2025-06-15,2025-06-15,21,21,0
1939,1559,12,10,2025-06-21,2025-06-24,2025-06-27,4,4,0
1940,1560,23,10,2025-06-16,2025-06-18,2025-06-19,5,5,0
1941,1561,22,10,2025-06-09,2025-06-25,2025-06-14,13,13,0
1942,1562,25,1,2025-06-15,2025-06-15,2025-06-16,34,34,0
1943,1563,1,1,2025-06-15,2025-07-02,2025-06-21,57,57,1
1944,1564,22,9,2025-06-09,2025-06-11,2025-06-14,13,13,0
1945,1565,37,9,2025-06-22,2025-07-07,2025-07-09,291,291,0
1946,1566,43,9,2025-06-12,2025-06-29,2025-06-18,52,52,2
1947,1567,43,8,2025-06-10,2025-06-16,2025-06-18,55,55,1
1948,1568,23,8,2025-06-11,2025-06-25,2025-06-19,25,25,0
1949,1569,50,8,2025-06-22,2025-07-05,2025-06-27,12,12,0
1950,1570,41,8,2025-06-21,2025-06-27,2025-06-27,16,16,0
1951,1570,41,8,2025-06-17,2025-06-25,2025-06-27,24,24,2
1952,1571,2,1,2025-06-20,2025-07-08,2025-06-27,1256,1256,34
1953,1572,15,1,2025-06-12,2025-06-16,2025-06-16,307,307,5
1954,1573,2,1,2025-06-15,2025-06-27,2025-06-27,52,52,1
1955,1573,2,1,2025-06-18,2025-06-25,2025-06-27,102,102,1
1956,1574,36,1,2025-06-12,2025-06-19,2025-06-21,24,24,0
1957,1574,36,1,2025-06-10,2025-06-20,2025-06-21,8,8,0
1958,1574,36,1,2025-06-16,2025-06-21,2025-06-21,13,13,1
1959,1575,16,5,2025-06-10,2025-06-15,2025-06-16,19,19,0
1960,1576,49,5,2025-06-10,2025-06-15,2025-06-14,19,19,1
1961,1577,41,5,2025-06-16,2025-06-26,2025-06-28,32,32,3
1962,1578,45,5,2025-06-16,2025-07-04,2025-07-04,5,5,0
1963,1579,1,5,2025-06-20,2025-06-21,2025-06-22,62,62,0
1964,1579,1,5,2025-06-15,2025-06-21,2025-06-22,75,75,1
1965,1580,10,5,2025-06-22,2025-07-04,2025-07-05,916,916,37
1966,1581,39,5,2025-06-10,2025-06-15,2025-06-16,15,15,0
1967,1582,43,5,2025-06-15,2025-06-18,2025-06-19,5,5,0
1968,1583,21,5,2025-06-10,2025-06-15,2025-06-16,31,31,2
1969,1583,21,5,2025-06-15,2025-06-15,2025-06-16,25,25,1
1970,1584,20,5,2025-06-10,2025-06-13,2025-06-15,72,72,2
1971,1584,20,5,2025-06-10,2025-06-13,2025-06-15,150,150,5
1972,1585,3,5,2025-06-29,2025-07-22,2025-07-14,4,4,0
1973,1586,15,4,2025-06-11,2025-06-13,2025-06-16,8,8,0
1974,1587,16,8,2025-06-21,2025-06-21,2025-06-16,16,16,0
1975,1588,20,8,2025-06-10,2025-06-23,2025-06-15,16,16,0
1976,1589,14,5,2025-06-16,2025-06-20,2025-06-22,547,547,3
1977,1590,36,5,2025-06-15,2025-06-20,2025-06-21,128,128,7
1978,1591,43,5,2025-06-18,2025-06-18,2025-06-19,19,19,1
1979,1592,17,1,2025-06-13,2025-07-03,2025-06-21,17,17,1
1980,1593,18,1,2025-06-11,2025-06-12,2025-06-15,83,83,2
1981,1594,16,1,2025-06-10,2025-06-13,2025-06-16,374,374,3
1982,1595,25,5,2025-06-11,2025-06-16,2025-06-17,14,14,0
1983,1596,2,5,2025-06-20,2025-06-27,2025-06-27,13,13,0
1984,1597,18,6,2025-06-13,2025-06-23,2025-06-15,571,571,11
1985,1598,2,6,2025-06-18,2025-06-25,2025-06-27,91,91,1
1986,1598,2,6,2025-06-16,2025-06-26,2025-06-27,107,107,1
1987,1599,19,6,2025-06-10,2025-06-24,2025-06-14,74,74,3
1988,1600,26,6,2025-06-18,2025-06-20,2025-06-22,320,320,3
1989,1601,15,6,2025-06-13,2025-06-13,2025-06-16,98,98,5
1990,1602,20,6,2025-06-14,2025-06-14,2025-06-15,47,47,1
1991,1603,11,6,2025-06-16,2025-06-19,2025-06-22,173,173,7
1992,1604,43,10,2025-06-18,2025-06-18,2025-06-19,17,17,0
1993,1605,18,10,2025-06-10,2025-06-12,2025-06-15,37,37,1
1994,1606,42,8,2025-06-16,2025-06-22,2025-06-23,1018,1018,9
1995,1607,7,8,2025-06-27,2025-07-12,2025-07-14,1151,1151,12
1996,1608,43,8,2025-06-13,2025-06-28,2025-06-19,106,106,0
1997,1609,22,2,2025-06-10,2025-06-12,2025-06-15,863,863,33
1998,1610,21,2,2025-06-10,2025-06-14,2025-06-16,271,271,3
1999,1611,41,2,2025-06-20,2025-06-25,2025-06-28,4,4,0
2000,1612,6,2,2025-06-18,2025-06-27,2025-06-28,57,57,0
2001,1613,19,7,2025-06-12,2025-06-14,2025-06-14,106,106,2
2002,1614,19,4,2025-06-13,2025-06-14,2025-06-15,430,430,9
2003,1615,44,4,2025-06-22,2025-06-29,2025-07-01,125,125,2
2004,1616,20,4,2025-06-12,2025-06-16,2025-06-16,12,12,0
2005,1617,16,10,2025-06-18,2025-06-18,2025-06-17,1133,1133,9
2006,1618,36,10,2025-06-21,2025-06-22,2025-06-22,47,47,3
2007,1618,36,10,2025-06-11,2025-06-19,2025-06-22,76,76,3
2008,1619,28,10,2025-06-20,2025-07-01,2025-06-29,108,108,1
2009,1620,41,10,2025-06-19,2025-06-26,2025-06-29,367,367,12
2010,1621,40,10,2025-06-23,2025-06-30,2025-07-03,27,27,0
2011,1622,40,10,2025-06-21,2025-07-03,2025-07-03,575,575,2
2012,1623,37,10,2025-06-25,2025-07-08,2025-07-11,5,5,0
2013,1624,35,10,2025-06-11,2025-06-20,2025-06-22,7,7,0
2014,1624,35,10,2025-06-13,2025-06-22,2025-06-22,6,6,0
2015,1625,47,6,2025-06-15,2025-07-04,2025-07-02,280,280,4
2016,1625,47,6,2025-06-24,2025-07-01,2025-07-02,211,211,11
2017,1626,45,6,2025-06-23,2025-07-03,2025-07-05,772,772,4
2018,1627,25,6,2025-06-15,2025-06-15,2025-06-18,6,6,0
2019,1628,42,6,2025-06-14,2025-06-22,2025-06-24,9,9,0
2020,1629,39,7,2025-06-15,2025-06-17,2025-06-17,9,9,0
2021,1630,35,2,2025-06-19,2025-06-21,2025-06-22,14,14,0
2022,1631,43,2,2025-06-13,2025-06-19,2025-06-20,11,11,0
2023,1632,35,2,2025-06-21,2025-06-21,2025-06-22,4,4,0
2024,1632,35,2,2025-06-11,2025-06-22,2025-06-22,3,3,0
2025,1633,39,2,2025-06-15,2025-06-17,2025-06-17,112,112,1
2026,1634,29,2,2025-06-22,2025-07-01,2025-07-04,7,7,0
2027,1635,8,6,2025-06-15,2025-06-21,2025-06-21,11,11,0
2028,1636,22,6,2025-06-15,2025-06-15,2025-06-17,46,46,1
2029,1637,17,6,2025-06-16,2025-06-20,2025-06-23,3,3,0
2030,1637,17,6,2025-06-15,2025-06-22,2025-06-23,6,6,1
2031,1638,12,1,2025-06-18,2025-06-27,2025-06-30,495,495,8
2032,1639,20,1,2025-06-14,2025-06-16,2025-06-17,12,12,0
2033,1640,19,1,2025-06-14,2025-06-24,2025-06-16,295,295,17
2034,1640,19,1,2025-06-15,2025-06-15,2025-06-16,281,281,10
2035,1641,18,2,2025-06-12,2025-06-15,2025-06-17,385,385,6
2036,1641,18,2,2025-06-12,2025-06-22,2025-06-17,310,310,10
2037,1642,40,2,2025-06-25,2025-07-01,2025-07-04,12,12,0
2038,1642,40,2,2025-06-18,2025-07-14,2025-07-04,13,13,0
2039,1643,14,2,2025-06-21,2025-06-23,2025-06-24,1059,1059,2
2040,1644,20,2,2025-06-13,2025-06-14,2025-06-17,7,7,0
2041,1645,15,2,2025-06-13,2025-06-23,2025-06-18,11,11,0
2042,1645,15,2,2025-06-14,2025-06-28,2025-06-18,23,23,1
2043,1646,35,2,2025-06-12,2025-06-23,2025-06-23,131,131,0
2044,1647,37,10,2025-06-24,2025-07-11,2025-07-12,18,18,0
2045,1648,50,10,2025-06-19,2025-07-05,2025-06-30,20,20,0
2046,1649,20,10,2025-06-14,2025-06-17,2025-06-17,4,4,0
2047,1650,5,10,2025-06-13,2025-06-15,2025-06-17,298,298,14
2048,1651,12,10,2025-06-25,2025-06-28,2025-06-30,616,616,12
2049,1652,20,10,2025-06-15,2025-06-17,2025-06-17,499,499,7
2050,1653,16,10,2025-06-14,2025-06-17,2025-06-18,1081,1081,11
2051,1654,2,10,2025-06-21,2025-06-26,2025-06-29,15,15,0
2052,1655,20,10,2025-06-12,2025-06-22,2025-06-17,5,5,0
2053,1655,20,10,2025-06-16,2025-06-17,2025-06-17,6,6,0
2054,1656,19,10,2025-06-17,2025-06-17,2025-06-16,26,26,1
2055,1657,35,10,2025-06-12,2025-06-20,2025-06-23,16,16,0
2056,1658,50,2,2025-06-21,2025-06-30,2025-06-30,6,6,0
2057,1659,17,1,2025-06-19,2025-06-22,2025-06-23,25,25,1
2058,1660,45,1,2025-06-18,2025-07-06,2025-07-06,357,357,0
2059,1661,2,2,2025-06-19,2025-06-29,2025-06-29,537,537,5
2060,1662,43,2,2025-06-13,2025-06-19,2025-06-21,4,4,0
2061,1663,36,2,2025-06-19,2025-06-23,2025-06-23,87,87,4
2062,1664,47,5,2025-06-20,2025-07-01,2025-07-03,5,5,0
2063,1665,8,5,2025-06-13,2025-06-23,2025-06-21,19,19,0
2064,1666,11,4,2025-06-19,2025-06-22,2025-06-24,6,6,0
2065,1667,31,4,2025-06-24,2025-07-10,2025-07-13,40,40,1
2066,1667,31,4,2025-06-28,2025-07-11,2025-07-13,91,91,3
2067,1668,39,4,2025-06-12,2025-06-18,2025-06-18,1293,1293,0
2068,1669,39,4,2025-06-12,2025-06-17,2025-06-18,576,576,10
2069,1670,38,1,2025-06-12,2025-06-16,2025-06-16,63,63,2
2070,1670,38,1,2025-06-14,2025-06-14,2025-06-16,99,99,1
2071,1671,27,1,2025-06-15,2025-06-24,2025-06-24,9,9,0
2072,1672,20,1,2025-06-12,2025-06-17,2025-06-17,34,34,1
2073,1672,20,1,2025-06-12,2025-06-26,2025-06-17,9,9,0
2074,1672,20,1,2025-06-17,2025-06-17,2025-06-17,16,16,0
2075,1673,12,10,2025-06-22,2025-06-30,2025-07-01,141,141,3
2076,1674,50,10,2025-06-22,2025-06-28,2025-07-01,40,40,2
2077,1675,8,2,2025-06-20,2025-06-30,2025-06-22,17,17,0
2078,1675,8,2,2025-06-15,2025-06-22,2025-06-22,32,32,0
2079,1676,50,2,2025-06-20,2025-06-30,2025-07-01,419,419,22
2080,1677,15,2,2025-06-15,2025-06-28,2025-06-19,324,324,20
2081,1678,31,4,2025-06-30,2025-07-12,2025-07-14,122,122,3
2082,1679,20,4,2025-06-16,2025-06-16,2025-06-18,5,5,0
2083,1680,1,10,2025-06-18,2025-06-23,2025-06-25,260,260,4
2084,1681,42,10,2025-06-15,2025-06-25,2025-06-26,226,226,10
2085,1682,26,6,2025-06-19,2025-06-28,2025-06-25,211,211,2
2086,1683,39,7,2025-06-16,2025-06-18,2025-06-19,6,6,0
2087,1683,39,7,2025-06-13,2025-06-27,2025-06-19,5,5,0
2088,1684,43,7,2025-06-13,2025-06-19,2025-06-22,6,6,0
2089,1685,43,7,2025-06-16,2025-06-21,2025-06-22,68,68,1
2090,1685,43,7,2025-06-17,2025-06-19,2025-06-22,91,91,5
2091,1686,43,7,2025-06-13,2025-06-22,2025-06-22,12,12,0
2092,1687,9,5,2025-06-21,2025-06-29,2025-07-02,94,94,0
2093,1688,25,3,2025-06-19,2025-06-21,2025-06-20,45,45,0
2094,1689,20,3,2025-06-16,2025-06-17,2025-06-18,79,79,2
2095,1689,20,3,2025-06-16,2025-06-18,2025-06-18,65,65,1
2096,1690,5,3,2025-06-13,2025-06-15,2025-06-18,70,70,1
2097,1691,36,3,2025-06-17,2025-07-05,2025-06-24,123,123,5
2098,1692,50,2,2025-06-22,2025-06-29,2025-07-01,49,49,2
2099,1692,50,2,2025-06-19,2025-07-01,2025-07-01,43,43,1
2100,1693,16,2,2025-06-15,2025-06-16,2025-06-19,53,53,0
2101,1694,28,2,2025-06-19,2025-06-30,2025-07-01,12,12,0
2102,1695,1,3,2025-06-21,2025-06-24,2025-06-25,5,5,0
2103,1696,19,3,2025-06-14,2025-06-17,2025-06-17,303,303,8
2104,1696,19,3,2025-06-14,2025-06-17,2025-06-17,309,309,10
2105,1697,33,3,2025-06-24,2025-07-06,2025-07-08,158,158,4
2106,1697,33,3,2025-06-26,2025-07-05,2025-07-08,212,212,5
2107,1698,46,7,2025-06-20,2025-07-08,2025-07-09,7,7,0
2108,1699,35,7,2025-06-21,2025-06-21,2025-06-24,44,44,0
2109,1700,12,7,2025-06-24,2025-06-28,2025-07-01,113,113,2
2110,1701,16,6,2025-06-19,2025-06-19,2025-06-19,136,136,1
2111,1702,20,6,2025-06-17,2025-06-17,2025-06-18,425,425,15
2112,1703,48,6,2025-06-25,2025-07-09,2025-07-09,506,506,6
2113,1704,3,6,2025-06-29,2025-07-16,2025-07-17,26,26,2
2114,1705,30,6,2025-06-13,2025-06-25,2025-06-23,84,84,1
2115,1706,36,8,2025-06-19,2025-06-23,2025-06-25,152,152,5
2116,1706,36,8,2025-06-18,2025-06-24,2025-06-25,125,125,5
2117,1706,36,8,2025-06-21,2025-06-23,2025-06-25,130,130,6
2118,1707,21,8,2025-06-17,2025-06-19,2025-06-20,106,106,5
2119,1708,33,8,2025-06-27,2025-07-09,2025-07-09,115,115,1
2120,1709,20,8,2025-06-14,2025-06-19,2025-06-19,180,180,1
2121,1710,3,8,2025-06-30,2025-07-15,2025-07-18,6,6,0
2122,1710,3,8,2025-07-03,2025-07-25,2025-07-18,8,8,0
2123,1711,35,10,2025-06-23,2025-06-25,2025-06-25,409,409,1
2124,1712,36,9,2025-06-16,2025-07-02,2025-06-25,21,21,1
2125,1713,50,9,2025-06-24,2025-07-01,2025-07-02,15,15,1
2126,1714,39,9,2025-06-21,2025-06-21,2025-06-20,40,40,0
2127,1714,39,9,2025-06-18,2025-06-19,2025-06-20,29,29,1
2128,1715,11,6,2025-06-16,2025-07-02,2025-06-26,71,71,1
2129,1715,11,6,2025-06-16,2025-06-27,2025-06-26,68,68,2
2130,1716,44,6,2025-06-19,2025-07-04,2025-07-04,66,66,2
2131,1717,48,6,2025-06-20,2025-07-07,2025-07-10,40,40,0
2132,1718,36,1,2025-06-16,2025-06-23,2025-06-25,80,80,5
2133,1719,19,1,2025-06-21,2025-06-21,2025-06-18,91,91,2
2134,1720,1,1,2025-06-20,2025-06-26,2025-06-26,1559,1559,21
2135,1721,25,10,2025-06-16,2025-06-19,2025-06-21,721,721,9
2136,1722,35,10,2025-06-22,2025-06-24,2025-06-25,104,104,1
2137,1723,36,9,2025-06-15,2025-06-25,2025-06-25,11,11,0
2138,1724,30,5,2025-06-19,2025-06-23,2025-06-25,12,12,0
2139,1725,26,7,2025-06-23,2025-06-24,2025-06-27,25,25,0
2140,1726,25,9,2025-06-17,2025-06-21,2025-06-23,174,174,1
2141,1727,41,9,2025-06-24,2025-07-02,2025-07-04,8,8,0
2142,1728,15,9,2025-06-18,2025-06-19,2025-06-22,792,792,16
2143,1729,38,9,2025-06-18,2025-06-19,2025-06-20,629,629,14
2144,1730,18,8,2025-06-19,2025-06-21,2025-06-21,16,16,0
2145,1730,18,8,2025-06-22,2025-06-22,2025-06-21,16,16,0
2146,1731,44,8,2025-06-25,2025-07-03,2025-07-06,66,66,1
2147,1732,20,8,2025-06-16,2025-06-18,2025-06-21,105,105,1
2148,1732,20,8,2025-06-18,2025-07-03,2025-06-21,249,249,2
2149,1733,6,8,2025-06-21,2025-07-04,2025-07-04,12,12,0
2150,1734,13,8,2025-06-19,2025-06-28,2025-06-28,31,31,1
2151,1735,47,4,2025-06-27,2025-07-14,2025-07-08,5,5,0
2152,1735,47,4,2025-06-17,2025-07-06,2025-07-08,5,5,0
2153,1736,19,4,2025-06-17,2025-06-21,2025-06-21,96,96,4
2154,1737,43,6,2025-06-20,2025-06-24,2025-06-26,402,402,11
2155,1738,31,6,2025-06-30,2025-07-18,2025-07-18,186,186,0
2156,1738,31,6,2025-07-05,2025-07-15,2025-07-18,178,178,3
2157,1739,32,5,2025-06-17,2025-06-19,2025-06-22,47,47,1
2158,1740,31,5,2025-07-01,2025-07-17,2025-07-18,21,21,1
2159,1741,15,5,2025-06-17,2025-06-22,2025-06-23,51,51,4
2160,1741,15,5,2025-06-17,2025-07-03,2025-06-23,42,42,2
2161,1741,15,5,2025-06-17,2025-06-26,2025-06-23,86,86,7
2162,1742,1,4,2025-06-20,2025-06-29,2025-06-29,477,477,10
2163,1743,38,4,2025-06-17,2025-06-21,2025-06-21,303,303,3
2164,1743,38,4,2025-06-21,2025-06-21,2025-06-21,218,218,11
2165,1744,1,4,2025-06-23,2025-06-27,2025-06-29,281,281,9
2166,1745,10,10,2025-06-21,2025-07-09,2025-07-12,5,5,0
2167,1745,10,10,2025-07-02,2025-07-11,2025-07-12,3,3,0
2168,1746,9,10,2025-06-26,2025-07-07,2025-07-06,1127,1127,27
2169,1747,22,10,2025-06-20,2025-06-20,2025-06-22,17,17,0
2170,1747,22,10,2025-06-17,2025-06-20,2025-06-22,32,32,0
2171,1748,30,10,2025-06-26,2025-06-27,2025-06-27,11,11,0
2172,1749,47,1,2025-06-27,2025-07-18,2025-07-08,374,374,16
2173,1750,1,1,2025-06-21,2025-06-28,2025-06-29,1414,1414,20
2174,1751,27,4,2025-06-25,2025-07-02,2025-06-29,946,946,20
2175,1752,35,4,2025-06-21,2025-06-26,2025-06-28,470,470,6
2176,1753,44,2,2025-06-25,2025-07-05,2025-07-08,8,8,0
2177,1754,18,2,2025-06-20,2025-06-20,2025-06-23,382,382,10
2178,1755,45,2,2025-07-02,2025-07-11,2025-07-12,54,54,0
2179,1756,48,2,2025-07-02,2025-07-13,2025-07-14,18,18,1
2180,1757,10,7,2025-06-25,2025-07-10,2025-07-13,189,189,3
2181,1758,8,7,2025-06-18,2025-06-27,2025-06-27,45,45,1
2182,1759,39,7,2025-06-18,2025-06-24,2025-06-24,27,27,0
2183,1759,39,7,2025-06-22,2025-06-23,2025-06-24,24,24,1
2184,1760,37,6,2025-07-01,2025-07-17,2025-07-18,22,22,1
2185,1761,35,9,2025-06-24,2025-06-26,2025-06-29,5,5,0
2186,1762,22,3,2025-06-23,2025-06-23,2025-06-23,8,8,0
2187,1762,22,3,2025-06-23,2025-06-23,2025-06-23,8,8,0
2188,1763,41,9,2025-06-30,2025-07-18,2025-07-06,6,6,0
2189,1764,12,9,2025-06-23,2025-07-05,2025-07-06,140,140,2
2190,1765,16,9,2025-06-22,2025-06-22,2025-06-24,567,567,2
2191,1766,30,1,2025-06-20,2025-06-26,2025-06-28,485,485,4
2192,1766,30,1,2025-06-20,2025-06-25,2025-06-28,466,466,4
2193,1767,25,7,2025-06-22,2025-06-25,2025-06-26,1308,1308,12
2194,1768,18,7,2025-06-19,2025-06-30,2025-06-24,26,26,1
2195,1769,48,4,2025-07-04,2025-07-14,2025-07-15,518,518,12
2196,1770,44,4,2025-06-29,2025-07-06,2025-07-09,10,10,0
2197,1771,2,4,2025-06-23,2025-07-04,2025-07-06,62,62,1
2198,1772,36,7,2025-06-28,2025-06-30,2025-06-30,39,39,1
2199,1773,47,7,2025-06-28,2025-07-07,2025-07-10,517,517,8
2200,1774,43,7,2025-06-27,2025-07-05,2025-06-28,166,166,7
2201,1775,6,8,2025-06-29,2025-07-04,2025-07-07,46,46,0
2202,1775,6,8,2025-06-27,2025-07-05,2025-07-07,71,71,0
2203,1776,14,8,2025-06-25,2025-07-01,2025-07-01,590,590,2
2204,1776,14,8,2025-06-23,2025-06-29,2025-07-01,415,415,1
2205,1776,14,8,2025-06-25,2025-06-29,2025-07-01,447,447,1
2206,1777,25,4,2025-06-28,2025-06-28,2025-06-26,3,3,0
2207,1777,25,4,2025-06-20,2025-06-23,2025-06-26,4,4,0
2208,1778,44,4,2025-07-01,2025-07-08,2025-07-09,192,192,1
2209,1779,15,4,2025-06-21,2025-06-25,2025-06-25,190,190,3
2210,1779,15,4,2025-06-21,2025-06-28,2025-06-25,57,57,1
2211,1779,15,4,2025-06-19,2025-06-23,2025-06-25,92,92,4
2212,1780,8,2,2025-06-24,2025-06-25,2025-06-28,79,79,0
2213,1781,35,2,2025-06-20,2025-06-29,2025-06-30,5,5,0
2214,1781,35,2,2025-06-24,2025-06-28,2025-06-30,2,2,0
2215,1781,35,2,2025-06-26,2025-06-30,2025-06-30,2,2,0
2216,1782,9,10,2025-06-29,2025-07-06,2025-07-08,6,6,0
2217,1783,23,10,2025-06-29,2025-07-10,2025-06-29,726,726,35
2218,1784,40,8,2025-07-05,2025-07-08,2025-07-11,987,987,9
2219,1785,8,8,2025-06-25,2025-06-27,2025-06-28,684,684,5
2220,1786,43,8,2025-06-21,2025-06-27,2025-06-28,6,6,0
2221,1786,43,8,2025-06-25,2025-06-25,2025-06-28,5,5,0
2222,1787,2,8,2025-06-23,2025-07-03,2025-07-06,36,36,1
2223,1788,47,8,2025-06-26,2025-07-08,2025-07-10,21,21,1
2224,1788,47,8,2025-07-03,2025-07-15,2025-07-10,8,8,0
2225,1788,47,8,2025-07-01,2025-07-10,2025-07-10,8,8,0
2226,1789,41,8,2025-06-25,2025-07-06,2025-07-07,322,322,18
2227,1790,5,8,2025-06-19,2025-06-21,2025-06-24,4,4,0
2228,1791,1,8,2025-06-24,2025-06-29,2025-07-01,76,76,0
2229,1792,11,8,2025-06-23,2025-06-28,2025-07-01,4,4,0
2230,1792,11,8,2025-06-23,2025-06-30,2025-07-01,4,4,0
2231,1793,2,3,2025-06-27,2025-07-04,2025-07-07,47,47,0
2232,1794,36,6,2025-06-24,2025-07-03,2025-07-01,11,11,1
2233,1795,18,6,2025-06-20,2025-06-22,2025-06-25,29,29,1
2234,1796,39,9,2025-06-20,2025-06-24,2025-06-26,613,613,8
2235,1796,39,9,2025-06-22,2025-06-26,2025-06-26,474,474,5
2236,1797,1,9,2025-06-24,2025-07-09,2025-07-02,11,11,0
2237,1798,40,1,2025-07-04,2025-07-10,2025-07-12,1299,1299,6
2238,1799,38,1,2025-06-25,2025-06-25,2025-06-24,17,17,1
2239,1800,36,3,2025-06-29,2025-07-05,2025-07-01,456,456,13
2240,1801,35,3,2025-06-23,2025-06-29,2025-07-01,3,3,0
2241,1801,35,3,2025-06-27,2025-06-29,2025-07-01,1,1,0
2242,1801,35,3,2025-06-24,2025-06-29,2025-07-01,2,2,0
2243,1802,3,3,2025-07-08,2025-07-24,2025-07-24,754,754,24
2244,1803,44,10,2025-07-02,2025-07-09,2025-07-10,5,5,0
2245,1804,16,10,2025-06-22,2025-06-26,2025-06-26,64,64,1
2246,1805,8,8,2025-06-25,2025-06-27,2025-06-29,138,138,2
2247,1806,43,8,2025-06-27,2025-06-28,2025-06-29,489,489,10
2248,1806,43,8,2025-06-21,2025-06-29,2025-06-29,583,583,30
2249,1807,18,8,2025-06-20,2025-06-22,2025-06-25,11,11,0
2250,1808,15,8,2025-06-20,2025-06-25,2025-06-26,47,47,1
2251,1809,17,4,2025-06-20,2025-06-29,2025-07-01,364,364,22
2252,1810,19,4,2025-06-24,2025-06-24,2025-06-24,36,36,1
2253,1811,12,4,2025-06-30,2025-07-05,2025-07-08,564,564,13
2254,1812,46,4,2025-06-29,2025-07-16,2025-07-16,10,10,0
2255,1813,33,4,2025-07-08,2025-07-22,2025-07-15,91,91,0
2256,1814,25,4,2025-06-21,2025-06-27,2025-06-27,32,32,0
2257,1815,45,2,2025-06-28,2025-07-13,2025-07-14,362,362,1
2258,1815,45,2,2025-06-30,2025-07-14,2025-07-14,406,406,2
2259,1816,4,2,2025-07-04,2025-07-11,2025-07-11,92,92,2
2260,1817,35,8,2025-06-20,2025-06-28,2025-07-01,23,23,0
2261,1818,43,8,2025-06-30,2025-06-30,2025-06-29,6,6,0
2262,1819,19,8,2025-06-20,2025-06-24,2025-06-24,7,7,0
2263,1820,3,3,2025-07-07,2025-07-23,2025-07-24,6,6,0
2264,1821,20,3,2025-06-23,2025-06-23,2025-06-25,52,52,2
2265,1822,28,7,2025-06-26,2025-07-07,2025-07-08,72,72,1
2266,1823,39,8,2025-06-29,2025-06-29,2025-06-26,228,228,7
2267,1823,39,8,2025-06-20,2025-06-23,2025-06-26,90,90,2
2268,1823,39,8,2025-06-20,2025-06-23,2025-06-26,117,117,2
2269,1824,15,7,2025-06-24,2025-06-27,2025-06-27,9,9,0
2270,1825,46,7,2025-07-07,2025-07-14,2025-07-17,6,6,0
2271,1825,46,7,2025-07-05,2025-07-17,2025-07-17,4,4,0
2272,1826,22,7,2025-06-25,2025-06-27,2025-06-26,397,397,0
2273,1826,22,7,2025-06-25,2025-06-25,2025-06-26,621,621,8
2274,1827,19,1,2025-06-26,2025-06-26,2025-06-25,28,28,1
2275,1828,49,8,2025-06-30,2025-06-30,2025-06-25,879,879,17
2276,1829,37,8,2025-07-03,2025-07-30,2025-07-21,24,24,0
2277,1830,36,3,2025-06-29,2025-07-01,2025-07-02,9,9,0
2278,1831,20,3,2025-06-21,2025-06-24,2025-06-26,4,4,0
2279,1832,27,3,2025-06-24,2025-07-02,2025-07-03,26,26,1
2280,1832,27,3,2025-06-24,2025-07-01,2025-07-03,58,58,1
2281,1833,37,3,2025-07-05,2025-08-02,2025-07-21,96,96,2
2282,1834,30,3,2025-06-22,2025-06-28,2025-07-01,32,32,0
2283,1834,30,3,2025-06-26,2025-06-30,2025-07-01,64,64,1
2284,1835,1,2,2025-06-23,2025-06-30,2025-07-03,38,38,1
2285,1836,18,2,2025-06-24,2025-06-26,2025-06-26,107,107,3
2286,1836,18,2,2025-06-21,2025-06-24,2025-06-26,99,99,3
2287,1837,19,9,2025-06-21,2025-07-05,2025-06-25,24,24,1
2288,1838,5,9,2025-06-26,2025-06-26,2025-06-26,198,198,11
2289,1839,20,9,2025-06-27,2025-06-27,2025-06-26,15,15,0
2290,1840,16,9,2025-06-26,2025-06-27,2025-06-27,45,45,0
2291,1841,40,9,2025-07-04,2025-07-10,2025-07-13,9,9,0
2292,1842,26,9,2025-06-29,2025-07-01,2025-07-03,11,11,0
2293,1843,15,10,2025-06-27,2025-07-09,2025-06-27,399,399,24
2294,1844,12,3,2025-06-26,2025-07-06,2025-07-09,17,17,0
2295,1845,7,3,2025-07-11,2025-07-24,2025-07-25,24,24,0
2296,1846,20,3,2025-06-27,2025-06-27,2025-06-26,77,77,3
2297,1847,36,3,2025-06-26,2025-07-01,2025-07-02,42,42,2
2298,1848,43,3,2025-06-24,2025-06-29,2025-06-30,260,260,13
2299,1848,43,3,2025-06-28,2025-06-29,2025-06-30,107,107,4
2300,1848,43,3,2025-06-21,2025-06-28,2025-06-30,208,208,8
2301,1849,22,3,2025-06-21,2025-06-25,2025-06-26,74,74,2
2302,1850,16,3,2025-06-28,2025-06-28,2025-06-27,140,140,1
2303,1851,16,6,2025-06-24,2025-06-24,2025-06-27,20,20,0
2304,1852,21,6,2025-06-24,2025-07-06,2025-06-27,129,129,5
2305,1853,12,8,2025-06-29,2025-07-09,2025-07-09,19,19,1
2306,1853,12,8,2025-07-01,2025-07-12,2025-07-09,12,12,0
2307,1853,12,8,2025-06-25,2025-07-06,2025-07-09,29,29,0
2308,1854,8,8,2025-06-22,2025-06-27,2025-06-30,25,25,1
2309,1855,9,8,2025-07-06,2025-07-08,2025-07-10,19,19,0
2310,1856,36,9,2025-06-21,2025-07-02,2025-07-02,25,25,1
2311,1856,36,9,2025-06-21,2025-06-29,2025-07-02,37,37,2
2312,1857,3,9,2025-07-03,2025-07-23,2025-07-25,11,11,0
2313,1857,3,9,2025-07-08,2025-07-23,2025-07-25,7,7,0
2314,1857,3,9,2025-07-07,2025-08-01,2025-07-25,14,14,1
2315,1858,11,10,2025-06-30,2025-07-01,2025-07-03,9,9,0
2316,1859,13,10,2025-06-25,2025-06-30,2025-07-03,166,166,3
2317,1859,13,10,2025-06-25,2025-07-03,2025-07-03,110,110,0
2318,1859,13,10,2025-06-24,2025-07-01,2025-07-03,197,197,2
2319,1860,25,10,2025-06-24,2025-06-28,2025-06-28,457,457,7
2320,1860,25,10,2025-06-23,2025-06-28,2025-06-28,190,190,3
2321,1860,25,10,2025-06-23,2025-06-25,2025-06-28,339,339,6
2322,1861,48,7,2025-07-01,2025-07-17,2025-07-17,150,150,9
2323,1862,40,7,2025-07-06,2025-07-10,2025-07-13,544,544,6
2324,1863,14,2,2025-06-24,2025-07-02,2025-07-03,24,24,0
2325,1863,14,2,2025-06-28,2025-07-02,2025-07-03,41,41,0
2326,1864,35,2,2025-06-30,2025-07-02,2025-07-02,1171,1171,21
2327,1865,47,2,2025-07-02,2025-07-10,2025-07-12,10,10,0
2328,1866,11,2,2025-07-02,2025-07-02,2025-07-03,277,277,1
2329,1866,11,2,2025-06-29,2025-07-12,2025-07-03,146,146,2
2330,1866,11,2,2025-06-26,2025-07-02,2025-07-03,124,124,1
2331,1867,44,1,2025-06-27,2025-07-08,2025-07-11,39,39,1
2332,1868,18,1,2025-06-24,2025-06-24,2025-06-26,9,9,0
2333,1869,45,1,2025-06-30,2025-07-12,2025-07-15,128,128,0
2334,1870,23,1,2025-06-27,2025-06-28,2025-07-01,42,42,3
2335,1871,18,8,2025-06-26,2025-06-26,2025-06-26,589,589,27
2336,1872,50,8,2025-06-28,2025-07-06,2025-07-09,14,14,0
2337,1873,24,8,2025-06-30,2025-07-18,2025-07-12,664,664,6
2338,1874,4,8,2025-06-28,2025-07-10,2025-07-13,896,896,23
2339,1875,22,8,2025-06-22,2025-06-24,2025-06-27,74,74,1
2340,1876,43,8,2025-06-24,2025-07-04,2025-07-01,761,761,28
2341,1877,50,8,2025-06-27,2025-07-10,2025-07-10,492,492,19
2342,1878,50,7,2025-06-30,2025-07-07,2025-07-10,16,16,1
2343,1879,43,7,2025-06-24,2025-06-28,2025-07-01,78,78,2
2344,1880,36,1,2025-06-28,2025-07-13,2025-07-03,31,31,1
2345,1881,44,1,2025-06-28,2025-07-10,2025-07-12,80,80,0
2346,1882,18,1,2025-06-25,2025-06-29,2025-06-27,410,410,7
2347,1883,8,1,2025-06-26,2025-07-01,2025-07-02,43,43,0
2348,1883,8,1,2025-06-26,2025-07-07,2025-07-02,60,60,1
2349,1884,43,1,2025-06-25,2025-06-30,2025-07-02,12,12,1
2350,1885,15,1,2025-06-26,2025-06-29,2025-06-29,99,99,7
2351,1886,20,1,2025-06-23,2025-06-27,2025-06-28,94,94,4
2352,1887,21,1,2025-06-23,2025-07-06,2025-06-29,45,45,2
2353,1888,41,7,2025-06-28,2025-07-11,2025-07-11,57,57,1
2354,1889,35,7,2025-06-24,2025-07-03,2025-07-04,72,72,0
2355,1890,19,7,2025-06-23,2025-07-08,2025-06-27,109,109,1
2356,1891,49,7,2025-06-27,2025-06-27,2025-06-27,34,34,1
2357,1892,23,2,2025-06-25,2025-07-09,2025-07-03,97,97,0
2358,1892,23,2,2025-06-27,2025-07-08,2025-07-03,96,96,3
2359,1892,23,2,2025-06-27,2025-06-30,2025-07-03,83,83,2
2360,1893,7,2,2025-07-08,2025-07-26,2025-07-27,3,3,0
2361,1893,7,2,2025-07-07,2025-07-24,2025-07-27,4,4,0
2362,1894,42,2,2025-07-06,2025-07-06,2025-07-06,112,112,4
2363,1895,19,2,2025-06-23,2025-06-27,2025-06-27,100,100,2
2364,1896,20,2,2025-06-27,2025-06-27,2025-06-28,25,25,0
2365,1896,20,2,2025-06-24,2025-06-28,2025-06-28,8,8,0
2366,1896,20,2,2025-06-26,2025-06-27,2025-06-28,14,14,0
2367,1897,42,2,2025-06-25,2025-07-08,2025-07-06,41,41,1
2368,1898,47,2,2025-07-04,2025-07-14,2025-07-14,37,37,0
2369,1898,47,2,2025-06-29,2025-07-12,2025-07-14,32,32,2
2370,1899,8,2,2025-07-05,2025-07-05,2025-07-02,97,97,0
2371,1899,8,2,2025-06-24,2025-06-29,2025-07-02,27,27,1
2372,1899,8,2,2025-06-29,2025-07-01,2025-07-02,41,41,1
2373,1900,9,2,2025-07-05,2025-07-11,2025-07-12,183,183,2
2374,1901,50,2,2025-07-07,2025-07-11,2025-07-11,151,151,6
2375,1901,50,2,2025-07-03,2025-07-10,2025-07-11,118,118,5
2376,1902,43,2,2025-06-28,2025-07-01,2025-07-02,8,8,0
2377,1903,37,7,2025-07-16,2025-07-24,2025-07-24,95,95,1
2378,1904,47,7,2025-07-05,2025-07-13,2025-07-15,11,11,0
2379,1905,49,7,2025-06-24,2025-06-28,2025-06-28,101,101,0
2380,1905,49,7,2025-06-24,2025-07-02,2025-06-28,30,30,1
2381,1905,49,7,2025-06-24,2025-07-10,2025-06-28,59,59,1
2382,1906,3,6,2025-07-05,2025-07-28,2025-07-28,4,4,0
2383,1907,43,4,2025-06-24,2025-07-03,2025-07-03,7,7,0
2384,1908,11,4,2025-07-02,2025-07-12,2025-07-06,7,7,0
2385,1908,11,4,2025-07-05,2025-07-05,2025-07-06,2,2,0
2386,1908,11,4,2025-07-01,2025-07-06,2025-07-06,3,3,0
2387,1909,20,4,2025-06-24,2025-06-26,2025-06-29,787,787,10
2388,1910,40,7,2025-07-04,2025-07-13,2025-07-16,12,12,0
2389,1911,2,7,2025-07-02,2025-07-10,2025-07-11,31,31,0
2390,1912,21,8,2025-06-29,2025-06-29,2025-06-30,7,7,0
2391,1913,15,8,2025-06-24,2025-06-27,2025-06-30,61,61,3
2392,1914,1,1,2025-06-28,2025-07-04,2025-07-06,100,100,2
2393,1915,19,1,2025-06-29,2025-06-29,2025-06-28,808,808,42
2394,1916,47,8,2025-07-05,2025-07-15,2025-07-15,5,5,0
2395,1916,47,8,2025-07-04,2025-07-14,2025-07-15,1,1,0
2396,1916,47,8,2025-07-06,2025-07-14,2025-07-15,3,3,0
2397,1917,37,1,2025-07-09,2025-07-22,2025-07-24,67,67,1
2398,1918,30,1,2025-06-28,2025-07-02,2025-07-04,14,14,0
2399,1919,34,5,2025-07-11,2025-07-27,2025-07-28,22,22,1
2400,1920,5,5,2025-06-24,2025-07-04,2025-06-29,387,387,23
2401,1921,28,5,2025-06-29,2025-07-10,2025-07-12,874,874,9
2402,1922,43,9,2025-06-30,2025-06-30,2025-07-03,20,20,1
2403,1923,21,9,2025-06-24,2025-06-30,2025-06-30,524,524,6
2404,1924,28,9,2025-07-03,2025-07-12,2025-07-12,553,553,6
2405,1925,50,2,2025-06-26,2025-07-10,2025-07-12,8,8,0
2406,1926,11,2,2025-06-24,2025-07-04,2025-07-06,571,571,10
2407,1927,1,2,2025-07-02,2025-07-04,2025-07-06,290,290,0
2408,1928,47,3,2025-07-06,2025-07-14,2025-07-15,7,7,0
2409,1929,40,5,2025-07-06,2025-07-14,2025-07-16,443,443,4
2410,1930,2,6,2025-06-25,2025-07-10,2025-07-11,151,151,0
2411,1931,5,6,2025-06-29,2025-06-29,2025-06-29,8,8,0
2412,1932,10,3,2025-07-07,2025-07-17,2025-07-19,11,11,1
2413,1933,35,3,2025-06-29,2025-07-04,2025-07-05,105,105,2
2414,1934,2,3,2025-07-01,2025-07-19,2025-07-11,503,503,6
2415,1935,31,3,2025-07-11,2025-07-25,2025-07-25,11,11,0
2416,1936,20,3,2025-06-27,2025-06-29,2025-06-29,14,14,1
2417,1937,20,3,2025-06-29,2025-06-29,2025-06-29,557,557,16
2418,1938,30,2,2025-07-03,2025-07-04,2025-07-05,371,371,4
2419,1939,26,4,2025-06-30,2025-07-06,2025-07-07,58,58,0
2420,1940,16,4,2025-06-27,2025-06-29,2025-07-01,416,416,0
2421,1941,43,5,2025-06-29,2025-07-03,2025-07-04,76,76,0
2422,1942,42,5,2025-06-28,2025-07-06,2025-07-08,82,82,1
2423,1943,12,5,2025-07-02,2025-07-13,2025-07-13,1123,1123,24
2424,1944,4,5,2025-07-05,2025-07-14,2025-07-16,48,48,1
2425,1945,25,7,2025-07-02,2025-07-02,2025-07-02,14,14,0
2426,1945,25,7,2025-06-29,2025-06-30,2025-07-02,6,6,0
2427,1945,25,7,2025-06-27,2025-06-29,2025-07-02,4,4,0
2428,1946,43,7,2025-06-25,2025-07-12,2025-07-04,108,108,5
2429,1947,32,7,2025-06-29,2025-06-30,2025-06-30,25,25,0
2430,1948,5,7,2025-06-25,2025-06-29,2025-06-30,6,6,0
2431,1949,35,3,2025-07-04,2025-07-04,2025-07-06,53,53,1
2432,1950,50,3,2025-07-04,2025-07-11,2025-07-13,201,201,4
2433,1951,17,2,2025-07-01,2025-07-04,2025-07-06,215,215,35
2434,1952,11,2,2025-06-25,2025-07-04,2025-07-07,21,21,1
2435,1953,9,4,2025-07-06,2025-07-14,2025-07-14,47,47,1
2436,1954,37,4,2025-07-14,2025-07-25,2025-07-25,178,178,3
2437,1955,36,4,2025-06-29,2025-07-08,2025-07-06,582,582,24
2438,1956,17,4,2025-06-27,2025-07-05,2025-07-06,17,17,0
2439,1957,46,4,2025-07-12,2025-08-02,2025-07-21,41,41,1
2440,1958,15,4,2025-06-25,2025-06-29,2025-07-01,85,85,3
2441,1959,20,7,2025-06-25,2025-06-27,2025-06-30,853,853,12
2442,1960,5,7,2025-06-25,2025-06-27,2025-06-30,8,8,1
2443,1961,35,7,2025-07-01,2025-07-04,2025-07-06,12,12,0
2444,1962,3,7,2025-07-09,2025-07-28,2025-07-29,7,7,0
2445,1963,23,7,2025-07-03,2025-07-03,2025-07-05,103,103,2
2446,1963,23,7,2025-06-25,2025-07-13,2025-07-05,101,101,2
2447,1963,23,7,2025-07-03,2025-07-05,2025-07-05,82,82,3
2448,1964,10,9,2025-07-04,2025-07-20,2025-07-20,192,192,5
2449,1965,15,8,2025-06-28,2025-06-29,2025-07-01,81,81,2
2450,1966,20,8,2025-06-29,2025-06-29,2025-06-30,229,229,4
2451,1967,44,8,2025-07-05,2025-07-15,2025-07-15,416,416,7
2452,1968,30,8,2025-07-04,2025-07-04,2025-07-05,11,11,0
2453,1969,45,10,2025-07-11,2025-07-18,2025-07-19,185,185,0
2454,1970,45,10,2025-07-09,2025-07-19,2025-07-19,65,65,0
2455,1971,25,8,2025-07-02,2025-07-02,2025-07-02,531,531,2
2456,1972,47,2,2025-07-06,2025-07-15,2025-07-16,1040,1040,43
2457,1973,7,2,2025-07-11,2025-07-27,2025-07-29,51,51,1
2458,1973,7,2,2025-07-12,2025-07-29,2025-07-29,62,62,1
2459,1974,20,2,2025-06-25,2025-06-30,2025-06-30,16,16,0
2460,1975,31,7,2025-07-13,2025-07-23,2025-07-26,14,14,0
2461,1976,18,1,2025-06-29,2025-06-29,2025-06-30,77,77,2
2462,1977,38,1,2025-06-29,2025-06-29,2025-06-29,8,8,0
2463,1978,14,3,2025-06-28,2025-07-05,2025-07-07,118,118,0
2464,1979,10,3,2025-07-08,2025-07-20,2025-07-20,553,553,11
2465,1980,12,6,2025-07-06,2025-07-15,2025-07-14,116,116,0
2466,1981,37,6,2025-07-05,2025-07-23,2025-07-26,11,11,0
2467,1982,44,8,2025-07-05,2025-07-16,2025-07-16,66,66,0
2468,1983,24,8,2025-07-05,2025-07-16,2025-07-17,470,470,7
2469,1984,40,8,2025-07-05,2025-07-15,2025-07-18,23,23,0
2470,1985,32,5,2025-07-01,2025-07-01,2025-07-01,120,120,2
2471,1986,8,5,2025-07-01,2025-07-09,2025-07-05,31,31,0
2472,1987,22,4,2025-06-26,2025-06-30,2025-07-01,95,95,0
2473,1988,36,4,2025-07-01,2025-07-04,2025-07-07,92,92,1
2474,1988,36,4,2025-06-30,2025-07-06,2025-07-07,98,98,0
2475,1989,49,4,2025-06-26,2025-06-28,2025-06-30,6,6,0
2476,1990,8,4,2025-07-01,2025-07-02,2025-07-05,405,405,9
2477,1990,8,4,2025-06-29,2025-07-03,2025-07-05,290,290,3
2478,1991,7,4,2025-07-13,2025-07-29,2025-07-30,15,15,0
2479,1991,7,4,2025-07-09,2025-07-30,2025-07-30,34,34,0
2480,1992,13,4,2025-07-03,2025-07-07,2025-07-08,219,219,2
2481,1993,23,7,2025-06-30,2025-07-04,2025-07-06,133,133,7
2482,1994,28,7,2025-07-07,2025-07-13,2025-07-14,32,32,0
2483,1994,28,7,2025-06-29,2025-07-11,2025-07-14,55,55,1
2484,1995,7,7,2025-07-12,2025-07-30,2025-07-30,22,22,0
2485,1996,50,7,2025-06-29,2025-07-14,2025-07-14,28,28,1
2486,1997,10,7,2025-07-12,2025-07-21,2025-07-21,123,123,3
2487,1998,4,4,2025-07-07,2025-07-17,2025-07-17,147,147,6
2488,1999,25,4,2025-07-02,2025-07-03,2025-07-03,83,83,1
2489,2000,16,4,2025-06-26,2025-07-01,2025-07-02,11,11,0
2490,2001,6,4,2025-07-05,2025-07-14,2025-07-14,40,40,0
2491,2002,10,4,2025-07-10,2025-07-21,2025-07-21,77,77,2
2492,2002,10,4,2025-07-04,2025-07-20,2025-07-21,89,89,5
2493,2003,2,4,2025-07-06,2025-07-11,2025-07-13,306,306,1
2494,2004,17,10,2025-07-04,2025-07-04,2025-07-07,209,209,19
2495,2005,36,2,2025-07-02,2025-07-07,2025-07-07,22,22,1
2496,2006,23,2,2025-06-26,2025-07-18,2025-07-06,2,2,0
2497,2006,23,2,2025-06-26,2025-07-05,2025-07-06,6,6,0
2498,2007,19,2,2025-06-27,2025-06-28,2025-06-30,82,82,3
2499,2008,36,3,2025-07-02,2025-07-06,2025-07-07,423,423,8
2500,2008,36,3,2025-07-07,2025-07-07,2025-07-07,439,439,11
2501,2009,38,3,2025-06-26,2025-06-27,2025-06-30,202,202,4
2502,2010,41,3,2025-07-03,2025-07-14,2025-07-14,51,51,2
2503,2011,42,5,2025-07-07,2025-07-07,2025-07-09,1115,1115,9
2504,2012,37,5,2025-07-08,2025-07-24,2025-07-26,312,312,13
2505,2013,36,5,2025-07-05,2025-07-06,2025-07-07,75,75,5
2506,2014,44,5,2025-07-05,2025-07-13,2025-07-16,36,36,1
2507,2015,19,5,2025-06-27,2025-06-29,2025-06-30,6,6,0
2508,2016,12,5,2025-07-11,2025-07-13,2025-07-14,15,15,0
2509,2017,43,5,2025-06-30,2025-07-03,2025-07-05,803,803,62
2510,2018,47,5,2025-07-07,2025-07-15,2025-07-17,203,203,4
2511,2019,30,8,2025-07-02,2025-07-06,2025-07-06,70,70,0
2512,2020,44,8,2025-07-06,2025-07-13,2025-07-16,8,8,0
2513,2021,43,8,2025-06-29,2025-07-02,2025-07-05,38,38,2
2514,2022,25,7,2025-07-03,2025-07-03,2025-07-03,1323,1323,5
2515,2023,35,1,2025-06-28,2025-07-06,2025-07-07,21,21,0
2516,2023,35,1,2025-06-28,2025-07-06,2025-07-07,23,23,0
2517,2024,28,1,2025-07-03,2025-07-11,2025-07-14,846,846,11
2518,2025,45,4,2025-07-05,2025-07-20,2025-07-20,1422,1422,2
2519,2026,47,2,2025-07-05,2025-07-26,2025-07-17,495,495,32
2520,2027,6,2,2025-07-05,2025-07-13,2025-07-14,97,97,0
2521,2027,6,2,2025-07-08,2025-07-24,2025-07-14,197,197,1
2522,2028,4,2,2025-07-07,2025-07-17,2025-07-17,50,50,0
2523,2029,25,5,2025-06-27,2025-07-04,2025-07-04,13,13,0
2524,2030,43,5,2025-06-28,2025-07-03,2025-07-06,6,6,0
2525,2030,43,5,2025-07-01,2025-07-03,2025-07-06,4,4,0
2526,2030,43,5,2025-06-27,2025-07-06,2025-07-06,4,4,0
2527,2031,22,2,2025-07-02,2025-07-02,2025-07-02,399,399,8
2528,2031,22,2,2025-07-01,2025-07-01,2025-07-02,412,412,16
2529,2032,5,2,2025-07-02,2025-07-02,2025-07-02,115,115,10
2530,2033,36,2,2025-07-05,2025-07-07,2025-07-08,64,64,4
2531,2034,38,4,2025-06-27,2025-07-01,2025-07-01,43,43,1
2532,2035,32,4,2025-06-30,2025-07-02,2025-07-02,22,22,0
2533,2035,32,4,2025-06-29,2025-07-02,2025-07-02,16,16,0
2534,2035,32,4,2025-07-02,2025-07-02,2025-07-02,19,19,0
2535,2036,7,3,2025-07-14,2025-07-30,2025-07-31,608,608,0
2536,2037,41,3,2025-07-09,2025-07-13,2025-07-15,20,20,1
2537,2037,41,3,2025-07-05,2025-07-15,2025-07-15,10,10,0
2538,2037,41,3,2025-07-03,2025-07-27,2025-07-15,11,11,1
2539,2038,50,3,2025-07-10,2025-07-14,2025-07-15,329,329,26
2540,2038,50,3,2025-07-04,2025-07-12,2025-07-15,764,764,22
2541,2039,19,3,2025-06-27,2025-06-29,2025-07-01,19,19,0
2542,2040,37,7,2025-07-11,2025-07-27,2025-07-27,244,244,7
2543,2041,25,7,2025-07-01,2025-07-03,2025-07-04,4,4,0
2544,2041,25,7,2025-07-03,2025-07-03,2025-07-04,3,3,0
2545,2041,25,7,2025-06-29,2025-07-01,2025-07-04,5,5,0
2546,2042,29,7,2025-07-08,2025-07-20,2025-07-20,4,4,0
2547,2042,29,7,2025-07-10,2025-07-19,2025-07-20,2,2,0
2548,2042,29,7,2025-07-04,2025-07-17,2025-07-20,2,2,0
2549,2043,35,7,2025-06-29,2025-07-14,2025-07-08,24,24,0
2550,2044,12,10,2025-07-03,2025-07-13,2025-07-15,22,22,0
2551,2044,12,10,2025-07-02,2025-07-13,2025-07-15,48,48,0
2552,2045,43,10,2025-06-28,2025-07-06,2025-07-06,4,4,0
2553,2045,43,10,2025-07-05,2025-07-05,2025-07-06,2,2,0
2554,2045,43,10,2025-06-28,2025-07-06,2025-07-06,2,2,0
2555,2046,11,10,2025-06-29,2025-07-09,2025-07-09,184,184,4
2556,2047,20,10,2025-06-30,2025-07-02,2025-07-02,12,12,0
2557,2047,20,10,2025-06-28,2025-07-02,2025-07-02,16,16,0
2558,2048,8,6,2025-07-02,2025-07-05,2025-07-06,244,244,1
2559,2049,5,6,2025-06-27,2025-07-02,2025-07-02,13,13,1
2560,2049,5,6,2025-06-30,2025-07-01,2025-07-02,18,18,1
2561,2050,35,5,2025-06-30,2025-07-05,2025-07-08,307,307,7
2562,2050,35,5,2025-07-02,2025-07-08,2025-07-08,244,244,3
2563,2051,47,5,2025-07-08,2025-07-16,2025-07-18,6,6,0
2564,2051,47,5,2025-07-10,2025-07-18,2025-07-18,13,13,0
2565,2052,19,8,2025-06-27,2025-07-11,2025-07-01,71,71,2
2566,2052,19,8,2025-06-28,2025-06-29,2025-07-01,157,157,0
2567,2053,21,8,2025-06-29,2025-07-05,2025-07-03,24,24,1
2568,2053,21,8,2025-06-28,2025-07-03,2025-07-03,8,8,0
2569,2053,21,8,2025-06-30,2025-07-03,2025-07-03,12,12,0
2570,2054,41,8,2025-07-04,2025-07-13,2025-07-15,5,5,0
2571,2054,41,8,2025-07-09,2025-07-13,2025-07-15,10,10,1
2572,2055,47,8,2025-07-02,2025-07-17,2025-07-18,631,631,31
2573,2056,16,4,2025-07-04,2025-07-04,2025-07-04,20,20,0
2574,2057,47,4,2025-07-08,2025-07-24,2025-07-19,287,287,7
2575,2058,32,4,2025-06-30,2025-06-30,2025-07-03,75,75,0
2576,2059,22,10,2025-07-01,2025-07-01,2025-07-03,194,194,5
2577,2060,36,10,2025-07-06,2025-07-07,2025-07-09,17,17,1
2578,2061,18,10,2025-07-01,2025-07-01,2025-07-03,370,370,13
2579,2062,5,10,2025-07-07,2025-07-07,2025-07-03,255,255,12
2580,2063,17,10,2025-07-01,2025-07-08,2025-07-09,523,523,0
2581,2064,27,3,2025-07-04,2025-07-07,2025-07-10,21,21,1
2582,2065,2,3,2025-07-09,2025-07-15,2025-07-15,42,42,1
2583,2066,5,4,2025-06-30,2025-07-02,2025-07-03,4,4,0
2584,2066,5,4,2025-07-03,2025-07-03,2025-07-03,3,3,0
2585,2067,38,4,2025-06-29,2025-06-30,2025-07-02,6,6,0
2586,2067,38,4,2025-06-30,2025-07-01,2025-07-02,5,5,0
2587,2068,44,4,2025-07-06,2025-07-18,2025-07-18,502,502,7
2588,2069,44,4,2025-07-07,2025-07-16,2025-07-18,1236,1236,6
2589,2070,39,6,2025-07-03,2025-07-10,2025-07-04,213,213,4
2590,2071,25,6,2025-06-28,2025-07-05,2025-07-05,828,828,12
2591,2072,11,6,2025-07-02,2025-07-17,2025-07-10,451,451,19
2592,2073,41,6,2025-07-05,2025-07-15,2025-07-16,7,7,0
2593,2074,43,6,2025-07-02,2025-07-12,2025-07-07,33,33,1
2594,2075,37,5,2025-07-15,2025-07-25,2025-07-28,237,237,2
2595,2076,12,5,2025-07-07,2025-07-13,2025-07-16,7,7,0
2596,2077,23,5,2025-07-04,2025-07-12,2025-07-08,11,11,0
2597,2078,30,2,2025-07-04,2025-07-06,2025-07-08,18,18,0
2598,2079,19,2,2025-06-28,2025-07-02,2025-07-02,137,137,8
2599,2079,19,2,2025-06-29,2025-06-29,2025-07-02,142,142,3
2600,2080,39,10,2025-06-29,2025-07-02,2025-07-04,1150,1150,4
2601,2081,35,10,2025-07-07,2025-07-07,2025-07-09,41,41,1
2602,2082,17,10,2025-07-06,2025-07-09,2025-07-09,10,10,0
2603,2083,30,10,2025-07-01,2025-07-07,2025-07-08,624,624,5
2604,2084,8,10,2025-07-03,2025-07-05,2025-07-07,33,33,1
2605,2084,8,10,2025-07-01,2025-07-05,2025-07-07,27,27,0
2606,2085,37,10,2025-07-14,2025-07-25,2025-07-28,77,77,0
2607,2085,37,10,2025-07-14,2025-07-28,2025-07-28,59,59,0
2608,2086,47,5,2025-07-12,2025-07-18,2025-07-20,9,9,0
2609,2087,46,5,2025-07-11,2025-07-24,2025-07-25,1026,1026,38
2610,2088,21,5,2025-07-07,2025-07-07,2025-07-05,4,4,0
2611,2088,21,5,2025-07-03,2025-07-04,2025-07-05,2,2,0
2612,2088,21,5,2025-07-03,2025-07-03,2025-07-05,2,2,0
2613,2089,22,2,2025-06-30,2025-07-04,2025-07-04,890,890,37
2614,2090,12,2,2025-07-07,2025-07-15,2025-07-17,134,134,3
2615,2091,8,2,2025-06-29,2025-07-08,2025-07-08,68,68,0
2616,2092,37,8,2025-07-13,2025-07-26,2025-07-29,19,19,0
2617,2092,37,8,2025-07-12,2025-07-27,2025-07-29,32,32,1
2618,2093,35,8,2025-07-01,2025-07-10,2025-07-10,416,416,10
2619,2094,23,7,2025-06-30,2025-07-07,2025-07-09,350,350,19
2620,2095,35,7,2025-06-30,2025-07-10,2025-07-10,10,10,0
2621,2096,43,7,2025-07-02,2025-07-05,2025-07-08,1055,1055,51
2622,2097,42,1,2025-07-01,2025-07-12,2025-07-12,1124,1124,33
2623,2098,37,1,2025-07-15,2025-08-07,2025-07-29,457,457,11
2624,2099,11,1,2025-07-02,2025-07-09,2025-07-11,233,233,9
2625,2100,26,4,2025-07-06,2025-07-16,2025-07-12,7,7,0
2626,2101,1,9,2025-06-30,2025-07-16,2025-07-12,18,18,0
2627,2102,43,9,2025-07-02,2025-07-08,2025-07-09,27,27,1
2628,2103,18,5,2025-07-02,2025-07-14,2025-07-05,42,42,1
2629,2104,18,1,2025-07-03,2025-07-03,2025-07-05,24,24,0
2630,2105,21,1,2025-06-30,2025-07-14,2025-07-06,169,169,4
2631,2106,50,1,2025-07-15,2025-07-15,2025-07-18,46,46,1
2632,2107,19,1,2025-07-04,2025-07-04,2025-07-04,684,684,27
2633,2108,33,10,2025-07-11,2025-08-01,2025-07-25,6,6,0
2634,2109,30,10,2025-07-06,2025-07-07,2025-07-10,308,308,1
2635,2110,31,10,2025-07-17,2025-07-28,2025-07-31,316,316,8
2636,2111,2,8,2025-07-09,2025-07-17,2025-07-18,535,535,8
2637,2112,5,8,2025-07-01,2025-07-05,2025-07-06,10,10,0
2638,2113,13,8,2025-07-03,2025-07-10,2025-07-13,423,423,10
2639,2114,27,10,2025-07-05,2025-07-11,2025-07-13,726,726,21
2640,2114,27,10,2025-07-07,2025-07-12,2025-07-13,506,506,1
2641,2115,20,10,2025-07-01,2025-07-03,2025-07-06,71,71,2
2642,2116,16,4,2025-07-05,2025-07-05,2025-07-07,135,135,0
2643,2117,10,4,2025-07-13,2025-07-26,2025-07-26,18,18,1
2644,2117,10,4,2025-07-11,2025-07-25,2025-07-26,35,35,0
2645,2118,14,4,2025-07-06,2025-07-13,2025-07-13,13,13,0
2646,2119,4,4,2025-07-11,2025-07-20,2025-07-22,3,3,0
2647,2119,4,4,2025-07-10,2025-07-22,2025-07-22,7,7,0
2648,2120,44,4,2025-07-07,2025-07-21,2025-07-21,181,181,3
2649,2121,14,2,2025-07-06,2025-07-13,2025-07-13,59,59,0
2650,2122,2,2,2025-07-09,2025-07-17,2025-07-18,789,789,8
2651,2123,20,6,2025-07-04,2025-07-06,2025-07-06,20,20,0
2652,2124,39,6,2025-07-01,2025-07-06,2025-07-07,33,33,0
2653,2124,39,6,2025-07-06,2025-07-10,2025-07-07,71,71,1
2654,2125,12,10,2025-07-12,2025-07-18,2025-07-19,538,538,1
2655,2126,5,10,2025-07-01,2025-07-03,2025-07-06,865,865,53
2656,2127,16,10,2025-07-04,2025-07-07,2025-07-07,62,62,0
2657,2128,30,6,2025-07-06,2025-07-10,2025-07-11,126,126,0
2658,2128,30,6,2025-07-08,2025-07-08,2025-07-11,62,62,0
2659,2128,30,6,2025-07-06,2025-07-08,2025-07-11,94,94,1
2660,2129,37,4,2025-07-15,2025-08-09,2025-08-01,9,9,0
2661,2130,3,9,2025-07-16,2025-08-02,2025-08-05,229,229,16
2662,2130,3,9,2025-07-24,2025-08-02,2025-08-05,209,209,12
2663,2131,11,9,2025-07-02,2025-07-14,2025-07-14,5,5,0
2664,2131,11,9,2025-07-06,2025-07-12,2025-07-14,10,10,0
2665,2132,5,9,2025-07-07,2025-07-07,2025-07-07,39,39,3
2666,2133,46,9,2025-07-11,2025-07-28,2025-07-28,21,21,0
2667,2134,42,9,2025-07-08,2025-07-12,2025-07-15,504,504,0
2668,2135,8,9,2025-07-09,2025-07-10,2025-07-11,142,142,2
2669,2136,8,9,2025-07-02,2025-07-11,2025-07-11,1264,1264,34
2670,2137,1,9,2025-07-02,2025-07-13,2025-07-14,29,29,1
2671,2138,32,4,2025-07-02,2025-07-06,2025-07-07,1411,1411,4
2672,2139,41,4,2025-07-09,2025-07-20,2025-07-20,160,160,5
2673,2140,21,4,2025-07-08,2025-07-08,2025-07-08,1026,1026,20
2674,2141,39,10,2025-07-04,2025-07-07,2025-07-08,19,19,0
2675,2142,22,10,2025-07-02,2025-07-07,2025-07-07,10,10,0
2676,2142,22,10,2025-07-05,2025-07-07,2025-07-07,11,11,0
2677,2143,42,10,2025-07-04,2025-07-14,2025-07-15,44,44,1
2678,2144,42,10,2025-07-08,2025-07-13,2025-07-15,21,21,0
2679,2145,3,10,2025-07-13,2025-08-04,2025-08-05,255,255,13
2680,2146,16,10,2025-07-12,2025-07-12,2025-07-08,171,171,0
2681,2147,2,7,2025-07-08,2025-07-19,2025-07-19,3,3,0
2682,2147,2,7,2025-07-11,2025-07-16,2025-07-19,6,6,0
2683,2148,8,9,2025-07-09,2025-07-11,2025-07-11,636,636,12
2684,2149,20,9,2025-07-02,2025-07-04,2025-07-07,844,844,1
2685,2150,7,6,2025-07-19,2025-08-04,2025-08-05,27,27,0
2686,2151,1,6,2025-07-05,2025-07-13,2025-07-14,12,12,0
2687,2152,30,6,2025-07-07,2025-07-10,2025-07-12,73,73,0
2688,2153,39,2,2025-07-05,2025-07-05,2025-07-08,249,249,2
2689,2154,9,2,2025-07-13,2025-07-20,2025-07-21,54,54,2
2690,2155,2,2,2025-07-09,2025-07-17,2025-07-19,20,20,0
2691,2156,19,5,2025-07-02,2025-07-06,2025-07-06,135,135,5
2692,2157,26,5,2025-07-10,2025-07-12,2025-07-14,92,92,2
2693,2158,31,5,2025-07-14,2025-07-30,2025-08-02,665,665,11
2694,2159,3,1,2025-07-18,2025-08-03,2025-08-05,4,4,0
2695,2159,3,1,2025-07-19,2025-08-04,2025-08-05,4,4,0
2696,2160,31,1,2025-07-15,2025-07-30,2025-08-02,11,11,0
2697,2161,21,8,2025-07-04,2025-07-06,2025-07-08,90,90,2
2698,2162,6,8,2025-07-07,2025-07-17,2025-07-20,110,110,0
2699,2163,18,8,2025-07-02,2025-07-05,2025-07-07,259,259,7
2700,2164,3,8,2025-07-15,2025-08-10,2025-08-05,16,16,1
2701,2165,43,2,2025-07-02,2025-07-09,2025-07-11,17,17,1
2702,2166,3,2,2025-07-20,2025-08-16,2025-08-05,6,6,0
2703,2167,46,2,2025-07-17,2025-07-28,2025-07-28,69,69,1
2704,2167,46,2,2025-07-10,2025-07-28,2025-07-28,97,97,0
2705,2168,19,10,2025-07-05,2025-07-05,2025-07-06,211,211,7
2706,2169,36,10,2025-07-05,2025-07-12,2025-07-13,234,234,16
2707,2170,8,10,2025-07-06,2025-07-10,2025-07-11,89,89,2
2708,2171,11,10,2025-07-09,2025-07-12,2025-07-14,13,13,0
2709,2172,49,10,2025-07-03,2025-07-06,2025-07-06,6,6,0
2710,2173,15,10,2025-07-05,2025-07-07,2025-07-08,101,101,1
2711,2174,17,10,2025-07-09,2025-07-14,2025-07-13,1023,1023,117
2712,2175,20,1,2025-07-02,2025-07-06,2025-07-07,1317,1317,56
2713,2176,20,1,2025-07-10,2025-07-10,2025-07-07,26,26,1
2714,2177,10,1,2025-07-12,2025-07-27,2025-07-27,685,685,11
2715,2178,25,1,2025-07-03,2025-07-07,2025-07-09,269,269,3
2716,2179,15,9,2025-07-05,2025-07-05,2025-07-08,42,42,2
2717,2180,13,9,2025-07-06,2025-07-14,2025-07-14,4,4,0
2718,2180,13,9,2025-07-08,2025-07-20,2025-07-14,3,3,0
2719,2181,35,9,2025-07-07,2025-07-25,2025-07-13,123,123,2
2720,2182,13,2,2025-07-05,2025-07-13,2025-07-15,849,849,11
2721,2183,3,2,2025-07-23,2025-08-15,2025-08-06,56,56,1
2722,2183,3,2,2025-07-21,2025-08-16,2025-08-06,132,132,2
2723,2184,10,2,2025-07-10,2025-07-28,2025-07-28,73,73,0
2724,2185,4,2,2025-07-12,2025-07-26,2025-07-24,35,35,0
2725,2186,9,2,2025-07-15,2025-07-20,2025-07-22,708,708,11
2726,2187,37,2,2025-07-18,2025-07-30,2025-08-02,59,59,1
2727,2188,50,2,2025-07-11,2025-07-21,2025-07-21,404,404,12
2728,2188,50,2,2025-07-13,2025-07-31,2025-07-21,544,544,21
2729,2189,30,9,2025-07-11,2025-07-12,2025-07-13,28,28,0
2730,2190,16,9,2025-07-07,2025-07-07,2025-07-09,371,371,0
2731,2190,16,9,2025-07-07,2025-07-07,2025-07-09,461,461,2
2732,2190,16,9,2025-07-07,2025-07-08,2025-07-09,327,327,1
2733,2191,40,9,2025-07-15,2025-07-25,2025-07-25,3,3,0
2734,2191,40,9,2025-07-14,2025-07-25,2025-07-25,6,6,0
2735,2192,13,9,2025-07-13,2025-07-14,2025-07-15,56,56,1
2736,2193,7,5,2025-07-23,2025-08-04,2025-08-06,376,376,4
2737,2194,8,5,2025-07-08,2025-07-09,2025-07-12,124,124,2
2738,2195,25,5,2025-07-03,2025-07-09,2025-07-10,581,581,6
2739,2196,19,8,2025-07-03,2025-07-04,2025-07-07,95,95,3
2740,2197,4,8,2025-07-17,2025-07-23,2025-07-24,98,98,3
2741,2198,1,8,2025-07-12,2025-07-14,2025-07-15,8,8,0
2742,2199,50,2,2025-07-17,2025-07-23,2025-07-21,5,5,0
2743,2199,50,2,2025-07-10,2025-07-19,2025-07-21,7,7,0
2744,2200,2,10,2025-07-10,2025-07-20,2025-07-20,680,680,17
2745,2201,10,6,2025-07-17,2025-07-28,2025-07-28,53,53,1
2746,2202,50,6,2025-07-12,2025-07-20,2025-07-21,181,181,5
2747,2203,5,6,2025-07-08,2025-07-15,2025-07-08,15,15,0
2748,2204,18,6,2025-07-08,2025-07-08,2025-07-08,6,6,0
2749,2205,42,6,2025-07-05,2025-07-16,2025-07-16,165,165,3
2750,2206,2,6,2025-07-11,2025-07-20,2025-07-20,135,135,2
2751,2206,2,6,2025-07-11,2025-07-19,2025-07-20,41,41,0
2752,2206,2,6,2025-07-07,2025-07-22,2025-07-20,65,65,1
2753,2207,37,6,2025-07-16,2025-08-02,2025-08-02,248,248,10
2754,2208,37,6,2025-07-15,2025-07-31,2025-08-02,137,137,1
2755,2209,15,7,2025-07-04,2025-07-16,2025-07-10,47,47,0
2756,2210,39,7,2025-07-06,2025-07-10,2025-07-10,322,322,1
2757,2211,1,8,2025-07-04,2025-07-19,2025-07-16,4,4,0
2758,2211,1,8,2025-07-10,2025-07-13,2025-07-16,2,2,0
2759,2211,1,8,2025-07-10,2025-07-28,2025-07-16,5,5,0
2760,2212,35,8,2025-07-10,2025-07-15,2025-07-15,173,173,3
2761,2213,23,2,2025-07-07,2025-07-19,2025-07-14,79,79,7
2762,2213,23,2,2025-07-09,2025-07-21,2025-07-14,89,89,4
2763,2214,8,2,2025-07-06,2025-07-10,2025-07-13,619,619,7
2764,2215,43,2,2025-07-07,2025-07-12,2025-07-13,292,292,20
2765,2216,13,3,2025-07-04,2025-07-16,2025-07-16,52,52,1
2766,2217,30,3,2025-07-04,2025-07-11,2025-07-14,1542,1542,14
2767,2218,31,3,2025-07-13,2025-08-04,2025-08-04,64,64,1
2768,2219,26,3,2025-07-16,2025-07-16,2025-07-16,101,101,6
2769,2220,50,2,2025-07-10,2025-07-21,2025-07-22,148,148,2
2770,2221,1,7,2025-07-10,2025-07-13,2025-07-16,707,707,5
2771,2222,16,7,2025-07-04,2025-07-07,2025-07-10,22,22,0
2772,2223,5,7,2025-07-06,2025-07-11,2025-07-09,145,145,7
2773,2224,21,10,2025-07-09,2025-07-09,2025-07-10,135,135,1
2774,2225,19,10,2025-07-04,2025-07-06,2025-07-08,65,65,3
2775,2226,45,10,2025-07-17,2025-07-27,2025-07-28,71,71,0
2776,2227,42,10,2025-07-11,2025-07-17,2025-07-17,37,37,1
2777,2228,39,1,2025-07-06,2025-07-09,2025-07-10,386,386,5
2778,2229,17,1,2025-07-09,2025-07-15,2025-07-15,5,5,0
2779,2229,17,1,2025-07-11,2025-07-14,2025-07-15,5,5,1
2780,2230,36,1,2025-07-04,2025-07-13,2025-07-15,192,192,10
2781,2231,22,1,2025-07-04,2025-07-07,2025-07-09,466,466,11
2782,2232,45,6,2025-07-11,2025-07-27,2025-07-28,11,11,0
2783,2233,43,6,2025-07-06,2025-07-13,2025-07-13,33,33,1
2784,2234,25,9,2025-07-08,2025-07-10,2025-07-11,7,7,0
2785,2235,39,9,2025-07-05,2025-07-09,2025-07-10,5,5,0
2786,2235,39,9,2025-07-08,2025-07-09,2025-07-10,10,10,0
2787,2236,35,2,2025-07-06,2025-07-14,2025-07-16,3,3,0
2788,2236,35,2,2025-07-09,2025-07-14,2025-07-16,2,2,0
2789,2236,35,2,2025-07-10,2025-07-13,2025-07-16,2,2,0
2790,2237,45,6,2025-07-12,2025-07-27,2025-07-29,21,21,0
2791,2238,13,6,2025-07-06,2025-07-16,2025-07-17,57,57,1
2792,2239,3,6,2025-07-21,2025-08-08,2025-08-08,76,76,2
2793,2240,6,5,2025-07-11,2025-07-23,2025-07-23,26,26,0
2794,2241,46,5,2025-07-19,2025-07-30,2025-07-31,86,86,5
2795,2242,11,5,2025-07-15,2025-07-15,2025-07-17,24,24,0
2796,2243,2,4,2025-07-16,2025-07-21,2025-07-22,34,34,1
2797,2244,31,4,2025-07-18,2025-08-03,2025-08-05,7,7,0
2798,2245,26,4,2025-07-10,2025-07-17,2025-07-17,65,65,2
2799,2246,46,10,2025-07-14,2025-07-31,2025-07-31,4,4,0
2800,2247,43,1,2025-07-07,2025-07-12,2025-07-14,581,581,28
2801,2248,41,1,2025-07-14,2025-08-02,2025-07-23,4,4,0
2802,2249,22,3,2025-07-10,2025-07-10,2025-07-10,31,31,0
2803,2250,8,3,2025-07-10,2025-07-12,2025-07-14,116,116,0
2804,2251,37,2,2025-07-25,2025-08-04,2025-08-04,16,16,0
2805,2252,50,2,2025-07-16,2025-07-23,2025-07-23,488,488,22
2806,2253,40,2,2025-07-12,2025-07-26,2025-07-27,452,452,3
2807,2253,40,2,2025-07-17,2025-07-24,2025-07-27,678,678,7
2808,2254,42,8,2025-07-12,2025-07-16,2025-07-18,9,9,0
2809,2255,46,8,2025-07-16,2025-07-29,2025-07-31,26,26,2
2810,2255,46,8,2025-07-17,2025-07-30,2025-07-31,11,11,0
2811,2255,46,8,2025-07-18,2025-07-29,2025-07-31,11,11,0
2812,2256,35,8,2025-07-15,2025-07-15,2025-07-16,26,26,1
2813,2257,16,8,2025-07-12,2025-07-12,2025-07-11,1218,1218,3
2814,2258,32,9,2025-07-10,2025-07-10,2025-07-10,53,53,0
2815,2259,5,9,2025-07-05,2025-07-20,2025-07-10,297,297,19
2816,2260,2,6,2025-07-10,2025-07-21,2025-07-22,764,764,15
2817,2261,45,6,2025-07-13,2025-07-28,2025-07-29,16,16,0
2818,2262,5,6,2025-07-05,2025-07-07,2025-07-10,141,141,8
2819,2263,17,2,2025-07-14,2025-07-15,2025-07-16,38,38,3
2820,2264,23,2,2025-07-11,2025-07-12,2025-07-15,73,73,3
2821,2265,45,2,2025-07-19,2025-07-28,2025-07-31,127,127,0
2822,2266,25,2,2025-07-11,2025-07-11,2025-07-14,214,214,3
2823,2267,35,4,2025-07-11,2025-07-16,2025-07-18,868,868,7
2824,2268,5,4,2025-07-07,2025-07-17,2025-07-12,8,8,0
2825,2268,5,4,2025-07-07,2025-07-10,2025-07-12,11,11,0
2826,2269,40,4,2025-07-13,2025-07-29,2025-07-29,385,385,3
2827,2270,15,8,2025-07-10,2025-07-13,2025-07-13,17,17,0
2828,2271,30,8,2025-07-13,2025-07-14,2025-07-17,135,135,2
2829,2272,25,8,2025-07-10,2025-07-14,2025-07-14,3,3,0
2830,2272,25,8,2025-07-18,2025-07-18,2025-07-14,3,3,0
2831,2273,8,5,2025-07-12,2025-07-14,2025-07-17,319,319,6
2832,2274,17,5,2025-07-08,2025-07-17,2025-07-19,117,117,7
2833,2275,40,5,2025-07-17,2025-07-30,2025-07-30,68,68,0
2834,2276,16,5,2025-07-09,2025-07-12,2025-07-14,9,9,0
2835,2277,4,5,2025-07-11,2025-07-27,2025-07-29,357,357,13
2836,2278,43,8,2025-07-08,2025-07-17,2025-07-17,82,82,4
2837,2279,8,8,2025-07-12,2025-07-15,2025-07-17,986,986,6
2838,2280,20,8,2025-07-10,2025-07-12,2025-07-13,45,45,1
2839,2280,20,8,2025-07-08,2025-07-18,2025-07-13,42,42,1
2840,2280,20,8,2025-07-08,2025-07-11,2025-07-13,33,33,0
2841,2281,17,2,2025-07-14,2025-07-17,2025-07-19,87,87,0
2842,2282,40,9,2025-07-19,2025-07-29,2025-07-30,10,10,0
2843,2283,41,9,2025-07-11,2025-07-23,2025-07-26,162,162,14
2844,2284,24,9,2025-07-13,2025-07-26,2025-07-29,41,41,0
2845,2285,16,9,2025-07-13,2025-07-14,2025-07-14,55,55,1
2846,2286,23,9,2025-07-12,2025-07-18,2025-07-18,17,17,1
2847,2287,40,9,2025-07-13,2025-07-27,2025-07-30,23,23,0
2848,2288,42,9,2025-07-17,2025-07-21,2025-07-21,138,138,5
2849,2288,42,9,2025-07-12,2025-07-18,2025-07-21,168,168,6
2850,2288,42,9,2025-07-12,2025-07-19,2025-07-21,147,147,10
2851,2289,2,9,2025-07-15,2025-07-24,2025-07-25,6,6,0
2852,2289,2,9,2025-07-17,2025-07-24,2025-07-25,8,8,0
2853,2290,43,9,2025-07-08,2025-07-14,2025-07-17,35,35,0
2854,2291,29,9,2025-07-14,2025-07-29,2025-07-31,235,235,2
2855,2292,41,9,2025-07-15,2025-07-26,2025-07-26,116,116,3
2856,2293,8,3,2025-07-13,2025-07-16,2025-07-17,121,121,3
2857,2294,14,3,2025-07-20,2025-07-20,2025-07-20,219,219,1
2858,2295,30,3,2025-07-16,2025-07-19,2025-07-18,319,319,0
2859,2295,30,3,2025-07-14,2025-07-15,2025-07-18,294,294,2
2860,2296,42,3,2025-07-14,2025-07-29,2025-07-21,9,9,0
2861,2297,30,1,2025-07-16,2025-07-17,2025-07-18,9,9,0
2862,2298,20,1,2025-07-14,2025-07-21,2025-07-13,444,444,6
2863,2299,8,1,2025-07-11,2025-07-17,2025-07-17,999,999,5
2864,2300,37,3,2025-07-25,2025-08-07,2025-08-08,9,9,0
2865,2301,41,3,2025-07-20,2025-08-06,2025-07-27,9,9,1
2866,2302,17,3,2025-07-09,2025-07-18,2025-07-20,59,59,0
2867,2302,17,3,2025-07-09,2025-07-17,2025-07-20,126,126,9
2868,2303,6,8,2025-07-18,2025-08-01,2025-07-27,17,17,0
2869,2304,20,8,2025-07-14,2025-07-14,2025-07-14,515,515,6
2870,2305,18,8,2025-07-09,2025-07-11,2025-07-14,361,361,10
2871,2305,18,8,2025-07-12,2025-07-13,2025-07-14,541,541,20
2872,2306,47,8,2025-07-18,2025-07-29,2025-07-30,19,19,1
2873,2307,33,4,2025-07-23,2025-07-31,2025-08-03,24,24,0
2874,2308,50,4,2025-07-19,2025-07-27,2025-07-27,42,42,3
2875,2309,39,4,2025-07-09,2025-07-15,2025-07-15,297,297,4
2876,2309,39,4,2025-07-14,2025-07-14,2025-07-15,571,571,2
2877,2310,35,4,2025-07-15,2025-07-20,2025-07-20,108,108,1
2878,2311,11,4,2025-07-19,2025-07-19,2025-07-21,532,532,15
2879,2312,7,4,2025-07-25,2025-08-12,2025-08-12,329,329,0
2880,2312,7,4,2025-07-24,2025-08-12,2025-08-12,313,313,1
2881,2313,49,4,2025-07-10,2025-07-13,2025-07-13,8,8,0
2882,2314,16,4,2025-07-11,2025-07-14,2025-07-15,184,184,1
2883,2315,34,10,2025-07-29,2025-08-11,2025-08-12,31,31,0
2884,2315,34,10,2025-07-25,2025-08-12,2025-08-12,25,25,0
2885,2315,34,10,2025-07-26,2025-08-11,2025-08-12,30,30,1
2886,2316,14,10,2025-07-10,2025-07-21,2025-07-21,15,15,0
2887,2317,48,10,2025-07-21,2025-08-15,2025-08-04,11,11,0
2888,2318,5,10,2025-07-12,2025-07-12,2025-07-14,37,37,2
2889,2319,3,7,2025-07-21,2025-08-11,2025-08-12,63,63,4
2890,2320,34,7,2025-07-26,2025-08-09,2025-08-12,105,105,0
2891,2320,34,7,2025-07-25,2025-08-21,2025-08-12,85,85,1
2892,2321,43,7,2025-07-19,2025-07-19,2025-07-18,61,61,1
2893,2322,1,7,2025-07-16,2025-07-25,2025-07-21,495,495,8
2894,2323,43,7,2025-07-13,2025-07-22,2025-07-18,150,150,3
2895,2324,49,7,2025-07-09,2025-07-11,2025-07-13,47,47,1
2896,2325,34,4,2025-07-23,2025-08-12,2025-08-12,23,23,1
2897,2326,44,4,2025-07-19,2025-07-27,2025-07-29,233,233,2
2898,2327,43,10,2025-07-13,2025-07-18,2025-07-18,21,21,0
2899,2328,8,10,2025-07-11,2025-07-16,2025-07-18,265,265,4
2900,2329,25,10,2025-07-13,2025-07-13,2025-07-16,6,6,0
2901,2329,25,10,2025-07-12,2025-07-13,2025-07-16,6,6,0
2902,2330,16,10,2025-07-13,2025-07-14,2025-07-15,23,23,0
2903,2331,27,10,2025-07-10,2025-07-18,2025-07-21,1074,1074,24
2904,2332,5,5,2025-07-13,2025-07-15,2025-07-15,7,7,0
2905,2333,16,5,2025-07-16,2025-07-16,2025-07-16,68,68,1
2906,2334,41,5,2025-07-15,2025-07-28,2025-07-28,8,8,1
2907,2335,4,2,2025-07-25,2025-07-30,2025-07-31,1103,1103,44
2908,2336,13,2,2025-07-13,2025-07-19,2025-07-22,520,520,12
2909,2337,18,2,2025-07-10,2025-07-13,2025-07-15,40,40,1
2910,2338,43,8,2025-07-13,2025-07-24,2025-07-19,3,3,0
2911,2338,43,8,2025-07-15,2025-07-19,2025-07-19,2,2,0
2912,2338,43,8,2025-07-10,2025-07-18,2025-07-19,2,2,0
2913,2339,27,1,2025-07-16,2025-07-22,2025-07-22,50,50,1
2914,2340,22,1,2025-07-12,2025-07-13,2025-07-15,544,544,8
2915,2341,11,8,2025-07-16,2025-07-22,2025-07-22,68,68,1
2916,2341,11,8,2025-07-16,2025-07-19,2025-07-22,61,61,1
2917,2342,1,8,2025-07-17,2025-08-02,2025-07-22,73,73,1
2918,2343,35,8,2025-07-16,2025-07-21,2025-07-21,9,9,0
2919,2344,43,7,2025-07-10,2025-07-20,2025-07-19,542,542,2
2920,2345,17,7,2025-07-13,2025-07-19,2025-07-21,908,908,12
2921,2346,20,7,2025-07-13,2025-07-25,2025-07-15,23,23,0
2922,2347,22,6,2025-07-10,2025-07-19,2025-07-15,689,689,17
2923,2348,2,6,2025-07-21,2025-07-25,2025-07-27,9,9,0
2924,2349,36,6,2025-07-14,2025-07-21,2025-07-21,46,46,1
2925,2350,36,6,2025-07-10,2025-07-19,2025-07-21,292,292,9
2926,2351,1,10,2025-07-16,2025-07-20,2025-07-22,759,759,10
2927,2352,25,10,2025-07-10,2025-07-16,2025-07-17,14,14,0
2928,2353,42,9,2025-07-23,2025-07-23,2025-07-23,3,3,0
2929,2354,25,9,2025-07-15,2025-07-16,2025-07-17,25,25,0
2930,2355,1,8,2025-07-16,2025-07-19,2025-07-22,130,130,2
2931,2356,36,8,2025-07-12,2025-08-02,2025-07-21,65,65,2
2932,2357,8,8,2025-07-10,2025-07-16,2025-07-19,316,316,5
2933,2358,26,10,2025-07-16,2025-07-19,2025-07-22,4,4,0
2934,2359,12,10,2025-07-20,2025-07-27,2025-07-28,9,9,0
2935,2359,12,10,2025-07-19,2025-07-26,2025-07-28,13,13,0
2936,2360,25,10,2025-07-14,2025-07-28,2025-07-17,16,16,0
2937,2360,25,10,2025-07-10,2025-07-16,2025-07-17,18,18,1
2938,2361,42,8,2025-07-14,2025-07-23,2025-07-23,144,144,4
2939,2361,42,8,2025-07-12,2025-07-23,2025-07-23,81,81,4
2940,2361,42,8,2025-07-13,2025-07-20,2025-07-23,181,181,7
2941,2362,36,8,2025-07-15,2025-07-18,2025-07-21,90,90,4
2942,2363,32,8,2025-07-11,2025-07-15,2025-07-15,353,353,0
2943,2364,17,6,2025-07-18,2025-07-28,2025-07-21,9,9,0
2944,2364,17,6,2025-07-14,2025-07-21,2025-07-21,4,4,0
2945,2364,17,6,2025-07-16,2025-07-28,2025-07-21,4,4,0
2946,2365,41,6,2025-07-22,2025-07-25,2025-07-28,8,8,1
2947,2366,47,6,2025-07-17,2025-08-10,2025-07-31,657,657,33
2948,2367,10,6,2025-07-26,2025-08-04,2025-08-04,14,14,0
2949,2368,4,5,2025-07-23,2025-07-29,2025-07-31,10,10,0
2950,2368,4,5,2025-07-19,2025-08-11,2025-07-31,12,12,1
2951,2369,35,5,2025-07-15,2025-07-19,2025-07-21,186,186,1
2952,2370,43,4,2025-07-16,2025-07-19,2025-07-20,113,113,2
2953,2371,18,7,2025-07-11,2025-07-16,2025-07-16,63,63,3
2954,2371,18,7,2025-07-11,2025-07-14,2025-07-16,60,60,3
2955,2372,12,7,2025-07-22,2025-07-27,2025-07-29,516,516,10
2956,2373,47,2,2025-07-22,2025-08-01,2025-08-01,512,512,20
2957,2374,22,2,2025-07-13,2025-07-16,2025-07-16,18,18,0
2958,2374,22,2,2025-07-16,2025-07-16,2025-07-16,35,35,2
2959,2375,36,2,2025-07-18,2025-07-19,2025-07-22,178,178,5
2960,2376,43,2,2025-07-11,2025-07-18,2025-07-20,169,169,5
2961,2376,43,2,2025-07-20,2025-07-25,2025-07-20,229,229,9
2962,2377,25,8,2025-07-11,2025-07-18,2025-07-18,99,99,0
2963,2378,28,8,2025-07-17,2025-07-26,2025-07-29,666,666,5
2964,2379,1,10,2025-07-11,2025-07-21,2025-07-23,274,274,5
2965,2380,18,10,2025-07-11,2025-07-13,2025-07-16,31,31,1
2966,2381,30,10,2025-07-15,2025-07-21,2025-07-21,116,116,1
2967,2382,17,7,2025-07-15,2025-07-28,2025-07-22,592,592,52
2968,2383,50,7,2025-07-18,2025-07-26,2025-07-29,148,148,4
2969,2384,9,4,2025-07-20,2025-07-27,2025-07-30,640,640,24
2970,2385,49,4,2025-07-13,2025-07-15,2025-07-15,181,181,3
2971,2386,8,4,2025-07-16,2025-07-23,2025-07-20,64,64,1
2972,2387,26,4,2025-07-14,2025-07-22,2025-07-23,547,547,28
2973,2388,43,4,2025-07-11,2025-07-20,2025-07-20,125,125,7
2974,2389,35,4,2025-07-13,2025-07-19,2025-07-22,29,29,0
2975,2390,23,4,2025-07-17,2025-07-21,2025-07-21,167,167,5
2976,2391,19,4,2025-07-11,2025-07-13,2025-07-15,47,47,1
2977,2392,21,4,2025-07-11,2025-07-16,2025-07-17,15,15,0
2978,2393,9,4,2025-07-13,2025-07-28,2025-07-30,116,116,3
2979,2394,17,2,2025-07-15,2025-07-19,2025-07-22,70,70,10
2980,2395,25,2,2025-07-11,2025-07-17,2025-07-18,198,198,3
2981,2396,45,2,2025-07-19,2025-08-01,2025-08-04,1272,1272,4
2982,2397,29,2,2025-07-27,2025-08-01,2025-08-03,213,213,2
2983,2398,33,6,2025-07-27,2025-08-03,2025-08-06,71,71,2
2984,2398,33,6,2025-07-20,2025-08-03,2025-08-06,136,136,3
2985,2399,24,6,2025-07-18,2025-07-30,2025-08-02,112,112,3
2986,2400,16,6,2025-07-16,2025-07-18,2025-07-18,7,7,0
2987,2401,22,6,2025-07-12,2025-07-15,2025-07-17,24,24,0
2988,2402,43,10,2025-07-17,2025-07-18,2025-07-21,66,66,1
2989,2403,2,10,2025-07-19,2025-07-27,2025-07-29,1065,1065,25
2990,2404,17,10,2025-07-15,2025-07-22,2025-07-23,343,343,8
2991,2405,39,10,2025-07-16,2025-07-16,2025-07-18,50,50,0
2992,2406,30,9,2025-07-18,2025-07-21,2025-07-22,282,282,2
2993,2407,13,9,2025-07-17,2025-07-23,2025-07-24,369,369,0
2994,2408,30,9,2025-07-15,2025-07-19,2025-07-22,539,539,2
2995,2409,14,2,2025-07-19,2025-07-23,2025-07-24,161,161,1
2996,2410,8,2,2025-07-19,2025-07-19,2025-07-21,477,477,2
2997,2411,45,10,2025-07-17,2025-08-05,2025-08-05,208,208,0
2998,2412,37,1,2025-07-27,2025-08-11,2025-08-11,25,25,0
2999,2413,35,1,2025-07-14,2025-07-21,2025-07-23,81,81,0
3000,2414,10,1,2025-07-29,2025-08-05,2025-08-06,81,81,0
3001,2415,39,1,2025-07-17,2025-07-17,2025-07-18,559,559,1
3002,2416,11,1,2025-07-17,2025-07-24,2025-07-24,1046,1046,4
3003,2417,5,5,2025-07-12,2025-07-15,2025-07-17,1,1,0
3004,2417,5,5,2025-07-15,2025-07-25,2025-07-17,2,2,0
3005,2418,35,5,2025-07-15,2025-07-22,2025-07-23,163,163,2
3006,2419,3,5,2025-07-25,2025-08-14,2025-08-15,6,6,0
3007,2420,17,5,2025-07-17,2025-07-21,2025-07-23,509,509,52
3008,2421,43,3,2025-07-19,2025-07-19,2025-07-21,76,76,5
3009,2422,50,3,2025-07-18,2025-08-09,2025-07-30,63,63,0
3010,2423,44,3,2025-07-19,2025-08-09,2025-08-01,91,91,1
3011,2424,1,3,2025-07-22,2025-07-24,2025-07-24,189,189,2
3012,2424,1,3,2025-07-24,2025-07-24,2025-07-24,147,147,3
3013,2425,19,3,2025-07-14,2025-07-16,2025-07-16,1043,1043,46
3014,2426,43,9,2025-07-12,2025-07-18,2025-07-21,47,47,1
3015,2427,25,9,2025-07-17,2025-07-17,2025-07-19,93,93,0
3016,2428,39,6,2025-07-16,2025-07-17,2025-07-18,58,58,1
3017,2429,35,6,2025-07-12,2025-07-22,2025-07-23,1263,1263,13
3018,2430,39,6,2025-07-17,2025-07-17,2025-07-18,27,27,1
3019,2431,26,6,2025-07-16,2025-07-21,2025-07-24,98,98,3
3020,2432,12,1,2025-07-22,2025-07-31,2025-07-31,123,123,3
3021,2433,36,1,2025-07-16,2025-07-24,2025-07-24,69,69,3
3022,2433,36,1,2025-07-20,2025-07-23,2025-07-24,132,132,0
3023,2434,20,1,2025-07-13,2025-07-15,2025-07-18,59,59,1
3024,2434,20,1,2025-07-17,2025-07-17,2025-07-18,48,48,1
3025,2434,20,1,2025-07-13,2025-07-24,2025-07-18,80,80,2
3026,2435,28,3,2025-07-27,2025-07-28,2025-07-31,66,66,1
3027,2436,44,3,2025-07-24,2025-07-30,2025-08-02,662,662,13
3028,2437,36,5,2025-07-20,2025-07-22,2025-07-24,362,362,14
3029,2438,12,5,2025-07-18,2025-07-30,2025-07-31,441,441,9
3030,2439,15,5,2025-07-15,2025-07-27,2025-07-19,10,10,0
3031,2440,22,10,2025-07-13,2025-07-15,2025-07-18,32,32,1
3032,2441,40,10,2025-07-23,2025-08-09,2025-08-04,10,10,0
3033,2442,42,10,2025-07-18,2025-08-01,2025-07-26,182,182,1
3034,2443,40,10,2025-07-20,2025-08-02,2025-08-04,68,68,0
3035,2444,47,10,2025-07-23,2025-08-03,2025-08-03,313,313,10
3036,2445,1,10,2025-07-19,2025-07-23,2025-07-26,285,285,2
3037,2446,29,10,2025-07-26,2025-08-03,2025-08-06,101,101,1
3038,2447,5,10,2025-07-19,2025-07-19,2025-07-19,700,700,36
3039,2448,32,5,2025-07-15,2025-07-16,2025-07-19,403,403,1
3040,2449,2,5,2025-07-23,2025-07-28,2025-07-31,674,674,15
3041,2450,39,5,2025-07-16,2025-07-19,2025-07-20,428,428,2
3042,2451,3,5,2025-07-30,2025-08-19,2025-08-17,390,390,8
3043,2452,43,5,2025-07-15,2025-07-21,2025-07-23,50,50,0
3044,2453,50,5,2025-07-23,2025-07-30,2025-08-02,40,40,3
3045,2454,6,5,2025-07-15,2025-08-02,2025-08-02,86,86,0
3046,2455,36,5,2025-07-21,2025-07-23,2025-07-26,30,30,2
3047,2456,31,4,2025-07-23,2025-08-14,2025-08-15,12,12,0
3048,2457,30,4,2025-07-22,2025-07-24,2025-07-25,182,182,1
3049,2458,25,4,2025-07-20,2025-07-22,2025-07-22,3,3,0
3050,2458,25,4,2025-07-18,2025-07-22,2025-07-22,5,5,0
3051,2459,10,4,2025-07-29,2025-08-09,2025-08-09,4,4,0
3052,2460,4,1,2025-07-26,2025-08-02,2025-08-05,491,491,19
3053,2461,40,1,2025-07-24,2025-08-04,2025-08-06,43,43,1
3054,2461,40,1,2025-07-29,2025-08-03,2025-08-06,49,49,1
3055,2462,49,3,2025-07-18,2025-07-18,2025-07-19,15,15,0
3056,2463,16,3,2025-07-15,2025-07-18,2025-07-21,69,69,1
3057,2463,16,3,2025-07-15,2025-07-18,2025-07-21,77,77,0
3058,2464,30,3,2025-07-18,2025-07-23,2025-07-25,53,53,1
3059,2465,46,3,2025-07-25,2025-08-09,2025-08-10,227,227,5
3060,2466,35,4,2025-07-22,2025-07-23,2025-07-26,404,404,6
3061,2467,50,8,2025-07-18,2025-08-01,2025-08-02,4,4,0
3062,2467,50,8,2025-07-25,2025-07-30,2025-08-02,1,1,0
3063,2467,50,8,2025-07-23,2025-07-30,2025-08-02,1,1,0
3064,2468,43,8,2025-07-18,2025-07-28,2025-07-24,32,32,0
3065,2469,5,5,2025-07-15,2025-07-17,2025-07-20,10,10,1
3066,2469,5,5,2025-07-15,2025-07-21,2025-07-20,6,6,0
3067,2469,5,5,2025-07-17,2025-07-20,2025-07-20,11,11,0
3068,2470,48,9,2025-07-25,2025-08-10,2025-08-10,10,10,0
3069,2471,10,9,2025-07-28,2025-08-07,2025-08-09,4,4,0
3070,2471,10,9,2025-08-02,2025-08-08,2025-08-09,2,2,0
3071,2471,10,9,2025-07-28,2025-08-09,2025-08-09,2,2,0
3072,2472,43,9,2025-07-17,2025-07-24,2025-07-24,522,522,8
3073,2473,2,4,2025-07-17,2025-07-29,2025-08-01,66,66,1
3074,2474,25,4,2025-07-23,2025-07-23,2025-07-22,101,101,3
3075,2475,35,4,2025-07-17,2025-07-25,2025-07-26,49,49,0
3076,2476,8,4,2025-07-18,2025-07-25,2025-07-24,120,120,0
3077,2477,2,4,2025-07-21,2025-07-31,2025-08-01,371,371,6
3078,2478,3,4,2025-07-26,2025-08-17,2025-08-18,32,32,1
3079,2479,47,4,2025-07-23,2025-08-14,2025-08-05,8,8,0
3080,2479,47,4,2025-07-26,2025-08-03,2025-08-05,4,4,0
3081,2479,47,4,2025-07-25,2025-08-07,2025-08-05,7,7,0
3082,2480,41,4,2025-07-26,2025-08-01,2025-08-02,157,157,2
3083,2481,6,4,2025-07-22,2025-08-02,2025-08-02,10,10,0
3084,2482,43,4,2025-07-18,2025-07-23,2025-07-24,168,168,2
3085,2483,20,4,2025-07-23,2025-07-23,2025-07-20,53,53,1
3086,2484,45,4,2025-07-27,2025-08-07,2025-08-08,518,518,2
3087,2485,2,3,2025-07-26,2025-07-29,2025-08-01,90,90,2
3088,2486,23,3,2025-07-19,2025-07-24,2025-07-25,364,364,5
3089,2487,22,3,2025-07-15,2025-07-29,2025-07-20,24,24,1
3090,2487,22,3,2025-07-19,2025-07-19,2025-07-20,50,50,2
3091,2488,30,8,2025-07-19,2025-07-22,2025-07-25,105,105,0
3092,2489,35,8,2025-07-24,2025-07-24,2025-07-26,116,116,1
3093,2489,35,8,2025-07-20,2025-07-26,2025-07-26,161,161,2
3094,2490,8,8,2025-07-19,2025-07-23,2025-07-24,852,852,14
3095,2491,19,8,2025-07-15,2025-07-19,2025-07-19,87,87,3
3096,2492,8,8,2025-07-15,2025-07-23,2025-07-24,14,14,0
3097,2493,14,8,2025-07-22,2025-07-24,2025-07-27,80,80,0
3098,2494,27,9,2025-07-21,2025-07-26,2025-07-28,17,17,0
3099,2495,10,9,2025-07-20,2025-08-09,2025-08-10,6,6,0
3100,2496,9,9,2025-07-28,2025-08-06,2025-08-04,69,69,2
3101,2497,18,9,2025-07-16,2025-07-21,2025-07-21,221,221,10
3102,2497,18,9,2025-07-18,2025-07-27,2025-07-21,191,191,6
3103,2498,10,9,2025-07-25,2025-08-08,2025-08-10,24,24,1
3104,2499,5,9,2025-07-16,2025-07-19,2025-07-21,3,3,0
3105,2499,5,9,2025-07-17,2025-07-21,2025-07-21,4,4,0
3106,2500,11,9,2025-07-20,2025-07-27,2025-07-28,221,221,3
3107,2501,2,2,2025-07-27,2025-08-02,2025-08-02,176,176,4
3108,2502,25,2,2025-07-21,2025-07-21,2025-07-23,37,37,0
3109,2503,48,2,2025-07-28,2025-08-10,2025-08-11,47,47,1
3110,2504,42,2,2025-07-24,2025-08-08,2025-07-29,39,39,3
3111,2505,12,2,2025-07-23,2025-08-03,2025-08-03,106,106,0
3112,2506,35,2,2025-07-18,2025-07-24,2025-07-27,147,147,2
3113,2507,45,2,2025-07-31,2025-08-09,2025-08-09,91,91,0
3114,2508,2,2,2025-07-23,2025-07-30,2025-08-02,216,216,3
3115,2508,2,2,2025-07-20,2025-08-02,2025-08-02,235,235,0
3116,2509,7,6,2025-08-01,2025-08-17,2025-08-19,502,502,7
3117,2510,19,6,2025-07-16,2025-07-20,2025-07-20,178,178,5
3118,2510,19,6,2025-07-22,2025-07-22,2025-07-20,327,327,10
3119,2511,42,9,2025-07-16,2025-07-29,2025-07-29,60,60,3
3120,2511,42,9,2025-07-24,2025-07-28,2025-07-29,47,47,2
3121,2512,15,9,2025-07-18,2025-08-03,2025-07-22,365,365,18
3122,2512,15,9,2025-07-26,2025-07-26,2025-07-22,171,171,3
3123,2512,15,9,2025-07-21,2025-07-22,2025-07-22,263,263,10
3124,2513,8,3,2025-07-18,2025-08-04,2025-07-25,24,24,1
3125,2514,13,10,2025-07-16,2025-07-28,2025-07-28,86,86,1
3126,2515,27,10,2025-07-18,2025-07-28,2025-07-28,251,251,6
3127,2516,2,5,2025-07-22,2025-07-31,2025-08-03,38,38,1
3128,2517,1,5,2025-07-23,2025-07-27,2025-07-29,1231,1231,8
3129,2518,31,5,2025-08-05,2025-08-15,2025-08-17,246,246,8
3130,2519,19,10,2025-07-17,2025-07-31,2025-07-21,200,200,5
3131,2520,45,10,2025-07-29,2025-08-10,2025-08-10,14,14,0
3132,2521,41,6,2025-07-27,2025-08-03,2025-08-04,2,2,0
3133,2521,41,6,2025-07-23,2025-08-01,2025-08-04,1,1,0
3134,2521,41,6,2025-07-25,2025-08-04,2025-08-04,1,1,0
3135,2522,39,6,2025-07-18,2025-08-03,2025-07-23,40,40,0
3136,2523,43,6,2025-07-17,2025-07-29,2025-07-26,11,11,0
3137,2524,5,9,2025-07-18,2025-07-27,2025-07-22,80,80,6
3138,2525,36,9,2025-07-20,2025-07-25,2025-07-28,47,47,2
3139,2526,14,4,2025-07-24,2025-07-26,2025-07-29,716,716,2
3140,2527,15,5,2025-07-17,2025-07-22,2025-07-23,9,9,0
3141,2528,6,10,2025-07-23,2025-08-03,2025-08-04,91,91,0
3142,2529,21,1,2025-07-17,2025-07-23,2025-07-23,46,46,1
3143,2530,30,1,2025-07-23,2025-07-25,2025-07-27,161,161,1
3144,2530,30,1,2025-07-17,2025-07-27,2025-07-27,322,322,1
3145,2531,4,1,2025-07-23,2025-08-05,2025-08-07,235,235,6
3146,2531,4,1,2025-07-31,2025-08-05,2025-08-07,280,280,1
3147,2532,15,1,2025-07-17,2025-07-29,2025-07-23,210,210,10
3148,2533,27,1,2025-07-22,2025-08-03,2025-07-29,9,9,0
3149,2534,18,5,2025-07-22,2025-07-22,2025-07-22,552,552,19
3150,2535,23,5,2025-07-19,2025-07-26,2025-07-27,402,402,0
3151,2536,27,5,2025-07-21,2025-07-27,2025-07-29,40,40,1
3152,2536,27,5,2025-07-19,2025-07-26,2025-07-29,72,72,2
3153,2537,19,5,2025-07-18,2025-07-20,2025-07-21,7,7,0
3154,2538,48,9,2025-07-30,2025-08-11,2025-08-12,257,257,10
3155,2539,2,9,2025-07-26,2025-08-01,2025-08-03,38,38,1
3156,2539,2,9,2025-07-22,2025-08-03,2025-08-03,19,19,0
3157,2539,2,9,2025-07-25,2025-07-31,2025-08-03,27,27,0
3158,2540,35,7,2025-07-18,2025-07-27,2025-07-28,63,63,1
3159,2541,36,7,2025-07-24,2025-08-05,2025-07-28,135,135,6
3160,2541,36,7,2025-07-21,2025-07-26,2025-07-28,248,248,12
3161,2542,10,7,2025-07-22,2025-08-14,2025-08-11,57,57,2
3162,2543,11,5,2025-07-25,2025-07-29,2025-07-30,50,50,2
3163,2544,8,5,2025-07-20,2025-07-29,2025-07-27,279,279,1
3164,2544,8,5,2025-07-24,2025-07-24,2025-07-27,206,206,2
3165,2544,8,5,2025-07-22,2025-07-24,2025-07-27,202,202,0
3166,2545,19,8,2025-07-22,2025-07-22,2025-07-22,10,10,0
3167,2546,29,5,2025-07-27,2025-08-09,2025-08-10,30,30,0
3168,2547,18,5,2025-07-20,2025-07-20,2025-07-23,19,19,1
3169,2547,18,5,2025-07-20,2025-07-31,2025-07-23,12,12,0
3170,2548,43,5,2025-07-24,2025-07-26,2025-07-27,48,48,2
3171,2549,36,2,2025-07-22,2025-07-27,2025-07-29,67,67,0
3172,2550,35,2,2025-07-28,2025-07-28,2025-07-29,259,259,3
3173,2551,1,2,2025-07-24,2025-07-30,2025-07-30,866,866,11
3174,2552,46,2,2025-08-01,2025-08-17,2025-08-13,262,262,8
3175,2553,37,3,2025-07-31,2025-08-15,2025-08-17,432,432,6
3176,2554,43,3,2025-07-25,2025-07-25,2025-07-27,39,39,0
3177,2555,23,3,2025-07-21,2025-07-25,2025-07-28,143,143,7
3178,2555,23,3,2025-07-22,2025-08-08,2025-07-28,201,201,3
3179,2556,40,3,2025-07-24,2025-08-08,2025-08-09,12,12,0
3180,2556,40,3,2025-07-26,2025-08-06,2025-08-09,12,12,0
3181,2557,19,3,2025-07-18,2025-07-19,2025-07-22,124,124,6
3182,2557,19,3,2025-07-18,2025-07-20,2025-07-22,201,201,10
3183,2558,20,6,2025-07-24,2025-07-24,2025-07-23,10,10,0
3184,2559,4,6,2025-07-30,2025-08-06,2025-08-08,6,6,0
3185,2560,3,1,2025-08-03,2025-08-18,2025-08-21,3,3,0
3186,2560,3,1,2025-08-07,2025-08-21,2025-08-21,2,2,0
3187,2560,3,1,2025-08-03,2025-08-18,2025-08-21,2,2,0
3188,2561,2,1,2025-07-27,2025-08-16,2025-08-04,7,7,0
3189,2562,35,1,2025-07-20,2025-07-27,2025-07-29,176,176,3
3190,2563,39,1,2025-07-23,2025-07-24,2025-07-24,19,19,0
3191,2564,16,1,2025-07-23,2025-07-24,2025-07-24,11,11,0
3192,2565,50,1,2025-07-27,2025-08-03,2025-08-05,374,374,23
3193,2566,9,1,2025-07-23,2025-08-04,2025-08-06,17,17,0
3194,2567,48,1,2025-07-26,2025-08-12,2025-08-13,10,10,0
3195,2568,12,1,2025-07-31,2025-08-05,2025-08-05,20,20,0
3196,2569,41,5,2025-07-20,2025-08-04,2025-08-05,55,55,5
3197,2570,39,5,2025-07-22,2025-07-22,2025-07-24,134,134,4
3198,2571,7,5,2025-08-05,2025-08-21,2025-08-21,1234,1234,29
3199,2572,31,9,2025-08-04,2025-08-30,2025-08-18,3,3,0
3200,2572,31,9,2025-08-02,2025-08-16,2025-08-18,7,7,0
3201,2573,50,10,2025-07-24,2025-08-05,2025-08-05,39,39,2
3202,2573,50,10,2025-07-20,2025-08-17,2025-08-05,34,34,2
3203,2574,50,10,2025-08-03,2025-08-03,2025-08-05,36,36,1
3204,2575,43,5,2025-07-26,2025-07-27,2025-07-27,10,10,0
3205,2575,43,5,2025-07-20,2025-08-04,2025-07-27,4,4,0
3206,2575,43,5,2025-07-24,2025-07-27,2025-07-27,8,8,0
3207,2576,10,5,2025-07-28,2025-08-09,2025-08-12,475,475,10
3208,2577,14,6,2025-07-18,2025-07-28,2025-07-30,75,75,0
3209,2578,36,6,2025-07-25,2025-07-29,2025-07-29,11,11,0
3210,2579,2,1,2025-07-29,2025-08-02,2025-08-04,107,107,1
3211,2580,20,1,2025-07-18,2025-07-20,2025-07-23,52,52,2
3212,2581,19,1,2025-07-22,2025-07-22,2025-07-22,10,10,1
3213,2582,32,1,2025-07-19,2025-07-29,2025-07-23,66,66,1
3214,2583,50,1,2025-07-27,2025-08-02,2025-08-05,11,11,1
3215,2584,44,1,2025-07-30,2025-08-06,2025-08-07,750,750,5
3216,2585,46,1,2025-07-30,2025-08-13,2025-08-13,686,686,41
3217,2586,35,7,2025-07-22,2025-07-28,2025-07-30,23,23,1
3218,2586,35,7,2025-07-19,2025-07-30,2025-07-30,23,23,0
3219,2587,41,7,2025-07-29,2025-08-05,2025-08-06,64,64,1
3220,2588,45,7,2025-07-23,2025-08-12,2025-08-12,8,8,0
3221,2589,32,7,2025-07-22,2025-07-24,2025-07-24,138,138,2
3222,2590,36,8,2025-07-20,2025-07-27,2025-07-30,78,78,0
3223,2591,34,8,2025-08-02,2025-08-22,2025-08-22,4,4,0
3224,2592,16,8,2025-07-24,2025-07-25,2025-07-25,48,48,0
3225,2593,8,6,2025-07-19,2025-08-07,2025-07-28,466,466,0
3226,2594,11,6,2025-07-26,2025-07-30,2025-07-31,189,189,0
3227,2595,36,6,2025-07-21,2025-07-27,2025-07-30,298,298,16
3228,2596,1,3,2025-07-21,2025-07-28,2025-07-31,111,111,2
3229,2597,19,3,2025-07-19,2025-07-23,2025-07-23,983,983,49
3230,2598,29,1,2025-07-24,2025-08-10,2025-08-11,18,18,0
3231,2599,25,1,2025-07-20,2025-07-25,2025-07-26,586,586,8
3232,2600,44,1,2025-07-29,2025-08-05,2025-08-08,498,498,3
3233,2600,44,1,2025-07-24,2025-08-07,2025-08-08,412,412,5
3234,2601,42,1,2025-07-19,2025-07-31,2025-08-01,36,36,3
3235,2602,14,1,2025-07-22,2025-07-31,2025-07-31,17,17,0
3236,2603,15,1,2025-07-20,2025-07-24,2025-07-25,251,251,18
3237,2603,15,1,2025-07-19,2025-07-25,2025-07-25,270,270,18
3238,2604,38,9,2025-07-19,2025-07-20,2025-07-23,486,486,6
3239,2605,47,3,2025-07-28,2025-08-06,2025-08-09,274,274,10
3240,2606,3,3,2025-08-02,2025-08-22,2025-08-22,359,359,17
3241,2607,21,3,2025-07-26,2025-07-28,2025-07-25,28,28,2
3242,2608,36,3,2025-07-19,2025-07-30,2025-07-30,1033,1033,36
3243,2609,13,3,2025-07-25,2025-07-31,2025-07-31,892,892,21
3244,2610,39,3,2025-07-19,2025-07-22,2025-07-25,101,101,1
3245,2611,20,6,2025-07-19,2025-07-22,2025-07-24,499,499,12
3246,2612,17,7,2025-07-22,2025-07-29,2025-07-30,211,211,23
3247,2613,35,7,2025-07-23,2025-07-29,2025-07-30,54,54,1
3248,2613,35,7,2025-07-24,2025-07-28,2025-07-30,76,76,1
3249,2614,45,10,2025-08-01,2025-08-10,2025-08-12,274,274,0
3250,2615,41,10,2025-07-28,2025-08-09,2025-08-06,3,3,0
3251,2616,3,10,2025-08-04,2025-08-20,2025-08-22,24,24,2
3252,2617,33,2,2025-07-29,2025-08-13,2025-08-13,23,23,0
3253,2618,3,6,2025-08-02,2025-08-21,2025-08-23,11,11,0
3254,2619,44,6,2025-07-30,2025-08-07,2025-08-09,22,22,0
3255,2620,37,8,2025-08-04,2025-08-19,2025-08-19,98,98,1
3256,2621,50,7,2025-07-27,2025-08-06,2025-08-07,897,897,32
3257,2622,35,2,2025-07-27,2025-07-29,2025-07-31,507,507,7
3258,2623,24,2,2025-07-30,2025-08-10,2025-08-10,41,41,1
3259,2624,30,4,2025-07-24,2025-07-27,2025-07-30,925,925,4
3260,2625,19,4,2025-07-24,2025-07-24,2025-07-24,16,16,1
3261,2626,20,4,2025-07-20,2025-07-22,2025-07-25,26,26,0
3262,2626,20,4,2025-07-20,2025-07-22,2025-07-25,11,11,0
3263,2626,20,4,2025-07-20,2025-07-22,2025-07-25,16,16,0
3264,2627,2,7,2025-07-25,2025-08-03,2025-08-06,69,69,0
3265,2627,2,7,2025-07-26,2025-08-04,2025-08-06,48,48,1
3266,2628,15,7,2025-07-22,2025-08-03,2025-07-26,47,47,3
3267,2629,35,6,2025-07-28,2025-07-28,2025-07-31,12,12,0
3268,2630,40,6,2025-07-29,2025-08-10,2025-08-11,9,9,0
3269,2631,9,10,2025-07-30,2025-08-09,2025-08-09,445,445,17
3270,2632,40,10,2025-08-02,2025-08-10,2025-08-12,105,105,1
3271,2632,40,10,2025-07-31,2025-08-17,2025-08-12,169,169,2
3272,2633,36,7,2025-07-26,2025-08-13,2025-08-01,8,8,0
3273,2634,4,7,2025-07-30,2025-08-08,2025-08-11,990,990,4
3274,2635,16,7,2025-07-26,2025-07-26,2025-07-27,589,589,3
3275,2636,19,5,2025-07-21,2025-07-23,2025-07-25,632,632,35
3276,2637,30,5,2025-07-21,2025-07-29,2025-07-31,24,24,0
3277,2638,36,7,2025-07-25,2025-07-30,2025-08-02,43,43,1
3278,2639,42,7,2025-08-03,2025-08-03,2025-08-04,20,20,1
3279,2640,30,10,2025-07-23,2025-07-31,2025-08-01,56,56,1
3280,2641,6,4,2025-07-27,2025-08-06,2025-08-09,8,8,0
3281,2641,6,4,2025-07-29,2025-08-06,2025-08-09,3,3,0
3282,2641,6,4,2025-08-06,2025-08-08,2025-08-09,3,3,0
3283,2642,12,4,2025-07-31,2025-08-06,2025-08-09,6,6,0
3284,2643,3,9,2025-08-03,2025-08-24,2025-08-25,29,29,2
3285,2644,11,8,2025-07-29,2025-08-01,2025-08-03,283,283,4
3286,2645,45,2,2025-08-02,2025-08-13,2025-08-15,29,29,0
3287,2646,5,2,2025-07-22,2025-07-28,2025-07-27,265,265,19
3288,2647,38,2,2025-07-22,2025-07-24,2025-07-26,1119,1119,21
3289,2648,22,7,2025-07-26,2025-07-26,2025-07-27,19,19,1
3290,2649,16,2,2025-07-22,2025-07-25,2025-07-28,25,25,0
3291,2649,16,2,2025-07-23,2025-07-25,2025-07-28,27,27,0
3292,2650,43,2,2025-07-23,2025-07-31,2025-07-31,19,19,1
3293,2651,41,2,2025-07-26,2025-08-08,2025-08-09,27,27,1
3294,2652,7,8,2025-08-10,2025-08-23,2025-08-26,319,319,4
3295,2653,5,8,2025-07-30,2025-08-01,2025-07-28,70,70,4
3296,2654,21,5,2025-07-23,2025-07-27,2025-07-29,50,50,1
3297,2655,3,5,2025-08-12,2025-08-25,2025-08-26,38,38,2
3298,2656,27,5,2025-07-30,2025-08-04,2025-08-04,407,407,8
3299,2657,15,5,2025-07-28,2025-07-28,2025-07-29,103,103,2
3300,2658,9,10,2025-08-05,2025-08-11,2025-08-11,648,648,5
3301,2659,35,10,2025-07-29,2025-08-02,2025-08-03,98,98,1
3302,2660,18,10,2025-07-26,2025-07-28,2025-07-28,20,20,0
3303,2660,18,10,2025-07-28,2025-07-28,2025-07-28,21,21,1
3304,2661,18,3,2025-07-24,2025-07-28,2025-07-28,19,19,0
3305,2662,2,3,2025-07-30,2025-08-07,2025-08-09,74,74,2
3306,2663,15,3,2025-07-25,2025-07-27,2025-07-29,20,20,1
3307,2664,32,4,2025-07-30,2025-07-30,2025-07-28,678,678,12
3308,2665,3,4,2025-08-04,2025-08-24,2025-08-26,10,10,1
3309,2666,19,4,2025-07-23,2025-07-27,2025-07-27,30,30,0
3310,2666,19,4,2025-07-23,2025-07-26,2025-07-27,25,25,0
3311,2666,19,4,2025-07-25,2025-07-26,2025-07-27,38,38,2
3312,2667,45,4,2025-08-02,2025-08-16,2025-08-16,507,507,1
3313,2668,20,6,2025-07-23,2025-07-28,2025-07-28,55,55,1
3314,2669,2,8,2025-08-03,2025-08-07,2025-08-09,8,8,0
3315,2670,22,8,2025-07-23,2025-07-25,2025-07-28,16,16,1
3316,2671,50,8,2025-08-03,2025-08-09,2025-08-10,10,10,0
3317,2672,36,8,2025-07-29,2025-08-03,2025-08-03,354,354,18
3318,2672,36,8,2025-07-25,2025-08-03,2025-08-03,682,682,18
3319,2673,2,8,2025-07-26,2025-08-08,2025-08-09,72,72,2
3320,2674,36,8,2025-07-30,2025-08-02,2025-08-03,10,10,1
3321,2675,6,8,2025-07-29,2025-08-10,2025-08-10,13,13,0
3322,2676,41,8,2025-08-04,2025-08-22,2025-08-10,10,10,0
3323,2677,20,3,2025-07-26,2025-07-26,2025-07-29,5,5,0
3324,2678,22,3,2025-07-24,2025-07-27,2025-07-29,533,533,10
3325,2679,7,3,2025-08-09,2025-09-03,2025-08-27,86,86,1
3326,2679,7,3,2025-08-10,2025-08-25,2025-08-27,51,51,0
3327,2679,7,3,2025-08-08,2025-08-25,2025-08-27,113,113,1
3328,2680,21,3,2025-07-24,2025-07-29,2025-07-30,12,12,1
3329,2681,44,1,2025-08-01,2025-08-10,2025-08-13,381,381,10
3330,2682,16,1,2025-07-29,2025-07-30,2025-07-30,170,170,1
3331,2683,3,7,2025-08-07,2025-08-25,2025-08-27,31,31,2
3332,2684,33,7,2025-08-04,2025-08-18,2025-08-18,98,98,3
3333,2684,33,7,2025-08-07,2025-08-18,2025-08-18,95,95,1
3334,2684,33,7,2025-08-02,2025-08-17,2025-08-18,94,94,1
3335,2685,17,7,2025-07-30,2025-08-03,2025-08-04,1022,1022,122
3336,2686,18,8,2025-07-27,2025-07-30,2025-07-29,485,485,14
3337,2687,20,8,2025-07-27,2025-07-27,2025-07-29,22,22,1
3338,2688,6,8,2025-07-31,2025-08-10,2025-08-11,303,303,0
3339,2689,50,2,2025-08-03,2025-08-08,2025-08-11,8,8,0
3340,2690,35,2,2025-07-28,2025-08-04,2025-08-04,6,6,0
3341,2691,35,2,2025-07-29,2025-08-10,2025-08-04,61,61,0
3342,2692,35,2,2025-07-25,2025-08-02,2025-08-04,104,104,1
3343,2693,2,2,2025-07-27,2025-08-09,2025-08-10,174,174,2
3344,2694,36,2,2025-07-27,2025-08-02,2025-08-04,1145,1145,13
3345,2695,19,3,2025-07-24,2025-07-27,2025-07-28,41,41,1
3346,2695,19,3,2025-07-24,2025-07-27,2025-07-28,70,70,2
3347,2696,35,3,2025-08-01,2025-08-04,2025-08-04,924,924,5
3348,2697,50,2,2025-07-26,2025-08-11,2025-08-11,6,6,0
3349,2698,45,2,2025-08-02,2025-08-17,2025-08-17,11,11,0
3350,2699,17,2,2025-07-30,2025-08-03,2025-08-04,42,42,4
3351,2700,36,8,2025-07-30,2025-08-03,2025-08-04,15,15,1
3352,2701,2,6,2025-07-28,2025-08-07,2025-08-10,7,7,0
3353,2701,2,6,2025-07-27,2025-08-07,2025-08-10,4,4,0
3354,2701,2,6,2025-08-03,2025-08-19,2025-08-10,5,5,0
3355,2702,9,6,2025-08-01,2025-08-12,2025-08-12,9,9,0
3356,2703,40,6,2025-08-03,2025-08-13,2025-08-15,51,51,0
3357,2704,43,6,2025-07-26,2025-08-02,2025-08-02,52,52,3
3358,2705,17,6,2025-07-26,2025-08-04,2025-08-04,187,187,13
3359,2706,42,6,2025-07-24,2025-08-06,2025-08-06,102,102,3
3360,2707,30,5,2025-08-01,2025-08-01,2025-08-03,74,74,0
3361,2708,9,5,2025-07-30,2025-08-11,2025-08-12,1159,1159,40
3362,2709,23,1,2025-07-31,2025-08-01,2025-08-03,549,549,43
3363,2710,43,1,2025-07-24,2025-08-02,2025-08-02,38,38,1
3364,2711,15,1,2025-07-26,2025-07-27,2025-07-30,15,15,1
3365,2712,10,1,2025-08-09,2025-08-17,2025-08-19,195,195,2
3366,2713,39,1,2025-07-25,2025-07-31,2025-07-31,732,732,21
3367,2714,4,1,2025-08-02,2025-08-18,2025-08-15,86,86,3
3368,2715,17,1,2025-08-01,2025-08-03,2025-08-05,871,871,10
3369,2716,35,1,2025-08-01,2025-08-03,2025-08-05,13,13,0
3370,2716,35,1,2025-07-25,2025-08-02,2025-08-05,5,5,0
3371,2716,35,1,2025-07-30,2025-08-05,2025-08-05,5,5,0
3372,2717,21,7,2025-07-26,2025-07-29,2025-07-31,59,59,3
3373,2717,21,7,2025-07-25,2025-07-31,2025-07-31,151,151,6
3374,2718,50,7,2025-07-30,2025-08-24,2025-08-12,605,605,20
3375,2719,30,2,2025-07-30,2025-08-03,2025-08-04,1441,1441,13
3376,2720,36,2,2025-07-26,2025-08-02,2025-08-05,117,117,4
3377,2721,2,2,2025-08-02,2025-08-11,2025-08-11,1172,1172,20
3378,2722,27,4,2025-07-27,2025-08-04,2025-08-06,108,108,2
3379,2723,35,4,2025-08-03,2025-08-03,2025-08-05,12,12,0
3380,2724,45,4,2025-08-08,2025-08-20,2025-08-18,238,238,1
3381,2725,43,4,2025-08-01,2025-08-15,2025-08-03,10,10,0
3382,2726,30,4,2025-07-29,2025-08-03,2025-08-04,900,900,8
3383,2727,41,4,2025-08-04,2025-08-09,2025-08-12,41,41,3
3384,2728,32,1,2025-07-25,2025-07-29,2025-07-30,5,5,0
3385,2729,10,10,2025-08-05,2025-08-16,2025-08-19,26,26,1
3386,2730,15,7,2025-07-31,2025-08-10,2025-07-31,4,4,0
3387,2730,15,7,2025-07-25,2025-08-10,2025-07-31,5,5,0
3388,2731,44,7,2025-08-07,2025-08-12,2025-08-14,112,112,0
3389,2732,41,8,2025-08-04,2025-08-10,2025-08-12,5,5,0
3390,2733,39,8,2025-07-30,2025-08-10,2025-07-31,267,267,1
3391,2734,25,6,2025-07-27,2025-07-29,2025-08-01,10,10,0
3392,2735,35,7,2025-08-04,2025-08-14,2025-08-05,25,25,0
3393,2736,12,7,2025-07-31,2025-08-15,2025-08-12,194,194,4
3394,2737,13,7,2025-08-04,2025-08-05,2025-08-06,3,3,0
3395,2737,13,7,2025-07-25,2025-08-04,2025-08-06,4,4,0
3396,2737,13,7,2025-07-29,2025-08-05,2025-08-06,3,3,0
3397,2738,43,7,2025-07-25,2025-08-02,2025-08-03,181,181,4
3398,2739,40,1,2025-08-03,2025-08-14,2025-08-16,1310,1310,4
3399,2740,50,1,2025-08-05,2025-08-11,2025-08-12,17,17,1
3400,2741,39,1,2025-07-26,2025-07-30,2025-07-31,27,27,1
3401,2741,39,1,2025-07-28,2025-07-30,2025-07-31,11,11,0
3402,2741,39,1,2025-07-29,2025-07-30,2025-07-31,9,9,0
3403,2742,46,1,2025-08-04,2025-08-25,2025-08-20,662,662,43
3404,2743,1,9,2025-07-26,2025-08-06,2025-08-06,6,6,0
3405,2744,2,9,2025-07-26,2025-08-11,2025-08-11,239,239,2
3406,2745,12,8,2025-07-29,2025-08-12,2025-08-12,45,45,1
3407,2746,41,8,2025-08-03,2025-08-11,2025-08-12,42,42,4
3408,2747,35,8,2025-07-29,2025-08-04,2025-08-05,28,28,0
3409,2748,10,8,2025-08-08,2025-08-19,2025-08-19,6,6,0
3410,2749,24,8,2025-08-03,2025-08-15,2025-08-15,29,29,1
3411,2750,36,8,2025-07-31,2025-08-17,2025-08-05,102,102,4
3412,2751,16,8,2025-07-25,2025-07-31,2025-07-31,279,279,3
3413,2752,25,8,2025-07-26,2025-08-09,2025-08-01,571,571,6
3414,2752,25,8,2025-07-27,2025-07-30,2025-08-01,458,458,3
3415,2753,45,7,2025-08-05,2025-08-18,2025-08-18,200,200,1
3416,2754,7,7,2025-08-13,2025-08-25,2025-08-28,234,234,1
3417,2755,30,8,2025-08-06,2025-08-06,2025-08-05,1167,1167,7
3418,2756,45,8,2025-08-06,2025-08-17,2025-08-19,10,10,0
3419,2757,16,8,2025-07-27,2025-07-29,2025-08-01,515,515,5
3420,2757,16,8,2025-07-31,2025-07-31,2025-08-01,413,413,3
3421,2757,16,8,2025-08-04,2025-08-04,2025-08-01,436,436,0
3422,2758,48,8,2025-07-31,2025-08-19,2025-08-21,5,5,0
3423,2759,21,8,2025-07-26,2025-08-13,2025-08-01,105,105,5
3424,2760,35,5,2025-08-05,2025-08-05,2025-08-06,11,11,0
3425,2761,46,5,2025-08-11,2025-08-18,2025-08-21,14,14,0
3426,2762,30,3,2025-08-01,2025-08-04,2025-08-05,11,11,0
3427,2763,21,3,2025-07-30,2025-08-01,2025-08-01,355,355,2
3428,2764,12,9,2025-08-03,2025-08-25,2025-08-13,9,9,0
3429,2765,37,9,2025-08-12,2025-08-22,2025-08-25,417,417,8
3430,2766,2,6,2025-08-02,2025-08-11,2025-08-12,48,48,1
3431,2767,39,6,2025-08-03,2025-08-03,2025-08-01,625,625,16
3432,2768,45,6,2025-08-06,2025-08-19,2025-08-19,101,101,0
3433,2768,45,6,2025-08-05,2025-08-17,2025-08-19,215,215,0
3434,2769,32,6,2025-07-26,2025-07-28,2025-07-31,26,26,0
3435,2770,36,6,2025-07-29,2025-08-04,2025-08-06,151,151,12
3436,2771,43,8,2025-08-05,2025-08-08,2025-08-04,35,35,2
3437,2772,41,8,2025-07-31,2025-08-16,2025-08-13,549,549,48
3438,2773,46,4,2025-08-03,2025-08-18,2025-08-21,498,498,3
3439,2774,12,7,2025-08-01,2025-08-25,2025-08-14,108,108,2
3440,2775,17,7,2025-08-01,2025-08-04,2025-08-07,723,723,63
3441,2776,36,7,2025-08-03,2025-08-06,2025-08-07,19,19,1
3442,2777,39,7,2025-07-31,2025-08-02,2025-08-02,114,114,1
3443,2778,15,6,2025-08-01,2025-08-07,2025-08-02,401,401,14
3444,2779,7,6,2025-08-10,2025-09-07,2025-08-30,77,77,1
3445,2780,1,6,2025-08-01,2025-08-07,2025-08-08,130,130,1
3446,2781,47,6,2025-08-06,2025-08-14,2025-08-17,748,748,5
3447,2782,33,3,2025-08-05,2025-08-22,2025-08-22,10,10,0
3448,2783,42,3,2025-08-06,2025-08-09,2025-08-10,119,119,1
3449,2784,36,3,2025-07-31,2025-08-06,2025-08-08,189,189,6
3450,2785,35,3,2025-08-03,2025-08-08,2025-08-08,798,798,9
3451,2786,8,3,2025-08-08,2025-08-08,2025-08-06,19,19,0
3452,2786,8,3,2025-07-29,2025-08-03,2025-08-06,33,33,0
3453,2787,24,3,2025-08-09,2025-08-16,2025-08-18,401,401,2
3454,2788,43,2,2025-07-30,2025-08-03,2025-08-06,57,57,2
3455,2789,2,4,2025-08-04,2025-08-13,2025-08-15,11,11,0
3456,2790,7,4,2025-08-14,2025-09-01,2025-09-01,27,27,0
3457,2790,7,4,2025-08-17,2025-08-29,2025-09-01,21,21,0
3458,2791,20,4,2025-07-29,2025-08-11,2025-08-03,648,648,16
3459,2792,25,7,2025-08-02,2025-08-04,2025-08-05,147,147,3
3460,2792,25,7,2025-07-29,2025-08-02,2025-08-05,87,87,2
3461,2792,25,7,2025-08-01,2025-08-04,2025-08-05,125,125,4
3462,2793,37,7,2025-08-13,2025-08-26,2025-08-28,365,365,5
3463,2793,37,7,2025-08-07,2025-08-28,2025-08-28,302,302,3
3464,2794,6,7,2025-08-06,2025-08-14,2025-08-16,274,274,1
3465,2795,25,7,2025-07-29,2025-08-02,2025-08-05,252,252,7
3466,2796,42,7,2025-07-31,2025-08-11,2025-08-11,77,77,3
3467,2797,5,2,2025-07-29,2025-08-02,2025-08-03,33,33,1
3468,2798,50,2,2025-08-06,2025-08-28,2025-08-16,787,787,46
3469,2799,36,2,2025-08-02,2025-08-08,2025-08-09,8,8,0
3470,2799,36,2,2025-08-03,2025-08-06,2025-08-09,12,12,0
3471,2800,2,7,2025-07-31,2025-08-12,2025-08-15,69,69,2
3472,2801,16,7,2025-07-31,2025-08-02,2025-08-04,14,14,0
3473,2802,43,7,2025-07-31,2025-08-07,2025-08-07,520,520,14
3474,2803,11,3,2025-08-03,2025-08-20,2025-08-10,172,172,3
3475,2804,43,3,2025-08-04,2025-08-15,2025-08-07,72,72,1
3476,2805,38,5,2025-07-29,2025-08-01,2025-08-02,1013,1013,31
3477,2806,30,5,2025-07-30,2025-08-08,2025-08-08,753,753,5
3478,2807,20,5,2025-07-29,2025-08-01,2025-08-03,10,10,0
3479,2808,17,5,2025-07-31,2025-08-07,2025-08-09,2,2,0
3480,2808,17,5,2025-08-04,2025-08-09,2025-08-09,2,2,0
3481,2809,25,1,2025-08-07,2025-08-07,2025-08-05,202,202,3
3482,2810,41,1,2025-08-13,2025-08-14,2025-08-16,6,6,0
3483,2811,48,1,2025-08-06,2025-08-23,2025-08-24,88,88,4
3484,2812,3,5,2025-08-16,2025-08-29,2025-09-01,33,33,0
3485,2813,7,5,2025-08-15,2025-08-29,2025-09-01,108,108,1
3486,2814,8,5,2025-07-31,2025-08-05,2025-08-07,282,282,6
3487,2815,3,2,2025-08-13,2025-09-13,2025-09-01,464,464,35
3488,2816,48,9,2025-08-15,2025-08-26,2025-08-24,4,4,0
3489,2816,48,9,2025-08-14,2025-08-24,2025-08-24,3,3,0
3490,2817,16,9,2025-08-01,2025-08-03,2025-08-04,13,13,0
3491,2818,8,9,2025-07-29,2025-08-04,2025-08-07,643,643,13
3492,2819,18,9,2025-07-30,2025-08-02,2025-08-03,22,22,1
3493,2820,33,9,2025-08-16,2025-08-20,2025-08-23,91,91,1
3494,2821,24,7,2025-08-12,2025-08-17,2025-08-20,6,6,0
3495,2822,37,7,2025-08-12,2025-08-29,2025-08-29,8,8,0
3496,2823,12,7,2025-08-06,2025-08-14,2025-08-17,114,114,1
3497,2824,42,7,2025-07-31,2025-08-12,2025-08-12,399,399,2
3498,2824,42,7,2025-08-02,2025-08-09,2025-08-12,704,704,32
3499,2825,32,7,2025-07-31,2025-08-04,2025-08-04,17,17,0
3500,2825,32,7,2025-07-30,2025-08-01,2025-08-04,12,12,0
3501,2826,4,7,2025-08-10,2025-08-20,2025-08-20,75,75,2
3502,2827,36,7,2025-08-07,2025-08-08,2025-08-10,9,9,1
3503,2828,6,7,2025-08-11,2025-08-17,2025-08-17,19,19,0
3504,2829,8,3,2025-08-03,2025-08-07,2025-08-08,423,423,10
3505,2830,45,3,2025-08-07,2025-08-23,2025-08-23,29,29,0
3506,2831,36,3,2025-08-01,2025-08-08,2025-08-10,15,15,0
3507,2832,15,3,2025-07-31,2025-08-02,2025-08-05,5,5,0
3508,2832,15,3,2025-08-03,2025-08-03,2025-08-05,1,1,0
3509,2832,15,3,2025-08-02,2025-08-04,2025-08-05,2,2,0
3510,2833,39,4,2025-08-05,2025-08-05,2025-08-05,24,24,0
3511,2834,10,4,2025-08-16,2025-08-21,2025-08-24,17,17,0
3512,2834,10,4,2025-08-10,2025-08-21,2025-08-24,31,31,0
3513,2835,16,4,2025-08-02,2025-08-05,2025-08-05,33,33,0
3514,2836,22,9,2025-08-01,2025-08-15,2025-08-04,7,7,0
3515,2837,16,9,2025-08-01,2025-08-04,2025-08-05,5,5,0
3516,2837,16,9,2025-07-30,2025-08-02,2025-08-05,6,6,0
3517,2838,45,10,2025-08-14,2025-08-20,2025-08-23,476,476,2
3518,2838,45,10,2025-08-04,2025-08-23,2025-08-23,707,707,1
3519,2839,16,8,2025-08-04,2025-08-04,2025-08-05,28,28,0
3520,2840,8,1,2025-08-06,2025-08-08,2025-08-08,15,15,0
3521,2840,8,1,2025-08-01,2025-08-08,2025-08-08,39,39,1
3522,2841,11,1,2025-08-11,2025-08-11,2025-08-11,168,168,1
3523,2842,19,1,2025-07-30,2025-07-31,2025-08-03,381,381,13
3524,2843,15,1,2025-07-30,2025-08-04,2025-08-05,173,173,6
3525,2843,15,1,2025-07-30,2025-08-02,2025-08-05,247,247,13
3526,2844,11,3,2025-08-05,2025-08-09,2025-08-11,5,5,0
3527,2844,11,3,2025-08-07,2025-08-08,2025-08-11,4,4,0
3528,2844,11,3,2025-07-31,2025-08-13,2025-08-11,3,3,0
3529,2845,1,3,2025-07-30,2025-08-09,2025-08-11,8,8,0
3530,2846,8,6,2025-08-06,2025-08-06,2025-08-08,28,28,0
3531,2847,17,6,2025-07-31,2025-08-07,2025-08-10,212,212,11
3532,2848,21,6,2025-08-04,2025-08-04,2025-08-05,5,5,0
3533,2849,44,6,2025-08-08,2025-08-16,2025-08-19,16,16,0
3534,2850,1,6,2025-08-03,2025-08-11,2025-08-11,6,6,0
3535,2851,2,2,2025-08-06,2025-08-22,2025-08-17,7,7,0
3536,2851,2,2,2025-08-02,2025-08-16,2025-08-17,6,6,0
3537,2852,44,2,2025-08-15,2025-08-20,2025-08-20,13,13,0
3538,2853,4,2,2025-08-09,2025-08-21,2025-08-21,8,8,0
3539,2854,48,2,2025-08-11,2025-08-26,2025-08-26,194,194,11
3540,2855,30,2,2025-08-06,2025-08-09,2025-08-10,701,701,6
3541,2855,30,2,2025-08-08,2025-08-10,2025-08-10,316,316,2
3542,2855,30,2,2025-08-08,2025-08-10,2025-08-10,261,261,1
3543,2856,43,2,2025-08-06,2025-08-08,2025-08-09,854,854,12
3544,2857,6,2,2025-08-10,2025-08-17,2025-08-18,38,38,0
3545,2858,10,10,2025-08-05,2025-08-24,2025-08-26,11,11,0
3546,2859,46,2,2025-08-15,2025-08-27,2025-08-27,84,84,6
3547,2860,28,2,2025-08-08,2025-08-16,2025-08-19,8,8,0
3548,2861,3,2,2025-08-22,2025-09-03,2025-09-04,76,76,4
3549,2862,3,6,2025-08-22,2025-09-01,2025-09-04,102,102,4
3550,2862,3,6,2025-08-20,2025-09-02,2025-09-04,92,92,7
3551,2863,19,4,2025-08-02,2025-08-03,2025-08-05,98,98,4
3552,2864,2,4,2025-08-07,2025-08-16,2025-08-18,911,911,6
3553,2865,15,9,2025-08-01,2025-08-05,2025-08-07,73,73,3
3554,2866,39,9,2025-08-06,2025-08-06,2025-08-07,37,37,0
3555,2866,39,9,2025-08-05,2025-08-05,2025-08-07,15,15,0
3556,2866,39,9,2025-08-05,2025-08-05,2025-08-07,11,11,0
3557,2867,42,9,2025-08-05,2025-08-14,2025-08-14,470,470,9
3558,2868,10,7,2025-08-12,2025-08-26,2025-08-26,44,44,2
3559,2869,25,4,2025-08-04,2025-08-07,2025-08-08,773,773,11
3560,2870,46,4,2025-08-12,2025-08-26,2025-08-27,100,100,6
3561,2871,11,10,2025-08-06,2025-08-11,2025-08-13,22,22,0
3562,2872,28,10,2025-08-15,2025-08-16,2025-08-19,6,6,0
3563,2872,28,10,2025-08-08,2025-08-18,2025-08-19,5,5,0
3564,2873,36,10,2025-08-06,2025-08-12,2025-08-12,8,8,0
3565,2874,3,10,2025-08-18,2025-09-04,2025-09-04,138,138,6
3566,2875,21,10,2025-08-10,2025-08-10,2025-08-07,19,19,1
3567,2876,37,10,2025-08-16,2025-08-28,2025-08-31,566,566,16
3568,2877,48,10,2025-08-12,2025-09-04,2025-08-27,86,86,3
3569,2878,40,1,2025-08-06,2025-08-21,2025-08-23,184,184,2
3570,2879,19,3,2025-08-01,2025-08-04,2025-08-05,599,599,8
3571,2880,8,3,2025-08-06,2025-08-09,2025-08-10,1250,1250,21
3572,2881,31,4,2025-08-10,2025-08-29,2025-09-01,73,73,2
3573,2882,39,4,2025-08-01,2025-08-04,2025-08-07,3,3,0
3574,2882,39,4,2025-08-05,2025-08-07,2025-08-07,4,4,0
3575,2882,39,4,2025-08-01,2025-08-04,2025-08-07,3,3,0
3576,2883,36,4,2025-08-06,2025-08-10,2025-08-12,51,51,2
3577,2884,18,4,2025-08-07,2025-08-07,2025-08-06,5,5,0
3578,2885,11,1,2025-08-04,2025-08-12,2025-08-13,234,234,1
3579,2886,36,9,2025-08-08,2025-08-19,2025-08-12,14,14,1
3580,2887,20,9,2025-08-02,2025-08-10,2025-08-06,594,594,12
3581,2888,24,9,2025-08-13,2025-08-20,2025-08-22,18,18,0
3582,2889,20,9,2025-08-05,2025-08-06,2025-08-06,42,42,1
3583,2890,2,9,2025-08-04,2025-08-16,2025-08-18,88,88,2
3584,2891,36,9,2025-08-07,2025-08-09,2025-08-12,7,7,0
3585,2892,12,10,2025-08-09,2025-08-16,2025-08-19,20,20,0
3586,2892,12,10,2025-08-05,2025-08-19,2025-08-19,25,25,0
3587,2893,23,10,2025-08-01,2025-08-11,2025-08-11,18,18,1
3588,2894,48,10,2025-08-13,2025-08-24,2025-08-27,221,221,8
3589,2894,48,10,2025-08-16,2025-08-24,2025-08-27,138,138,3
3590,2894,48,10,2025-08-10,2025-08-24,2025-08-27,211,211,7
3591,2895,47,7,2025-08-09,2025-08-29,2025-08-22,42,42,2
3592,2895,47,7,2025-08-13,2025-09-01,2025-08-22,40,40,2
3593,2895,47,7,2025-08-09,2025-08-20,2025-08-22,31,31,1
3594,2896,11,7,2025-08-07,2025-08-11,2025-08-13,15,15,0
3595,2897,11,4,2025-08-08,2025-08-14,2025-08-14,51,51,1
3596,2898,36,4,2025-08-07,2025-08-11,2025-08-13,38,38,1
3597,2898,36,4,2025-08-04,2025-08-10,2025-08-13,11,11,1
3598,2898,36,4,2025-08-09,2025-08-10,2025-08-13,18,18,1
3599,2899,46,8,2025-08-13,2025-08-26,2025-08-28,220,220,0
3600,2900,48,8,2025-08-10,2025-08-28,2025-08-28,100,100,5
3601,2901,7,9,2025-08-14,2025-09-04,2025-09-05,241,241,4
3602,2902,25,9,2025-08-03,2025-08-08,2025-08-09,12,12,0
3603,2903,29,9,2025-08-13,2025-08-22,2025-08-25,364,364,5
3604,2904,10,9,2025-08-18,2025-08-24,2025-08-27,93,93,1
3605,2905,35,4,2025-08-06,2025-08-11,2025-08-13,39,39,0
3606,2906,30,4,2025-08-04,2025-08-12,2025-08-12,471,471,2
3607,2907,36,4,2025-08-04,2025-08-20,2025-08-13,366,366,22
3608,2908,21,4,2025-08-06,2025-08-06,2025-08-08,903,903,57
3609,2909,46,2,2025-08-18,2025-08-26,2025-08-28,362,362,10
3610,2910,7,2,2025-08-18,2025-09-02,2025-09-05,1443,1443,26
3611,2911,37,2,2025-08-13,2025-08-30,2025-09-01,573,573,9
3612,2912,28,2,2025-08-10,2025-08-19,2025-08-20,104,104,1
3613,2913,18,2,2025-08-04,2025-08-08,2025-08-07,210,210,11
3614,2914,38,2,2025-08-10,2025-08-10,2025-08-06,13,13,0
3615,2915,44,2,2025-08-13,2025-08-20,2025-08-22,28,28,0
3616,2916,4,2,2025-08-13,2025-08-20,2025-08-23,3,3,0
3617,2916,4,2,2025-08-08,2025-08-26,2025-08-23,3,3,0
3618,2917,23,10,2025-08-05,2025-08-11,2025-08-12,33,33,2
3619,2918,1,10,2025-08-09,2025-08-12,2025-08-14,57,57,2
3620,2919,18,10,2025-08-04,2025-08-04,2025-08-07,63,63,1
3621,2920,42,10,2025-08-09,2025-08-17,2025-08-15,10,10,0
3622,2921,30,4,2025-08-10,2025-08-10,2025-08-12,64,64,1
3623,2922,16,4,2025-08-03,2025-08-07,2025-08-08,84,84,1
3624,2923,17,4,2025-08-08,2025-08-12,2025-08-13,43,43,5
3625,2924,30,4,2025-08-02,2025-08-09,2025-08-12,88,88,1
3626,2925,50,4,2025-08-06,2025-08-17,2025-08-20,6,6,0
3627,2926,41,1,2025-08-12,2025-08-17,2025-08-20,38,38,1
3628,2927,43,1,2025-08-02,2025-08-21,2025-08-11,4,4,0
3629,2928,41,1,2025-08-08,2025-08-17,2025-08-20,6,6,0
3630,2929,42,6,2025-08-12,2025-08-17,2025-08-15,541,541,14
3631,2930,19,6,2025-08-02,2025-08-06,2025-08-06,25,25,1
3632,2930,19,6,2025-08-02,2025-08-13,2025-08-06,37,37,1
3633,2931,5,6,2025-08-08,2025-08-16,2025-08-07,6,6,0
3634,2931,5,6,2025-08-02,2025-08-06,2025-08-07,10,10,0
3635,2932,25,6,2025-08-02,2025-08-08,2025-08-09,44,44,0
3636,2933,2,10,2025-08-09,2025-08-19,2025-08-19,8,8,0
3637,2934,20,10,2025-08-02,2025-08-06,2025-08-07,436,436,6
3638,2935,11,9,2025-08-05,2025-08-13,2025-08-14,344,344,7
3639,2936,11,6,2025-08-12,2025-08-14,2025-08-14,65,65,3
3640,2936,11,6,2025-08-10,2025-08-12,2025-08-14,47,47,1
3641,2937,5,6,2025-08-06,2025-08-06,2025-08-07,820,820,49
3642,2938,1,6,2025-08-05,2025-08-12,2025-08-14,685,685,8
3643,2939,39,9,2025-08-02,2025-08-05,2025-08-08,75,75,1
3644,2940,42,9,2025-08-06,2025-08-14,2025-08-15,31,31,1
3645,2941,20,9,2025-08-07,2025-08-07,2025-08-07,88,88,0
3646,2942,17,9,2025-08-04,2025-08-12,2025-08-13,32,32,1
3647,2943,42,3,2025-08-13,2025-08-14,2025-08-15,227,227,11
3648,2944,19,3,2025-08-02,2025-08-06,2025-08-06,314,314,7
3649,2945,38,5,2025-08-02,2025-08-05,2025-08-06,11,11,0
3650,2946,41,5,2025-08-13,2025-08-19,2025-08-20,402,402,12
3651,2947,39,5,2025-08-02,2025-08-07,2025-08-08,13,13,0
3652,2948,11,3,2025-08-09,2025-08-12,2025-08-15,216,216,3
3653,2949,45,3,2025-08-18,2025-08-24,2025-08-27,196,196,0
3654,2950,30,3,2025-08-06,2025-08-12,2025-08-13,113,113,0
3655,2951,47,6,2025-08-12,2025-08-23,2025-08-24,4,4,0
3656,2951,47,6,2025-08-14,2025-08-24,2025-08-24,3,3,0
3657,2951,47,6,2025-08-17,2025-08-23,2025-08-24,1,1,0
3658,2952,41,6,2025-08-13,2025-08-20,2025-08-21,36,36,0
3659,2953,19,6,2025-08-04,2025-08-07,2025-08-07,49,49,3
3660,2954,27,6,2025-08-06,2025-08-13,2025-08-15,438,438,8
3661,2954,27,6,2025-08-06,2025-08-12,2025-08-15,178,178,2
3662,2954,27,6,2025-08-15,2025-08-15,2025-08-15,271,271,6
3663,2955,16,6,2025-08-07,2025-08-11,2025-08-09,54,54,0
3664,2956,15,4,2025-08-09,2025-08-09,2025-08-09,89,89,3
3665,2957,36,4,2025-08-11,2025-08-12,2025-08-14,397,397,11
3666,2958,42,4,2025-08-09,2025-08-28,2025-08-16,96,96,3
3667,2959,3,4,2025-08-26,2025-09-06,2025-09-07,23,23,2
3668,2959,3,4,2025-08-20,2025-09-06,2025-09-07,48,48,0
3669,2960,50,4,2025-08-14,2025-08-31,2025-08-22,488,488,19
3670,2961,23,4,2025-08-11,2025-08-20,2025-08-14,34,34,3
3671,2962,39,9,2025-08-14,2025-08-14,2025-08-11,113,113,2
3672,2963,46,9,2025-08-23,2025-08-29,2025-08-31,546,546,13
3673,2964,31,9,2025-08-17,2025-09-05,2025-09-05,411,411,6
3674,2965,15,8,2025-08-08,2025-08-10,2025-08-11,576,576,13
3675,2966,50,8,2025-08-11,2025-08-21,2025-08-23,227,227,11
3676,2966,50,8,2025-08-15,2025-08-20,2025-08-23,171,171,0
3677,2967,28,8,2025-08-14,2025-08-21,2025-08-23,89,89,0
3678,2968,23,5,2025-08-12,2025-08-13,2025-08-15,802,802,31
3679,2969,41,5,2025-08-16,2025-08-20,2025-08-23,2,2,0
3680,2969,41,5,2025-08-10,2025-08-24,2025-08-23,1,1,0
3681,2970,3,5,2025-08-16,2025-09-05,2025-09-08,315,315,31
3682,2971,26,5,2025-08-06,2025-08-19,2025-08-17,1040,1040,26
3683,2972,35,8,2025-08-08,2025-08-14,2025-08-16,394,394,2
3684,2973,30,8,2025-08-10,2025-08-26,2025-08-15,97,97,1
3685,2974,50,8,2025-08-09,2025-08-22,2025-08-23,1133,1133,55
3686,2975,50,9,2025-08-19,2025-08-23,2025-08-23,4,4,0
3687,2976,13,9,2025-08-10,2025-08-15,2025-08-17,80,80,1
3688,2976,13,9,2025-08-14,2025-08-16,2025-08-17,65,65,1
3689,2976,13,9,2025-08-08,2025-08-14,2025-08-17,83,83,2
3690,2977,43,3,2025-08-12,2025-08-12,2025-08-14,117,117,4
3691,2978,16,3,2025-08-08,2025-08-08,2025-08-11,1198,1198,1
3692,2979,43,3,2025-08-07,2025-08-13,2025-08-14,32,32,1
3693,2980,5,3,2025-08-08,2025-08-08,2025-08-10,17,17,1
3694,2980,5,3,2025-08-06,2025-08-10,2025-08-10,32,32,2
3695,2981,36,3,2025-08-12,2025-08-15,2025-08-16,354,354,15
3696,2982,47,6,2025-08-12,2025-08-25,2025-08-26,110,110,5
3697,2983,2,6,2025-08-13,2025-08-19,2025-08-22,373,373,9
3698,2984,37,6,2025-08-18,2025-09-01,2025-09-04,21,21,1
3699,2984,37,6,2025-08-18,2025-09-01,2025-09-04,29,29,1
3700,2985,25,6,2025-08-05,2025-08-12,2025-08-12,5,5,0
3701,2985,25,6,2025-08-11,2025-08-11,2025-08-12,5,5,0
3702,2986,28,1,2025-08-17,2025-08-23,2025-08-24,73,73,1
3703,2987,50,3,2025-08-16,2025-08-21,2025-08-24,47,47,1
3704,2988,27,3,2025-08-14,2025-08-16,2025-08-18,528,528,9
3705,2989,43,3,2025-08-10,2025-08-15,2025-08-15,132,132,1
3706,2990,33,5,2025-08-17,2025-08-30,2025-08-31,245,245,9
3707,2991,43,5,2025-08-09,2025-08-13,2025-08-15,469,469,32
3708,2992,48,5,2025-08-20,2025-09-06,2025-09-01,92,92,3
3709,2993,36,9,2025-08-09,2025-08-14,2025-08-17,31,31,1
3710,2993,36,9,2025-08-08,2025-08-17,2025-08-17,41,41,5
3711,2994,15,9,2025-08-08,2025-08-11,2025-08-12,585,585,14
3712,2995,30,7,2025-08-08,2025-08-14,2025-08-16,225,225,2
3713,2995,30,7,2025-08-11,2025-08-15,2025-08-16,482,482,4
3714,2996,15,7,2025-08-11,2025-08-11,2025-08-12,424,424,9
3715,2996,15,7,2025-08-07,2025-08-11,2025-08-12,388,388,22
3716,2997,50,1,2025-08-12,2025-09-05,2025-08-24,194,194,4
3717,2998,28,1,2025-08-12,2025-08-23,2025-08-24,79,79,1
3718,2999,22,1,2025-08-06,2025-08-10,2025-08-11,913,913,22
3719,3000,2,2,2025-08-15,2025-08-27,2025-08-23,9,9,0
3720,3001,10,2,2025-08-22,2025-08-29,2025-08-31,4,4,0
3721,3001,10,2,2025-08-19,2025-09-03,2025-08-31,5,5,0
3722,3002,8,1,2025-08-09,2025-08-13,2025-08-15,555,555,6
3723,3003,35,1,2025-08-12,2025-08-15,2025-08-17,25,25,0
3724,3004,40,1,2025-08-16,2025-08-25,2025-08-28,8,8,0
3725,3005,46,1,2025-08-15,2025-08-31,2025-09-01,71,71,1
3726,3006,20,1,2025-08-09,2025-08-10,2025-08-11,12,12,0
3727,3007,27,1,2025-08-14,2025-08-16,2025-08-18,4,4,0
3728,3008,36,9,2025-08-09,2025-08-14,2025-08-17,508,508,14
3729,3008,36,9,2025-08-16,2025-08-17,2025-08-17,384,384,30
3730,3009,46,9,2025-08-19,2025-08-29,2025-09-01,19,19,1
3731,3010,27,8,2025-08-15,2025-08-15,2025-08-18,1011,1011,14
3732,3011,29,8,2025-08-13,2025-08-26,2025-08-29,55,55,1
3733,3012,29,5,2025-08-16,2025-08-27,2025-08-29,33,33,0
3734,3012,29,5,2025-08-15,2025-08-26,2025-08-29,35,35,0
3735,3012,29,5,2025-08-20,2025-09-04,2025-08-29,39,39,1
3736,3013,15,6,2025-08-08,2025-08-12,2025-08-12,80,80,0
3737,3013,15,6,2025-08-11,2025-08-11,2025-08-12,70,70,1
3738,3014,1,6,2025-08-12,2025-08-16,2025-08-18,25,25,0
3739,3015,30,6,2025-08-12,2025-08-13,2025-08-16,10,10,0
3740,3016,5,6,2025-08-07,2025-08-09,2025-08-11,190,190,3
3741,3017,35,6,2025-08-10,2025-08-15,2025-08-17,54,54,1
3742,3018,18,9,2025-08-06,2025-08-11,2025-08-11,9,9,0
3743,3019,36,3,2025-08-12,2025-08-16,2025-08-17,218,218,3
3744,3020,42,3,2025-08-09,2025-08-19,2025-08-19,361,361,17
3745,3021,4,3,2025-08-14,2025-08-25,2025-08-27,10,10,0
3746,3022,30,5,2025-08-12,2025-08-16,2025-08-16,355,355,4
3747,3023,48,5,2025-08-21,2025-08-29,2025-09-01,833,833,0
3748,3024,30,10,2025-08-14,2025-08-15,2025-08-17,70,70,1
3749,3024,30,10,2025-08-10,2025-08-19,2025-08-17,75,75,1
3750,3025,41,10,2025-08-14,2025-09-03,2025-08-25,148,148,8
3751,3025,41,10,2025-08-14,2025-08-23,2025-08-25,121,121,6
3752,3026,39,7,2025-08-12,2025-08-12,2025-08-13,315,315,3
3753,3027,10,7,2025-08-17,2025-08-31,2025-09-01,249,249,6
3754,3028,50,7,2025-08-14,2025-09-02,2025-08-25,167,167,9
3755,3028,50,7,2025-08-12,2025-09-02,2025-08-25,306,306,6
3756,3029,19,4,2025-08-12,2025-08-12,2025-08-11,27,27,1
3757,3030,3,4,2025-08-18,2025-09-08,2025-09-10,124,124,0
3758,3031,20,4,2025-08-07,2025-08-12,2025-08-12,1086,1086,6
3759,3032,21,4,2025-08-11,2025-08-12,2025-08-13,885,885,20
3760,3033,30,4,2025-08-12,2025-08-14,2025-08-17,61,61,1
3761,3034,5,4,2025-08-07,2025-08-10,2025-08-12,317,317,22
3762,3035,10,4,2025-08-20,2025-09-01,2025-09-01,200,200,3
3763,3036,16,4,2025-08-07,2025-08-10,2025-08-13,511,511,4
3764,3037,19,9,2025-08-07,2025-08-08,2025-08-11,12,12,1
3765,3038,25,9,2025-08-07,2025-08-11,2025-08-14,114,114,2
3766,3039,44,9,2025-08-09,2025-08-25,2025-08-27,107,107,2
3767,3040,8,9,2025-08-13,2025-08-13,2025-08-16,84,84,0
3768,3041,31,9,2025-08-21,2025-09-09,2025-09-07,556,556,5
3769,3042,48,7,2025-08-21,2025-08-30,2025-09-02,411,411,12
3770,3042,48,7,2025-08-26,2025-08-31,2025-09-02,462,462,14
3771,3043,7,7,2025-08-24,2025-09-09,2025-09-10,18,18,0
3772,3043,7,7,2025-08-24,2025-09-07,2025-09-10,27,27,0
3773,3044,24,7,2025-08-15,2025-08-25,2025-08-28,99,99,2
3774,3045,1,9,2025-08-13,2025-08-20,2025-08-20,639,639,21
3775,3046,47,2,2025-08-16,2025-08-26,2025-08-29,17,17,1
3776,3047,26,3,2025-08-16,2025-08-21,2025-08-20,44,44,1
3777,3048,42,3,2025-08-18,2025-09-01,2025-08-21,67,67,2
3778,3049,20,10,2025-08-10,2025-08-10,2025-08-13,69,69,2
3779,3050,18,2,2025-08-09,2025-08-10,2025-08-13,6,6,0
3780,3050,18,2,2025-08-10,2025-08-13,2025-08-13,7,7,0
3781,3051,34,6,2025-08-26,2025-09-08,2025-09-11,43,43,1
3782,3052,47,6,2025-08-21,2025-08-29,2025-08-29,44,44,1
3783,3052,47,6,2025-08-14,2025-08-28,2025-08-29,33,33,1
3784,3052,47,6,2025-08-17,2025-08-29,2025-08-29,21,21,0
3785,3053,5,6,2025-08-09,2025-08-15,2025-08-13,4,4,0
3786,3053,5,6,2025-08-09,2025-08-17,2025-08-13,2,2,0
3787,3053,5,6,2025-08-09,2025-08-10,2025-08-13,2,2,0
3788,3054,48,10,2025-08-19,2025-09-13,2025-09-03,10,10,0
3789,3055,40,10,2025-08-24,2025-08-28,2025-08-30,50,50,1
3790,3056,43,10,2025-08-12,2025-08-17,2025-08-17,72,72,1
3791,3057,39,2,2025-08-08,2025-08-13,2025-08-14,689,689,0
3792,3058,3,2,2025-08-24,2025-09-08,2025-09-11,334,334,9
3793,3058,3,2,2025-08-27,2025-09-09,2025-09-11,614,614,9
3794,3059,38,2,2025-08-12,2025-08-12,2025-08-12,15,15,0
3795,3060,6,2,2025-08-17,2025-08-23,2025-08-26,1123,1123,2
3796,3061,3,7,2025-08-19,2025-09-12,2025-09-12,87,87,0
3797,3062,43,7,2025-08-15,2025-08-18,2025-08-18,892,892,15
3798,3063,7,7,2025-08-26,2025-09-09,2025-09-12,571,571,4
3799,3064,17,7,2025-08-19,2025-08-19,2025-08-20,432,432,35
3800,3065,35,10,2025-08-16,2025-08-20,2025-08-20,619,619,11
3801,3065,35,10,2025-08-11,2025-08-18,2025-08-20,479,479,3
3802,3066,20,10,2025-08-09,2025-08-14,2025-08-14,48,48,1
3803,3067,10,10,2025-08-23,2025-09-03,2025-09-03,49,49,2
3804,3068,44,10,2025-08-21,2025-08-27,2025-08-29,18,18,0
3805,3068,44,10,2025-08-18,2025-08-27,2025-08-29,19,19,0
3806,3069,36,10,2025-08-16,2025-08-20,2025-08-20,9,9,1
3807,3070,40,10,2025-08-20,2025-08-28,2025-08-31,6,6,0
3808,3071,13,10,2025-08-16,2025-08-18,2025-08-21,487,487,7
3809,3072,20,8,2025-08-09,2025-08-14,2025-08-14,10,10,0
3810,3073,12,8,2025-08-16,2025-08-25,2025-08-27,50,50,1
3811,3074,44,8,2025-08-13,2025-08-28,2025-08-29,1081,1081,12
3812,3075,7,8,2025-08-22,2025-09-11,2025-09-12,19,19,0
3813,3076,36,8,2025-08-18,2025-08-18,2025-08-20,20,20,1
3814,3077,29,8,2025-08-19,2025-09-01,2025-09-01,59,59,0
3815,3078,30,3,2025-08-14,2025-08-29,2025-08-19,49,49,0
3816,3079,2,3,2025-08-18,2025-08-23,2025-08-26,248,248,0
3817,3080,8,3,2025-08-17,2025-08-18,2025-08-18,14,14,0
3818,3081,25,5,2025-08-12,2025-08-17,2025-08-17,680,680,8
3819,3082,22,5,2025-08-14,2025-08-14,2025-08-15,232,232,6
3820,3083,21,5,2025-08-13,2025-08-20,2025-08-16,357,357,13
3821,3084,2,5,2025-08-22,2025-08-25,2025-08-27,1113,1113,11
3822,3085,2,10,2025-08-21,2025-08-27,2025-08-27,108,108,1
3823,3086,43,10,2025-08-13,2025-08-18,2025-08-19,6,6,0
3824,3087,28,10,2025-08-19,2025-08-25,2025-08-28,517,517,9
3825,3088,30,10,2025-08-14,2025-08-20,2025-08-20,99,99,1
3826,3089,16,5,2025-08-17,2025-08-17,2025-08-16,10,10,0
3827,3090,3,5,2025-08-25,2025-09-13,2025-09-13,350,350,14
3828,3091,10,5,2025-08-24,2025-09-04,2025-09-04,49,49,1
3829,3092,39,7,2025-08-15,2025-08-15,2025-08-17,20,20,0
3830,3093,47,7,2025-08-21,2025-09-13,2025-09-01,461,461,16
3831,3094,2,7,2025-08-15,2025-08-26,2025-08-28,943,943,26
3832,3095,19,7,2025-08-11,2025-08-14,2025-08-15,9,9,0
3833,3096,45,6,2025-08-19,2025-09-03,2025-09-05,19,19,0
3834,3097,39,9,2025-08-15,2025-08-18,2025-08-18,33,33,0
3835,3097,39,9,2025-08-12,2025-08-17,2025-08-18,58,58,0
3836,3098,22,9,2025-08-14,2025-08-17,2025-08-17,44,44,1
3837,3099,48,8,2025-08-21,2025-09-05,2025-09-07,75,75,2
3838,3099,48,8,2025-08-23,2025-09-05,2025-09-07,100,100,3
3839,3100,3,2,2025-08-29,2025-09-15,2025-09-16,101,101,5
3840,3101,37,7,2025-08-27,2025-09-12,2025-09-12,4,4,0
3841,3102,20,9,2025-08-16,2025-08-18,2025-08-18,19,19,0
3842,3103,8,9,2025-08-16,2025-08-20,2025-08-22,499,499,5
3843,3104,30,9,2025-08-15,2025-08-23,2025-08-23,65,65,0
3844,3104,30,9,2025-08-16,2025-08-22,2025-08-23,57,57,0
3845,3105,19,9,2025-08-15,2025-08-23,2025-08-17,30,30,0
3846,3106,27,9,2025-08-16,2025-08-25,2025-08-25,478,478,10
3847,3107,11,7,2025-08-22,2025-08-25,2025-08-25,595,595,18
3848,3107,11,7,2025-08-19,2025-08-23,2025-08-25,530,530,0
3849,3108,23,7,2025-08-18,2025-08-22,2025-08-23,7,7,0
3850,3109,19,7,2025-08-13,2025-08-14,2025-08-17,4,4,0
3851,3110,26,7,2025-08-21,2025-08-23,2025-08-25,81,81,0
3852,3111,4,10,2025-08-23,2025-08-31,2025-09-03,40,40,1
3853,3111,4,10,2025-08-22,2025-09-02,2025-09-03,37,37,1
3854,3112,38,10,2025-08-17,2025-08-21,2025-08-17,125,125,4
3855,3113,8,2,2025-08-15,2025-08-21,2025-08-22,53,53,1
3856,3114,22,2,2025-08-13,2025-08-16,2025-08-18,40,40,2
3857,3115,37,2,2025-08-28,2025-09-11,2025-09-12,8,8,0
3858,3116,43,2,2025-08-23,2025-08-23,2025-08-22,487,487,21
3859,3117,39,2,2025-08-13,2025-08-19,2025-08-19,124,124,2
3860,3118,30,2,2025-08-16,2025-08-21,2025-08-23,124,124,1
3861,3119,20,2,2025-08-18,2025-08-18,2025-08-18,24,24,0
3862,3119,20,2,2025-08-16,2025-08-16,2025-08-18,28,28,1
3863,3120,27,2,2025-08-20,2025-08-24,2025-08-25,198,198,6
3864,3121,12,10,2025-08-23,2025-08-29,2025-08-31,233,233,1
3865,3122,17,10,2025-08-19,2025-08-23,2025-08-24,373,373,52
3866,3123,44,10,2025-08-22,2025-09-01,2025-09-02,104,104,1
3867,3124,30,1,2025-08-18,2025-08-22,2025-08-23,25,25,0
3868,3124,30,1,2025-08-24,2025-08-24,2025-08-23,34,34,0
3869,3125,4,1,2025-08-13,2025-09-01,2025-09-03,3,3,0
3870,3125,4,1,2025-08-26,2025-09-14,2025-09-03,2,2,0
3871,3125,4,1,2025-08-21,2025-09-02,2025-09-03,2,2,0
3872,3126,39,1,2025-08-17,2025-08-19,2025-08-19,223,223,2
3873,3127,22,1,2025-08-15,2025-08-16,2025-08-18,5,5,0
3874,3128,23,1,2025-08-15,2025-08-21,2025-08-23,157,157,16
3875,3129,4,1,2025-08-21,2025-09-02,2025-09-03,115,115,3
3876,3130,37,1,2025-08-29,2025-09-10,2025-09-12,11,11,0
3877,3131,33,2,2025-08-27,2025-09-05,2025-09-07,57,57,2
3878,3132,25,2,2025-08-13,2025-08-19,2025-08-20,104,104,1
3879,3133,18,7,2025-08-21,2025-08-21,2025-08-18,6,6,0
3880,3134,43,7,2025-08-16,2025-08-22,2025-08-22,61,61,0
3881,3134,43,7,2025-08-16,2025-08-21,2025-08-22,72,72,1
3882,3135,41,10,2025-08-22,2025-08-29,2025-09-01,11,11,1
3883,3136,36,10,2025-08-18,2025-09-03,2025-08-25,18,18,0
3884,3137,2,9,2025-08-23,2025-08-30,2025-08-31,132,132,3
3885,3138,30,9,2025-08-18,2025-08-22,2025-08-24,42,42,0
3886,3139,30,9,2025-08-20,2025-08-23,2025-08-24,9,9,0
3887,3140,41,9,2025-08-23,2025-08-31,2025-09-01,96,96,5
3888,3141,33,9,2025-08-23,2025-09-13,2025-09-08,103,103,4
3889,3142,15,2,2025-08-15,2025-08-31,2025-08-20,360,360,15
3890,3143,35,2,2025-08-18,2025-08-22,2025-08-25,497,497,5
3891,3144,33,2,2025-08-28,2025-09-06,2025-09-08,8,8,0
3892,3145,23,2,2025-08-14,2025-08-25,2025-08-24,31,31,2
3893,3146,30,2,2025-08-21,2025-08-24,2025-08-24,29,29,0
3894,3147,39,7,2025-08-16,2025-08-19,2025-08-20,14,14,0
3895,3147,39,7,2025-08-14,2025-08-20,2025-08-20,26,26,0
3896,3148,2,7,2025-08-20,2025-08-28,2025-08-31,738,738,3
3897,3149,20,7,2025-08-14,2025-08-18,2025-08-19,41,41,0
3898,3150,3,7,2025-08-27,2025-09-16,2025-09-17,427,427,4
3899,3151,44,2,2025-08-22,2025-09-03,2025-09-03,72,72,1
3900,3152,16,2,2025-08-14,2025-08-18,2025-08-20,39,39,0
3901,3153,17,2,2025-08-22,2025-08-22,2025-08-25,9,9,1
3902,3154,40,2,2025-08-22,2025-09-02,2025-09-05,554,554,3
3903,3155,41,2,2025-08-22,2025-09-01,2025-09-01,26,26,2
3904,3156,19,7,2025-08-16,2025-08-16,2025-08-18,657,657,31
3905,3157,2,7,2025-08-14,2025-08-30,2025-08-31,13,13,0
3906,3158,30,7,2025-08-20,2025-08-22,2025-08-24,560,560,1
3907,3159,1,7,2025-08-22,2025-08-25,2025-08-26,74,74,1
3908,3160,25,7,2025-08-24,2025-08-24,2025-08-21,181,181,4
3909,3161,16,7,2025-08-16,2025-08-20,2025-08-20,30,30,0
3910,3162,10,7,2025-08-25,2025-09-07,2025-09-08,30,30,1
3911,3162,10,7,2025-08-26,2025-09-18,2025-09-08,8,8,0
3912,3162,10,7,2025-08-23,2025-09-13,2025-09-08,14,14,1
3913,3163,13,10,2025-08-23,2025-08-26,2025-08-26,15,15,0
3914,3164,41,10,2025-08-24,2025-08-30,2025-09-01,5,5,0
3915,3165,43,5,2025-08-18,2025-08-21,2025-08-23,2,2,0
3916,3165,43,5,2025-08-20,2025-08-21,2025-08-23,2,2,0
3917,3166,12,5,2025-08-17,2025-08-29,2025-09-01,44,44,0
3918,3167,4,5,2025-08-25,2025-09-01,2025-09-04,81,81,1
3919,3168,4,1,2025-08-24,2025-09-04,2025-09-04,24,24,0
3920,3169,17,1,2025-08-20,2025-08-22,2025-08-25,162,162,6
3921,3170,23,1,2025-08-20,2025-08-22,2025-08-24,139,139,11
3922,3171,5,1,2025-08-14,2025-08-26,2025-08-19,6,6,0
3923,3172,8,1,2025-08-14,2025-08-20,2025-08-23,627,627,12
3924,3173,16,1,2025-08-14,2025-08-20,2025-08-20,59,59,0
3925,3174,19,6,2025-08-16,2025-08-19,2025-08-19,33,33,0
3926,3175,47,6,2025-08-24,2025-09-06,2025-09-05,535,535,6
3927,3176,3,4,2025-09-01,2025-09-18,2025-09-18,151,151,10
3928,3176,3,4,2025-08-29,2025-09-17,2025-09-18,219,219,11
3929,3177,29,1,2025-08-27,2025-09-06,2025-09-07,14,14,0
3930,3177,29,1,2025-08-29,2025-09-04,2025-09-07,28,28,0
3931,3178,17,1,2025-08-16,2025-08-23,2025-08-26,840,840,92
3932,3179,9,4,2025-08-20,2025-09-01,2025-09-03,3,3,0
3933,3179,9,4,2025-08-23,2025-09-03,2025-09-03,4,4,0
3934,3180,4,4,2025-08-27,2025-09-03,2025-09-05,54,54,2
3935,3181,22,4,2025-08-16,2025-08-18,2025-08-20,45,45,1
3936,3182,3,4,2025-08-31,2025-09-18,2025-09-18,987,987,91
3937,3183,25,4,2025-08-17,2025-08-22,2025-08-22,20,20,0
3938,3184,30,10,2025-08-21,2025-08-25,2025-08-25,49,49,0
3939,3185,37,7,2025-08-27,2025-09-11,2025-09-14,23,23,0
3940,3185,37,7,2025-08-30,2025-09-12,2025-09-14,34,34,1
3941,3186,18,7,2025-08-15,2025-08-18,2025-08-20,23,23,0
3942,3187,13,7,2025-08-19,2025-08-26,2025-08-27,286,286,0
3943,3188,7,8,2025-08-29,2025-09-17,2025-09-18,96,96,0
3944,3189,21,8,2025-08-15,2025-08-20,2025-08-21,4,4,0
3945,3189,21,8,2025-08-19,2025-08-21,2025-08-21,2,2,0
3946,3189,21,8,2025-08-15,2025-08-20,2025-08-21,4,4,0
3947,3190,36,8,2025-08-15,2025-08-26,2025-08-26,10,10,0
3948,3191,28,8,2025-08-20,2025-09-02,2025-09-02,26,26,0
3949,3192,1,8,2025-08-22,2025-09-04,2025-08-27,4,4,0
3950,3192,1,8,2025-08-21,2025-08-24,2025-08-27,4,4,0
3951,3193,50,5,2025-08-22,2025-09-02,2025-09-02,21,21,1
3952,3194,35,5,2025-08-16,2025-08-26,2025-08-26,13,13,0
3953,3195,41,5,2025-08-25,2025-09-02,2025-09-02,781,781,47
3954,3196,28,4,2025-08-27,2025-09-02,2025-09-02,583,583,6
3955,3197,44,4,2025-08-24,2025-09-03,2025-09-04,180,180,1
3956,3198,15,1,2025-08-15,2025-08-20,2025-08-21,438,438,23
3957,3199,48,1,2025-08-26,2025-09-11,2025-09-10,19,19,0
3958,3200,17,4,2025-08-20,2025-08-25,2025-08-26,72,72,1
3959,3201,8,4,2025-08-15,2025-08-21,2025-08-24,11,11,0
3960,3202,39,9,2025-08-15,2025-08-19,2025-08-21,73,73,0
3961,3203,50,9,2025-08-23,2025-08-31,2025-09-02,114,114,2
3962,3204,43,5,2025-08-21,2025-08-27,2025-08-24,22,22,0
3963,3205,5,5,2025-08-22,2025-08-31,2025-08-20,61,61,3
3964,3206,18,3,2025-08-19,2025-08-19,2025-08-20,417,417,11
3965,3207,4,3,2025-08-24,2025-09-05,2025-09-05,8,8,0
3966,3208,30,3,2025-08-15,2025-08-24,2025-08-25,61,61,0
3967,3208,30,3,2025-08-19,2025-08-23,2025-08-25,62,62,1
3968,3209,20,6,2025-08-22,2025-08-22,2025-08-21,76,76,0
3969,3210,11,4,2025-08-21,2025-09-02,2025-08-28,501,501,4
3970,3211,30,4,2025-08-28,2025-08-28,2025-08-26,1418,1418,14
3971,3212,8,4,2025-08-22,2025-08-22,2025-08-25,94,94,2
3972,3213,17,4,2025-08-21,2025-09-01,2025-08-27,117,117,0
3973,3213,17,4,2025-08-19,2025-08-27,2025-08-27,111,111,13
3974,3214,19,4,2025-08-16,2025-08-17,2025-08-20,10,10,0
3975,3215,20,8,2025-08-18,2025-08-20,2025-08-21,1183,1183,39
3976,3216,23,8,2025-08-18,2025-08-26,2025-08-26,625,625,29
3977,3217,18,8,2025-08-23,2025-08-23,2025-08-21,10,10,0
3978,3218,19,2,2025-08-17,2025-08-20,2025-08-21,9,9,0
3979,3218,19,2,2025-08-17,2025-08-19,2025-08-21,17,17,1
3980,3219,36,2,2025-08-26,2025-08-26,2025-08-28,61,61,1
3981,3220,2,2,2025-08-23,2025-08-31,2025-09-03,99,99,1
3982,3221,47,2,2025-08-27,2025-09-04,2025-09-07,276,276,13
3983,3222,30,2,2025-08-25,2025-08-27,2025-08-27,263,263,2
3984,3223,39,5,2025-08-17,2025-08-21,2025-08-23,10,10,0
3985,3224,45,5,2025-09-04,2025-09-10,2025-09-10,26,26,0
3986,3224,45,5,2025-08-30,2025-09-08,2025-09-10,29,29,0
3987,3225,17,9,2025-08-22,2025-08-25,2025-08-28,55,55,6
3988,3226,16,9,2025-08-20,2025-08-20,2025-08-23,74,74,0
3989,3226,16,9,2025-08-21,2025-08-21,2025-08-23,133,133,1
3990,3227,37,9,2025-09-02,2025-09-16,2025-09-16,1401,1401,15
3991,3228,21,2,2025-08-19,2025-08-21,2025-08-24,219,219,8
3992,3228,21,2,2025-08-23,2025-08-23,2025-08-24,356,356,8
3993,3229,16,2,2025-08-18,2025-08-23,2025-08-24,461,461,2
3994,3230,35,2,2025-08-25,2025-08-26,2025-08-29,9,9,0
3995,3230,35,2,2025-08-26,2025-08-28,2025-08-29,3,3,0
3996,3230,35,2,2025-08-24,2025-08-29,2025-08-29,4,4,0
3997,3231,23,8,2025-08-21,2025-08-26,2025-08-28,145,145,9
3998,3232,19,8,2025-08-18,2025-08-19,2025-08-22,467,467,3
3999,3233,16,9,2025-08-21,2025-08-25,2025-08-25,65,65,0
4000,3233,16,9,2025-08-21,2025-08-22,2025-08-25,49,49,0
4001,3233,16,9,2025-08-27,2025-08-27,2025-08-25,75,75,1
4002,3234,2,9,2025-08-23,2025-09-09,2025-09-05,22,22,0
4003,3235,46,6,2025-08-27,2025-09-11,2025-09-14,100,100,0
4004,3236,39,6,2025-08-22,2025-09-06,2025-08-25,718,718,10
4005,3237,19,6,2025-08-23,2025-08-23,2025-08-23,7,7,0
4006,3237,19,6,2025-08-23,2025-08-25,2025-08-23,3,3,0
4007,3237,19,6,2025-08-19,2025-08-20,2025-08-23,4,4,0
4008,3238,31,6,2025-08-30,2025-09-17,2025-09-19,585,585,13
4009,3239,48,7,2025-09-07,2025-09-14,2025-09-14,1134,1134,23
4010,3240,19,7,2025-08-24,2025-08-24,2025-08-23,209,209,11
4011,3241,40,7,2025-08-27,2025-09-08,2025-09-10,65,65,1
4012,3242,32,2,2025-08-20,2025-08-30,2025-08-24,136,136,2
4013,3243,10,2,2025-08-31,2025-09-13,2025-09-13,155,155,8
4014,3244,23,2,2025-08-19,2025-08-26,2025-08-29,7,7,0
4015,3244,23,2,2025-08-20,2025-08-27,2025-08-29,5,5,0
4016,3244,23,2,2025-08-27,2025-08-29,2025-08-29,8,8,1
4017,3245,20,2,2025-08-24,2025-08-24,2025-08-24,138,138,3
4018,3246,24,10,2025-08-31,2025-09-07,2025-09-09,540,540,3
4019,3247,3,10,2025-09-02,2025-09-24,2025-09-22,43,43,2
4020,3248,46,7,2025-09-05,2025-09-19,2025-09-14,29,29,2
4021,3248,46,7,2025-08-29,2025-09-12,2025-09-14,26,26,0
4022,3249,7,7,2025-09-07,2025-09-19,2025-09-22,3,3,0
4023,3249,7,7,2025-09-09,2025-09-20,2025-09-22,5,5,0
4024,3250,23,7,2025-08-24,2025-08-29,2025-08-29,37,37,4
4025,3250,23,7,2025-08-22,2025-08-29,2025-08-29,21,21,1
4026,3250,23,7,2025-08-23,2025-09-02,2025-08-29,29,29,0
4027,3251,43,7,2025-08-23,2025-09-03,2025-08-28,169,169,3
4028,3252,8,9,2025-08-20,2025-08-28,2025-08-28,15,15,0
4029,3253,15,9,2025-08-28,2025-08-28,2025-08-25,542,542,0
4030,3254,42,9,2025-08-21,2025-08-30,2025-09-01,206,206,2
4031,3255,22,6,2025-08-20,2025-08-22,2025-08-25,199,199,4
4032,3256,43,4,2025-08-23,2025-09-09,2025-08-29,66,66,3
4033,3257,2,8,2025-08-26,2025-09-05,2025-09-06,67,67,1
4034,3258,43,8,2025-08-20,2025-08-27,2025-08-29,14,14,1
4035,3259,39,1,2025-08-21,2025-08-26,2025-08-26,45,45,0
4036,3259,39,1,2025-08-20,2025-08-23,2025-08-26,80,80,1
4037,3260,48,1,2025-08-28,2025-09-13,2025-09-15,18,18,0
4038,3261,2,1,2025-08-28,2025-09-04,2025-09-06,516,516,16
4039,3262,23,1,2025-08-24,2025-08-30,2025-08-30,7,7,0
4040,3263,23,1,2025-08-24,2025-09-07,2025-08-30,28,28,1
4041,3264,32,1,2025-08-27,2025-09-04,2025-08-25,79,79,1
4042,3264,32,1,2025-08-20,2025-08-25,2025-08-25,67,67,1
4043,3265,50,1,2025-08-27,2025-09-05,2025-09-07,32,32,1
4044,3266,12,10,2025-08-27,2025-09-05,2025-09-07,17,17,0
4045,3267,15,10,2025-08-26,2025-08-26,2025-08-26,251,251,26
4046,3268,19,10,2025-08-23,2025-08-24,2025-08-24,8,8,0
4047,3268,19,10,2025-08-20,2025-08-21,2025-08-24,6,6,0
4048,3269,3,3,2025-09-02,2025-09-23,2025-09-23,4,4,0
4049,3270,30,3,2025-08-27,2025-08-29,2025-08-30,860,860,1
4050,3271,21,3,2025-08-22,2025-08-23,2025-08-26,247,247,3
4051,3271,21,3,2025-08-20,2025-09-04,2025-08-26,205,205,7
4052,3271,21,3,2025-08-26,2025-08-27,2025-08-26,181,181,4
4053,3272,8,2,2025-08-22,2025-08-27,2025-08-29,87,87,0
4054,3272,8,2,2025-08-24,2025-08-28,2025-08-29,144,144,0
4055,3273,20,2,2025-08-24,2025-08-24,2025-08-25,490,490,13
4056,3274,43,2,2025-08-24,2025-08-28,2025-08-29,6,6,0
4057,3275,10,9,2025-09-03,2025-09-14,2025-09-15,51,51,1
4058,3276,19,9,2025-08-21,2025-08-24,2025-08-25,2,2,0
4059,3276,19,9,2025-08-21,2025-08-22,2025-08-25,1,1,0
4060,3276,19,9,2025-08-30,2025-08-30,2025-08-25,1,1,0
4061,3277,20,9,2025-08-21,2025-08-24,2025-08-26,598,598,12
4062,3278,10,10,2025-09-01,2025-09-12,2025-09-15,1003,1003,25
4063,3279,36,10,2025-08-27,2025-08-30,2025-09-01,846,846,47
4064,3280,47,10,2025-08-31,2025-09-09,2025-09-11,15,15,0
4065,3280,47,10,2025-08-31,2025-09-10,2025-09-11,10,10,1
4066,3281,9,3,2025-08-29,2025-09-08,2025-09-09,179,179,7
4067,3282,42,3,2025-08-28,2025-08-31,2025-09-03,521,521,18
4068,3283,27,5,2025-08-25,2025-09-10,2025-09-02,43,43,1
4069,3283,27,5,2025-08-27,2025-09-01,2025-09-02,85,85,2
4070,3284,30,5,2025-08-23,2025-08-31,2025-08-31,1293,1293,3
4071,3285,2,5,2025-08-27,2025-09-07,2025-09-07,4,4,0
4072,3286,29,1,2025-09-02,2025-09-11,2025-09-13,1207,1207,23
4073,3287,17,1,2025-08-25,2025-08-29,2025-09-01,749,749,76
4074,3288,32,1,2025-08-21,2025-08-23,2025-08-26,23,23,0
4075,3289,16,10,2025-08-23,2025-08-26,2025-08-27,23,23,0
4076,3289,16,10,2025-08-22,2025-08-27,2025-08-27,26,26,0
4077,3289,16,10,2025-08-28,2025-08-28,2025-08-27,25,25,0
4078,3290,49,1,2025-08-25,2025-08-25,2025-08-25,11,11,0
4079,3291,16,1,2025-08-23,2025-08-25,2025-08-27,35,35,0
4080,3291,16,1,2025-08-23,2025-08-27,2025-08-27,28,28,0
4081,3292,11,6,2025-08-26,2025-09-01,2025-09-02,499,499,11
4082,3293,21,9,2025-08-26,2025-08-26,2025-08-27,171,171,9
4083,3293,21,9,2025-08-28,2025-09-04,2025-08-27,331,331,21
4084,3294,43,9,2025-08-30,2025-08-30,2025-08-30,20,20,1
4085,3294,43,9,2025-08-23,2025-08-28,2025-08-30,9,9,0
4086,3294,43,9,2025-08-27,2025-08-28,2025-08-30,8,8,1
4087,3295,35,9,2025-08-21,2025-09-01,2025-09-01,495,495,7
4088,3296,10,9,2025-09-06,2025-09-14,2025-09-15,580,580,21
4089,3297,5,5,2025-08-22,2025-08-25,2025-08-26,36,36,2
4090,3298,6,5,2025-08-30,2025-09-12,2025-09-08,140,140,0
4091,3299,40,5,2025-08-28,2025-09-09,2025-09-12,333,333,5
4092,3300,18,9,2025-08-22,2025-09-06,2025-08-26,28,28,1
4093,3301,12,10,2025-08-29,2025-09-05,2025-09-08,12,12,0
4094,3302,6,10,2025-08-28,2025-09-06,2025-09-08,61,61,0
4095,3303,41,10,2025-08-26,2025-09-05,2025-09-08,218,218,9
4096,3304,6,8,2025-08-23,2025-09-06,2025-09-09,68,68,0
4097,3304,6,8,2025-08-26,2025-09-08,2025-09-09,55,55,0
4098,3305,20,4,2025-08-27,2025-08-27,2025-08-27,207,207,1
4099,3306,4,4,2025-08-29,2025-09-12,2025-09-12,72,72,2
4100,3307,43,4,2025-08-25,2025-09-12,2025-08-31,88,88,3
4101,3308,18,4,2025-08-26,2025-08-27,2025-08-27,216,216,5
4102,3309,1,8,2025-08-24,2025-09-02,2025-09-03,35,35,0
4103,3309,1,8,2025-08-28,2025-09-03,2025-09-03,40,40,0
4104,3309,1,8,2025-08-29,2025-09-01,2025-09-03,33,33,0
4105,3310,36,8,2025-09-01,2025-09-03,2025-09-02,54,54,0
4106,3311,21,8,2025-08-23,2025-08-25,2025-08-28,460,460,3
4107,3312,18,8,2025-08-23,2025-08-26,2025-08-27,602,602,33
4108,3313,6,8,2025-08-31,2025-09-08,2025-09-09,9,9,0
4109,3314,42,6,2025-08-28,2025-09-03,2025-09-04,123,123,1
4110,3315,16,6,2025-08-22,2025-08-27,2025-08-28,18,18,0
4111,3316,7,6,2025-09-05,2025-09-25,2025-09-25,69,69,1
4112,3316,7,6,2025-09-10,2025-09-22,2025-09-25,67,67,1
4113,3317,36,6,2025-08-26,2025-09-01,2025-09-02,23,23,1
4114,3318,5,10,2025-08-23,2025-08-31,2025-08-28,115,115,1
4115,3319,35,2,2025-09-01,2025-09-01,2025-09-03,5,5,0
4116,3320,36,2,2025-08-26,2025-09-02,2025-09-03,79,79,5
4117,3321,30,2,2025-08-31,2025-08-31,2025-09-02,61,61,0
4118,3322,43,2,2025-08-27,2025-08-29,2025-09-01,256,256,13
4119,3323,28,2,2025-08-31,2025-09-09,2025-09-10,66,66,0
4120,3324,44,2,2025-09-03,2025-09-12,2025-09-12,11,11,0
4121,3325,4,8,2025-08-28,2025-09-13,2025-09-13,22,22,0
4122,3326,21,8,2025-08-27,2025-08-29,2025-08-29,184,184,9
4123,3327,2,6,2025-09-01,2025-09-07,2025-09-09,14,14,0
4124,3328,39,6,2025-08-23,2025-08-29,2025-08-29,50,50,1
4125,3329,50,8,2025-08-28,2025-09-09,2025-09-10,510,510,23
4126,3330,30,8,2025-08-25,2025-08-31,2025-09-02,231,231,3
4127,3330,30,8,2025-08-23,2025-09-01,2025-09-02,600,600,1
4128,3331,48,8,2025-09-01,2025-09-17,2025-09-18,487,487,20
4129,3332,36,8,2025-08-25,2025-09-03,2025-09-03,8,8,0
4130,3333,46,9,2025-08-31,2025-09-18,2025-09-18,134,134,5
4131,3333,46,9,2025-08-30,2025-09-25,2025-09-18,91,91,1
4132,3334,12,5,2025-09-04,2025-09-09,2025-09-10,854,854,12
4133,3335,16,5,2025-08-26,2025-08-29,2025-08-29,121,121,1
4134,3336,21,5,2025-08-25,2025-09-04,2025-08-29,45,45,2
4135,3337,31,3,2025-09-08,2025-09-21,2025-09-23,452,452,6
4136,3338,2,3,2025-08-29,2025-09-09,2025-09-09,15,15,0
4137,3339,25,3,2025-08-26,2025-08-30,2025-08-30,79,79,1
4138,3340,4,3,2025-08-30,2025-09-21,2025-09-13,428,428,26
4139,3341,36,10,2025-08-27,2025-09-01,2025-09-03,76,76,2
4140,3342,8,10,2025-08-28,2025-09-01,2025-09-01,475,475,11
4141,3343,40,10,2025-09-09,2025-09-12,2025-09-14,275,275,0
4142,3344,50,10,2025-08-30,2025-09-09,2025-09-10,278,278,10
4143,3345,10,10,2025-09-06,2025-09-17,2025-09-17,152,152,4
4144,3346,8,10,2025-08-27,2025-08-30,2025-09-01,22,22,0
4145,3347,2,10,2025-08-28,2025-09-09,2025-09-09,197,197,3
4146,3348,18,3,2025-08-29,2025-08-29,2025-08-29,36,36,0
4147,3349,17,3,2025-08-28,2025-09-04,2025-09-04,482,482,38
4148,3349,17,3,2025-09-03,2025-09-04,2025-09-04,354,354,41
4149,3350,2,3,2025-08-29,2025-09-07,2025-09-10,327,327,6
4150,3351,28,3,2025-08-30,2025-09-11,2025-09-11,49,49,1
4151,3352,44,10,2025-09-06,2025-09-10,2025-09-13,312,312,4
4152,3352,44,10,2025-08-31,2025-09-11,2025-09-13,251,251,4
4153,3353,37,10,2025-09-09,2025-10-05,2025-09-23,8,8,0
4154,3354,21,10,2025-08-26,2025-08-27,2025-08-30,6,6,0
4155,3355,12,10,2025-08-30,2025-09-09,2025-09-11,116,116,1
4156,3356,43,10,2025-08-24,2025-09-01,2025-09-02,530,530,20
4157,3357,16,4,2025-08-27,2025-08-28,2025-08-30,4,4,0
4158,3357,16,4,2025-08-27,2025-08-28,2025-08-30,9,9,0
4159,3358,39,4,2025-08-24,2025-08-29,2025-08-30,461,461,13
4160,3359,17,2,2025-08-27,2025-09-04,2025-09-04,306,306,6
4161,3360,14,2,2025-08-27,2025-09-03,2025-09-05,137,137,0
4162,3361,33,6,2025-09-03,2025-09-15,2025-09-18,68,68,1
4163,3362,22,6,2025-08-24,2025-08-27,2025-08-29,3,3,0
4164,3362,22,6,2025-08-30,2025-08-30,2025-08-29,7,7,0
4165,3363,25,6,2025-08-27,2025-08-28,2025-08-31,52,52,1
4166,3364,35,6,2025-08-31,2025-09-04,2025-09-04,72,72,1
4167,3365,41,6,2025-09-02,2025-09-22,2025-09-11,218,218,17
4168,3365,41,6,2025-09-03,2025-09-16,2025-09-11,181,181,11
4169,3366,18,6,2025-09-01,2025-09-01,2025-08-29,19,19,0
4170,3366,18,6,2025-08-26,2025-08-28,2025-08-29,29,29,1
4171,3367,8,2,2025-08-30,2025-09-01,2025-09-02,32,32,0
4172,3368,2,6,2025-08-26,2025-09-09,2025-09-10,848,848,5
4173,3369,16,2,2025-09-03,2025-09-03,2025-08-31,479,479,3
4174,3369,16,2,2025-08-27,2025-08-28,2025-08-31,850,850,6
4175,3370,39,2,2025-08-25,2025-08-31,2025-08-31,4,4,0
4176,3370,39,2,2025-08-27,2025-08-31,2025-08-31,7,7,0
4177,3371,45,2,2025-08-31,2025-09-16,2025-09-18,547,547,1
4178,3372,26,4,2025-08-29,2025-09-04,2025-09-06,42,42,2
4179,3373,14,8,2025-08-28,2025-09-05,2025-09-07,188,188,1
4180,3374,41,8,2025-09-03,2025-09-13,2025-09-13,7,7,0
4181,3375,2,8,2025-09-05,2025-09-09,2025-09-12,357,357,2
4182,3376,29,8,2025-09-11,2025-09-17,2025-09-18,197,197,0
4183,3377,10,2,2025-09-06,2025-09-19,2025-09-20,70,70,2
4184,3378,2,7,2025-09-01,2025-09-09,2025-09-12,56,56,1
4185,3379,47,7,2025-09-04,2025-09-15,2025-09-16,883,883,10
4186,3380,14,1,2025-08-26,2025-09-06,2025-09-07,202,202,0
4187,3380,14,1,2025-09-01,2025-09-07,2025-09-07,349,349,2
4188,3381,13,1,2025-09-02,2025-09-17,2025-09-07,1017,1017,7
4189,3382,7,1,2025-09-13,2025-09-26,2025-09-29,50,50,1
4190,3383,19,6,2025-08-29,2025-08-29,2025-08-30,474,474,13
4191,3384,17,5,2025-08-30,2025-09-03,2025-09-06,621,621,16
4192,3385,26,5,2025-08-29,2025-09-07,2025-09-07,19,19,1
4193,3386,30,9,2025-08-26,2025-09-02,2025-09-05,8,8,0
4194,3387,33,9,2025-09-08,2025-09-19,2025-09-20,110,110,1
4195,3388,4,8,2025-09-04,2025-09-14,2025-09-17,68,68,2
4196,3389,29,8,2025-09-04,2025-09-19,2025-09-19,79,79,1
4197,3390,36,8,2025-09-01,2025-09-06,2025-09-07,15,15,0
4198,3390,36,8,2025-09-02,2025-09-06,2025-09-07,27,27,0
4199,3391,15,8,2025-08-29,2025-09-02,2025-09-02,85,85,5
4200,3392,43,8,2025-09-01,2025-09-05,2025-09-05,92,92,2
4201,3393,20,8,2025-08-29,2025-08-31,2025-09-01,22,22,0
4202,3394,39,8,2025-08-27,2025-09-01,2025-09-02,66,66,1
4203,3395,5,8,2025-08-27,2025-09-01,2025-09-01,10,10,0
4204,3396,1,8,2025-09-01,2025-09-06,2025-09-08,336,336,3
4205,3397,32,8,2025-08-30,2025-08-30,2025-09-01,997,997,19
4206,3398,38,8,2025-08-27,2025-08-31,2025-08-31,8,8,0
4207,3398,38,8,2025-08-27,2025-08-30,2025-08-31,7,7,0
4208,3399,24,8,2025-09-08,2025-09-17,2025-09-17,26,26,0
4209,3400,43,8,2025-09-04,2025-09-04,2025-09-05,7,7,0
4210,3401,21,8,2025-09-01,2025-09-07,2025-09-02,9,9,0
4211,3402,48,8,2025-09-06,2025-09-20,2025-09-22,11,11,1
4212,3403,8,9,2025-09-03,2025-09-04,2025-09-05,7,7,0
4213,3404,43,9,2025-09-02,2025-09-02,2025-09-05,6,6,0
4214,3404,43,9,2025-08-27,2025-09-17,2025-09-05,4,4,0
4215,3405,39,9,2025-09-02,2025-09-02,2025-09-02,785,785,22
4216,3406,38,9,2025-08-28,2025-08-29,2025-08-31,23,23,1
4217,3407,23,1,2025-09-03,2025-09-03,2025-09-06,17,17,0
4218,3408,5,1,2025-09-02,2025-09-02,2025-09-01,14,14,0
4219,3409,41,7,2025-09-02,2025-09-11,2025-09-14,529,529,6
4220,3410,47,7,2025-09-01,2025-09-27,2025-09-17,11,11,0
4221,3411,18,7,2025-08-30,2025-09-13,2025-09-01,48,48,2
4222,3412,35,2,2025-08-31,2025-09-04,2025-09-07,58,58,1
4223,3413,11,2,2025-09-03,2025-09-05,2025-09-08,15,15,0
4224,3414,19,1,2025-08-28,2025-09-10,2025-09-01,6,6,0
4225,3415,29,2,2025-09-05,2025-09-18,2025-09-20,88,88,1
4226,3416,16,2,2025-08-28,2025-09-03,2025-09-03,12,12,0
4227,3417,40,2,2025-09-01,2025-09-17,2025-09-19,27,27,0
4228,3417,40,2,2025-09-05,2025-09-16,2025-09-19,17,17,0
4229,3418,18,6,2025-09-04,2025-09-04,2025-09-02,16,16,0
4230,3418,18,6,2025-08-30,2025-09-04,2025-09-02,8,8,0
4231,3418,18,6,2025-08-28,2025-09-09,2025-09-02,19,19,1
4232,3419,7,6,2025-09-08,2025-10-01,2025-10-01,201,201,3
4233,3419,7,6,2025-09-15,2025-09-30,2025-10-01,369,369,3
4234,3420,35,6,2025-08-30,2025-09-06,2025-09-08,142,142,1
4235,3421,19,6,2025-08-28,2025-08-31,2025-09-01,698,698,26
4236,3422,6,6,2025-09-07,2025-09-13,2025-09-15,267,267,1
4237,3422,6,6,2025-09-01,2025-09-14,2025-09-15,207,207,1
4238,3423,42,1,2025-09-05,2025-09-09,2025-09-10,543,543,13
4239,3424,10,1,2025-09-08,2025-10-03,2025-09-22,114,114,2
4240,3425,16,1,2025-08-29,2025-08-31,2025-09-03,74,74,1
4241,3425,16,1,2025-09-02,2025-09-02,2025-09-03,69,69,1
4242,3425,16,1,2025-08-28,2025-09-02,2025-09-03,79,79,1
4243,3426,30,7,2025-09-01,2025-09-05,2025-09-07,28,28,0
4244,3427,32,7,2025-08-28,2025-08-31,2025-09-02,621,621,7
4245,3427,32,7,2025-09-02,2025-09-02,2025-09-02,560,560,5
4246,3428,40,10,2025-09-05,2025-09-19,2025-09-20,54,54,1
4247,3428,40,10,2025-09-12,2025-09-17,2025-09-20,74,74,1
4248,3429,10,10,2025-09-09,2025-10-01,2025-09-23,19,19,1
4249,3430,16,10,2025-08-29,2025-09-01,2025-09-04,25,25,0
4250,3431,50,2,2025-09-05,2025-09-15,2025-09-16,419,419,4
4251,3432,21,2,2025-08-31,2025-09-11,2025-09-04,25,25,0
4252,3433,46,2,2025-09-07,2025-09-21,2025-09-24,37,37,1
4253,3433,46,2,2025-09-10,2025-09-22,2025-09-24,20,20,1
4254,3433,46,2,2025-09-16,2025-09-23,2025-09-24,37,37,1
4255,3434,16,2,2025-08-30,2025-09-04,2025-09-04,60,60,1
4256,3435,36,2,2025-08-31,2025-09-15,2025-09-09,58,58,4
4257,3435,36,2,2025-09-03,2025-09-09,2025-09-09,89,89,3
4258,3436,1,4,2025-09-06,2025-09-07,2025-09-10,8,8,0
4259,3437,25,4,2025-09-01,2025-09-08,2025-09-05,143,143,2
4260,3438,1,4,2025-09-05,2025-09-10,2025-09-10,589,589,12
4261,3439,50,4,2025-09-05,2025-09-16,2025-09-16,7,7,0
4262,3440,27,2,2025-08-30,2025-09-09,2025-09-10,628,628,28
4263,3441,23,2,2025-09-05,2025-09-15,2025-09-08,722,722,36
4264,3442,44,2,2025-09-03,2025-09-18,2025-09-18,249,249,6
4265,3443,24,3,2025-09-08,2025-09-17,2025-09-19,7,7,0
4266,3444,16,3,2025-09-01,2025-09-03,2025-09-04,4,4,0
4267,3444,16,3,2025-08-29,2025-09-03,2025-09-04,4,4,0
4268,3445,21,4,2025-08-29,2025-09-03,2025-09-04,175,175,0
4269,3445,21,4,2025-09-04,2025-09-04,2025-09-04,198,198,8
4270,3445,21,4,2025-08-30,2025-09-03,2025-09-04,197,197,2
4271,3446,33,4,2025-09-12,2025-09-22,2025-09-23,7,7,0
4272,3447,16,2,2025-09-04,2025-09-04,2025-09-04,99,99,0
4273,3448,10,2,2025-09-08,2025-10-03,2025-09-23,1067,1067,29
4274,3449,20,7,2025-09-01,2025-09-01,2025-09-04,1190,1190,25
4275,3450,50,7,2025-09-09,2025-09-16,2025-09-17,8,8,0
4276,3451,8,7,2025-09-01,2025-09-06,2025-09-08,131,131,1
4277,3452,12,2,2025-08-31,2025-09-24,2025-09-17,686,686,17
4278,3453,43,2,2025-09-01,2025-09-19,2025-09-08,105,105,4
4279,3454,33,10,2025-09-11,2025-10-02,2025-09-24,42,42,0
4280,3454,33,10,2025-09-09,2025-09-23,2025-09-24,55,55,2
4281,3455,6,10,2025-09-12,2025-09-15,2025-09-17,16,16,0
4282,3455,6,10,2025-08-31,2025-09-14,2025-09-17,18,18,0
4283,3456,10,10,2025-09-09,2025-09-23,2025-09-24,754,754,39
4284,3457,43,10,2025-08-31,2025-09-06,2025-09-08,6,6,0
4285,3458,37,7,2025-09-13,2025-09-27,2025-09-29,177,177,0
4286,3458,37,7,2025-09-17,2025-09-29,2025-09-29,267,267,7
4287,3459,21,7,2025-09-02,2025-09-04,2025-09-05,66,66,2
4288,3459,21,7,2025-09-05,2025-09-11,2025-09-05,157,157,2
4289,3460,2,7,2025-09-11,2025-09-13,2025-09-16,57,57,0
4290,3461,29,7,2025-09-12,2025-10-03,2025-09-22,3,3,0
4291,3461,29,7,2025-09-08,2025-09-21,2025-09-22,4,4,0
4292,3462,20,7,2025-08-31,2025-09-06,2025-09-04,21,21,1
4293,3463,16,7,2025-09-02,2025-09-08,2025-09-05,882,882,10
4294,3464,25,7,2025-09-04,2025-09-04,2025-09-06,197,197,5
4295,3465,20,6,2025-09-04,2025-09-04,2025-09-04,601,601,19
4296,3466,1,6,2025-09-05,2025-09-08,2025-09-11,653,653,6
4297,3467,15,6,2025-09-01,2025-09-05,2025-09-05,196,196,4
4298,3468,7,6,2025-09-16,2025-09-30,2025-10-03,109,109,3
4299,3468,7,6,2025-09-14,2025-09-30,2025-10-03,47,47,0
4300,3468,7,6,2025-09-17,2025-10-01,2025-10-03,90,90,0
4301,3469,8,2,2025-09-02,2025-09-07,2025-09-08,6,6,0
4302,3470,29,2,2025-09-10,2025-09-21,2025-09-22,1307,1307,16
4303,3471,25,9,2025-09-07,2025-09-07,2025-09-06,16,16,0
4304,3472,47,9,2025-09-11,2025-09-17,2025-09-20,516,516,22
4305,3473,46,3,2025-09-12,2025-09-23,2025-09-25,12,12,0
4306,3474,29,3,2025-09-09,2025-09-20,2025-09-22,207,207,2
4307,3475,27,1,2025-09-08,2025-09-08,2025-09-11,33,33,0
4308,3476,13,1,2025-09-07,2025-09-08,2025-09-11,6,6,0
4309,3477,14,9,2025-09-08,2025-09-11,2025-09-11,675,675,3
4310,3478,39,3,2025-08-31,2025-09-03,2025-09-05,18,18,0
4311,3478,39,3,2025-08-30,2025-09-05,2025-09-05,13,13,0
4312,3478,39,3,2025-08-30,2025-09-05,2025-09-05,28,28,1
4313,3479,43,3,2025-09-03,2025-09-08,2025-09-08,151,151,5
4314,3480,9,3,2025-09-07,2025-09-18,2025-09-18,57,57,1
4315,3481,3,6,2025-09-15,2025-10-01,2025-10-03,494,494,37
4316,3482,27,6,2025-08-30,2025-09-10,2025-09-11,9,9,0
4317,3483,25,6,2025-09-03,2025-09-04,2025-09-06,736,736,7
4318,3484,2,6,2025-09-08,2025-09-15,2025-09-16,295,295,6
4319,3485,19,6,2025-08-30,2025-08-31,2025-09-03,46,46,1
4320,3486,11,4,2025-09-01,2025-09-10,2025-09-11,94,94,4
4321,3487,43,4,2025-09-05,2025-09-06,2025-09-08,59,59,1
4322,3488,27,4,2025-09-02,2025-09-09,2025-09-11,15,15,0
4323,3489,26,6,2025-09-06,2025-09-09,2025-09-12,50,50,2
4324,3490,10,6,2025-09-11,2025-09-22,2025-09-25,52,52,1
4325,3491,39,6,2025-09-02,2025-09-05,2025-09-06,23,23,0
4326,3492,28,4,2025-09-05,2025-09-15,2025-09-18,53,53,1
4327,3493,28,4,2025-09-06,2025-09-18,2025-09-18,317,317,3
4328,3494,38,4,2025-08-31,2025-09-03,2025-09-04,518,518,9
4329,3495,43,9,2025-08-31,2025-09-08,2025-09-09,196,196,3
4330,3495,43,9,2025-08-31,2025-09-15,2025-09-09,213,213,8
4331,3496,30,9,2025-09-01,2025-09-08,2025-09-10,112,112,0
4332,3497,4,9,2025-09-07,2025-09-20,2025-09-21,22,22,0
4333,3498,3,9,2025-09-19,2025-10-11,2025-10-04,16,16,1
4334,3499,23,9,2025-09-03,2025-09-08,2025-09-10,178,178,7
4335,3500,16,4,2025-08-31,2025-09-04,2025-09-06,5,5,0
4336,3500,16,4,2025-08-31,2025-09-05,2025-09-06,4,4,0
4337,3501,25,4,2025-09-06,2025-09-06,2025-09-07,187,187,1
4338,3501,25,4,2025-08-31,2025-09-05,2025-09-07,431,431,12
4339,3502,39,6,2025-09-03,2025-09-05,2025-09-07,59,59,2
4340,3503,47,6,2025-09-09,2025-09-25,2025-09-22,149,149,2
4341,3504,11,6,2025-09-02,2025-09-20,2025-09-13,18,18,1
4342,3505,33,6,2025-09-10,2025-09-23,2025-09-26,128,128,3
4343,3506,48,6,2025-09-19,2025-09-24,2025-09-27,35,35,1
4344,3507,31,6,2025-09-12,2025-09-29,2025-10-02,541,541,17
4345,3507,31,6,2025-09-10,2025-10-01,2025-10-02,414,414,12
4346,3508,10,6,2025-09-13,2025-09-25,2025-09-26,15,15,1
4347,3509,43,2,2025-09-01,2025-09-10,2025-09-10,224,224,7
4348,3510,20,2,2025-09-01,2025-09-05,2025-09-06,24,24,1
4349,3511,22,2,2025-09-05,2025-09-05,2025-09-06,95,95,2
4350,3512,15,7,2025-09-04,2025-09-04,2025-09-07,360,360,20
4351,3513,21,7,2025-09-04,2025-09-04,2025-09-07,48,48,2
4352,3514,17,7,2025-09-06,2025-09-12,2025-09-12,17,17,2
4353,3515,25,8,2025-09-03,2025-09-05,2025-09-08,8,8,0
4354,3516,2,9,2025-09-02,2025-09-16,2025-09-19,697,697,17
4355,3517,49,9,2025-09-02,2025-09-05,2025-09-06,17,17,1
4356,3518,3,9,2025-09-16,2025-10-11,2025-10-06,16,16,1
4357,3518,3,9,2025-09-15,2025-10-04,2025-10-06,7,7,0
4358,3518,3,9,2025-09-18,2025-10-04,2025-10-06,16,16,0
4359,3519,15,6,2025-09-07,2025-09-07,2025-09-08,21,21,1
4360,3519,15,6,2025-09-06,2025-09-06,2025-09-08,17,17,1
4361,3520,29,6,2025-09-16,2025-09-25,2025-09-25,198,198,0
4362,3521,21,7,2025-09-05,2025-09-13,2025-09-08,11,11,1
4363,3522,40,7,2025-09-15,2025-09-21,2025-09-24,129,129,0
4364,3523,2,7,2025-09-10,2025-09-19,2025-09-19,107,107,2
4365,3524,28,6,2025-09-13,2025-09-18,2025-09-20,38,38,1
4366,3524,28,6,2025-09-08,2025-09-19,2025-09-20,20,20,0
4367,3524,28,6,2025-09-07,2025-09-17,2025-09-20,38,38,1
4368,3525,43,6,2025-09-07,2025-09-09,2025-09-11,923,923,14
4369,3526,18,6,2025-09-05,2025-09-05,2025-09-07,15,15,0
4370,3527,23,6,2025-09-07,2025-09-18,2025-09-12,5,5,0
4371,3528,46,6,2025-09-09,2025-09-27,2025-09-28,496,496,30
4372,3529,5,6,2025-09-06,2025-09-06,2025-09-07,9,9,0
4373,3530,38,6,2025-09-02,2025-09-09,2025-09-06,134,134,4
4374,3531,12,5,2025-09-07,2025-09-17,2025-09-20,18,18,0
4375,3532,8,3,2025-09-02,2025-09-11,2025-09-11,226,226,0
4376,3533,29,3,2025-09-11,2025-09-24,2025-09-25,56,56,1
4377,3533,29,3,2025-09-12,2025-09-22,2025-09-25,69,69,0
4378,3534,19,3,2025-09-02,2025-09-18,2025-09-06,10,10,0
4379,3535,31,1,2025-09-12,2025-10-01,2025-10-03,286,286,4
4380,3536,7,9,2025-09-24,2025-10-03,2025-10-06,91,91,1
4381,3537,41,9,2025-09-05,2025-09-19,2025-09-20,36,36,3
4382,3538,39,9,2025-09-04,2025-09-08,2025-09-08,34,34,0
4383,3539,39,4,2025-09-03,2025-09-06,2025-09-09,595,595,5
4384,3540,47,4,2025-09-08,2025-10-06,2025-09-24,96,96,5
4385,3541,45,8,2025-09-12,2025-09-26,2025-09-27,1110,1110,2
4386,3542,35,8,2025-09-10,2025-09-13,2025-09-14,1389,1389,0
4387,3543,14,8,2025-09-08,2025-09-14,2025-09-15,13,13,0
4388,3544,39,1,2025-09-08,2025-09-08,2025-09-09,9,9,0
4389,3545,2,1,2025-09-10,2025-09-20,2025-09-20,105,105,1
4390,3546,47,1,2025-09-10,2025-09-22,2025-09-24,647,647,26
4391,3547,40,1,2025-09-15,2025-09-23,2025-09-25,33,33,0
4392,3548,7,10,2025-09-22,2025-10-10,2025-10-07,500,500,5
4393,3548,7,10,2025-09-22,2025-10-06,2025-10-07,677,677,9
4394,3549,46,10,2025-09-15,2025-09-29,2025-09-29,17,17,1
4395,3550,44,10,2025-09-10,2025-09-22,2025-09-23,602,602,17
4396,3551,44,4,2025-09-09,2025-09-23,2025-09-23,54,54,0
4397,3552,39,7,2025-09-04,2025-09-06,2025-09-09,22,22,0
4398,3553,2,7,2025-09-14,2025-09-19,2025-09-20,8,8,0
4399,3554,36,3,2025-09-03,2025-09-14,2025-09-14,17,17,1
4400,3555,46,3,2025-09-15,2025-09-27,2025-09-29,19,19,1
4401,3555,46,3,2025-09-15,2025-09-26,2025-09-29,15,15,0
4402,3556,32,3,2025-09-03,2025-09-06,2025-09-08,557,557,5
4403,3557,45,3,2025-09-15,2025-09-25,2025-09-27,661,661,1
4404,3558,37,7,2025-09-18,2025-10-01,2025-10-03,3,3,0
4405,3558,37,7,2025-09-16,2025-10-06,2025-10-03,4,4,0
4406,3559,41,6,2025-09-07,2025-09-20,2025-09-21,145,145,8
4407,3560,36,6,2025-09-09,2025-09-11,2025-09-14,108,108,5
4408,3561,42,9,2025-09-08,2025-09-14,2025-09-17,38,38,1
4409,3561,42,9,2025-09-10,2025-09-17,2025-09-17,44,44,2
4410,3562,46,10,2025-09-18,2025-09-29,2025-09-30,4,4,0
4411,3562,46,10,2025-09-19,2025-09-30,2025-09-30,3,3,0
4412,3562,46,10,2025-09-21,2025-09-28,2025-09-30,2,2,0
4413,3563,25,10,2025-09-06,2025-09-11,2025-09-11,5,5,0
4414,3564,41,10,2025-09-09,2025-09-21,2025-09-22,1,1,0
4415,3564,41,10,2025-09-13,2025-09-21,2025-09-22,3,3,0
4416,3565,48,10,2025-09-17,2025-09-30,2025-09-30,487,487,25
4417,3566,36,1,2025-09-05,2025-09-26,2025-09-15,18,18,1
4418,3567,18,7,2025-09-05,2025-09-09,2025-09-09,22,22,1
4419,3568,20,7,2025-09-04,2025-09-06,2025-09-09,81,81,1
4420,3569,44,7,2025-09-11,2025-09-24,2025-09-24,11,11,0
4421,3570,45,7,2025-09-12,2025-09-27,2025-09-28,26,26,0
4422,3571,3,10,2025-09-16,2025-10-08,2025-10-08,21,21,1
4423,3572,28,10,2025-09-11,2025-09-21,2025-09-22,9,9,0
4424,3572,28,10,2025-09-10,2025-09-22,2025-09-22,14,14,0
4425,3573,39,10,2025-09-04,2025-09-09,2025-09-10,124,124,1
4426,3573,39,10,2025-09-08,2025-09-10,2025-09-10,164,164,2
4427,3574,3,10,2025-09-17,2025-10-07,2025-10-08,4,4,0
4428,3575,26,10,2025-09-05,2025-09-16,2025-09-16,58,58,1
4429,3575,26,10,2025-09-08,2025-09-16,2025-09-16,24,24,1
4430,3575,26,10,2025-09-04,2025-09-13,2025-09-16,40,40,1
4431,3576,20,10,2025-09-07,2025-09-08,2025-09-09,66,66,2
4432,3577,20,6,2025-09-06,2025-09-08,2025-09-09,13,13,0
4433,3577,20,6,2025-09-04,2025-09-07,2025-09-09,11,11,0
4434,3578,33,6,2025-09-15,2025-09-29,2025-09-29,5,5,0
4435,3578,33,6,2025-09-16,2025-09-29,2025-09-29,4,4,0
4436,3579,8,1,2025-09-08,2025-09-10,2025-09-13,70,70,1
4437,3580,31,1,2025-09-17,2025-10-14,2025-10-05,9,9,0
4438,3581,40,1,2025-09-17,2025-09-24,2025-09-26,17,17,0
4439,3581,40,1,2025-09-14,2025-09-24,2025-09-26,19,19,0
4440,3582,49,1,2025-09-04,2025-09-15,2025-09-08,20,20,1
4441,3583,35,1,2025-09-09,2025-09-14,2025-09-15,253,253,4
4442,3584,20,5,2025-09-06,2025-09-07,2025-09-10,4,4,0
4443,3584,20,5,2025-09-07,2025-09-10,2025-09-10,1,1,0
4444,3584,20,5,2025-09-05,2025-09-07,2025-09-10,4,4,0
4445,3585,31,5,2025-09-20,2025-10-06,2025-10-06,5,5,0
4446,3585,31,5,2025-09-26,2025-10-04,2025-10-06,3,3,0
4447,3585,31,5,2025-09-18,2025-10-05,2025-10-06,2,2,0
4448,3586,31,7,2025-09-13,2025-10-03,2025-10-06,123,123,2
4449,3586,31,7,2025-09-18,2025-10-05,2025-10-06,236,236,3
4450,3587,42,7,2025-09-12,2025-09-18,2025-09-18,3,3,0
4451,3587,42,7,2025-09-10,2025-09-16,2025-09-18,6,6,0
4452,3588,41,7,2025-09-12,2025-09-21,2025-09-23,14,14,0
4453,3589,36,3,2025-09-14,2025-09-16,2025-09-16,112,112,4
4454,3590,25,3,2025-09-11,2025-09-11,2025-09-12,59,59,1
4455,3591,48,1,2025-09-16,2025-10-04,2025-10-01,32,32,2
4456,3591,48,1,2025-09-18,2025-10-12,2025-10-01,64,64,1
4457,3592,43,1,2025-09-11,2025-09-12,2025-09-14,8,8,0
4458,3593,17,1,2025-09-12,2025-09-14,2025-09-16,867,867,155
4459,3594,31,5,2025-09-23,2025-10-03,2025-10-06,5,5,0
4460,3595,12,10,2025-09-11,2025-09-20,2025-09-23,264,264,0
4461,3596,36,1,2025-09-07,2025-09-16,2025-09-16,20,20,0
4462,3597,5,1,2025-09-08,2025-09-09,2025-09-10,5,5,0
4463,3597,5,1,2025-09-06,2025-09-07,2025-09-10,4,4,0
4464,3598,30,1,2025-09-08,2025-09-15,2025-09-15,18,18,0
4465,3599,11,1,2025-09-07,2025-09-15,2025-09-17,89,89,2
4466,3600,33,3,2025-09-21,2025-09-30,2025-09-30,288,288,6
4467,3601,42,3,2025-09-10,2025-09-15,2025-09-18,577,577,10
4468,3602,27,2,2025-09-05,2025-09-14,2025-09-17,72,72,1
4469,3602,27,2,2025-09-12,2025-09-14,2025-09-17,139,139,3
4470,3603,43,2,2025-09-09,2025-09-14,2025-09-14,209,209,13
4471,3604,43,8,2025-09-08,2025-09-24,2025-09-15,1195,1195,25
4472,3605,50,8,2025-09-14,2025-10-05,2025-09-24,2,2,0
4473,3605,50,8,2025-09-16,2025-09-21,2025-09-24,3,3,0
4474,3606,35,8,2025-09-16,2025-09-16,2025-09-17,294,294,2
4475,3607,41,6,2025-09-16,2025-09-21,2025-09-24,62,62,2
4476,3608,18,9,2025-09-08,2025-09-23,2025-09-11,23,23,1
4477,3609,43,9,2025-09-09,2025-09-12,2025-09-15,19,19,1
4478,3610,50,2,2025-09-12,2025-10-01,2025-09-24,18,18,1
4479,3610,50,2,2025-09-11,2025-09-29,2025-09-24,12,12,1
4480,3611,12,2,2025-09-17,2025-09-22,2025-09-24,40,40,1
4481,3612,17,2,2025-09-11,2025-09-15,2025-09-17,11,11,2
4482,3613,46,2,2025-09-15,2025-09-30,2025-10-02,2,2,0
4483,3613,46,2,2025-09-22,2025-10-01,2025-10-02,2,2,0
4484,3614,8,1,2025-09-14,2025-09-14,2025-09-15,489,489,4
4485,3615,7,6,2025-09-23,2025-10-16,2025-10-10,134,134,2
4486,3616,26,2,2025-09-06,2025-09-15,2025-09-18,14,14,0
4487,3617,11,2,2025-09-10,2025-09-24,2025-09-18,910,910,7
4488,3618,44,2,2025-09-18,2025-09-23,2025-09-26,13,13,0
4489,3619,16,2,2025-09-12,2025-09-12,2025-09-12,131,131,1
4490,3620,31,5,2025-09-20,2025-10-05,2025-10-07,593,593,14
4491,3621,2,5,2025-09-13,2025-09-22,2025-09-23,28,28,1
4492,3622,21,5,2025-09-06,2025-09-17,2025-09-12,38,38,2
4493,3623,5,9,2025-09-06,2025-09-21,2025-09-11,14,14,0
4494,3624,39,3,2025-09-11,2025-09-18,2025-09-12,62,62,0
4495,3625,50,3,2025-09-16,2025-09-22,2025-09-24,4,4,0
4496,3625,50,3,2025-09-14,2025-09-23,2025-09-24,6,6,0
4497,3626,10,9,2025-09-15,2025-09-30,2025-10-01,3,3,0
4498,3626,10,9,2025-09-21,2025-09-29,2025-10-01,4,4,0
4499,3627,4,9,2025-09-18,2025-09-25,2025-09-27,82,82,1
4500,3628,18,9,2025-09-06,2025-09-18,2025-09-11,56,56,2
4501,3628,18,9,2025-09-11,2025-09-19,2025-09-11,70,70,2
4502,3629,29,9,2025-09-16,2025-09-26,2025-09-29,9,9,0
4503,3630,7,9,2025-09-26,2025-10-13,2025-10-10,9,9,0
4504,3630,7,9,2025-09-22,2025-10-09,2025-10-10,14,14,0
4505,3631,42,4,2025-09-11,2025-09-17,2025-09-20,9,9,1
4506,3632,6,4,2025-09-19,2025-09-24,2025-09-25,125,125,0
4507,3633,3,7,2025-09-22,2025-10-11,2025-10-11,17,17,0
4508,3634,8,7,2025-09-16,2025-09-16,2025-09-16,68,68,1
4509,3635,2,7,2025-09-14,2025-09-23,2025-09-24,118,118,2
4510,3636,22,10,2025-09-07,2025-09-12,2025-09-12,676,676,20
4511,3637,48,10,2025-09-21,2025-10-02,2025-10-03,8,8,0
4512,3638,40,1,2025-09-13,2025-09-29,2025-09-29,11,11,0
4513,3639,42,8,2025-09-08,2025-09-20,2025-09-21,101,101,0
4514,3640,29,8,2025-09-19,2025-10-06,2025-10-01,273,273,4
4515,3641,35,8,2025-09-11,2025-09-19,2025-09-19,5,5,0
4516,3642,17,8,2025-09-16,2025-09-17,2025-09-19,306,306,15
4517,3643,10,8,2025-09-19,2025-09-30,2025-10-03,26,26,1
4518,3644,5,8,2025-09-10,2025-09-13,2025-09-13,9,9,0
4519,3645,38,3,2025-09-08,2025-09-09,2025-09-12,483,483,21
4520,3646,17,8,2025-09-08,2025-09-17,2025-09-19,182,182,4
4521,3647,1,8,2025-09-13,2025-09-20,2025-09-20,935,935,1
4522,3648,11,5,2025-09-11,2025-09-24,2025-09-20,17,17,0
4523,3649,2,9,2025-09-14,2025-09-23,2025-09-26,14,14,0
4524,3650,20,9,2025-09-09,2025-09-13,2025-09-14,10,10,0
4525,3651,21,9,2025-09-11,2025-09-15,2025-09-15,409,409,25
4526,3652,36,2,2025-09-16,2025-09-19,2025-09-20,40,40,0
4527,3652,36,2,2025-09-13,2025-09-17,2025-09-20,35,35,2
4528,3653,6,2,2025-09-15,2025-09-26,2025-09-27,111,111,0
4529,3654,39,2,2025-09-16,2025-09-16,2025-09-15,502,502,0
4530,3655,36,5,2025-09-09,2025-09-19,2025-09-20,18,18,1
4531,3656,43,9,2025-09-10,2025-09-16,2025-09-18,4,4,0
4532,3656,43,9,2025-09-10,2025-09-16,2025-09-18,4,4,0
4533,3657,43,7,2025-09-13,2025-09-17,2025-09-18,54,54,2
4534,3658,46,7,2025-09-27,2025-10-13,2025-10-05,606,606,3
4535,3659,19,5,2025-09-10,2025-09-11,2025-09-13,330,330,11
4536,3660,42,5,2025-09-11,2025-09-25,2025-09-22,211,211,14
4537,3660,42,5,2025-09-10,2025-09-19,2025-09-22,291,291,9
4538,3661,41,5,2025-09-10,2025-09-24,2025-09-27,579,579,73
4539,3662,1,5,2025-09-10,2025-09-28,2025-09-21,134,134,1
4540,3663,8,5,2025-09-13,2025-09-17,2025-09-18,119,119,1
4541,3664,37,5,2025-09-19,2025-10-08,2025-10-09,378,378,12
4542,3665,40,5,2025-09-16,2025-09-28,2025-10-01,71,71,1
4543,3666,22,5,2025-09-09,2025-09-11,2025-09-14,16,16,0
4544,3667,18,8,2025-09-15,2025-09-15,2025-09-14,188,188,4
4545,3668,20,8,2025-09-11,2025-09-12,2025-09-14,84,84,1
4546,3669,19,8,2025-09-09,2025-09-12,2025-09-13,573,573,7
4547,3669,19,8,2025-09-12,2025-09-16,2025-09-13,227,227,3
4548,3669,19,8,2025-09-09,2025-09-13,2025-09-13,297,297,15
4549,3670,20,7,2025-09-11,2025-09-14,2025-09-14,16,16,1
4550,3670,20,7,2025-09-09,2025-09-12,2025-09-14,14,14,0
4551,3671,39,7,2025-09-11,2025-09-15,2025-09-15,94,94,1
4552,3672,19,10,2025-09-12,2025-09-12,2025-09-13,789,789,22
4553,3673,44,9,2025-09-16,2025-09-27,2025-09-29,421,421,7
4554,3674,42,9,2025-09-17,2025-09-21,2025-09-22,364,364,15
4555,3674,42,9,2025-09-17,2025-09-24,2025-09-22,241,241,2
4556,3674,42,9,2025-09-15,2025-09-23,2025-09-22,311,311,12
4557,3675,18,9,2025-09-15,2025-09-22,2025-09-14,8,8,0
4558,3676,38,4,2025-09-10,2025-09-25,2025-09-14,143,143,1
4559,3676,38,4,2025-09-10,2025-09-14,2025-09-14,161,161,5
4560,3677,50,4,2025-09-19,2025-09-27,2025-09-28,251,251,2
4561,3678,8,4,2025-09-15,2025-09-16,2025-09-19,6,6,0
4562,3679,21,8,2025-09-13,2025-09-16,2025-09-16,5,5,0
4563,3680,16,8,2025-09-10,2025-09-16,2025-09-16,44,44,0
4564,3680,16,8,2025-09-10,2025-09-14,2025-09-16,64,64,0
4565,3681,48,8,2025-09-26,2025-10-07,2025-10-06,381,381,7
4566,3682,43,1,2025-09-13,2025-09-18,2025-09-19,36,36,2
4567,3683,31,4,2025-09-13,2025-10-20,2025-10-11,12,12,0
4568,3684,2,4,2025-09-23,2025-09-26,2025-09-27,7,7,0
4569,3685,41,4,2025-09-17,2025-09-26,2025-09-28,30,30,0
4570,3686,43,4,2025-09-13,2025-09-19,2025-09-19,33,33,3
4571,3687,17,4,2025-09-19,2025-09-19,2025-09-21,8,8,1
4572,3688,19,4,2025-09-10,2025-09-11,2025-09-14,72,72,2
4573,3689,32,1,2025-09-10,2025-09-14,2025-09-15,10,10,0
4574,3689,32,1,2025-09-10,2025-09-12,2025-09-15,7,7,0
4575,3690,40,4,2025-09-21,2025-10-03,2025-10-03,259,259,0
4576,3691,50,4,2025-09-15,2025-09-29,2025-09-29,158,158,3
4577,3692,16,4,2025-09-11,2025-09-15,2025-09-17,724,724,6
4578,3693,47,4,2025-09-21,2025-10-01,2025-10-02,50,50,2
4579,3694,35,3,2025-09-14,2025-09-21,2025-09-22,10,10,0
4580,3695,29,3,2025-09-18,2025-10-03,2025-10-04,460,460,3
4581,3695,29,3,2025-09-22,2025-10-03,2025-10-04,894,894,13
4582,3696,21,3,2025-09-16,2025-09-16,2025-09-17,49,49,1
4583,3697,44,2,2025-09-22,2025-09-28,2025-10-01,597,597,7
4584,3698,5,1,2025-09-14,2025-09-18,2025-09-16,8,8,0
4585,3699,18,1,2025-09-11,2025-09-15,2025-09-16,55,55,1
4586,3700,19,6,2025-09-16,2025-09-16,2025-09-15,220,220,12
4587,3701,21,6,2025-09-15,2025-09-15,2025-09-17,98,98,0
4588,3702,17,6,2025-09-19,2025-09-19,2025-09-22,190,190,18
4589,3703,21,6,2025-09-12,2025-09-15,2025-09-17,3,3,0
4590,3703,21,6,2025-09-13,2025-09-14,2025-09-17,1,1,0
4591,3703,21,6,2025-09-14,2025-09-16,2025-09-17,2,2,0
4592,3704,4,8,2025-09-18,2025-09-29,2025-10-02,218,218,3
4593,3705,42,8,2025-09-12,2025-09-21,2025-09-24,83,83,3
4594,3706,50,8,2025-09-22,2025-09-29,2025-09-29,102,102,3
4595,3707,16,8,2025-09-20,2025-09-20,2025-09-17,216,216,0
4596,3708,3,9,2025-09-28,2025-10-15,2025-10-15,210,210,0
4597,3709,39,9,2025-09-12,2025-09-14,2025-09-17,466,466,5
4598,3710,36,9,2025-09-15,2025-09-26,2025-09-22,82,82,3
4599,3711,25,9,2025-09-17,2025-09-17,2025-09-18,65,65,1
4600,3712,26,6,2025-09-19,2025-09-20,2025-09-23,159,159,4
4601,3713,4,5,2025-09-22,2025-10-01,2025-10-03,75,75,0
4602,3714,41,8,2025-09-22,2025-09-29,2025-09-30,8,8,1
4603,3715,32,8,2025-09-12,2025-09-17,2025-09-17,175,175,1
4604,3716,19,8,2025-09-17,2025-09-17,2025-09-16,173,173,5
4605,3717,36,10,2025-09-20,2025-09-23,2025-09-23,93,93,3
4606,3718,43,10,2025-09-15,2025-10-02,2025-09-21,198,198,2
4607,3719,8,10,2025-09-18,2025-09-19,2025-09-21,90,90,1
4608,3720,20,10,2025-09-12,2025-09-16,2025-09-17,177,177,6
4609,3721,20,8,2025-09-18,2025-09-18,2025-09-17,41,41,0
4610,3721,20,8,2025-09-17,2025-09-20,2025-09-17,57,57,2
4611,3721,20,8,2025-09-13,2025-09-15,2025-09-17,40,40,1
4612,3722,25,8,2025-09-14,2025-09-18,2025-09-19,27,27,0
4613,3723,30,8,2025-09-15,2025-09-22,2025-09-22,1000,1000,5
4614,3724,38,10,2025-09-12,2025-09-16,2025-09-16,28,28,1
4615,3724,38,10,2025-09-12,2025-09-15,2025-09-16,26,26,0
4616,3724,38,10,2025-09-14,2025-09-15,2025-09-16,33,33,1
4617,3725,39,10,2025-09-21,2025-09-21,2025-09-18,34,34,0
4618,3726,30,10,2025-09-12,2025-09-19,2025-09-22,202,202,1
4619,3727,28,10,2025-09-16,2025-09-28,2025-09-30,628,628,14
4620,3728,33,10,2025-09-18,2025-10-05,2025-10-07,368,368,13
4621,3729,16,10,2025-09-12,2025-09-15,2025-09-18,14,14,0
4622,3730,6,5,2025-09-18,2025-09-30,2025-09-30,665,665,1
4623,3731,39,5,2025-09-13,2025-09-17,2025-09-18,395,395,0
4624,3731,39,5,2025-09-15,2025-09-16,2025-09-18,653,653,13
4625,3732,29,10,2025-09-22,2025-10-05,2025-10-05,115,115,2
4626,3733,16,9,2025-09-15,2025-09-15,2025-09-18,62,62,0
4627,3734,45,9,2025-09-27,2025-10-05,2025-10-06,667,667,1
4628,3735,20,9,2025-09-12,2025-09-17,2025-09-17,21,21,0
4629,3736,3,9,2025-09-27,2025-10-14,2025-10-16,128,128,8
4630,3737,15,9,2025-09-13,2025-09-15,2025-09-18,46,46,0
4631,3738,8,9,2025-09-13,2025-09-18,2025-09-21,223,223,3
4632,3739,16,9,2025-09-15,2025-09-17,2025-09-18,243,243,2
4633,3740,35,9,2025-09-17,2025-09-23,2025-09-23,1208,1208,13
4634,3741,3,6,2025-10-02,2025-10-20,2025-10-16,310,310,12
4635,3742,2,6,2025-09-17,2025-09-27,2025-09-29,241,241,3
4636,3743,45,1,2025-09-22,2025-10-04,2025-10-06,222,222,1
4637,3744,1,1,2025-09-14,2025-09-22,2025-09-24,78,78,1
4638,3745,3,1,2025-10-03,2025-10-15,2025-10-16,8,8,1
4639,3746,24,7,2025-09-23,2025-09-30,2025-10-03,137,137,1
4640,3747,35,7,2025-09-20,2025-09-23,2025-09-23,19,19,0
4641,3748,41,2,2025-09-17,2025-10-12,2025-09-30,216,216,18
4642,3748,41,2,2025-09-18,2025-09-27,2025-09-30,303,303,14
4643,3749,37,2,2025-09-27,2025-10-11,2025-10-12,16,16,0
4644,3749,37,2,2025-10-01,2025-10-11,2025-10-12,25,25,1
4645,3750,44,8,2025-09-21,2025-10-02,2025-10-02,22,22,0
4646,3751,38,8,2025-09-12,2025-09-26,2025-09-16,19,19,1
4647,3751,38,8,2025-09-12,2025-09-16,2025-09-16,23,23,1
4648,3752,20,8,2025-09-13,2025-09-17,2025-09-17,258,258,8
4649,3753,40,1,2025-09-23,2025-10-04,2025-10-05,37,37,0
4650,3754,21,1,2025-09-18,2025-09-18,2025-09-19,11,11,0
4651,3755,46,1,2025-09-27,2025-10-09,2025-10-09,37,37,1
4652,3756,3,5,2025-09-30,2025-10-21,2025-10-17,47,47,2
4653,3757,30,5,2025-09-13,2025-09-23,2025-09-23,252,252,0
4654,3758,15,8,2025-09-17,2025-09-17,2025-09-19,104,104,3
4655,3759,15,8,2025-09-16,2025-09-19,2025-09-19,137,137,5
4656,3760,2,8,2025-09-23,2025-09-29,2025-09-30,14,14,0
4657,3761,48,8,2025-09-23,2025-10-07,2025-10-09,28,28,1
4658,3761,48,8,2025-09-26,2025-10-06,2025-10-09,26,26,2
4659,3762,25,1,2025-09-14,2025-09-17,2025-09-20,1080,1080,20
4660,3763,41,1,2025-09-20,2025-10-01,2025-10-01,12,12,1
4661,3764,15,2,2025-09-14,2025-09-29,2025-09-19,645,645,12
4662,3765,12,7,2025-09-16,2025-10-06,2025-10-01,109,109,0
4663,3766,1,7,2025-09-18,2025-09-22,2025-09-25,963,963,13
4664,3767,23,7,2025-09-20,2025-09-22,2025-09-23,8,8,0
4665,3768,44,7,2025-09-24,2025-10-02,2025-10-03,457,457,0
4666,3769,19,8,2025-09-13,2025-09-25,2025-09-17,14,14,1
4667,3770,35,8,2025-09-13,2025-09-23,2025-09-24,456,456,5
4668,3771,5,1,2025-09-17,2025-09-19,2025-09-19,8,8,0
4669,3772,2,1,2025-09-21,2025-09-28,2025-10-01,78,78,1
4670,3773,18,5,2025-09-15,2025-09-26,2025-09-19,117,117,2
4671,3773,18,5,2025-09-15,2025-09-16,2025-09-19,124,124,6
4672,3774,14,5,2025-09-24,2025-09-25,2025-09-26,4,4,0
4673,3774,14,5,2025-09-16,2025-09-25,2025-09-26,8,8,0
4674,3775,20,2,2025-09-15,2025-09-17,2025-09-19,46,46,1
4675,3776,19,2,2025-09-14,2025-09-15,2025-09-18,38,38,1
4676,3777,40,2,2025-09-27,2025-10-06,2025-10-06,579,579,0
4677,3778,6,7,2025-09-26,2025-10-03,2025-10-03,54,54,0
4678,3779,28,2,2025-09-21,2025-10-03,2025-10-03,120,120,1
4679,3780,45,2,2025-09-28,2025-10-09,2025-10-09,561,561,1
4680,3781,46,5,2025-09-28,2025-10-08,2025-10-11,14,14,0
4681,3781,46,5,2025-09-22,2025-10-09,2025-10-11,8,8,0
4682,3781,46,5,2025-09-29,2025-10-21,2025-10-11,14,14,0
4683,3782,18,5,2025-09-21,2025-09-21,2025-09-20,95,95,1
4684,3783,32,5,2025-09-15,2025-09-20,2025-09-20,8,8,0
4685,3784,18,5,2025-09-16,2025-09-27,2025-09-20,568,568,16
4686,3785,5,5,2025-09-15,2025-09-20,2025-09-20,694,694,60
4687,3786,37,5,2025-09-28,2025-10-13,2025-10-15,80,80,2
4688,3787,19,5,2025-09-15,2025-09-17,2025-09-19,31,31,0
4689,3788,18,6,2025-09-15,2025-09-17,2025-09-20,36,36,1
4690,3789,4,6,2025-09-28,2025-10-04,2025-10-06,395,395,13
4691,3789,4,6,2025-09-24,2025-10-05,2025-10-06,232,232,6
4692,3789,4,6,2025-10-01,2025-10-06,2025-10-06,181,181,1
4693,3790,30,6,2025-09-19,2025-09-23,2025-09-25,381,381,2
4694,3791,8,1,2025-09-17,2025-09-22,2025-09-24,511,511,9
4695,3792,48,1,2025-09-29,2025-10-15,2025-10-11,845,845,11
4696,3793,18,1,2025-09-15,2025-09-17,2025-09-20,619,619,22
4697,3794,48,1,2025-09-27,2025-10-08,2025-10-11,20,20,1
4698,3795,35,1,2025-09-18,2025-09-24,2025-09-26,16,16,0
4699,3796,16,1,2025-09-17,2025-09-20,2025-09-21,55,55,1
4700,3797,24,4,2025-09-28,2025-10-04,2025-10-06,27,27,0
4701,3797,24,4,2025-09-27,2025-10-05,2025-10-06,30,30,1
4702,3798,15,4,2025-09-17,2025-09-20,2025-09-22,9,9,0
4703,3799,15,4,2025-09-18,2025-09-30,2025-09-22,179,179,6
4704,3799,15,4,2025-09-17,2025-09-22,2025-09-22,252,252,8
4705,3800,30,2,2025-09-22,2025-09-24,2025-09-26,379,379,0
4706,3801,20,7,2025-09-19,2025-09-21,2025-09-21,1059,1059,26
4707,3802,50,7,2025-09-29,2025-10-11,2025-10-04,87,87,1
4708,3803,44,7,2025-09-29,2025-10-04,2025-10-06,9,9,0
4709,3804,27,7,2025-09-17,2025-09-28,2025-09-28,111,111,3
4710,3805,16,7,2025-09-18,2025-09-19,2025-09-22,63,63,0
4711,3805,16,7,2025-09-18,2025-09-20,2025-09-22,130,130,0
4712,3806,42,2,2025-09-23,2025-09-27,2025-09-29,22,22,1
4713,3807,27,5,2025-09-18,2025-09-27,2025-09-28,158,158,3
4714,3807,27,5,2025-09-25,2025-09-28,2025-09-28,222,222,6
4715,3808,31,5,2025-10-02,2025-10-14,2025-10-17,7,7,0
4716,3809,40,5,2025-09-28,2025-10-05,2025-10-08,104,104,1
4717,3810,43,5,2025-09-23,2025-10-02,2025-09-25,44,44,2
4718,3810,43,5,2025-09-19,2025-09-26,2025-09-25,36,36,2
4719,3811,30,5,2025-09-18,2025-09-23,2025-09-26,259,259,0
4720,3811,30,5,2025-09-22,2025-09-25,2025-09-26,323,323,0
4721,3812,35,4,2025-09-21,2025-09-24,2025-09-27,65,65,1
4722,3813,19,9,2025-09-16,2025-09-18,2025-09-20,73,73,2
4723,3814,8,9,2025-09-19,2025-09-24,2025-09-25,103,103,1
4724,3815,25,10,2025-09-16,2025-09-20,2025-09-23,36,36,1
4725,3816,23,8,2025-09-19,2025-09-24,2025-09-26,10,10,1
4726,3816,23,8,2025-09-23,2025-10-07,2025-09-26,11,11,1
4727,3817,45,8,2025-09-27,2025-10-09,2025-10-10,136,136,1
4728,3818,7,8,2025-10-03,2025-10-20,2025-10-20,82,82,0
4729,3819,26,8,2025-09-16,2025-09-25,2025-09-28,2,2,0
4730,3819,26,8,2025-09-22,2025-09-27,2025-09-28,3,3,0
4731,3820,2,8,2025-09-25,2025-10-01,2025-10-03,70,70,0
4732,3821,19,6,2025-09-18,2025-09-18,2025-09-20,129,129,7
4733,3822,4,6,2025-09-21,2025-10-04,2025-10-07,167,167,2
4734,3823,19,3,2025-09-18,2025-09-28,2025-09-20,8,8,0
4735,3824,47,3,2025-09-26,2025-10-07,2025-10-07,72,72,3
4736,3825,15,1,2025-09-18,2025-09-19,2025-09-22,45,45,2
4737,3826,12,1,2025-09-25,2025-10-02,2025-10-04,13,13,0
4738,3826,12,1,2025-09-25,2025-10-01,2025-10-04,15,15,0
4739,3827,12,1,2025-09-21,2025-10-04,2025-10-04,14,14,0
4740,3828,10,8,2025-10-01,2025-10-14,2025-10-12,5,5,0
4741,3828,10,8,2025-09-28,2025-10-10,2025-10-12,2,2,0
4742,3828,10,8,2025-09-28,2025-10-10,2025-10-12,2,2,0
4743,3829,15,8,2025-09-22,2025-09-23,2025-09-23,678,678,13
4744,3830,36,8,2025-09-19,2025-09-25,2025-09-28,13,13,0
4745,3830,36,8,2025-09-20,2025-10-03,2025-09-28,13,13,0
4746,3830,36,8,2025-09-23,2025-09-26,2025-09-28,21,21,1
4747,3831,46,8,2025-10-02,2025-10-12,2025-10-13,11,11,0
4748,3832,30,5,2025-09-26,2025-09-26,2025-09-27,62,62,0
4749,3832,30,5,2025-09-21,2025-09-27,2025-09-27,29,29,0
4750,3832,30,5,2025-09-17,2025-09-24,2025-09-27,29,29,0
4751,3833,15,3,2025-09-18,2025-10-02,2025-09-23,18,18,0
4752,3833,15,3,2025-09-17,2025-09-23,2025-09-23,12,12,1
4753,3834,43,3,2025-09-20,2025-09-30,2025-09-26,188,188,0
4754,3835,41,3,2025-10-02,2025-10-04,2025-10-05,5,5,0
4755,3836,8,9,2025-09-25,2025-09-26,2025-09-26,409,409,7
4756,3837,43,9,2025-09-22,2025-09-26,2025-09-26,9,9,0
4757,3837,43,9,2025-09-20,2025-09-25,2025-09-26,8,8,0
4758,3838,8,9,2025-09-21,2025-09-25,2025-09-26,24,24,1
4759,3839,5,9,2025-09-22,2025-09-22,2025-09-22,96,96,4
4760,3840,10,10,2025-09-27,2025-10-24,2025-10-12,48,48,1
4761,3841,5,10,2025-09-18,2025-09-25,2025-09-22,241,241,7
4762,3841,5,10,2025-09-17,2025-09-27,2025-09-22,240,240,19
4763,3842,39,10,2025-09-17,2025-09-20,2025-09-23,108,108,0
4764,3843,31,2,2025-09-29,2025-10-18,2025-10-18,103,103,3
4765,3844,43,2,2025-09-18,2025-09-24,2025-09-26,46,46,2
4766,3845,6,9,2025-09-24,2025-10-02,2025-10-05,1045,1045,0
4767,3846,15,9,2025-09-22,2025-09-22,2025-09-23,9,9,0
4768,3847,42,9,2025-09-26,2025-09-30,2025-09-30,7,7,0
4769,3847,42,9,2025-09-22,2025-09-27,2025-09-30,2,2,0
4770,3847,42,9,2025-09-20,2025-09-27,2025-09-30,2,2,0
4771,3848,10,9,2025-09-30,2025-10-09,2025-10-12,46,46,1
4772,3848,10,9,2025-09-30,2025-10-24,2025-10-12,47,47,2
4773,3848,10,9,2025-09-25,2025-10-13,2025-10-12,55,55,1
4774,3849,41,5,2025-09-27,2025-10-05,2025-10-05,698,698,33
4775,3850,15,5,2025-09-17,2025-09-21,2025-09-23,32,32,1
4776,3851,18,8,2025-09-17,2025-09-22,2025-09-22,504,504,10
4777,3852,42,8,2025-09-27,2025-09-27,2025-09-30,28,28,0
4778,3853,28,10,2025-09-20,2025-10-02,2025-10-05,190,190,0
4779,3854,25,10,2025-09-17,2025-09-21,2025-09-24,306,306,4
4780,3855,35,10,2025-09-19,2025-09-25,2025-09-28,12,12,0
4781,3855,35,10,2025-09-18,2025-09-28,2025-09-28,7,7,0
4782,3855,35,10,2025-09-21,2025-09-25,2025-09-28,8,8,0
4783,3856,20,3,2025-09-20,2025-09-20,2025-09-22,11,11,0
4784,3857,43,9,2025-09-18,2025-09-27,2025-09-27,5,5,0
4785,3858,42,9,2025-09-22,2025-10-13,2025-10-01,47,47,1
4786,3858,42,9,2025-09-22,2025-10-03,2025-10-01,40,40,0
4787,3858,42,9,2025-09-24,2025-09-28,2025-10-01,39,39,1
4788,3859,44,9,2025-09-24,2025-10-07,2025-10-08,3,3,0
4789,3859,44,9,2025-09-29,2025-10-06,2025-10-08,2,2,0
4790,3860,42,9,2025-09-24,2025-10-01,2025-10-01,13,13,0
4791,3860,42,9,2025-09-24,2025-09-28,2025-10-01,9,9,0
4792,3861,7,4,2025-10-03,2025-10-20,2025-10-22,68,68,0
4793,3862,25,4,2025-09-25,2025-09-25,2025-09-25,26,26,0
4794,3862,25,4,2025-09-19,2025-09-23,2025-09-25,23,23,1
4795,3863,47,4,2025-09-26,2025-10-08,2025-10-09,302,302,14
4796,3864,23,4,2025-09-23,2025-10-01,2025-09-28,49,49,5
4797,3865,2,2,2025-09-22,2025-10-07,2025-10-05,1337,1337,19
4798,3866,15,2,2025-09-18,2025-09-23,2025-09-24,161,161,14
4799,3867,10,2,2025-09-30,2025-10-23,2025-10-13,8,8,0
4800,3867,10,2,2025-10-02,2025-10-12,2025-10-13,1,1,0
4801,3867,10,2,2025-09-27,2025-10-11,2025-10-13,3,3,0
4802,3868,39,2,2025-09-18,2025-09-24,2025-09-24,128,128,4
4803,3869,16,1,2025-09-20,2025-09-21,2025-09-24,734,734,5
4804,3870,39,1,2025-09-18,2025-09-21,2025-09-24,51,51,1
4805,3871,37,1,2025-10-01,2025-10-16,2025-10-18,503,503,4
4806,3872,18,1,2025-09-21,2025-10-01,2025-09-23,77,77,1
4807,3872,18,1,2025-09-22,2025-09-22,2025-09-23,120,120,0
4808,3873,16,1,2025-09-18,2025-09-22,2025-09-24,834,834,14
4809,3874,23,2,2025-09-24,2025-09-29,2025-09-28,6,6,0
4810,3875,14,2,2025-09-22,2025-09-30,2025-09-30,432,432,1
4811,3875,14,2,2025-09-27,2025-09-29,2025-09-30,311,311,1
4812,3876,23,8,2025-09-20,2025-09-26,2025-09-28,428,428,20
4813,3877,30,8,2025-09-23,2025-09-26,2025-09-28,79,79,0
4814,3878,16,8,2025-09-24,2025-09-24,2025-09-24,39,39,0
4815,3879,3,8,2025-10-02,2025-10-21,2025-10-22,16,16,1
4816,3880,42,8,2025-09-22,2025-09-28,2025-10-01,7,7,0
4817,3880,42,8,2025-09-24,2025-09-30,2025-10-01,12,12,0
4818,3881,50,6,2025-09-28,2025-10-06,2025-10-06,58,58,3
4819,3882,1,6,2025-09-26,2025-09-27,2025-09-30,12,12,0
4820,3883,9,6,2025-09-26,2025-10-06,2025-10-07,824,824,6
4821,3884,15,6,2025-09-22,2025-09-24,2025-09-24,176,176,6
4822,3885,10,7,2025-10-01,2025-10-12,2025-10-13,4,4,0
4823,3885,10,7,2025-09-29,2025-10-13,2025-10-13,9,9,0
4824,3886,40,7,2025-09-22,2025-10-09,2025-10-10,63,63,0
4825,3887,7,10,2025-10-02,2025-10-22,2025-10-22,261,261,2
4826,3887,7,10,2025-10-03,2025-10-19,2025-10-22,147,147,1
4827,3887,7,10,2025-10-08,2025-10-20,2025-10-22,207,207,0
4828,3888,8,10,2025-09-18,2025-09-27,2025-09-27,90,90,0
4829,3888,8,10,2025-09-22,2025-09-24,2025-09-27,129,129,0
4830,3889,30,10,2025-09-20,2025-10-10,2025-09-28,105,105,1
4831,3890,19,3,2025-09-22,2025-09-22,2025-09-23,645,645,38
4832,3891,44,3,2025-09-26,2025-10-09,2025-10-09,546,546,2
4833,3892,30,3,2025-09-23,2025-09-28,2025-09-29,120,120,1
4834,3893,1,3,2025-09-23,2025-09-29,2025-10-01,244,244,0
4835,3894,23,6,2025-09-19,2025-09-27,2025-09-29,216,216,11
4836,3895,11,6,2025-09-24,2025-09-28,2025-10-01,610,610,21
4837,3896,11,5,2025-09-24,2025-09-29,2025-10-01,10,10,0
4838,3897,20,5,2025-09-20,2025-09-24,2025-09-24,473,473,2
4839,3898,5,9,2025-09-20,2025-09-25,2025-09-24,22,22,1
4840,3898,5,9,2025-09-21,2025-09-24,2025-09-24,10,10,0
4841,3898,5,9,2025-09-21,2025-09-29,2025-09-24,9,9,0
4842,3899,42,3,2025-09-25,2025-10-02,2025-10-02,372,372,8
4843,3900,16,3,2025-09-24,2025-09-24,2025-09-25,64,64,0
4844,3900,16,3,2025-09-19,2025-09-22,2025-09-25,98,98,1
4845,3901,1,3,2025-09-27,2025-09-29,2025-10-01,993,993,23
4846,3902,43,2,2025-09-25,2025-09-25,2025-09-28,28,28,1
4847,3903,8,2,2025-09-22,2025-09-26,2025-09-28,273,273,3
4848,3904,19,2,2025-09-19,2025-09-22,2025-09-23,509,509,3
4849,3905,36,2,2025-09-24,2025-09-27,2025-09-30,54,54,2
4850,3906,26,2,2025-09-20,2025-09-30,2025-10-01,83,83,1
4851,3907,40,4,2025-09-27,2025-10-08,2025-10-11,514,514,4
4852,3908,9,4,2025-09-27,2025-10-05,2025-10-08,168,168,2
4853,3908,9,4,2025-09-29,2025-10-08,2025-10-08,176,176,7
4854,3908,9,4,2025-09-27,2025-10-06,2025-10-08,148,148,2
4855,3909,30,4,2025-09-20,2025-09-27,2025-09-29,27,27,0
4856,3910,35,4,2025-09-24,2025-09-27,2025-09-30,59,59,0
4857,3911,2,4,2025-09-22,2025-10-14,2025-10-06,419,419,0
4858,3912,48,8,2025-10-02,2025-10-12,2025-10-15,117,117,2
4859,3913,4,8,2025-09-30,2025-10-20,2025-10-10,103,103,2
4860,3914,18,8,2025-09-19,2025-09-22,2025-09-24,82,82,1
4861,3915,41,10,2025-10-01,2025-10-04,2025-10-07,6,6,0
4862,3916,36,10,2025-09-20,2025-10-02,2025-09-30,20,20,1
4863,3917,41,10,2025-09-25,2025-10-08,2025-10-07,49,49,2
4864,3917,41,10,2025-09-29,2025-10-04,2025-10-07,51,51,5
4865,3918,25,10,2025-09-19,2025-09-23,2025-09-26,87,87,1
4866,3919,35,10,2025-09-21,2025-09-29,2025-09-30,292,292,0
4867,3920,39,10,2025-09-23,2025-09-24,2025-09-25,943,943,17
4868,3921,17,10,2025-09-25,2025-09-30,2025-09-30,317,317,49
4869,3921,17,10,2025-09-25,2025-09-29,2025-09-30,225,225,13
4870,3922,28,6,2025-09-25,2025-10-04,2025-10-07,626,626,12
4871,3923,27,6,2025-09-19,2025-09-29,2025-10-01,163,163,1
4872,3924,23,6,2025-09-19,2025-09-29,2025-09-29,121,121,6
4873,3924,23,6,2025-09-24,2025-10-03,2025-09-29,214,214,7
4874,3925,32,10,2025-09-20,2025-09-23,2025-09-25,601,601,6
4875,3926,20,10,2025-09-20,2025-09-24,2025-09-25,763,763,18
4876,3927,18,10,2025-09-24,2025-10-06,2025-09-25,9,9,0
4877,3927,18,10,2025-09-24,2025-09-28,2025-09-25,9,9,0
4878,3928,13,10,2025-09-30,2025-09-30,2025-10-02,23,23,1
4879,3929,8,10,2025-09-20,2025-09-29,2025-09-29,92,92,2
4880,3929,8,10,2025-09-20,2025-09-28,2025-09-29,138,138,1
4881,3930,50,2,2025-09-27,2025-10-07,2025-10-08,9,9,0
4882,3931,16,2,2025-09-21,2025-09-24,2025-09-26,11,11,0
4883,3932,1,8,2025-09-25,2025-09-29,2025-10-02,7,7,0
4884,3933,8,8,2025-09-23,2025-09-27,2025-09-29,243,243,5
4885,3934,10,8,2025-09-30,2025-10-15,2025-10-15,37,37,1
4886,3935,35,8,2025-09-23,2025-09-28,2025-10-01,111,111,2
4887,3936,16,8,2025-09-23,2025-10-05,2025-09-26,587,587,4
4888,3937,42,8,2025-09-26,2025-10-01,2025-10-03,501,501,17
4889,3938,18,8,2025-09-24,2025-09-24,2025-09-25,7,7,0
4890,3938,18,8,2025-09-23,2025-09-24,2025-09-25,12,12,0
4891,3939,37,8,2025-10-04,2025-10-19,2025-10-20,12,12,0
4892,3940,30,8,2025-09-24,2025-09-29,2025-09-30,593,593,3
4893,3941,20,6,2025-09-25,2025-09-25,2025-09-25,17,17,0
4894,3942,40,9,2025-10-05,2025-10-10,2025-10-12,292,292,4
4895,3943,16,6,2025-09-25,2025-09-25,2025-09-26,316,316,4
4896,3943,16,6,2025-09-23,2025-09-24,2025-09-26,284,284,1
4897,3944,21,6,2025-09-20,2025-09-25,2025-09-26,362,362,16
4898,3945,11,6,2025-09-23,2025-10-12,2025-10-02,9,9,0
4899,3946,44,6,2025-09-28,2025-10-13,2025-10-10,30,30,1
4900,3947,22,6,2025-09-24,2025-09-24,2025-09-26,8,8,0
4901,3948,47,6,2025-10-02,2025-10-12,2025-10-12,528,528,30
4902,3949,2,9,2025-09-27,2025-10-08,2025-10-08,5,5,0
4903,3950,6,2,2025-10-03,2025-10-06,2025-10-09,8,8,0
4904,3951,20,2,2025-09-21,2025-09-25,2025-09-26,5,5,0
4905,3952,22,2,2025-09-27,2025-09-27,2025-09-26,23,23,0
4906,3953,30,2,2025-09-25,2025-09-30,2025-10-01,175,175,1
4907,3954,40,2,2025-09-29,2025-10-13,2025-10-13,12,12,0
4908,3954,40,2,2025-10-04,2025-10-13,2025-10-13,3,3,0
4909,3954,40,2,2025-10-02,2025-10-11,2025-10-13,5,5,0
4910,3955,18,2,2025-09-21,2025-09-25,2025-09-26,7,7,0
4911,3956,10,2,2025-10-03,2025-10-16,2025-10-16,22,22,1
4912,3957,30,2,2025-09-27,2025-09-28,2025-10-01,1162,1162,10
4913,3958,30,1,2025-09-25,2025-09-30,2025-10-01,6,6,0
4914,3958,30,1,2025-09-25,2025-09-30,2025-10-01,4,4,0
4915,3958,30,1,2025-09-25,2025-09-30,2025-10-01,3,3,0
4916,3959,28,1,2025-10-01,2025-10-07,2025-10-09,77,77,1
4917,3959,28,1,2025-09-29,2025-10-06,2025-10-09,53,53,0
4918,3960,13,2,2025-10-01,2025-10-02,2025-10-04,27,27,0
4919,3961,30,2,2025-09-27,2025-09-29,2025-10-02,4,4,0
4920,3961,30,2,2025-09-22,2025-10-01,2025-10-02,6,6,0
4921,3962,20,2,2025-09-23,2025-09-27,2025-09-27,9,9,0
4922,3963,37,2,2025-10-08,2025-10-21,2025-10-22,229,229,3
4923,3964,43,2,2025-09-24,2025-09-28,2025-10-01,232,232,5
4924,3965,33,6,2025-10-04,2025-10-16,2025-10-17,328,328,7
4925,3966,29,4,2025-10-05,2025-10-14,2025-10-15,351,351,5
4926,3967,8,4,2025-09-23,2025-09-28,2025-10-01,100,100,2
4927,3968,1,9,2025-10-02,2025-10-02,2025-10-04,1109,1109,18
4928,3969,13,5,2025-09-22,2025-10-04,2025-10-04,170,170,0
4929,3969,13,5,2025-09-25,2025-10-02,2025-10-04,300,300,6
4930,3970,12,5,2025-10-03,2025-10-08,2025-10-10,55,55,1
4931,3971,31,5,2025-10-11,2025-10-24,2025-10-24,565,565,19
4932,3972,34,5,2025-10-09,2025-10-25,2025-10-27,41,41,2
4933,3973,43,5,2025-09-23,2025-09-30,2025-10-02,26,26,1
4934,3974,20,5,2025-09-23,2025-09-26,2025-09-28,89,89,1
4935,3975,20,5,2025-09-26,2025-10-10,2025-09-28,10,10,0
4936,3976,49,5,2025-09-24,2025-09-27,2025-09-27,6,6,0
4937,3977,39,5,2025-09-25,2025-09-28,2025-09-29,10,10,0
4938,3978,2,7,2025-10-02,2025-10-07,2025-10-10,15,15,0
4939,3979,21,8,2025-09-26,2025-09-28,2025-09-29,25,25,1
4940,3980,39,8,2025-09-23,2025-09-27,2025-09-29,72,72,1
4941,3980,39,8,2025-09-25,2025-09-28,2025-09-29,91,91,1
4942,3981,36,1,2025-09-28,2025-10-09,2025-10-04,12,12,0
4943,3982,10,1,2025-10-04,2025-10-18,2025-10-18,1007,1007,28
4944,3983,41,1,2025-10-02,2025-10-13,2025-10-11,75,75,2
4945,3983,41,1,2025-10-05,2025-10-13,2025-10-11,95,95,4
4946,3984,16,9,2025-09-27,2025-09-29,2025-09-29,1266,1266,4
4947,3985,50,9,2025-09-28,2025-10-13,2025-10-11,17,17,0
4948,3986,36,9,2025-09-27,2025-10-04,2025-10-04,176,176,15
4949,3987,25,9,2025-09-25,2025-09-28,2025-09-30,339,339,8
4950,3987,25,9,2025-09-23,2025-09-30,2025-09-30,312,312,4
4951,3988,16,5,2025-09-26,2025-09-29,2025-09-29,135,135,0
4952,3988,16,5,2025-09-29,2025-09-29,2025-09-29,145,145,0
4953,3989,23,5,2025-09-26,2025-10-03,2025-10-03,27,27,1
4954,3990,23,5,2025-09-23,2025-10-02,2025-10-03,391,391,19
4955,3991,6,5,2025-10-02,2025-10-08,2025-10-11,25,25,0
4956,3991,6,5,2025-10-01,2025-10-09,2025-10-11,36,36,0
4957,3992,2,5,2025-10-03,2025-10-10,2025-10-10,54,54,1
4958,3993,30,5,2025-09-23,2025-10-02,2025-10-03,56,56,0
4959,3994,8,5,2025-09-24,2025-09-29,2025-10-02,3,3,0
4960,3994,8,5,2025-09-28,2025-09-30,2025-10-02,2,2,0
4961,3995,14,10,2025-09-23,2025-10-04,2025-10-05,380,380,1
4962,3995,14,10,2025-09-29,2025-10-04,2025-10-05,631,631,2
4963,3996,39,5,2025-09-25,2025-09-27,2025-09-29,5,5,0
4964,3996,39,5,2025-09-24,2025-09-28,2025-09-29,6,6,0
4965,3997,4,5,2025-09-30,2025-10-14,2025-10-14,77,77,2
4966,3998,15,4,2025-09-25,2025-10-07,2025-09-29,82,82,3
4967,3999,23,4,2025-09-30,2025-10-13,2025-10-03,103,103,5
4968,4000,39,5,2025-09-30,2025-09-30,2025-09-29,4,4,0
4969,4000,39,5,2025-09-29,2025-09-29,2025-09-29,4,4,0
4970,4001,46,5,2025-10-07,2025-10-21,2025-10-19,49,49,0
4971,4002,16,3,2025-09-29,2025-09-29,2025-09-29,22,22,0
4972,4003,40,3,2025-10-04,2025-10-13,2025-10-15,17,17,0
4973,4004,28,2,2025-10-01,2025-10-10,2025-10-12,250,250,2
4974,4005,23,2,2025-09-24,2025-10-04,2025-10-04,77,77,2
4975,4006,29,7,2025-10-02,2025-10-14,2025-10-17,7,7,0
4976,4007,19,7,2025-09-24,2025-09-28,2025-09-28,5,5,0
4977,4008,42,9,2025-09-29,2025-10-04,2025-10-07,520,520,15
4978,4009,14,9,2025-10-01,2025-10-05,2025-10-06,622,622,3
4979,4010,10,9,2025-10-04,2025-10-28,2025-10-19,47,47,1
4980,4011,30,6,2025-09-28,2025-10-02,2025-10-04,747,747,6
4981,4012,20,6,2025-09-29,2025-09-29,2025-09-29,137,137,3
4982,4012,20,6,2025-09-27,2025-09-29,2025-09-29,55,55,0
4983,4012,20,6,2025-09-26,2025-09-28,2025-09-29,39,39,1
4984,4013,24,6,2025-10-03,2025-10-12,2025-10-15,550,550,7
4985,4014,46,6,2025-10-03,2025-10-19,2025-10-20,100,100,2
4986,4015,49,2,2025-09-27,2025-09-27,2025-09-28,7,7,0
4987,4016,20,2,2025-09-26,2025-10-07,2025-09-29,85,85,1
4988,4016,20,2,2025-09-28,2025-09-28,2025-09-29,164,164,3
4989,4017,37,2,2025-10-09,2025-10-22,2025-10-24,466,466,10
4990,4018,19,1,2025-09-26,2025-10-08,2025-09-28,43,43,2
4991,4019,4,1,2025-10-03,2025-10-14,2025-10-15,495,495,13
4992,4020,50,1,2025-10-04,2025-10-10,2025-10-12,373,373,10
4993,4021,39,1,2025-09-27,2025-09-27,2025-09-30,235,235,5
4994,4021,39,1,2025-09-27,2025-09-28,2025-09-30,343,343,14
4995,4022,36,10,2025-09-29,2025-10-05,2025-10-05,7,7,0
4996,4023,3,10,2025-10-09,2025-10-28,2025-10-28,8,8,0
4997,4024,41,10,2025-10-04,2025-10-12,2025-10-12,70,70,3
4998,4025,39,7,2025-09-24,2025-09-27,2025-09-30,59,59,2
4999,4026,21,7,2025-09-26,2025-09-28,2025-09-30,12,12,1
5000,4027,4,7,2025-10-04,2025-10-15,2025-10-15,602,602,6
5001,4028,16,9,2025-09-25,2025-09-29,2025-09-30,16,16,0
5002,4029,20,9,2025-09-24,2025-09-26,2025-09-29,331,331,6
5003,4030,38,7,2025-09-24,2025-09-26,2025-09-28,896,896,15
5004,4031,33,7,2025-10-01,2025-10-18,2025-10-19,9,9,0
5005,4032,36,4,2025-09-27,2025-10-03,2025-10-05,9,9,1
5006,4033,40,4,2025-10-02,2025-10-16,2025-10-16,167,167,1
5007,4033,40,4,2025-10-11,2025-10-14,2025-10-16,122,122,1
5008,4033,40,4,2025-10-05,2025-10-14,2025-10-16,92,92,1
5009,4034,16,4,2025-09-24,2025-09-30,2025-09-30,244,244,1
5010,4035,40,10,2025-09-27,2025-10-16,2025-10-17,300,300,2
5011,4036,22,10,2025-09-29,2025-09-29,2025-09-30,9,9,0
5012,4037,18,10,2025-10-01,2025-10-01,2025-09-30,191,191,1
5013,4038,3,10,2025-10-10,2025-10-29,2025-10-29,11,11,0
5014,4039,25,10,2025-10-01,2025-10-01,2025-10-02,106,106,1
5015,4040,15,8,2025-09-30,2025-09-30,2025-10-01,5,5,0
5016,4041,13,8,2025-10-05,2025-10-06,2025-10-07,126,126,2
5017,4042,42,8,2025-09-27,2025-10-05,2025-10-08,51,51,2
5018,4043,32,8,2025-09-25,2025-09-29,2025-09-30,56,56,0
5019,4044,25,8,2025-09-28,2025-10-11,2025-10-02,14,14,0
5020,4045,18,8,2025-09-25,2025-09-30,2025-09-30,34,34,1
5021,4045,18,8,2025-09-25,2025-09-27,2025-09-30,48,48,1
5022,4046,31,9,2025-10-12,2025-10-23,2025-10-26,30,30,1
5023,4046,31,9,2025-10-11,2025-10-24,2025-10-26,45,45,1
5024,4047,44,9,2025-10-05,2025-10-13,2025-10-15,14,14,0
5025,4048,16,9,2025-10-03,2025-10-03,2025-10-01,185,185,0
5026,4048,16,9,2025-09-29,2025-09-29,2025-10-01,150,150,1
5027,4048,16,9,2025-09-29,2025-09-29,2025-10-01,168,168,2
5028,4049,47,9,2025-09-29,2025-10-15,2025-10-16,320,320,7
5029,4050,3,9,2025-10-12,2025-11-01,2025-10-29,1021,1021,56
5030,4051,38,9,2025-09-25,2025-10-11,2025-09-29,18,18,0
5031,4051,38,9,2025-09-25,2025-09-29,2025-09-29,33,33,1
5032,4052,16,9,2025-09-28,2025-09-30,2025-10-01,89,89,1
5033,4053,3,9,2025-10-10,2025-10-29,2025-10-29,56,56,2
5034,4054,42,8,2025-09-30,2025-10-18,2025-10-08,25,25,1
5035,4054,42,8,2025-10-05,2025-10-06,2025-10-08,43,43,2
5036,4055,1,8,2025-09-26,2025-10-05,2025-10-07,715,715,4
5037,4056,22,8,2025-10-01,2025-10-01,2025-09-30,41,41,2
5038,4057,8,7,2025-09-26,2025-10-04,2025-10-04,171,171,3
5039,4058,16,7,2025-09-25,2025-09-29,2025-10-01,12,12,0
5040,4059,38,7,2025-09-29,2025-09-29,2025-09-29,230,230,0
5041,4059,38,7,2025-09-27,2025-10-04,2025-09-29,125,125,3
5042,4059,38,7,2025-09-25,2025-09-27,2025-09-29,253,253,0
5043,4060,48,7,2025-10-06,2025-10-20,2025-10-21,83,83,0
5044,4061,20,7,2025-09-27,2025-09-29,2025-09-30,53,53,1
5045,4062,17,7,2025-10-01,2025-10-04,2025-10-06,73,73,6
5046,4062,17,7,2025-10-01,2025-10-04,2025-10-06,28,28,1
5047,4062,17,7,2025-10-03,2025-10-06,2025-10-06,61,61,9
5048,4063,40,7,2025-10-09,2025-10-17,2025-10-17,546,546,4
5049,4063,40,7,2025-10-05,2025-10-15,2025-10-17,336,336,1
5050,4064,2,2,2025-10-05,2025-10-12,2025-10-12,8,8,0
5051,4064,2,2,2025-10-06,2025-10-09,2025-10-12,16,16,0
5052,4065,19,2,2025-09-25,2025-09-27,2025-09-29,262,262,5
5053,4066,42,2,2025-09-29,2025-10-05,2025-10-08,113,113,0
5054,4067,48,8,2025-10-09,2025-10-18,2025-10-21,17,17,1
5055,4067,48,8,2025-10-09,2025-10-20,2025-10-21,27,27,1
5056,4068,17,8,2025-09-26,2025-10-03,2025-10-06,84,84,5
5057,4069,43,8,2025-09-28,2025-10-04,2025-10-04,88,88,3
5058,4070,47,8,2025-10-04,2025-10-16,2025-10-16,18,18,1
5059,4071,43,8,2025-09-25,2025-10-02,2025-10-04,794,794,1
5060,4072,30,2,2025-09-30,2025-10-04,2025-10-05,25,25,0
5061,4073,9,2,2025-10-04,2025-10-20,2025-10-14,152,152,0
5062,4073,9,2,2025-10-04,2025-10-14,2025-10-14,72,72,0
5063,4073,9,2,2025-09-29,2025-10-11,2025-10-14,70,70,1
5064,4074,20,9,2025-09-26,2025-09-30,2025-09-30,243,243,11
5065,4075,4,9,2025-10-06,2025-10-13,2025-10-16,434,434,12
5066,4076,36,9,2025-09-28,2025-10-06,2025-10-06,56,56,1
5067,4077,43,9,2025-09-25,2025-10-04,2025-10-04,5,5,0
5068,4078,30,9,2025-09-28,2025-10-03,2025-10-05,88,88,1
5069,4079,9,9,2025-10-05,2025-10-12,2025-10-14,764,764,20
5070,4080,17,9,2025-09-29,2025-10-10,2025-10-06,107,107,11
5071,4081,26,10,2025-09-25,2025-10-17,2025-10-07,22,22,1
5072,4082,19,10,2025-09-27,2025-09-27,2025-09-29,8,8,0
5073,4083,44,10,2025-10-04,2025-10-12,2025-10-15,92,92,2
5074,4084,12,10,2025-10-02,2025-10-15,2025-10-13,907,907,23
5075,4085,49,10,2025-09-26,2025-09-26,2025-09-29,2,2,0
5076,4085,49,10,2025-09-25,2025-09-27,2025-09-29,2,2,0
5077,4086,21,7,2025-09-30,2025-09-30,2025-10-01,78,78,1
5078,4087,45,4,2025-10-07,2025-10-18,2025-10-19,121,121,1
5079,4088,39,4,2025-09-25,2025-09-30,2025-10-01,594,594,3
5080,4089,45,9,2025-10-04,2025-10-18,2025-10-20,1034,1034,5
5081,4090,16,9,2025-10-02,2025-10-08,2025-10-02,106,106,1
5082,4091,1,9,2025-09-26,2025-10-05,2025-10-08,13,13,0
5083,4092,43,9,2025-09-29,2025-10-04,2025-10-05,65,65,1
5084,4093,33,9,2025-10-05,2025-10-18,2025-10-21,9,9,0
5085,4094,40,3,2025-10-09,2025-10-18,2025-10-18,283,283,1
5086,4095,47,3,2025-10-07,2025-10-16,2025-10-17,10,10,0
5087,4096,37,2,2025-10-12,2025-10-23,2025-10-26,18,18,0
5088,4097,36,7,2025-09-29,2025-10-04,2025-10-07,51,51,0
5089,4097,36,7,2025-10-03,2025-10-06,2025-10-07,29,29,0
5090,4097,36,7,2025-09-26,2025-10-07,2025-10-07,54,54,2
5091,4098,46,7,2025-10-09,2025-10-20,2025-10-22,839,839,14
5092,4099,10,7,2025-10-03,2025-10-20,2025-10-21,10,10,0
5093,4099,10,7,2025-10-08,2025-10-25,2025-10-21,10,10,0
5094,4100,1,7,2025-10-07,2025-10-07,2025-10-08,200,200,3
5095,4101,30,1,2025-09-30,2025-10-04,2025-10-06,175,175,2
5096,4102,30,1,2025-09-26,2025-10-03,2025-10-06,11,11,0
5097,4103,37,1,2025-10-09,2025-10-25,2025-10-26,287,287,7
5098,4104,18,1,2025-09-27,2025-10-13,2025-10-01,43,43,1
5099,4105,21,4,2025-09-26,2025-10-01,2025-10-02,272,272,12
5100,4106,2,4,2025-09-29,2025-10-18,2025-10-13,8,8,0
5101,4106,2,4,2025-10-07,2025-10-11,2025-10-13,12,12,0
5102,4107,8,10,2025-10-01,2025-10-04,2025-10-05,11,11,0
5103,4108,48,1,2025-10-10,2025-10-25,2025-10-23,22,22,1
5104,4109,30,1,2025-09-27,2025-10-06,2025-10-07,22,22,0
5105,4110,8,6,2025-09-28,2025-10-04,2025-10-06,13,13,0
5106,4111,23,6,2025-09-30,2025-10-06,2025-10-07,790,790,25
5107,4112,43,6,2025-10-03,2025-10-05,2025-10-06,2,2,0
5108,4112,43,6,2025-09-30,2025-10-11,2025-10-06,1,1,0
5109,4112,43,6,2025-10-03,2025-10-06,2025-10-06,3,3,0
5110,4113,30,6,2025-10-03,2025-10-06,2025-10-07,10,10,0
5111,4113,30,6,2025-09-30,2025-10-10,2025-10-07,11,11,0
5112,4114,2,6,2025-10-05,2025-10-14,2025-10-14,104,104,3
5113,4114,2,6,2025-10-10,2025-10-11,2025-10-14,113,113,4
5114,4115,2,6,2025-10-09,2025-10-12,2025-10-14,7,7,0
5115,4116,19,3,2025-09-29,2025-10-10,2025-10-01,91,91,5
5116,4117,43,3,2025-10-01,2025-10-04,2025-10-06,45,45,2
5117,4118,50,3,2025-09-30,2025-10-15,2025-10-15,158,158,3
5118,4118,50,3,2025-10-02,2025-10-13,2025-10-15,170,170,5
5119,4119,20,3,2025-09-29,2025-10-01,2025-10-02,11,11,0
5120,4120,1,3,2025-10-03,2025-10-08,2025-10-09,17,17,0
5121,4121,41,2,2025-10-02,2025-10-14,2025-10-15,246,246,8
5122,4122,17,2,2025-10-04,2025-10-06,2025-10-08,292,292,39
5123,4123,39,2,2025-10-01,2025-10-02,2025-10-03,11,11,0
5124,4124,30,2,2025-09-30,2025-10-05,2025-10-07,44,44,0
5125,4125,35,1,2025-10-05,2025-10-06,2025-10-08,1078,1078,10
5126,4126,48,1,2025-10-09,2025-10-20,2025-10-23,54,54,0
5127,4127,10,1,2025-10-09,2025-10-31,2025-10-22,52,52,2
5128,4127,10,1,2025-10-10,2025-10-21,2025-10-22,57,57,2
5129,4128,40,6,2025-10-11,2025-10-19,2025-10-19,90,90,1
5130,4129,43,6,2025-10-01,2025-10-05,2025-10-06,125,125,1
5131,4130,19,6,2025-09-27,2025-09-30,2025-10-01,186,186,11
5132,4131,31,6,2025-10-12,2025-10-25,2025-10-28,220,220,10
5133,4131,31,6,2025-10-11,2025-10-25,2025-10-28,270,270,0
5134,4132,28,5,2025-10-09,2025-10-15,2025-10-15,15,15,0
5135,4133,10,5,2025-10-12,2025-10-21,2025-10-22,274,274,6
5136,4134,13,5,2025-10-03,2025-10-07,2025-10-09,4,4,0
5137,4135,45,5,2025-10-09,2025-10-20,2025-10-21,30,30,0
5138,4136,2,4,2025-10-03,2025-10-13,2025-10-14,14,14,0
5139,4137,39,4,2025-09-27,2025-10-02,2025-10-03,47,47,2
5140,4138,25,2,2025-09-27,2025-10-03,2025-10-04,693,693,11
5141,4139,26,2,2025-10-04,2025-10-07,2025-10-09,37,37,0
5142,4140,30,2,2025-09-27,2025-10-06,2025-10-07,13,13,0
5143,4141,30,2,2025-09-30,2025-10-05,2025-10-07,45,45,1
5144,4142,20,10,2025-10-01,2025-10-13,2025-10-02,5,5,0
5145,4143,33,10,2025-10-11,2025-11-01,2025-10-22,63,63,2
5146,4144,9,10,2025-10-02,2025-10-14,2025-10-16,49,49,1
5147,4145,21,6,2025-09-29,2025-10-02,2025-10-03,8,8,0
5148,4146,4,6,2025-10-09,2025-10-15,2025-10-18,6,6,0
5149,4147,17,6,2025-10-02,2025-10-08,2025-10-08,98,98,9
5150,4148,4,1,2025-10-09,2025-10-21,2025-10-18,181,181,2
5151,4149,11,1,2025-09-27,2025-10-08,2025-10-09,231,231,3
5152,4150,8,8,2025-09-27,2025-10-05,2025-10-06,168,168,3
5153,4151,36,8,2025-10-02,2025-10-06,2025-10-08,93,93,2
5154,4152,29,8,2025-10-12,2025-10-19,2025-10-20,259,259,3
5155,4152,29,8,2025-10-09,2025-10-17,2025-10-20,390,390,4
5156,4153,17,8,2025-10-01,2025-10-05,2025-10-08,22,22,0
5157,4153,17,8,2025-10-02,2025-10-08,2025-10-08,34,34,2
5158,4154,46,8,2025-10-07,2025-10-23,2025-10-23,94,94,5
5159,4155,24,8,2025-10-09,2025-10-15,2025-10-18,1336,1336,19
5160,4156,12,5,2025-09-30,2025-10-16,2025-10-17,15,15,0
5161,4156,12,5,2025-10-08,2025-10-14,2025-10-17,9,9,0
5162,4156,12,5,2025-10-04,2025-10-15,2025-10-17,12,12,0
5163,4157,15,5,2025-09-29,2025-10-02,2025-10-05,27,27,1
5164,4158,25,7,2025-09-29,2025-10-06,2025-10-06,29,29,0
5165,4159,41,7,2025-10-12,2025-10-15,2025-10-17,424,424,31
5166,4160,48,10,2025-10-06,2025-10-30,2025-10-26,434,434,19
5167,4161,1,10,2025-10-09,2025-10-15,2025-10-12,51,51,0
5168,4162,40,1,2025-10-08,2025-10-22,2025-10-22,52,52,0
5169,4163,2,1,2025-10-06,2025-10-16,2025-10-17,100,100,1
5170,4164,8,1,2025-10-04,2025-10-08,2025-10-09,6,6,0
5171,4165,25,1,2025-10-02,2025-10-05,2025-10-07,1276,1276,22
5172,4166,17,5,2025-10-05,2025-10-20,2025-10-11,10,10,1
5173,4167,2,5,2025-10-10,2025-10-17,2025-10-17,10,10,0
5174,4168,21,7,2025-09-30,2025-10-06,2025-10-06,46,46,2
5175,4168,21,7,2025-10-03,2025-10-06,2025-10-06,86,86,4
5176,4169,48,7,2025-10-13,2025-10-24,2025-10-26,79,79,5
5177,4170,20,7,2025-10-02,2025-10-05,2025-10-05,12,12,0
5178,4171,20,7,2025-10-04,2025-10-04,2025-10-05,81,81,3
5179,4172,17,7,2025-10-03,2025-10-08,2025-10-11,55,55,1
5180,4173,8,2,2025-10-04,2025-10-06,2025-10-09,67,67,0
5181,4173,8,2,2025-10-04,2025-10-18,2025-10-09,64,64,1
5182,4173,8,2,2025-10-05,2025-10-06,2025-10-09,75,75,1
5183,4174,16,1,2025-10-05,2025-10-05,2025-10-06,59,59,0
5184,4175,25,1,2025-10-06,2025-10-06,2025-10-07,406,406,8
5185,4176,10,1,2025-10-15,2025-10-24,2025-10-25,54,54,2
5186,4177,46,7,2025-10-05,2025-10-25,2025-10-26,138,138,9
5187,4178,4,7,2025-10-10,2025-10-21,2025-10-21,43,43,1
5188,4179,10,7,2025-10-09,2025-11-05,2025-10-25,10,10,0
5189,4180,18,7,2025-10-05,2025-10-05,2025-10-05,101,101,2
5190,4181,40,7,2025-10-07,2025-10-21,2025-10-22,384,384,6
5191,4182,28,7,2025-10-04,2025-10-18,2025-10-18,79,79,1
5192,4182,28,7,2025-10-10,2025-10-18,2025-10-18,66,66,1
5193,4183,18,5,2025-10-01,2025-10-04,2025-10-05,239,239,2
5194,4184,12,5,2025-10-08,2025-10-16,2025-10-18,1085,1085,17
5195,4185,50,5,2025-10-09,2025-10-18,2025-10-18,320,320,10
5196,4186,28,7,2025-10-08,2025-10-15,2025-10-18,36,36,0
5197,4187,49,7,2025-09-30,2025-10-04,2025-10-04,21,21,1
5198,4188,16,7,2025-09-30,2025-10-03,2025-10-06,979,979,2
5199,4189,25,5,2025-10-03,2025-10-06,2025-10-07,98,98,3
5200,4190,4,5,2025-10-11,2025-10-18,2025-10-21,942,942,13
5201,4191,23,5,2025-10-01,2025-10-07,2025-10-10,60,60,0
5202,4192,6,5,2025-10-10,2025-10-16,2025-10-18,104,104,0
5203,4193,31,5,2025-10-11,2025-10-31,2025-10-31,11,11,0
5204,4194,22,10,2025-10-03,2025-10-05,2025-10-05,6,6,0
5205,4195,35,10,2025-10-04,2025-10-11,2025-10-11,710,710,9
5206,4196,46,10,2025-10-13,2025-10-23,2025-10-26,210,210,14
5207,4197,28,2,2025-10-10,2025-10-15,2025-10-18,333,333,9
5208,4198,28,2,2025-10-09,2025-10-16,2025-10-18,886,886,9
5209,4199,22,1,2025-10-01,2025-10-04,2025-10-06,546,546,23
5210,4200,39,1,2025-10-02,2025-10-07,2025-10-07,723,723,0
5211,4201,13,1,2025-10-02,2025-10-12,2025-10-13,847,847,6
5212,4202,13,1,2025-10-09,2025-10-22,2025-10-13,255,255,1
5213,4203,18,7,2025-10-04,2025-10-04,2025-10-06,15,15,0
5214,4204,7,7,2025-10-16,2025-11-10,2025-11-04,50,50,1
5215,4205,39,6,2025-10-01,2025-10-05,2025-10-07,14,14,0
5216,4206,35,6,2025-10-05,2025-10-10,2025-10-12,2,2,0
5217,4206,35,6,2025-10-08,2025-10-12,2025-10-12,2,2,0
5218,4206,35,6,2025-10-07,2025-10-12,2025-10-12,3,3,0
5219,4207,16,6,2025-10-07,2025-10-07,2025-10-07,240,240,2
5220,4207,16,6,2025-10-04,2025-10-05,2025-10-07,179,179,1
5221,4208,15,8,2025-10-02,2025-10-04,2025-10-07,19,19,1
5222,4209,41,8,2025-10-02,2025-10-20,2025-10-19,5,5,0
5223,4209,41,8,2025-10-05,2025-10-23,2025-10-19,8,8,1
5224,4210,30,1,2025-10-07,2025-10-09,2025-10-11,607,607,1
5225,4211,25,1,2025-10-03,2025-10-06,2025-10-08,519,519,8
5226,4212,16,1,2025-10-02,2025-10-06,2025-10-07,19,19,0
5227,4212,16,1,2025-10-02,2025-10-07,2025-10-07,47,47,0
5228,4213,21,1,2025-10-02,2025-10-06,2025-10-07,17,17,1
5229,4214,33,1,2025-10-11,2025-10-24,2025-10-26,136,136,2
5230,4215,38,1,2025-10-01,2025-10-02,2025-10-05,581,581,11
5231,4216,18,3,2025-10-01,2025-10-06,2025-10-06,480,480,16
5232,4217,12,3,2025-10-09,2025-10-17,2025-10-19,657,657,0
5233,4218,10,5,2025-10-10,2025-10-23,2025-10-26,11,11,0
5234,4219,25,5,2025-10-10,2025-10-10,2025-10-08,60,60,1
5235,4220,16,5,2025-10-02,2025-10-04,2025-10-07,12,12,0
5236,4221,25,4,2025-10-02,2025-10-06,2025-10-08,210,210,2
5237,4221,25,4,2025-10-05,2025-10-07,2025-10-08,239,239,0
5238,4222,15,4,2025-10-02,2025-10-06,2025-10-07,60,60,3
5239,4223,36,4,2025-10-06,2025-10-10,2025-10-12,11,11,0
5240,4224,3,4,2025-10-15,2025-11-03,2025-11-04,10,10,0
5241,4225,18,4,2025-10-04,2025-10-04,2025-10-06,1114,1114,30
5242,4226,15,4,2025-10-02,2025-10-04,2025-10-07,9,9,0
5243,4227,47,8,2025-10-08,2025-10-20,2025-10-22,41,41,1
5244,4228,41,8,2025-10-06,2025-10-16,2025-10-19,314,314,0
5245,4229,17,1,2025-10-09,2025-10-09,2025-10-12,26,26,4
5246,4229,17,1,2025-10-12,2025-10-12,2025-10-12,31,31,2
5247,4230,39,1,2025-10-04,2025-10-04,2025-10-07,177,177,4
5248,4231,38,1,2025-10-01,2025-10-13,2025-10-05,576,576,28
5249,4232,10,1,2025-10-21,2025-10-28,2025-10-26,315,315,13
5250,4232,10,1,2025-10-16,2025-10-26,2025-10-26,228,228,6
5251,4233,39,7,2025-10-01,2025-10-07,2025-10-07,37,37,1
5252,4233,39,7,2025-10-06,2025-10-06,2025-10-07,68,68,0
5253,4234,8,7,2025-10-02,2025-10-07,2025-10-10,336,336,6
5254,4235,4,8,2025-10-13,2025-10-21,2025-10-22,8,8,0
5255,4236,2,8,2025-10-08,2025-10-16,2025-10-18,40,40,1
5256,4237,5,5,2025-10-03,2025-10-05,2025-10-06,157,157,10
5257,4238,28,5,2025-10-05,2025-10-19,2025-10-19,238,238,4
5258,4239,41,8,2025-10-04,2025-10-25,2025-10-19,365,365,16
5259,4239,41,8,2025-10-07,2025-10-18,2025-10-19,317,317,13
5260,4240,44,8,2025-10-08,2025-10-18,2025-10-21,12,12,0
5261,4241,35,8,2025-10-05,2025-10-10,2025-10-12,10,10,0
5262,4242,1,8,2025-10-10,2025-10-10,2025-10-13,247,247,3
5263,4243,2,4,2025-10-13,2025-10-27,2025-10-19,941,941,15
5264,4244,42,7,2025-10-09,2025-10-13,2025-10-15,41,41,1
5265,4244,42,7,2025-10-07,2025-10-19,2025-10-15,52,52,2
5266,4245,23,5,2025-10-09,2025-10-16,2025-10-12,784,784,57
5267,4246,3,6,2025-10-17,2025-11-04,2025-11-05,410,410,9
5268,4247,35,6,2025-10-08,2025-10-10,2025-10-13,113,113,0
5269,4248,2,6,2025-10-05,2025-10-16,2025-10-19,571,571,11
5270,4249,19,6,2025-10-08,2025-10-08,2025-10-06,450,450,2
5271,4250,41,6,2025-10-12,2025-10-19,2025-10-20,22,22,1
5272,4251,2,6,2025-10-10,2025-10-17,2025-10-19,510,510,13
5273,4252,47,6,2025-10-13,2025-10-23,2025-10-23,8,8,0
5274,4253,39,8,2025-10-02,2025-10-06,2025-10-08,4,4,0
5275,4254,44,8,2025-10-09,2025-10-20,2025-10-22,116,116,1
5276,4255,1,5,2025-10-02,2025-10-14,2025-10-14,6,6,0
5277,4255,1,5,2025-10-05,2025-10-14,2025-10-14,10,10,0
5278,4256,9,10,2025-10-09,2025-10-18,2025-10-21,31,31,1
5279,4257,33,10,2025-10-14,2025-10-27,2025-10-27,64,64,2
5280,4258,30,10,2025-10-02,2025-10-11,2025-10-12,148,148,1
5281,4259,39,10,2025-10-05,2025-10-07,2025-10-08,22,22,0
5282,4259,39,10,2025-10-02,2025-10-08,2025-10-08,42,42,1
5283,4260,39,10,2025-10-04,2025-10-08,2025-10-08,821,821,4
5284,4261,30,10,2025-10-05,2025-10-12,2025-10-12,972,972,10
5285,4262,1,7,2025-10-16,2025-10-16,2025-10-14,26,26,0
5286,4262,1,7,2025-10-02,2025-10-17,2025-10-14,25,25,0
5287,4263,43,7,2025-10-08,2025-10-10,2025-10-11,50,50,2
5288,4263,43,7,2025-10-09,2025-10-10,2025-10-11,48,48,0
5289,4264,35,7,2025-10-12,2025-10-13,2025-10-13,11,11,0
5290,4265,35,7,2025-10-06,2025-10-12,2025-10-13,18,18,0
5291,4266,39,7,2025-10-06,2025-10-06,2025-10-08,25,25,0
5292,4267,4,9,2025-10-12,2025-10-23,2025-10-23,14,14,0
5293,4268,48,9,2025-10-13,2025-10-26,2025-10-28,537,537,6
5294,4269,5,7,2025-10-04,2025-10-04,2025-10-07,764,764,53
5295,4270,50,1,2025-10-14,2025-10-20,2025-10-20,16,16,1
5296,4271,1,1,2025-10-10,2025-10-12,2025-10-14,375,375,5
5297,4272,2,1,2025-10-06,2025-10-19,2025-10-19,59,59,1
5298,4273,50,9,2025-10-10,2025-10-17,2025-10-20,196,196,12
5299,4274,44,8,2025-10-14,2025-10-21,2025-10-22,20,20,0
5300,4275,27,8,2025-10-04,2025-10-11,2025-10-14,258,258,2
5301,4276,32,8,2025-10-03,2025-10-06,2025-10-07,103,103,1
5302,4277,10,8,2025-10-19,2025-10-27,2025-10-27,926,926,44
5303,4278,2,6,2025-10-10,2025-10-19,2025-10-19,38,38,1
5304,4279,5,6,2025-10-02,2025-10-05,2025-10-07,45,45,1
5305,4280,20,6,2025-10-03,2025-10-07,2025-10-07,7,7,0
5306,4280,20,6,2025-10-02,2025-10-05,2025-10-07,6,6,0
5307,4281,33,6,2025-10-14,2025-10-26,2025-10-27,101,101,0
5308,4282,9,8,2025-10-13,2025-10-20,2025-10-22,9,9,0
5309,4282,9,8,2025-10-14,2025-10-19,2025-10-22,5,5,0
5310,4282,9,8,2025-10-08,2025-10-31,2025-10-22,8,8,0
5311,4283,20,8,2025-10-04,2025-10-11,2025-10-08,22,22,0
5312,4284,13,8,2025-10-06,2025-10-15,2025-10-15,21,21,0
5313,4285,45,8,2025-10-14,2025-10-24,2025-10-27,13,13,0
5314,4286,3,4,2025-10-19,2025-11-04,2025-11-06,155,155,10
5315,4286,3,4,2025-10-20,2025-11-06,2025-11-06,338,338,11
5316,4287,27,4,2025-10-07,2025-10-15,2025-10-15,227,227,6
5317,4287,27,4,2025-10-12,2025-10-14,2025-10-15,216,216,9
5318,4287,27,4,2025-10-08,2025-10-15,2025-10-15,167,167,4
5319,4288,25,6,2025-10-06,2025-10-09,2025-10-10,208,208,5
5320,4289,39,6,2025-10-09,2025-10-09,2025-10-09,1036,1036,31
5321,4290,15,10,2025-10-03,2025-10-08,2025-10-09,370,370,13
5322,4291,16,10,2025-10-05,2025-10-06,2025-10-09,40,40,0
5323,4292,40,10,2025-10-10,2025-10-25,2025-10-25,155,155,2
5324,4293,41,10,2025-10-14,2025-10-18,2025-10-21,9,9,1
5325,4294,30,3,2025-10-06,2025-10-13,2025-10-13,220,220,1
5326,4294,30,3,2025-10-05,2025-10-12,2025-10-13,351,351,2
5327,4295,3,4,2025-10-23,2025-11-04,2025-11-06,53,53,2
5328,4295,3,4,2025-10-19,2025-11-06,2025-11-06,58,58,2
5329,4296,25,4,2025-10-04,2025-10-07,2025-10-10,733,733,14
5330,4297,7,4,2025-10-19,2025-11-04,2025-11-06,46,46,0
5331,4298,32,4,2025-10-05,2025-10-08,2025-10-08,32,32,1
5332,4299,42,9,2025-10-09,2025-10-16,2025-10-16,46,46,0
5333,4300,43,9,2025-10-03,2025-10-11,2025-10-12,19,19,0
5334,4301,47,3,2025-10-11,2025-10-27,2025-10-24,419,419,29
5335,4302,17,3,2025-10-07,2025-10-11,2025-10-14,1157,1157,139
5336,4303,2,4,2025-10-10,2025-10-20,2025-10-20,280,280,2
5337,4303,2,4,2025-10-16,2025-10-18,2025-10-20,106,106,0
5338,4303,2,4,2025-10-13,2025-10-18,2025-10-20,147,147,2
5339,4304,45,2,2025-10-15,2025-10-27,2025-10-27,12,12,0
5340,4305,21,2,2025-10-08,2025-10-15,2025-10-09,4,4,0
5341,4305,21,2,2025-10-05,2025-10-07,2025-10-09,6,6,0
5342,4306,35,2,2025-10-09,2025-10-14,2025-10-14,58,58,1
5343,4307,43,1,2025-10-05,2025-10-11,2025-10-12,76,76,2
5344,4308,8,1,2025-10-06,2025-10-12,2025-10-12,416,416,1
5345,4309,33,5,2025-10-16,2025-10-26,2025-10-28,66,66,1
5346,4310,35,5,2025-10-05,2025-10-12,2025-10-14,16,16,0
5347,4311,43,5,2025-10-10,2025-10-10,2025-10-12,565,565,14
5348,4312,7,5,2025-10-22,2025-11-17,2025-11-06,633,633,5
5349,4313,9,5,2025-10-14,2025-10-21,2025-10-22,8,8,0
5350,4314,25,5,2025-10-05,2025-10-07,2025-10-10,7,7,0
5351,4315,11,5,2025-10-09,2025-10-15,2025-10-15,453,453,12
5352,4316,3,5,2025-10-25,2025-11-05,2025-11-06,840,840,32
5353,4317,46,5,2025-10-14,2025-10-27,2025-10-29,42,42,1
5354,4318,18,1,2025-10-03,2025-10-06,2025-10-08,53,53,3
5355,4318,18,1,2025-10-09,2025-10-09,2025-10-08,22,22,1
5356,4318,18,1,2025-10-03,2025-10-06,2025-10-08,19,19,1
5357,4319,30,1,2025-10-11,2025-10-12,2025-10-13,51,51,1
5358,4319,30,1,2025-10-09,2025-10-12,2025-10-13,18,18,0
5359,4319,30,1,2025-10-06,2025-10-11,2025-10-13,29,29,0
5360,4320,1,1,2025-10-05,2025-10-12,2025-10-15,9,9,0
5361,4321,50,1,2025-10-10,2025-10-19,2025-10-21,25,25,1
5362,4322,38,10,2025-10-03,2025-10-05,2025-10-07,22,22,1
5363,4323,13,8,2025-10-08,2025-10-23,2025-10-15,41,41,1
5364,4324,16,8,2025-10-03,2025-10-08,2025-10-09,92,92,0
5365,4325,8,8,2025-10-09,2025-10-11,2025-10-12,75,75,2
5366,4326,47,8,2025-10-18,2025-10-22,2025-10-24,72,72,4
5367,4327,14,7,2025-10-14,2025-10-14,2025-10-16,256,256,1
5368,4328,43,4,2025-10-08,2025-10-10,2025-10-13,12,12,0
5369,4329,40,4,2025-10-06,2025-10-25,2025-10-26,46,46,0
5370,4330,30,4,2025-10-05,2025-10-11,2025-10-14,59,59,0
5371,4330,30,4,2025-10-08,2025-10-14,2025-10-14,49,49,0
5372,4331,2,4,2025-10-13,2025-10-21,2025-10-21,11,11,0
5373,4332,43,10,2025-10-14,2025-10-14,2025-10-13,3,3,0
5374,4333,8,10,2025-10-08,2025-10-16,2025-10-13,11,11,0
5375,4334,37,10,2025-10-17,2025-11-03,2025-11-03,1064,1064,8
5376,4335,26,7,2025-10-08,2025-10-13,2025-10-16,998,998,25
5377,4336,3,7,2025-10-15,2025-11-17,2025-11-07,21,21,0
5378,4337,43,7,2025-10-06,2025-10-11,2025-10-13,98,98,4
5379,4338,14,7,2025-10-11,2025-10-16,2025-10-16,6,6,0
5380,4339,21,7,2025-10-06,2025-10-09,2025-10-10,4,4,0
5381,4339,21,7,2025-10-07,2025-10-07,2025-10-10,3,3,0
5382,4339,21,7,2025-10-09,2025-10-09,2025-10-10,2,2,0
5383,4340,20,3,2025-10-07,2025-10-07,2025-10-09,7,7,0
5384,4341,43,3,2025-10-05,2025-10-13,2025-10-13,83,83,6
5385,4342,11,3,2025-10-12,2025-10-13,2025-10-16,38,38,1
5386,4343,4,3,2025-10-18,2025-10-31,2025-10-25,696,696,27
5387,4344,20,3,2025-10-06,2025-10-08,2025-10-09,7,7,0
5388,4345,39,3,2025-10-09,2025-10-09,2025-10-10,7,7,0
5389,4346,18,2,2025-10-06,2025-10-08,2025-10-09,25,25,0
5390,4347,5,2,2025-10-04,2025-10-14,2025-10-09,232,232,9
5391,4348,18,3,2025-10-10,2025-10-10,2025-10-09,12,12,0
5392,4349,45,3,2025-10-14,2025-10-25,2025-10-28,13,13,0
5393,4350,27,1,2025-10-16,2025-10-16,2025-10-16,48,48,2
5394,4351,37,1,2025-10-20,2025-11-01,2025-11-03,7,7,0
5395,4352,16,1,2025-10-08,2025-10-08,2025-10-10,151,151,0
5396,4353,10,1,2025-10-17,2025-10-26,2025-10-29,55,55,1
5397,4354,43,1,2025-10-07,2025-10-12,2025-10-13,21,21,0
5398,4355,1,8,2025-10-10,2025-10-14,2025-10-16,10,10,0
5399,4356,18,6,2025-10-04,2025-10-08,2025-10-09,6,6,0
5400,4357,30,5,2025-10-08,2025-10-13,2025-10-14,42,42,0
5401,4358,16,6,2025-10-08,2025-10-08,2025-10-10,182,182,0
5402,4359,15,8,2025-10-13,2025-10-13,2025-10-10,87,87,5
5403,4360,41,9,2025-10-14,2025-10-19,2025-10-22,4,4,0
5404,4360,41,9,2025-10-13,2025-10-22,2025-10-22,3,3,0
5405,4361,35,9,2025-10-04,2025-10-13,2025-10-15,230,230,2
5406,4362,3,9,2025-10-21,2025-11-04,2025-11-07,18,18,0
5407,4363,30,9,2025-10-12,2025-10-12,2025-10-14,286,286,1
5408,4364,18,4,2025-10-05,2025-10-07,2025-10-09,9,9,0
5409,4365,39,4,2025-10-06,2025-10-10,2025-10-10,110,110,4
5410,4366,33,4,2025-10-14,2025-10-29,2025-10-29,370,370,3
5411,4366,33,4,2025-10-19,2025-10-26,2025-10-29,468,468,16
5412,4367,48,3,2025-10-14,2025-10-30,2025-10-31,17,17,0
5413,4368,28,10,2025-10-15,2025-10-20,2025-10-23,577,577,3
5414,4368,28,10,2025-10-17,2025-10-20,2025-10-23,752,752,5
5415,4369,12,10,2025-10-11,2025-10-22,2025-10-23,49,49,1
5416,4370,39,10,2025-10-05,2025-10-10,2025-10-11,49,49,1
5417,4371,21,8,2025-10-10,2025-10-12,2025-10-12,288,288,5
5418,4372,47,8,2025-10-14,2025-10-27,2025-10-27,65,65,4
5419,4373,30,6,2025-10-16,2025-10-16,2025-10-16,107,107,0
5420,4374,47,6,2025-10-18,2025-10-24,2025-10-27,592,592,16
5421,4375,44,4,2025-10-15,2025-10-24,2025-10-26,4,4,0
5422,4375,44,4,2025-10-14,2025-10-24,2025-10-26,3,3,0
5423,4376,16,3,2025-10-11,2025-10-11,2025-10-12,152,152,1
5424,4376,16,3,2025-10-09,2025-10-12,2025-10-12,167,167,1
5425,4377,13,10,2025-10-11,2025-10-15,2025-10-18,8,8,0
5426,4378,20,9,2025-10-10,2025-10-11,2025-10-11,21,21,1
5427,4379,28,9,2025-10-17,2025-10-21,2025-10-24,110,110,0
5428,4380,47,6,2025-10-16,2025-10-28,2025-10-28,177,177,7
5429,4381,29,6,2025-10-19,2025-10-30,2025-10-30,28,28,0
5430,4382,12,6,2025-10-14,2025-10-23,2025-10-25,12,12,0
5431,4383,1,5,2025-10-14,2025-10-18,2025-10-19,770,770,0
5432,4384,19,5,2025-10-08,2025-10-11,2025-10-11,350,350,20
5433,4385,22,5,2025-10-07,2025-10-11,2025-10-12,3,3,0
5434,4385,22,5,2025-10-07,2025-10-14,2025-10-12,4,4,0
5435,4386,28,5,2025-10-09,2025-10-25,2025-10-25,9,9,0
5436,4386,28,5,2025-10-16,2025-10-23,2025-10-25,11,11,0
5437,4387,32,5,2025-10-07,2025-10-09,2025-10-12,289,289,2
5438,4388,30,5,2025-10-13,2025-10-17,2025-10-17,592,592,5
5439,4389,23,5,2025-10-07,2025-10-16,2025-10-17,167,167,9
5440,4389,23,5,2025-10-13,2025-10-20,2025-10-17,84,84,7
5441,4389,23,5,2025-10-13,2025-10-16,2025-10-17,68,68,3
5442,4390,42,5,2025-10-09,2025-10-27,2025-10-20,138,138,5
5443,4391,16,7,2025-10-12,2025-10-12,2025-10-13,140,140,1
5444,4392,8,8,2025-10-11,2025-10-15,2025-10-16,485,485,6
5445,4393,9,8,2025-10-23,2025-10-25,2025-10-26,77,77,2
5446,4394,30,8,2025-10-08,2025-10-15,2025-10-17,904,904,10
5447,4395,3,7,2025-10-20,2025-11-21,2025-11-10,198,198,6
5448,4395,3,7,2025-10-24,2025-11-09,2025-11-10,151,151,10
5449,4395,3,7,2025-10-24,2025-11-09,2025-11-10,339,339,25
5450,4396,39,7,2025-10-09,2025-10-13,2025-10-13,24,24,0
5451,4397,45,7,2025-10-21,2025-10-30,2025-10-31,12,12,0
5452,4398,8,7,2025-10-09,2025-10-14,2025-10-16,9,9,0
5453,4399,35,9,2025-10-11,2025-10-18,2025-10-18,241,241,3
5454,4399,35,9,2025-10-11,2025-10-15,2025-10-18,273,273,3
5455,4400,11,1,2025-10-14,2025-10-18,2025-10-19,123,123,2
5456,4401,24,4,2025-10-11,2025-10-27,2025-10-28,64,64,1
5457,4402,28,4,2025-10-17,2025-10-24,2025-10-25,135,135,2
5458,4403,30,4,2025-10-12,2025-10-20,2025-10-17,10,10,0
5459,4404,8,4,2025-10-07,2025-10-16,2025-10-16,9,9,0
5460,4405,37,4,2025-10-20,2025-11-12,2025-11-06,277,277,7
5461,4406,14,4,2025-10-11,2025-10-16,2025-10-19,106,106,0
5462,4406,14,4,2025-10-16,2025-10-19,2025-10-19,118,118,0
5463,4407,35,4,2025-10-16,2025-10-17,2025-10-18,55,55,0
5464,4408,5,4,2025-10-07,2025-10-23,2025-10-12,193,193,14
5465,4409,43,4,2025-10-07,2025-10-16,2025-10-16,76,76,4
5466,4410,19,4,2025-10-14,2025-10-14,2025-10-11,10,10,0
5467,4411,2,7,2025-10-17,2025-11-02,2025-10-24,1275,1275,30
5468,4412,17,7,2025-10-12,2025-10-18,2025-10-18,9,9,0
5469,4413,16,9,2025-10-11,2025-10-11,2025-10-13,617,617,6
5470,4414,5,9,2025-10-10,2025-10-10,2025-10-12,311,311,22
5471,4414,5,9,2025-10-07,2025-10-10,2025-10-12,365,365,34
5472,4415,6,10,2025-10-11,2025-10-22,2025-10-25,67,67,0
5473,4416,36,8,2025-10-15,2025-10-28,2025-10-18,369,369,0
5474,4417,44,8,2025-10-12,2025-10-25,2025-10-27,47,47,1
5475,4418,19,8,2025-10-07,2025-10-08,2025-10-11,30,30,1
5476,4418,19,8,2025-10-07,2025-10-10,2025-10-11,58,58,0
5477,4419,5,8,2025-10-07,2025-10-18,2025-10-12,12,12,0
5478,4419,5,8,2025-10-12,2025-10-12,2025-10-12,21,21,2
5479,4420,12,8,2025-10-10,2025-10-23,2025-10-25,20,20,0
5480,4420,12,8,2025-10-19,2025-10-22,2025-10-25,12,12,0
5481,4420,12,8,2025-10-17,2025-10-23,2025-10-25,24,24,1
5482,4421,3,1,2025-10-24,2025-11-08,2025-11-10,548,548,51
5483,4422,23,1,2025-10-08,2025-10-25,2025-10-17,21,21,1
5484,4423,45,5,2025-10-20,2025-10-31,2025-10-31,131,131,0
5485,4424,43,5,2025-10-13,2025-10-13,2025-10-16,29,29,1
5486,4424,43,5,2025-10-11,2025-10-27,2025-10-16,47,47,3
5487,4425,4,5,2025-10-14,2025-10-26,2025-10-28,3,3,0
5488,4425,4,5,2025-10-18,2025-10-25,2025-10-28,2,2,0
5489,4426,8,5,2025-10-11,2025-10-14,2025-10-16,497,497,13
5490,4427,47,5,2025-10-15,2025-10-28,2025-10-28,246,246,20
5491,4428,35,5,2025-10-13,2025-10-15,2025-10-18,123,123,1
5492,4429,8,5,2025-10-11,2025-10-13,2025-10-16,12,12,0
5493,4430,20,2,2025-10-07,2025-10-09,2025-10-12,72,72,4
5494,4431,2,2,2025-10-13,2025-10-21,2025-10-24,116,116,1
5495,4431,2,2,2025-10-14,2025-10-22,2025-10-24,112,112,2
5496,4432,19,2,2025-10-08,2025-10-11,2025-10-11,73,73,3
5497,4433,41,2,2025-10-17,2025-10-24,2025-10-25,20,20,0
5498,4433,41,2,2025-10-17,2025-10-31,2025-10-25,15,15,0
5499,4434,37,2,2025-10-21,2025-11-03,2025-11-06,7,7,0
5500,4434,37,2,2025-10-23,2025-11-04,2025-11-06,15,15,1
5501,4435,19,2,2025-10-10,2025-10-11,2025-10-11,418,418,9
5502,4436,3,5,2025-10-24,2025-11-08,2025-11-10,9,9,0
5503,4436,3,5,2025-10-22,2025-11-12,2025-11-10,6,6,0
5504,4437,30,5,2025-10-13,2025-10-16,2025-10-17,704,704,0
5505,4438,41,5,2025-10-13,2025-10-23,2025-10-25,31,31,2
5506,4439,30,2,2025-10-12,2025-10-15,2025-10-18,6,6,0
5507,4439,30,2,2025-10-14,2025-10-18,2025-10-18,6,6,0
5508,4440,25,2,2025-10-12,2025-10-13,2025-10-15,385,385,10
5509,4441,48,2,2025-10-18,2025-11-03,2025-11-03,28,28,2
5510,4441,48,2,2025-10-24,2025-11-01,2025-11-03,18,18,0
5511,4442,28,2,2025-10-16,2025-10-24,2025-10-26,11,11,0
5512,4443,19,1,2025-10-08,2025-10-10,2025-10-12,46,46,1
5513,4444,42,1,2025-10-12,2025-10-28,2025-10-21,21,21,1
5514,4445,16,1,2025-10-16,2025-10-16,2025-10-14,27,27,0
5515,4446,3,1,2025-10-28,2025-11-09,2025-11-11,65,65,1
5516,4447,46,5,2025-10-17,2025-10-31,2025-11-03,8,8,0
5517,4448,50,5,2025-10-17,2025-10-25,2025-10-26,26,26,1
5518,4449,29,7,2025-10-20,2025-10-30,2025-10-31,66,66,2
5519,4449,29,7,2025-10-22,2025-10-31,2025-10-31,65,65,0
5520,4450,11,7,2025-10-12,2025-10-19,2025-10-20,240,240,5
5521,4450,11,7,2025-10-16,2025-10-19,2025-10-20,256,256,2
5522,4451,2,1,2025-10-10,2025-10-25,2025-10-25,23,23,0
5523,4452,16,1,2025-10-14,2025-10-14,2025-10-14,42,42,0
5524,4453,37,1,2025-10-22,2025-11-07,2025-11-07,9,9,0
5525,4454,20,1,2025-10-09,2025-10-13,2025-10-13,29,29,1
5526,4455,48,1,2025-10-18,2025-11-01,2025-11-03,45,45,2
5527,4455,48,1,2025-10-19,2025-11-02,2025-11-03,21,21,0
5528,4455,48,1,2025-10-21,2025-10-31,2025-11-03,23,23,1
5529,4456,40,5,2025-10-23,2025-10-30,2025-10-30,747,747,8
5530,4457,30,5,2025-10-13,2025-10-18,2025-10-18,14,14,0
5531,4458,4,5,2025-10-22,2025-10-27,2025-10-29,10,10,0
5532,4459,35,5,2025-10-14,2025-10-16,2025-10-19,79,79,1
5533,4460,21,5,2025-10-11,2025-10-11,2025-10-14,68,68,1
5534,4460,21,5,2025-10-15,2025-10-19,2025-10-14,107,107,5
5535,4461,18,2,2025-10-08,2025-10-15,2025-10-13,96,96,3
5536,4462,32,1,2025-10-10,2025-10-10,2025-10-13,138,138,1
5537,4462,32,1,2025-10-08,2025-10-11,2025-10-13,253,253,2
5538,4463,29,1,2025-10-17,2025-10-30,2025-10-31,874,874,9
5539,4464,30,1,2025-10-16,2025-10-18,2025-10-18,1083,1083,5
5540,4465,39,7,2025-10-12,2025-10-13,2025-10-14,10,10,0
5541,4466,16,7,2025-10-08,2025-10-11,2025-10-14,57,57,0
5542,4467,19,4,2025-10-11,2025-10-11,2025-10-12,50,50,4
5543,4468,19,4,2025-10-08,2025-10-10,2025-10-12,19,19,1
5544,4469,18,6,2025-10-11,2025-10-13,2025-10-13,30,30,1
5545,4470,25,6,2025-10-08,2025-10-13,2025-10-15,5,5,0
5546,4471,20,6,2025-10-08,2025-10-13,2025-10-13,712,712,0
5547,4472,16,6,2025-10-08,2025-10-11,2025-10-14,219,219,2
5548,4472,16,6,2025-10-13,2025-10-13,2025-10-14,291,291,0
5549,4473,17,6,2025-10-08,2025-10-18,2025-10-19,445,445,33
5550,4474,11,6,2025-10-19,2025-10-19,2025-10-20,8,8,0
5551,4475,6,6,2025-10-14,2025-10-26,2025-10-26,235,235,0
5552,4476,20,6,2025-10-12,2025-10-13,2025-10-13,5,5,0
5553,4477,43,6,2025-10-13,2025-10-16,2025-10-17,446,446,8
5554,4478,17,6,2025-10-18,2025-10-23,2025-10-19,23,23,2
5555,4479,45,6,2025-10-26,2025-10-29,2025-11-01,30,30,0
5556,4480,30,8,2025-10-14,2025-10-16,2025-10-18,367,367,2
5557,4481,50,8,2025-10-11,2025-10-23,2025-10-26,22,22,1
5558,4482,37,2,2025-10-22,2025-11-06,2025-11-07,109,109,1
5559,4483,18,8,2025-10-11,2025-10-11,2025-10-13,7,7,0
5560,4484,47,6,2025-10-20,2025-10-29,2025-10-29,447,447,11
5561,4485,50,6,2025-10-11,2025-10-25,2025-10-26,182,182,0
5562,4486,41,2,2025-10-11,2025-10-30,2025-10-26,15,15,1
5563,4486,41,2,2025-10-12,2025-10-23,2025-10-26,13,13,1
5564,4486,41,2,2025-10-14,2025-10-23,2025-10-26,23,23,1
5565,4487,7,5,2025-10-23,2025-11-12,2025-11-12,13,13,0
5566,4487,7,5,2025-10-22,2025-11-12,2025-11-12,20,20,0
5567,4488,41,5,2025-10-17,2025-10-26,2025-10-27,75,75,1
5568,4489,44,7,2025-10-16,2025-10-29,2025-10-29,340,340,5
5569,4490,30,7,2025-10-11,2025-10-19,2025-10-19,7,7,0
5570,4490,30,7,2025-10-10,2025-10-19,2025-10-19,7,7,0
5571,4491,33,7,2025-10-18,2025-11-01,2025-11-03,27,27,1
5572,4492,5,9,2025-10-09,2025-10-12,2025-10-14,309,309,0
5573,4493,6,9,2025-10-19,2025-10-27,2025-10-27,13,13,0
5574,4494,44,9,2025-10-14,2025-10-26,2025-10-29,45,45,0
5575,4495,42,9,2025-10-15,2025-10-19,2025-10-22,827,827,3
5576,4496,1,6,2025-10-14,2025-11-02,2025-10-21,18,18,0
5577,4496,1,6,2025-10-15,2025-10-19,2025-10-21,27,27,0
5578,4497,35,6,2025-10-14,2025-10-19,2025-10-20,127,127,3
5579,4498,45,6,2025-10-21,2025-10-30,2025-11-02,12,12,0
5580,4499,25,6,2025-10-10,2025-10-15,2025-10-16,66,66,1
5581,4500,29,7,2025-10-18,2025-11-10,2025-11-01,23,23,0
5582,4500,29,7,2025-10-22,2025-11-01,2025-11-01,34,34,0
5583,4501,46,3,2025-10-21,2025-11-01,2025-11-04,9,9,0
5584,4502,33,3,2025-10-27,2025-11-01,2025-11-03,39,39,1
5585,4503,29,7,2025-10-21,2025-10-29,2025-11-01,209,209,2
5586,4504,16,7,2025-10-11,2025-10-12,2025-10-15,10,10,0
5587,4504,16,7,2025-10-10,2025-10-14,2025-10-15,8,8,0
5588,4505,48,8,2025-10-21,2025-11-02,2025-11-04,26,26,1
5589,4506,25,8,2025-10-13,2025-10-16,2025-10-16,61,61,1
5590,4507,10,8,2025-10-22,2025-11-01,2025-11-03,7,7,0
5591,4508,28,8,2025-10-21,2025-11-08,2025-10-27,10,10,0
5592,4508,28,8,2025-10-19,2025-10-24,2025-10-27,9,9,0
5593,4509,40,4,2025-10-19,2025-10-31,2025-10-31,200,200,2
5594,4510,30,1,2025-10-15,2025-10-17,2025-10-19,22,22,0
5595,4511,39,1,2025-10-09,2025-10-16,2025-10-15,80,80,1
5596,4512,11,1,2025-10-18,2025-10-19,2025-10-21,72,72,2
5597,4513,40,1,2025-10-19,2025-10-31,2025-10-31,279,279,2
5598,4513,40,1,2025-10-19,2025-10-31,2025-10-31,349,349,2
5599,4514,17,7,2025-10-14,2025-10-23,2025-10-20,121,121,4
5600,4515,18,7,2025-10-11,2025-10-14,2025-10-14,154,154,2
5601,4516,41,7,2025-10-20,2025-11-01,2025-10-27,283,283,28
5602,4517,20,7,2025-10-09,2025-10-13,2025-10-14,8,8,0
5603,4517,20,7,2025-10-11,2025-10-12,2025-10-14,13,13,0
5604,4518,7,2,2025-10-28,2025-11-12,2025-11-12,64,64,0
5605,4519,16,2,2025-10-14,2025-10-14,2025-10-15,83,83,0
5606,4520,18,7,2025-10-11,2025-10-12,2025-10-14,474,474,18
5607,4521,1,7,2025-10-19,2025-10-20,2025-10-21,231,231,5
5608,4522,11,7,2025-10-17,2025-10-18,2025-10-21,1012,1012,26
5609,4523,42,2,2025-10-15,2025-10-19,2025-10-22,128,128,1
5610,4524,13,2,2025-10-11,2025-10-21,2025-10-21,1144,1144,50
5611,4525,1,2,2025-10-12,2025-10-19,2025-10-21,1360,1360,20
5612,4526,41,2,2025-10-16,2025-10-27,2025-10-27,81,81,0
5613,4527,18,10,2025-10-13,2025-10-13,2025-10-14,22,22,0
5614,4528,25,10,2025-10-10,2025-10-13,2025-10-16,157,157,0
5615,4528,25,10,2025-10-09,2025-10-13,2025-10-16,277,277,6
5616,4529,2,10,2025-10-13,2025-11-01,2025-10-26,154,154,0
5617,4530,2,4,2025-10-20,2025-10-25,2025-10-26,639,639,12
5618,4531,33,4,2025-10-22,2025-11-03,2025-11-03,439,439,12
5619,4532,10,4,2025-10-18,2025-11-03,2025-11-03,159,159,10
5620,4533,20,4,2025-10-10,2025-10-18,2025-10-14,503,503,2
5621,4534,50,7,2025-10-16,2025-10-25,2025-10-28,73,73,4
5622,4535,13,7,2025-10-13,2025-10-20,2025-10-22,639,639,7
5623,4536,24,7,2025-10-18,2025-10-30,2025-10-31,60,60,0
5624,4537,5,10,2025-10-11,2025-10-15,2025-10-15,67,67,5
5625,4538,11,10,2025-10-14,2025-10-19,2025-10-22,1161,1161,27
5626,4539,45,1,2025-10-24,2025-11-01,2025-11-03,75,75,0
5627,4540,32,1,2025-10-19,2025-10-19,2025-10-15,548,548,6
5628,4541,30,1,2025-10-11,2025-10-18,2025-10-20,497,497,7
5629,4542,46,1,2025-10-20,2025-11-04,2025-11-05,8,8,0
5630,4543,43,1,2025-10-15,2025-10-30,2025-10-19,8,8,0
5631,4544,35,2,2025-10-11,2025-10-19,2025-10-21,284,284,4
5632,4545,4,2,2025-10-16,2025-10-31,2025-10-31,442,442,17
5633,4546,12,5,2025-10-17,2025-10-27,2025-10-28,391,391,12
5634,4547,48,5,2025-10-20,2025-11-03,2025-11-05,43,43,1
5635,4548,19,5,2025-10-11,2025-10-13,2025-10-14,96,96,4
5636,4549,42,5,2025-10-19,2025-10-20,2025-10-23,245,245,11
5637,4550,45,5,2025-10-22,2025-11-03,2025-11-03,103,103,0
5638,4551,46,9,2025-10-23,2025-11-03,2025-11-05,40,40,2
5639,4552,2,9,2025-10-19,2025-10-24,2025-10-27,4,4,0
5640,4552,2,9,2025-10-17,2025-10-25,2025-10-27,7,7,0
5641,4553,20,9,2025-10-16,2025-10-16,2025-10-15,143,143,0
5642,4554,37,5,2025-10-22,2025-11-07,2025-11-09,122,122,3
5643,4554,37,5,2025-10-26,2025-11-13,2025-11-09,71,71,1
5644,4554,37,5,2025-10-23,2025-11-16,2025-11-09,88,88,2
5645,4555,13,5,2025-10-13,2025-10-21,2025-10-22,18,18,0
5646,4556,20,9,2025-10-10,2025-10-14,2025-10-15,4,4,0
5647,4556,20,9,2025-10-12,2025-10-15,2025-10-15,9,9,0
5648,4557,31,9,2025-10-23,2025-11-09,2025-11-10,40,40,1
5649,4558,17,9,2025-10-16,2025-10-18,2025-10-21,491,491,0
5650,4559,43,9,2025-10-12,2025-10-17,2025-10-19,17,17,0
5651,4559,43,9,2025-10-18,2025-10-18,2025-10-19,20,20,1
5652,4560,47,9,2025-10-22,2025-10-30,2025-10-31,21,21,1
5653,4561,25,9,2025-10-10,2025-10-16,2025-10-17,363,363,5
5654,4561,25,9,2025-10-16,2025-10-16,2025-10-17,583,583,10
5655,4562,4,9,2025-10-17,2025-10-28,2025-10-31,10,10,0
5656,4563,31,9,2025-10-23,2025-11-10,2025-11-10,54,54,1
5657,4563,31,9,2025-10-22,2025-11-08,2025-11-10,54,54,1
5658,4564,8,9,2025-10-11,2025-10-19,2025-10-19,133,133,1
5659,4565,9,9,2025-10-19,2025-10-29,2025-10-29,6,6,0
5660,4565,9,9,2025-10-25,2025-10-27,2025-10-29,4,4,0
5661,4566,47,1,2025-10-21,2025-10-28,2025-10-31,14,14,0
5662,4567,7,1,2025-10-26,2025-11-10,2025-11-13,39,39,0
5663,4568,19,1,2025-10-10,2025-10-11,2025-10-14,21,21,0
5664,4569,37,1,2025-10-25,2025-11-06,2025-11-09,640,640,13
5665,4570,27,1,2025-10-18,2025-10-19,2025-10-22,23,23,1
5666,4571,20,7,2025-10-14,2025-10-14,2025-10-15,54,54,1
5667,4572,36,8,2025-10-16,2025-10-19,2025-10-21,135,135,6
5668,4573,35,8,2025-10-15,2025-10-26,2025-10-21,230,230,1
5669,4574,17,8,2025-10-10,2025-10-21,2025-10-21,39,39,2
5670,4575,10,8,2025-10-25,2025-11-01,2025-11-04,417,417,15
5671,4575,10,8,2025-10-24,2025-11-05,2025-11-04,181,181,11
5672,4575,10,8,2025-10-22,2025-11-03,2025-11-04,182,182,12
5673,4576,48,2,2025-10-24,2025-11-05,2025-11-05,101,101,2
5674,4577,8,2,2025-10-15,2025-10-19,2025-10-19,61,61,0
5675,4578,4,2,2025-10-21,2025-11-11,2025-10-31,15,15,1
5676,4578,4,2,2025-10-15,2025-11-12,2025-10-31,21,21,1
5677,4579,41,9,2025-10-18,2025-11-04,2025-10-28,388,388,19
5678,4580,27,9,2025-10-17,2025-10-21,2025-10-22,85,85,3
5679,4581,20,9,2025-10-11,2025-10-12,2025-10-15,567,567,15
5680,4582,41,9,2025-10-19,2025-10-28,2025-10-28,228,228,22
5681,4583,23,9,2025-10-20,2025-10-20,2025-10-20,121,121,5
5682,4584,21,7,2025-10-12,2025-10-15,2025-10-17,308,308,7
5683,4584,21,7,2025-10-15,2025-10-15,2025-10-17,364,364,21
5684,4585,43,7,2025-10-14,2025-10-19,2025-10-20,16,16,0
5685,4586,36,7,2025-10-13,2025-10-19,2025-10-22,93,93,0
5686,4587,35,4,2025-10-13,2025-10-22,2025-10-22,22,22,0
5687,4588,35,4,2025-10-14,2025-10-20,2025-10-22,550,550,5
5688,4589,39,1,2025-10-14,2025-10-17,2025-10-17,34,34,0
5689,4589,39,1,2025-10-11,2025-10-15,2025-10-17,34,34,0
5690,4590,40,10,2025-10-25,2025-11-01,2025-11-02,228,228,2
5691,4590,40,10,2025-10-24,2025-11-01,2025-11-02,124,124,0
5692,4590,40,10,2025-10-26,2025-10-31,2025-11-02,110,110,1
5693,4591,35,10,2025-10-13,2025-10-19,2025-10-22,4,4,0
5694,4591,35,10,2025-10-16,2025-10-28,2025-10-22,6,6,0
5695,4592,26,10,2025-10-19,2025-10-20,2025-10-23,164,164,2
5696,4593,25,10,2025-10-16,2025-10-16,2025-10-18,6,6,0
5697,4594,48,8,2025-10-25,2025-11-06,2025-11-06,96,96,1
5698,4595,44,8,2025-10-22,2025-10-31,2025-10-31,258,258,3
5699,4596,19,8,2025-10-11,2025-10-14,2025-10-15,7,7,0
5700,4597,39,4,2025-10-14,2025-10-17,2025-10-17,159,159,4
5701,4598,38,4,2025-10-11,2025-10-14,2025-10-15,51,51,1
5702,4599,4,4,2025-10-21,2025-11-01,2025-11-01,474,474,10
5703,4600,7,4,2025-10-28,2025-11-13,2025-11-14,7,7,0
5704,4601,35,4,2025-10-17,2025-10-21,2025-10-22,4,4,0
5705,4602,40,3,2025-10-24,2025-10-31,2025-11-02,97,97,1
5706,4603,13,3,2025-10-20,2025-10-22,2025-10-23,576,576,6
5707,4604,49,3,2025-10-17,2025-10-17,2025-10-15,11,11,0
5708,4604,49,3,2025-10-14,2025-10-15,2025-10-15,19,19,1
5709,4605,5,5,2025-10-11,2025-10-14,2025-10-16,48,48,2
5710,4606,2,8,2025-10-22,2025-10-27,2025-10-28,148,148,1
5711,4607,1,8,2025-10-18,2025-10-23,2025-10-23,542,542,8
5712,4608,17,8,2025-10-22,2025-10-22,2025-10-22,4,4,0
5713,4608,17,8,2025-10-17,2025-10-22,2025-10-22,5,5,0
5714,4609,18,8,2025-10-18,2025-10-18,2025-10-16,529,529,19
5715,4610,25,2,2025-10-11,2025-10-15,2025-10-18,261,261,5
5716,4610,25,2,2025-10-12,2025-10-15,2025-10-18,267,267,3
5717,4611,14,2,2025-10-19,2025-10-21,2025-10-23,10,10,0
5718,4612,35,2,2025-10-21,2025-10-21,2025-10-22,485,485,5
5719,4613,25,2,2025-10-11,2025-10-24,2025-10-18,1061,1061,4
5720,4614,18,4,2025-10-11,2025-10-15,2025-10-16,801,801,30
5721,4615,3,4,2025-10-26,2025-11-12,2025-11-14,9,9,0
5722,4616,43,3,2025-10-14,2025-10-18,2025-10-20,9,9,0
5723,4617,23,3,2025-10-14,2025-10-31,2025-10-21,698,698,31
5724,4618,25,2,2025-10-20,2025-10-20,2025-10-18,34,34,0
5725,4619,44,2,2025-10-15,2025-10-28,2025-10-31,584,584,6
5726,4620,2,1,2025-10-17,2025-10-27,2025-10-28,12,12,0
5727,4621,45,1,2025-10-21,2025-11-04,2025-11-04,182,182,1
5728,4622,40,8,2025-10-18,2025-11-01,2025-11-02,1129,1129,15
5729,4623,14,8,2025-10-15,2025-10-20,2025-10-23,8,8,0
5730,4624,11,9,2025-10-16,2025-10-22,2025-10-24,197,197,4
5731,4624,11,9,2025-10-16,2025-10-24,2025-10-24,206,206,3
5732,4624,11,9,2025-10-13,2025-10-24,2025-10-24,208,208,0
5733,4625,24,9,2025-10-23,2025-10-31,2025-11-02,598,598,1
5734,4626,15,9,2025-10-16,2025-10-17,2025-10-18,143,143,10
5735,4626,15,9,2025-10-12,2025-10-16,2025-10-18,240,240,15
5736,4627,50,9,2025-10-20,2025-11-03,2025-10-30,1006,1006,10
5737,4628,21,7,2025-10-15,2025-10-15,2025-10-18,82,82,4
5738,4628,21,7,2025-10-13,2025-10-26,2025-10-18,110,110,7
5739,4629,50,7,2025-10-14,2025-11-08,2025-10-30,20,20,1
5740,4629,50,7,2025-10-23,2025-11-06,2025-10-30,35,35,1
5741,4630,16,7,2025-10-17,2025-10-18,2025-10-18,103,103,1
5742,4631,7,9,2025-11-03,2025-11-15,2025-11-15,206,206,5
5743,4631,7,9,2025-10-27,2025-11-13,2025-11-15,396,396,6
5744,4632,40,9,2025-10-22,2025-11-03,2025-11-03,703,703,7
5745,4633,47,9,2025-10-23,2025-11-12,2025-11-02,10,10,0
5746,4634,9,7,2025-10-26,2025-10-29,2025-10-31,194,194,2
5747,4635,43,7,2025-10-16,2025-10-18,2025-10-21,706,706,58
5748,4636,21,10,2025-10-13,2025-10-15,2025-10-18,8,8,1
5749,4637,25,10,2025-10-18,2025-10-19,2025-10-19,31,31,1
5750,4638,46,10,2025-10-27,2025-11-06,2025-11-07,583,583,19
5751,4639,20,10,2025-10-12,2025-10-15,2025-10-17,32,32,1
5752,4639,20,10,2025-10-15,2025-10-15,2025-10-17,48,48,2
5753,4640,30,1,2025-10-20,2025-10-20,2025-10-22,33,33,0
5754,4641,2,1,2025-10-16,2025-10-27,2025-10-29,904,904,7
5755,4642,41,4,2025-10-26,2025-10-29,2025-10-31,617,617,27
5756,4643,10,4,2025-10-23,2025-11-05,2025-11-07,82,82,3
5757,4644,4,4,2025-10-24,2025-11-02,2025-11-03,495,495,14
5758,4645,2,3,2025-10-21,2025-10-30,2025-10-30,7,7,0
5759,4645,2,3,2025-10-21,2025-10-29,2025-10-30,10,10,0
5760,4646,12,6,2025-10-27,2025-11-01,2025-11-01,65,65,1
5761,4647,42,1,2025-10-21,2025-10-26,2025-10-27,38,38,1
5762,4648,26,1,2025-10-15,2025-10-26,2025-10-26,4,4,0
5763,4648,26,1,2025-10-18,2025-10-24,2025-10-26,4,4,0
5764,4649,20,10,2025-10-20,2025-10-20,2025-10-19,49,49,1
5765,4650,30,10,2025-10-17,2025-10-23,2025-10-24,26,26,0
5766,4651,16,10,2025-10-14,2025-10-20,2025-10-20,10,10,0
5767,4652,16,10,2025-10-18,2025-10-20,2025-10-20,1270,1270,14
5768,4653,48,10,2025-10-28,2025-11-20,2025-11-09,4,4,0
5769,4654,44,10,2025-10-22,2025-11-02,2025-11-03,226,226,3
5770,4655,48,9,2025-10-26,2025-11-07,2025-11-09,18,18,1
5771,4656,39,9,2025-10-14,2025-10-18,2025-10-20,257,257,1
5772,4657,43,9,2025-10-18,2025-10-23,2025-10-23,405,405,4
5773,4658,10,4,2025-10-31,2025-11-08,2025-11-08,12,12,1
5774,4658,10,4,2025-10-27,2025-11-05,2025-11-08,7,7,0
5775,4659,38,7,2025-10-14,2025-10-16,2025-10-18,6,6,0
5776,4660,42,7,2025-10-15,2025-10-26,2025-10-27,19,19,1
5777,4661,43,2,2025-10-16,2025-10-23,2025-10-23,41,41,1
5778,4662,17,2,2025-10-16,2025-10-22,2025-10-25,7,7,1
5779,4663,30,2,2025-10-17,2025-10-24,2025-10-24,8,8,0
5780,4664,11,9,2025-10-23,2025-10-26,2025-10-26,5,5,0
5781,4665,39,7,2025-10-14,2025-10-31,2025-10-20,55,55,1
5782,4666,30,7,2025-10-18,2025-10-23,2025-10-24,41,41,0
5783,4666,30,7,2025-10-15,2025-10-21,2025-10-24,85,85,0
5784,4667,29,10,2025-10-21,2025-11-03,2025-11-06,121,121,2
5785,4668,50,2,2025-10-27,2025-10-29,2025-11-01,107,107,8
5786,4669,30,2,2025-10-18,2025-10-23,2025-10-24,288,288,2
5787,4669,30,2,2025-10-16,2025-10-23,2025-10-24,206,206,1
5788,4669,30,2,2025-10-21,2025-10-24,2025-10-24,184,184,1
5789,4670,37,4,2025-10-23,2025-11-13,2025-11-13,277,277,7
5790,4671,49,5,2025-10-19,2025-10-19,2025-10-18,88,88,2
5791,4672,35,9,2025-10-22,2025-10-25,2025-10-25,243,243,5
5792,4673,18,9,2025-10-14,2025-10-16,2025-10-19,4,4,0
5793,4673,18,9,2025-10-14,2025-10-17,2025-10-19,10,10,0
5794,4674,2,9,2025-10-18,2025-10-31,2025-10-31,29,29,0
5795,4675,22,9,2025-10-17,2025-10-17,2025-10-19,11,11,0
5796,4676,41,9,2025-10-20,2025-10-29,2025-11-01,283,283,19
5797,4677,38,9,2025-10-14,2025-10-16,2025-10-18,97,97,0
5798,4677,38,9,2025-10-14,2025-10-18,2025-10-18,146,146,3
5799,4678,20,9,2025-10-18,2025-10-18,2025-10-19,84,84,2
5800,4678,20,9,2025-10-14,2025-10-20,2025-10-19,103,103,0
5801,4679,42,1,2025-10-18,2025-11-01,2025-10-28,407,407,0
5802,4680,23,1,2025-10-18,2025-11-05,2025-10-25,894,894,29
5803,4681,40,1,2025-10-20,2025-11-06,2025-11-06,30,30,0
5804,4682,11,4,2025-10-18,2025-10-25,2025-10-27,14,14,0
5805,4683,41,4,2025-10-17,2025-11-02,2025-11-02,7,7,0
5806,4684,13,6,2025-10-20,2025-10-25,2025-10-27,12,12,0
5807,4685,48,6,2025-10-26,2025-11-09,2025-11-10,10,10,0
5808,4686,45,6,2025-10-31,2025-11-08,2025-11-08,495,495,1
5809,4687,36,5,2025-10-17,2025-10-26,2025-10-26,14,14,1
5810,4687,36,5,2025-10-19,2025-10-23,2025-10-26,9,9,1
5811,4687,36,5,2025-10-31,2025-10-31,2025-10-26,7,7,0
5812,4688,44,5,2025-10-23,2025-11-04,2025-11-04,91,91,2
5813,4688,44,5,2025-10-25,2025-11-04,2025-11-04,75,75,2
5814,4689,19,5,2025-10-19,2025-10-19,2025-10-19,11,11,0
5815,4689,19,5,2025-10-15,2025-10-19,2025-10-19,10,10,1
5816,4690,12,6,2025-10-20,2025-11-04,2025-11-02,11,11,0
5817,4691,11,6,2025-10-20,2025-10-26,2025-10-27,67,67,1
5818,4691,11,6,2025-10-17,2025-10-27,2025-10-27,73,73,2
5819,4692,42,7,2025-10-20,2025-10-27,2025-10-28,168,168,7
5820,4693,23,7,2025-10-20,2025-11-06,2025-10-25,7,7,0
5821,4694,25,7,2025-10-18,2025-10-22,2025-10-22,663,663,17
5822,4695,4,8,2025-10-25,2025-11-02,2025-11-05,197,197,5
5823,4695,4,8,2025-10-25,2025-11-02,2025-11-05,238,238,7
5824,4696,2,8,2025-10-22,2025-11-06,2025-11-01,10,10,0
5825,4697,28,4,2025-10-25,2025-11-01,2025-11-02,7,7,0
5826,4698,43,4,2025-10-21,2025-10-23,2025-10-24,638,638,28
5827,4699,5,4,2025-10-15,2025-10-17,2025-10-20,8,8,0
5828,4700,41,4,2025-10-25,2025-11-02,2025-11-02,9,9,0
5829,4701,45,8,2025-10-26,2025-11-08,2025-11-08,7,7,0
5830,4702,46,7,2025-10-29,2025-11-08,2025-11-10,1,1,0
5831,4702,46,7,2025-10-31,2025-11-07,2025-11-10,4,4,0
5832,4703,38,7,2025-10-15,2025-10-18,2025-10-19,52,52,0
5833,4703,38,7,2025-10-20,2025-10-20,2025-10-19,35,35,1
5834,4704,32,1,2025-10-20,2025-10-20,2025-10-20,21,21,0
5835,4704,32,1,2025-10-15,2025-10-20,2025-10-20,10,10,0
5836,4704,32,1,2025-10-18,2025-10-18,2025-10-20,24,24,0
5837,4705,10,5,2025-10-27,2025-11-07,2025-11-09,16,16,1
5838,4706,25,5,2025-10-21,2025-10-21,2025-10-22,174,174,2
5839,4707,2,5,2025-10-23,2025-11-01,2025-11-01,490,490,15
5840,4708,1,5,2025-10-17,2025-10-26,2025-10-27,115,115,1
5841,4708,1,5,2025-10-23,2025-10-24,2025-10-27,144,144,3
5842,4709,23,7,2025-10-24,2025-11-03,2025-10-25,70,70,5
5843,4710,49,7,2025-10-16,2025-10-19,2025-10-19,2,2,0
5844,4710,49,7,2025-10-15,2025-10-21,2025-10-19,2,2,0
5845,4710,49,7,2025-10-18,2025-10-18,2025-10-19,2,2,0
5846,4711,8,1,2025-10-22,2025-10-23,2025-10-25,218,218,4
5847,4712,17,1,2025-10-18,2025-10-27,2025-10-27,362,362,26
5848,4713,50,5,2025-10-28,2025-11-03,2025-11-03,11,11,1
5849,4714,19,5,2025-10-16,2025-10-17,2025-10-20,9,9,0
5850,4715,14,10,2025-10-19,2025-10-28,2025-10-28,52,52,0
5851,4716,39,10,2025-10-19,2025-10-22,2025-10-22,3,3,0
5852,4716,39,10,2025-10-18,2025-10-22,2025-10-22,3,3,0
5853,4717,22,3,2025-10-16,2025-10-20,2025-10-21,10,10,0
5854,4718,20,3,2025-10-22,2025-10-22,2025-10-21,191,191,8
5855,4719,20,3,2025-10-16,2025-10-22,2025-10-21,596,596,13
5856,4720,43,3,2025-10-18,2025-10-22,2025-10-25,82,82,2
5857,4721,39,3,2025-10-17,2025-10-19,2025-10-22,143,143,2
5858,4722,9,3,2025-10-30,2025-11-01,2025-11-04,87,87,3
5859,4722,9,3,2025-10-23,2025-11-02,2025-11-04,141,141,3
5860,4723,50,1,2025-10-25,2025-11-01,2025-11-03,6,6,0
5861,4724,17,1,2025-10-22,2025-10-27,2025-10-27,191,191,25
5862,4725,30,1,2025-10-21,2025-10-23,2025-10-26,12,12,0
5863,4726,1,5,2025-10-20,2025-10-27,2025-10-28,108,108,1
5864,4727,8,5,2025-10-17,2025-10-23,2025-10-25,7,7,0
5865,4728,1,5,2025-10-16,2025-10-25,2025-10-28,89,89,2
5866,4728,1,5,2025-10-21,2025-10-27,2025-10-28,57,57,1
5867,4729,10,4,2025-11-05,2025-11-08,2025-11-10,490,490,25
5868,4730,29,4,2025-10-29,2025-11-07,2025-11-08,60,60,1
5869,4731,30,4,2025-10-19,2025-10-24,2025-10-26,809,809,3
5870,4732,18,4,2025-10-16,2025-10-21,2025-10-21,67,67,2
5871,4733,43,4,2025-10-20,2025-10-22,2025-10-25,60,60,2
5872,4733,43,4,2025-10-22,2025-10-24,2025-10-25,141,141,7
5873,4734,35,4,2025-10-23,2025-10-24,2025-10-27,108,108,1
5874,4735,3,4,2025-10-29,2025-11-19,2025-11-19,446,446,32
5875,4735,3,4,2025-10-29,2025-11-16,2025-11-19,391,391,6
5876,4736,44,4,2025-10-26,2025-11-04,2025-11-05,398,398,4
5877,4737,47,4,2025-10-26,2025-11-04,2025-11-06,18,18,1
5878,4738,25,7,2025-10-24,2025-10-24,2025-10-23,65,65,1
5879,4739,16,7,2025-10-19,2025-10-19,2025-10-22,672,672,5
5880,4740,25,7,2025-10-21,2025-10-21,2025-10-23,8,8,0
5881,4741,16,7,2025-10-16,2025-10-19,2025-10-22,71,71,0
5882,4741,16,7,2025-10-18,2025-10-20,2025-10-22,53,53,0
5883,4742,23,3,2025-10-22,2025-10-25,2025-10-26,75,75,4
5884,4743,10,10,2025-10-24,2025-11-09,2025-11-10,396,396,6
5885,4744,22,9,2025-10-19,2025-10-19,2025-10-22,121,121,1
5886,4745,48,9,2025-10-27,2025-11-10,2025-11-12,46,46,2
5887,4746,8,9,2025-10-21,2025-10-26,2025-10-26,20,20,1
5888,4747,35,9,2025-10-19,2025-10-26,2025-10-28,560,560,8
5889,4748,12,6,2025-10-20,2025-11-02,2025-11-04,79,79,1
5890,4749,6,6,2025-10-25,2025-11-03,2025-11-04,286,286,1
5891,4749,6,6,2025-10-29,2025-11-03,2025-11-04,407,407,1
5892,4750,12,6,2025-10-28,2025-11-01,2025-11-04,491,491,7
5893,4751,35,6,2025-10-25,2025-10-28,2025-10-28,57,57,0
5894,4752,43,10,2025-10-21,2025-10-25,2025-10-26,197,197,7
5895,4753,48,10,2025-10-24,2025-11-10,2025-11-12,87,87,3
5896,4754,33,10,2025-10-28,2025-11-08,2025-11-11,473,473,11
5897,4755,16,10,2025-10-24,2025-10-24,2025-10-23,76,76,0
5898,4756,43,10,2025-10-18,2025-10-24,2025-10-26,12,12,0
5899,4756,43,10,2025-10-18,2025-10-23,2025-10-26,9,9,0
5900,4757,8,2,2025-10-19,2025-10-23,2025-10-26,476,476,9
5901,4758,15,2,2025-10-21,2025-10-21,2025-10-23,208,208,5
5902,4759,2,2,2025-10-26,2025-11-02,2025-11-03,36,36,0
5903,4760,16,2,2025-10-20,2025-10-23,2025-10-23,321,321,2
5904,4761,30,2,2025-10-18,2025-10-25,2025-10-27,9,9,0
5905,4762,19,2,2025-10-19,2025-10-19,2025-10-21,132,132,1
5906,4763,31,3,2025-10-31,2025-11-16,2025-11-17,13,13,0
5907,4763,31,3,2025-10-26,2025-11-14,2025-11-17,17,17,0
5908,4764,46,3,2025-10-27,2025-11-22,2025-11-12,201,201,10
5909,4765,10,3,2025-10-26,2025-11-08,2025-11-11,2,2,0
5910,4765,10,3,2025-10-25,2025-11-11,2025-11-11,3,3,0
5911,4766,43,3,2025-10-21,2025-10-26,2025-10-26,4,4,0
5912,4767,36,3,2025-10-19,2025-10-26,2025-10-28,53,53,3
5913,4767,36,3,2025-10-17,2025-10-25,2025-10-28,89,89,5
5914,4768,30,10,2025-10-17,2025-10-27,2025-10-27,15,15,0
5915,4769,30,10,2025-10-24,2025-10-26,2025-10-27,11,11,0
5916,4770,25,3,2025-10-18,2025-10-24,2025-10-24,130,130,1
5917,4771,50,3,2025-10-23,2025-11-03,2025-11-04,20,20,0
5918,4772,1,10,2025-10-28,2025-10-28,2025-10-29,622,622,11
5919,4773,39,10,2025-10-22,2025-10-31,2025-10-23,8,8,0
5920,4774,29,10,2025-10-29,2025-11-06,2025-11-09,114,114,1
5921,4775,40,10,2025-10-26,2025-11-06,2025-11-08,293,293,3
5922,4776,18,10,2025-10-20,2025-10-22,2025-10-22,57,57,2
5923,4777,5,10,2025-10-18,2025-10-19,2025-10-22,33,33,2
5924,4778,25,10,2025-10-17,2025-10-21,2025-10-24,67,67,2
5925,4779,21,10,2025-10-22,2025-10-22,2025-10-23,2,2,0
5926,4779,21,10,2025-10-18,2025-10-21,2025-10-23,2,2,0
5927,4780,29,2,2025-10-25,2025-11-08,2025-11-09,179,179,3
5928,4781,25,2,2025-10-17,2025-10-24,2025-10-24,7,7,0
5929,4782,7,2,2025-11-05,2025-11-20,2025-11-20,66,66,1
5930,4783,49,2,2025-10-17,2025-10-18,2025-10-21,10,10,0
5931,4784,13,5,2025-10-17,2025-10-26,2025-10-29,239,239,4
5932,4785,24,5,2025-11-03,2025-11-06,2025-11-07,48,48,1
5933,4786,45,5,2025-10-28,2025-11-09,2025-11-10,33,33,0
5934,4787,25,5,2025-10-20,2025-10-21,2025-10-24,552,552,12
5935,4788,18,5,2025-10-17,2025-10-22,2025-10-22,13,13,1
5936,4789,25,5,2025-10-21,2025-10-22,2025-10-24,6,6,0
5937,4789,25,5,2025-10-19,2025-10-22,2025-10-24,7,7,0
5938,4790,50,9,2025-10-28,2025-11-05,2025-11-05,10,10,1
5939,4791,1,9,2025-10-25,2025-10-29,2025-10-30,142,142,3
5940,4791,1,9,2025-10-23,2025-10-30,2025-10-30,68,68,1
5941,4791,1,9,2025-10-24,2025-10-28,2025-10-30,53,53,0
5942,4792,43,9,2025-10-21,2025-10-26,2025-10-27,47,47,1
5943,4793,25,9,2025-10-21,2025-10-22,2025-10-25,405,405,8
5944,4794,36,6,2025-10-21,2025-10-29,2025-10-29,21,21,0
5945,4794,36,6,2025-10-19,2025-10-26,2025-10-29,16,16,1
5946,4795,26,3,2025-10-23,2025-10-27,2025-10-30,86,86,0
5947,4796,42,3,2025-10-18,2025-10-31,2025-10-31,18,18,1
5948,4797,1,3,2025-10-25,2025-10-30,2025-10-30,649,649,10
5949,4798,6,3,2025-10-28,2025-11-05,2025-11-05,26,26,0
5950,4799,33,3,2025-11-02,2025-11-11,2025-11-12,17,17,0
5951,4800,18,1,2025-10-23,2025-10-23,2025-10-23,11,11,0
5952,4800,18,1,2025-10-18,2025-10-21,2025-10-23,10,10,0
5953,4800,18,1,2025-10-22,2025-10-22,2025-10-23,10,10,0
5954,4801,10,1,2025-10-27,2025-11-12,2025-11-12,7,7,0
5955,4802,13,1,2025-10-23,2025-10-30,2025-10-30,14,14,0
5956,4803,45,1,2025-10-31,2025-11-08,2025-11-11,94,94,0
5957,4803,45,1,2025-10-29,2025-11-09,2025-11-11,79,79,0
5958,4804,40,1,2025-10-25,2025-11-06,2025-11-09,8,8,0
5959,4805,50,1,2025-10-29,2025-11-04,2025-11-05,215,215,7
5960,4806,15,2,2025-10-18,2025-10-21,2025-10-24,5,5,0
5961,4806,15,2,2025-10-20,2025-10-24,2025-10-24,8,8,0
5962,4807,10,2,2025-10-30,2025-11-11,2025-11-12,179,179,2
5963,4807,10,2,2025-11-01,2025-11-22,2025-11-12,117,117,6
5964,4807,10,2,2025-10-30,2025-11-12,2025-11-12,112,112,3
5965,4808,42,2,2025-10-24,2025-10-29,2025-10-31,9,9,0
5966,4809,19,2,2025-10-18,2025-10-19,2025-10-22,306,306,2
5967,4810,24,10,2025-11-02,2025-11-08,2025-11-08,22,22,0
5968,4810,24,10,2025-11-01,2025-11-07,2025-11-08,21,21,0
5969,4811,43,10,2025-10-22,2025-10-26,2025-10-27,4,4,0
5970,4812,7,10,2025-10-30,2025-11-18,2025-11-21,118,118,1
5971,4813,43,10,2025-10-26,2025-10-26,2025-10-27,245,245,8
5972,4813,43,10,2025-10-23,2025-10-26,2025-10-27,278,278,5
5973,4814,35,10,2025-10-20,2025-10-27,2025-10-29,507,507,8
5974,4815,44,10,2025-10-28,2025-11-06,2025-11-07,78,78,1
5975,4816,8,10,2025-10-25,2025-10-25,2025-10-27,23,23,0
5976,4817,36,10,2025-10-21,2025-10-29,2025-10-29,930,930,44
5977,4818,50,10,2025-10-26,2025-11-02,2025-11-05,101,101,2
5978,4819,20,10,2025-10-20,2025-10-26,2025-10-23,38,38,1
5979,4820,43,3,2025-10-18,2025-10-26,2025-10-27,36,36,2
5980,4821,20,3,2025-10-18,2025-10-22,2025-10-23,61,61,1
5981,4822,32,1,2025-10-25,2025-10-25,2025-10-23,123,123,1
5982,4823,12,1,2025-10-30,2025-11-03,2025-11-05,20,20,0
5983,4824,43,1,2025-10-18,2025-10-26,2025-10-27,10,10,0
5984,4825,21,2,2025-10-19,2025-11-04,2025-10-24,12,12,0
5985,4825,21,2,2025-10-22,2025-10-23,2025-10-24,25,25,0
5986,4826,45,2,2025-10-28,2025-11-11,2025-11-11,28,28,0
5987,4826,45,2,2025-10-31,2025-11-11,2025-11-11,22,22,0
5988,4826,45,2,2025-11-03,2025-11-08,2025-11-11,17,17,0
5989,4827,30,2,2025-10-25,2025-10-25,2025-10-28,9,9,0
5990,4828,18,1,2025-10-20,2025-10-23,2025-10-23,22,22,1
5991,4829,26,6,2025-10-25,2025-11-01,2025-10-30,24,24,1
5992,4829,26,6,2025-10-24,2025-10-28,2025-10-30,20,20,1
5993,4829,26,6,2025-10-18,2025-10-29,2025-10-30,18,18,1
5994,4830,5,6,2025-10-23,2025-10-23,2025-10-23,38,38,3
5995,4831,32,6,2025-10-20,2025-10-23,2025-10-23,446,446,2
5996,4832,43,6,2025-10-21,2025-10-25,2025-10-27,50,50,3
5997,4833,37,6,2025-11-07,2025-11-21,2025-11-17,793,793,8
5998,4834,2,7,2025-10-25,2025-11-04,2025-11-05,13,13,0
5999,4835,8,7,2025-10-22,2025-10-26,2025-10-28,9,9,0
6000,4836,11,7,2025-10-24,2025-10-29,2025-10-31,604,604,5
6001,4837,23,7,2025-10-19,2025-10-26,2025-10-29,76,76,4
6002,4838,35,7,2025-10-25,2025-10-29,2025-10-30,1116,1116,21
6003,4839,17,7,2025-10-28,2025-10-28,2025-10-30,62,62,4
6004,4840,15,7,2025-10-22,2025-10-25,2025-10-25,361,361,7
6005,4841,8,5,2025-10-24,2025-10-27,2025-10-28,37,37,1
6006,4842,38,4,2025-10-19,2025-10-22,2025-10-23,530,530,17
6007,4843,4,5,2025-10-25,2025-11-08,2025-11-09,371,371,9
6008,4844,3,8,2025-11-08,2025-11-25,2025-11-22,13,13,1
6009,4845,20,8,2025-10-22,2025-10-30,2025-10-24,16,16,0
6010,4846,5,7,2025-10-19,2025-11-04,2025-10-24,15,15,1
6011,4847,35,8,2025-10-19,2025-10-28,2025-10-30,21,21,0
6012,4848,9,8,2025-10-26,2025-11-06,2025-11-07,188,188,1
6013,4848,9,8,2025-10-25,2025-11-07,2025-11-07,120,120,2
6014,4848,9,8,2025-10-28,2025-11-07,2025-11-07,192,192,4
6015,4849,41,8,2025-10-27,2025-11-04,2025-11-06,589,589,15
6016,4850,35,8,2025-10-27,2025-10-29,2025-10-30,64,64,1
6017,4850,35,8,2025-10-21,2025-10-29,2025-10-30,33,33,0
6018,4850,35,8,2025-10-23,2025-10-28,2025-10-30,28,28,0
6019,4851,42,10,2025-10-22,2025-10-31,2025-11-01,451,451,10
6020,4852,29,4,2025-10-25,2025-11-08,2025-11-11,13,13,0
6021,4853,41,4,2025-10-29,2025-11-10,2025-11-06,272,272,23
6022,4854,20,2,2025-10-19,2025-10-24,2025-10-24,99,99,1
6023,4855,20,2,2025-10-20,2025-10-21,2025-10-24,53,53,0
6024,4855,20,2,2025-10-23,2025-10-23,2025-10-24,63,63,2
6025,4856,25,2,2025-10-21,2025-10-24,2025-10-26,5,5,0
6026,4856,25,2,2025-10-24,2025-10-25,2025-10-26,3,3,0
6027,4856,25,2,2025-10-20,2025-11-02,2025-10-26,2,2,0
6028,4857,8,4,2025-10-26,2025-10-26,2025-10-28,7,7,0
6029,4858,30,4,2025-10-22,2025-10-27,2025-10-29,18,18,0
6030,4859,15,4,2025-10-19,2025-10-25,2025-10-25,21,21,1
6031,4860,48,4,2025-11-03,2025-11-13,2025-11-14,45,45,1
6032,4861,37,3,2025-11-05,2025-11-19,2025-11-19,89,89,0
6033,4862,47,3,2025-10-31,2025-11-17,2025-11-10,141,141,8
6034,4862,47,3,2025-11-02,2025-11-10,2025-11-10,255,255,13
6035,4863,18,8,2025-10-23,2025-10-24,2025-10-25,3,3,0
6036,4863,18,8,2025-10-24,2025-10-24,2025-10-25,7,7,0
6037,4864,12,1,2025-10-26,2025-11-05,2025-11-07,498,498,6
6038,4865,35,1,2025-10-26,2025-10-28,2025-10-31,141,141,2
6039,4866,31,10,2025-10-30,2025-11-19,2025-11-20,4,4,0
6040,4867,30,10,2025-10-21,2025-10-27,2025-10-30,65,65,1
6041,4868,38,10,2025-10-25,2025-10-25,2025-10-24,476,476,11
6042,4869,4,8,2025-10-31,2025-11-10,2025-11-10,914,914,34
6043,4870,35,8,2025-10-20,2025-10-30,2025-10-31,6,6,0
6044,4871,5,3,2025-10-20,2025-10-24,2025-10-25,452,452,22
6045,4872,3,3,2025-11-04,2025-11-30,2025-11-23,21,21,1
6046,4872,3,3,2025-11-08,2025-11-21,2025-11-23,20,20,1
6047,4873,13,4,2025-10-24,2025-10-30,2025-11-02,46,46,1
6048,4874,46,4,2025-11-05,2025-11-19,2025-11-16,84,84,4
6049,4875,8,9,2025-10-25,2025-10-30,2025-10-30,58,58,1
6050,4876,47,8,2025-11-03,2025-11-11,2025-11-11,8,8,0
6051,4877,15,1,2025-10-23,2025-10-27,2025-10-27,621,621,26
6052,4878,12,1,2025-10-23,2025-11-08,2025-11-08,230,230,7
6053,4879,46,1,2025-10-31,2025-11-14,2025-11-16,84,84,3
6054,4880,48,1,2025-10-30,2025-11-15,2025-11-16,490,490,10
6055,4881,43,2,2025-10-26,2025-10-30,2025-10-30,113,113,4
6056,4882,35,2,2025-10-25,2025-10-29,2025-11-01,167,167,0
6057,4883,20,2,2025-10-22,2025-10-25,2025-10-26,11,11,0
6058,4884,23,9,2025-10-29,2025-10-30,2025-10-31,71,71,2
6059,4885,38,9,2025-10-21,2025-10-22,2025-10-25,23,23,1
6060,4886,17,9,2025-10-25,2025-11-10,2025-11-01,12,12,1
6061,4887,20,9,2025-10-21,2025-10-29,2025-10-26,56,56,1
6062,4888,6,9,2025-10-29,2025-11-07,2025-11-08,89,89,0
6063,4889,17,9,2025-10-24,2025-11-01,2025-11-01,507,507,29
6064,4890,35,9,2025-10-21,2025-10-31,2025-11-01,10,10,0
6065,4891,30,10,2025-11-02,2025-11-02,2025-10-31,1257,1257,9
6066,4892,2,10,2025-10-28,2025-11-07,2025-11-07,60,60,1
6067,4893,40,9,2025-10-31,2025-11-10,2025-11-12,14,14,0
6068,4894,19,9,2025-10-23,2025-10-24,2025-10-25,18,18,1
6069,4894,19,9,2025-10-22,2025-10-24,2025-10-25,44,44,1
6070,4895,43,9,2025-10-25,2025-11-06,2025-10-30,15,15,1
6071,4896,15,10,2025-10-24,2025-10-25,2025-10-27,6,6,0
6072,4897,37,10,2025-11-06,2025-11-17,2025-11-20,15,15,0
6073,4898,43,7,2025-10-21,2025-10-28,2025-10-30,9,9,0
6074,4899,5,7,2025-10-22,2025-10-26,2025-10-26,89,89,3
6075,4900,25,5,2025-10-22,2025-10-26,2025-10-28,50,50,1
6076,4900,25,5,2025-10-21,2025-10-25,2025-10-28,68,68,0
6077,4901,46,5,2025-11-07,2025-11-16,2025-11-16,537,537,6
6078,4902,40,5,2025-10-27,2025-11-11,2025-11-12,32,32,0
6079,4902,40,5,2025-10-27,2025-11-09,2025-11-12,42,42,0
6080,4903,37,4,2025-11-06,2025-11-20,2025-11-20,395,395,13
6081,4904,39,4,2025-10-21,2025-10-24,2025-10-27,13,13,0
6082,4905,35,4,2025-10-26,2025-10-31,2025-11-01,237,237,2
6083,4906,44,4,2025-10-28,2025-11-08,2025-11-10,12,12,0
6084,4906,44,4,2025-10-30,2025-11-10,2025-11-10,15,15,0
6085,4907,41,6,2025-10-29,2025-11-07,2025-11-08,6,6,0
6086,4908,26,6,2025-10-30,2025-11-01,2025-11-02,17,17,1
6087,4909,25,6,2025-10-21,2025-11-02,2025-10-28,181,181,2
6088,4909,25,6,2025-10-21,2025-10-25,2025-10-28,58,58,0
6089,4909,25,6,2025-10-28,2025-10-28,2025-10-28,116,116,1
6090,4910,15,7,2025-10-22,2025-10-24,2025-10-27,29,29,0
6091,4911,2,7,2025-10-31,2025-11-06,2025-11-07,93,93,0
6092,4912,7,7,2025-10-31,2025-11-23,2025-11-24,11,11,0
6093,4913,44,4,2025-10-31,2025-11-08,2025-11-10,16,16,0
6094,4914,50,4,2025-10-31,2025-11-08,2025-11-08,115,115,4
6095,4915,40,4,2025-10-30,2025-11-10,2025-11-12,38,38,0
6096,4916,38,5,2025-10-24,2025-10-26,2025-10-25,231,231,8
6097,4917,13,7,2025-10-26,2025-11-02,2025-11-03,28,28,1
6098,4917,13,7,2025-11-02,2025-11-02,2025-11-03,35,35,1
6099,4918,5,7,2025-10-23,2025-10-24,2025-10-27,5,5,0
6100,4919,25,4,2025-10-22,2025-11-03,2025-10-29,254,254,2
6101,4920,50,4,2025-10-30,2025-11-09,2025-11-09,895,895,9
6102,4921,8,8,2025-10-24,2025-10-29,2025-10-31,375,375,4
6103,4922,35,8,2025-10-30,2025-10-30,2025-11-02,246,246,3
6104,4923,20,10,2025-10-22,2025-10-26,2025-10-27,132,132,3
6105,4924,15,10,2025-10-24,2025-10-27,2025-10-28,106,106,7
6106,4924,15,10,2025-10-22,2025-10-25,2025-10-28,180,180,5
6107,4925,2,10,2025-10-25,2025-11-08,2025-11-08,10,10,0
6108,4925,2,10,2025-10-28,2025-11-08,2025-11-08,6,6,0
6109,4925,2,10,2025-10-31,2025-11-08,2025-11-08,10,10,0
6110,4926,1,10,2025-10-28,2025-11-01,2025-11-03,24,24,0
6111,4927,41,10,2025-11-01,2025-11-13,2025-11-09,101,101,6
6112,4928,11,10,2025-10-28,2025-11-01,2025-11-03,10,10,0
6113,4929,31,4,2025-11-06,2025-11-21,2025-11-22,61,61,1
6114,4930,37,4,2025-11-08,2025-11-21,2025-11-21,64,64,1
6115,4930,37,4,2025-11-05,2025-11-25,2025-11-21,34,34,0
6116,4930,37,4,2025-11-07,2025-11-19,2025-11-21,54,54,1
6117,4931,42,4,2025-10-24,2025-11-04,2025-11-04,12,12,1
6118,4931,42,4,2025-10-23,2025-11-03,2025-11-04,9,9,1
6119,4932,41,2,2025-10-26,2025-11-09,2025-11-09,242,242,2
6120,4933,40,1,2025-11-03,2025-11-13,2025-11-13,28,28,0
6121,4933,40,1,2025-10-31,2025-11-13,2025-11-13,32,32,0
6122,4934,30,1,2025-10-26,2025-10-29,2025-11-01,8,8,0
6123,4934,30,1,2025-10-22,2025-11-01,2025-11-01,13,13,0
6124,4935,5,1,2025-10-22,2025-10-24,2025-10-27,18,18,1
6125,4936,35,1,2025-10-26,2025-10-30,2025-11-02,61,61,1
6126,4937,20,1,2025-10-22,2025-10-24,2025-10-27,34,34,1
6127,4938,42,4,2025-10-26,2025-11-10,2025-11-04,2,2,0
6128,4938,42,4,2025-10-26,2025-11-02,2025-11-04,5,5,0
6129,4939,5,4,2025-10-24,2025-10-27,2025-10-27,402,402,0
6130,4940,35,4,2025-10-28,2025-11-02,2025-11-02,21,21,0
6131,4940,35,4,2025-10-31,2025-10-31,2025-11-02,42,42,0
6132,4941,35,4,2025-10-23,2025-11-02,2025-11-02,6,6,0
6133,4942,19,9,2025-10-26,2025-10-26,2025-10-26,28,28,0
6134,4942,19,9,2025-10-24,2025-10-24,2025-10-26,73,73,1
6135,4943,23,9,2025-10-31,2025-11-01,2025-11-01,7,7,1
6136,4944,48,8,2025-11-03,2025-11-14,2025-11-17,1066,1066,67
6137,4945,39,8,2025-10-25,2025-10-25,2025-10-28,47,47,1
6138,4946,35,2,2025-10-28,2025-11-14,2025-11-03,1057,1057,12
6139,4947,2,2,2025-11-05,2025-11-08,2025-11-09,76,76,2
6140,4948,42,10,2025-10-30,2025-11-04,2025-11-05,106,106,5
6141,4949,45,10,2025-11-03,2025-11-13,2025-11-16,241,241,1
6142,4949,45,10,2025-11-09,2025-11-15,2025-11-16,359,359,2
6143,4950,14,10,2025-10-25,2025-11-15,2025-11-04,125,125,0
6144,4951,32,8,2025-10-23,2025-10-25,2025-10-28,6,6,0
6145,4952,9,8,2025-10-27,2025-11-08,2025-11-11,751,751,27
6146,4953,18,8,2025-10-29,2025-10-29,2025-10-28,40,40,2
6147,4953,18,8,2025-10-29,2025-10-29,2025-10-28,72,72,2
6148,4954,36,8,2025-10-28,2025-11-02,2025-11-03,7,7,0
6149,4955,14,8,2025-10-28,2025-11-01,2025-11-04,81,81,0
6150,4955,14,8,2025-10-23,2025-11-04,2025-11-04,33,33,0
6151,4955,14,8,2025-11-01,2025-11-04,2025-11-04,56,56,0
6152,4956,40,8,2025-11-04,2025-11-13,2025-11-14,21,21,0
6153,4957,17,8,2025-10-23,2025-11-02,2025-11-03,20,20,2
6154,4958,4,8,2025-10-29,2025-11-10,2025-11-13,183,183,5
6155,4959,10,7,2025-11-01,2025-11-19,2025-11-17,26,26,1
6156,4960,5,7,2025-10-23,2025-10-25,2025-10-28,394,394,7
6157,4961,35,7,2025-10-28,2025-10-31,2025-11-03,11,11,0
6158,4962,21,8,2025-10-23,2025-10-27,2025-10-29,29,29,1
6159,4963,30,8,2025-10-31,2025-10-31,2025-11-02,539,539,2
6160,4964,43,8,2025-10-28,2025-10-29,2025-11-01,603,603,8
6161,4965,38,9,2025-10-26,2025-11-06,2025-10-27,57,57,1
6162,4966,4,1,2025-11-03,2025-11-12,2025-11-13,205,205,9
6163,4966,4,1,2025-11-04,2025-11-18,2025-11-13,301,301,7
6164,4967,30,1,2025-10-26,2025-10-30,2025-11-02,527,527,2
6165,4968,24,1,2025-10-31,2025-11-11,2025-11-13,75,75,1
6166,4969,23,1,2025-10-27,2025-11-02,2025-11-02,370,370,24
6167,4969,23,1,2025-10-27,2025-11-14,2025-11-02,200,200,10
6168,4969,23,1,2025-10-26,2025-10-30,2025-11-02,273,273,14
6169,4970,5,1,2025-10-23,2025-10-27,2025-10-28,90,90,4
6170,4971,30,1,2025-10-27,2025-10-30,2025-11-02,99,99,0
6171,4972,17,1,2025-10-29,2025-11-02,2025-11-03,3,3,1
6172,4972,17,1,2025-10-24,2025-11-13,2025-11-03,5,5,0
6173,4973,30,1,2025-10-23,2025-11-01,2025-11-02,215,215,2
6174,4973,30,1,2025-10-27,2025-11-02,2025-11-02,212,212,1
6175,4974,32,6,2025-10-27,2025-10-28,2025-10-28,637,637,4
6176,4974,32,6,2025-10-29,2025-10-29,2025-10-28,225,225,4
6177,4974,32,6,2025-10-25,2025-10-27,2025-10-28,360,360,4
6178,4975,43,6,2025-10-25,2025-10-31,2025-11-01,326,326,14
6179,4975,43,6,2025-10-23,2025-10-29,2025-11-01,337,337,9
6180,4976,16,6,2025-10-23,2025-10-27,2025-10-29,5,5,0
6181,4976,16,6,2025-10-23,2025-10-28,2025-10-29,3,3,0
6182,4977,30,6,2025-10-25,2025-10-31,2025-11-02,9,9,0
6183,4978,25,6,2025-10-26,2025-10-29,2025-10-30,119,119,1
6184,4979,12,1,2025-11-03,2025-11-07,2025-11-10,11,11,0
6185,4980,22,1,2025-10-26,2025-10-28,2025-10-28,195,195,6
6186,4981,39,5,2025-10-24,2025-10-29,2025-10-29,540,540,7
6187,4982,7,5,2025-11-07,2025-11-26,2025-11-26,208,208,2
6188,4983,46,5,2025-11-07,2025-11-19,2025-11-18,27,27,2
6189,4984,16,5,2025-10-26,2025-10-27,2025-10-29,130,130,0
6190,4985,45,8,2025-11-01,2025-11-14,2025-11-16,119,119,0
6191,4986,31,8,2025-11-03,2025-11-20,2025-11-23,119,119,4
6192,4987,28,3,2025-11-01,2025-11-10,2025-11-10,11,11,0
6193,4988,18,8,2025-10-27,2025-11-06,2025-10-28,208,208,6
6194,4989,48,8,2025-11-02,2025-11-30,2025-11-18,663,663,37
6195,4990,10,8,2025-10-26,2025-11-15,2025-11-17,465,465,11
6196,4991,30,8,2025-10-24,2025-11-02,2025-11-02,4,4,0
6197,4991,30,8,2025-10-29,2025-10-31,2025-11-02,3,3,0
6198,4992,17,8,2025-10-26,2025-11-01,2025-11-03,372,372,20
6199,4993,15,8,2025-10-23,2025-10-29,2025-10-29,478,478,10
6200,4994,4,8,2025-10-31,2025-11-12,2025-11-13,51,51,1
6201,4995,24,10,2025-11-02,2025-11-13,2025-11-13,23,23,1
6202,4996,8,10,2025-10-29,2025-11-01,2025-11-01,14,14,0
6203,4997,35,5,2025-10-30,2025-11-03,2025-11-04,561,561,9
6204,4998,21,5,2025-11-03,2025-11-03,2025-10-30,909,909,32
6205,4999,3,5,2025-11-08,2025-11-26,2025-11-27,262,262,10
6206,4999,3,5,2025-11-05,2025-11-24,2025-11-27,463,463,42
6207,5000,29,5,2025-11-02,2025-11-14,2025-11-16,54,54,0
6208,5001,43,1,2025-10-24,2025-11-01,2025-11-02,525,525,25
6209,5002,23,3,2025-10-30,2025-10-31,2025-11-03,16,16,1
6210,5003,36,3,2025-10-27,2025-11-02,2025-11-04,3,3,0
6211,5003,36,3,2025-10-30,2025-11-04,2025-11-04,4,4,0
6212,5004,8,3,2025-10-26,2025-11-01,2025-11-02,519,519,10
6213,5005,17,3,2025-10-31,2025-11-02,2025-11-04,4,4,0
6214,5005,17,3,2025-10-30,2025-11-03,2025-11-04,5,5,1
6215,5006,33,3,2025-11-17,2025-11-17,2025-11-18,177,177,9
6216,5007,10,3,2025-11-06,2025-11-15,2025-11-18,58,58,2
6217,5007,10,3,2025-10-31,2025-11-16,2025-11-18,122,122,6
6218,5008,31,3,2025-11-10,2025-11-23,2025-11-24,925,925,36
6219,5009,5,1,2025-10-30,2025-10-30,2025-10-29,25,25,3
6220,5010,50,1,2025-11-02,2025-11-13,2025-11-11,30,30,1
6221,5011,2,1,2025-10-29,2025-11-09,2025-11-10,10,10,0
6222,5012,39,9,2025-10-24,2025-10-28,2025-10-30,134,134,2
6223,5012,39,9,2025-10-26,2025-10-27,2025-10-30,159,159,4
6224,5013,50,9,2025-10-28,2025-11-11,2025-11-11,224,224,5
6225,5014,36,1,2025-10-26,2025-11-03,2025-11-04,227,227,11
6226,5015,25,3,2025-10-26,2025-10-30,2025-10-31,6,6,0
6227,5016,41,3,2025-10-26,2025-11-10,2025-11-11,11,11,0
6228,5016,41,3,2025-11-04,2025-11-08,2025-11-11,20,20,1
6229,5017,50,2,2025-10-29,2025-11-22,2025-11-11,105,105,3
6230,5017,50,2,2025-11-01,2025-11-08,2025-11-11,72,72,3
6231,5018,15,6,2025-10-26,2025-11-05,2025-10-30,14,14,1
6232,5019,11,6,2025-10-30,2025-11-05,2025-11-05,22,22,0
6233,5020,10,6,2025-10-31,2025-11-20,2025-11-18,504,504,5
6234,5021,44,7,2025-11-01,2025-11-13,2025-11-13,1171,1171,20
6235,5022,12,9,2025-11-03,2025-11-09,2025-11-11,69,69,2
6236,5023,38,9,2025-10-28,2025-10-31,2025-10-28,634,634,16
6237,5024,12,7,2025-11-03,2025-11-09,2025-11-12,50,50,1
6238,5025,30,7,2025-11-04,2025-11-04,2025-11-04,221,221,3
6239,5026,5,7,2025-10-28,2025-10-28,2025-10-30,114,114,3
6240,5027,30,1,2025-11-01,2025-11-01,2025-11-04,5,5,0
6241,5028,32,1,2025-10-30,2025-10-30,2025-10-30,591,591,6
6242,5029,40,4,2025-10-29,2025-11-15,2025-11-16,819,819,12
6243,5030,15,4,2025-10-31,2025-11-04,2025-10-31,39,39,1
6244,5030,15,4,2025-10-25,2025-10-29,2025-10-31,13,13,1
6245,5030,15,4,2025-10-28,2025-10-29,2025-10-31,25,25,1
6246,5031,29,4,2025-11-05,2025-11-19,2025-11-17,27,27,0
6247,5032,32,4,2025-10-27,2025-10-28,2025-10-30,606,606,5
6248,5033,3,4,2025-11-11,2025-11-25,2025-11-28,31,31,2
6249,5034,3,8,2025-11-12,2025-12-02,2025-11-28,323,323,7
6250,5035,12,6,2025-10-26,2025-11-09,2025-11-12,195,195,6
6251,5035,12,6,2025-10-31,2025-11-10,2025-11-12,441,441,12
6252,5036,47,6,2025-11-04,2025-11-16,2025-11-15,233,233,0
6253,5037,17,6,2025-10-25,2025-11-03,2025-11-05,79,79,7
6254,5038,3,1,2025-11-05,2025-11-25,2025-11-28,16,16,0
6255,5039,23,1,2025-10-26,2025-11-04,2025-11-04,300,300,18
6256,5040,21,5,2025-10-25,2025-10-29,2025-10-31,1019,1019,43
6257,5041,39,10,2025-10-25,2025-10-31,2025-10-31,6,6,0
6258,5042,10,10,2025-11-04,2025-12-01,2025-11-19,8,8,0
6259,5043,5,10,2025-10-30,2025-10-30,2025-10-30,118,118,3
6260,5044,14,8,2025-11-04,2025-11-07,2025-11-06,13,13,0
6261,5045,23,8,2025-11-01,2025-11-01,2025-11-04,6,6,0
6262,5046,39,8,2025-10-27,2025-10-29,2025-10-31,959,959,1
6263,5047,37,2,2025-11-13,2025-11-21,2025-11-24,67,67,1
6264,5048,14,2,2025-10-31,2025-11-03,2025-11-06,442,442,1
6265,5049,7,2,2025-11-13,2025-11-27,2025-11-28,79,79,0
6266,5049,7,2,2025-11-09,2025-12-05,2025-11-28,80,80,1
6267,5049,7,2,2025-11-10,2025-12-06,2025-11-28,103,103,2
6268,5050,15,2,2025-10-28,2025-10-28,2025-10-31,28,28,1
6269,5051,9,2,2025-11-01,2025-11-12,2025-11-13,19,19,0
6270,5052,7,10,2025-11-11,2025-11-25,2025-11-28,27,27,0
6271,5052,7,10,2025-11-11,2025-11-28,2025-11-28,35,35,0
6272,5053,16,10,2025-10-25,2025-10-29,2025-10-31,46,46,0
6273,5054,43,10,2025-10-25,2025-10-31,2025-11-03,624,624,22
6274,5055,9,10,2025-11-02,2025-11-11,2025-11-13,839,839,18
6275,5056,30,2,2025-10-25,2025-11-01,2025-11-04,65,65,1
6276,5057,11,2,2025-11-01,2025-11-06,2025-11-06,124,124,3
6277,5058,35,2,2025-11-01,2025-11-02,2025-11-05,94,94,1
6278,5059,29,10,2025-11-06,2025-11-14,2025-11-17,241,241,3
6279,5060,35,10,2025-10-28,2025-11-02,2025-11-05,128,128,0
6280,5061,30,10,2025-10-30,2025-11-04,2025-11-04,8,8,0
6281,5062,50,1,2025-11-05,2025-11-11,2025-11-12,6,6,0
6282,5063,2,1,2025-11-04,2025-11-11,2025-11-11,55,55,1
6283,5064,20,1,2025-10-27,2025-10-30,2025-10-30,703,703,12
6284,5065,47,1,2025-11-04,2025-11-13,2025-11-15,6,6,0
6285,5066,15,1,2025-10-25,2025-10-29,2025-10-31,39,39,3
6286,5066,15,1,2025-10-30,2025-10-30,2025-10-31,84,84,4
6287,5067,35,1,2025-10-28,2025-11-04,2025-11-05,49,49,0
6288,5067,35,1,2025-10-28,2025-11-03,2025-11-05,53,53,0
6289,5068,44,5,2025-11-05,2025-11-12,2025-11-14,439,439,1
6290,5069,3,5,2025-11-11,2025-11-29,2025-11-28,868,868,10
6291,5070,5,5,2025-10-28,2025-10-29,2025-10-30,15,15,1
6292,5071,6,1,2025-10-28,2025-11-09,2025-11-12,25,25,0
6293,5072,22,1,2025-10-25,2025-10-29,2025-10-30,268,268,0
6294,5073,40,5,2025-10-31,2025-11-13,2025-11-16,13,13,0
6295,5074,15,8,2025-10-30,2025-10-30,2025-11-01,812,812,35
6296,5075,23,8,2025-10-29,2025-11-05,2025-11-05,141,141,2
6297,5075,23,8,2025-11-03,2025-11-11,2025-11-05,201,201,20
6298,5076,15,8,2025-10-30,2025-11-12,2025-11-01,471,471,18
6299,5077,35,8,2025-11-02,2025-11-04,2025-11-06,8,8,0
6300,5077,35,8,2025-11-02,2025-11-06,2025-11-06,8,8,0
6301,5078,35,8,2025-10-27,2025-11-06,2025-11-06,913,913,3
6302,5079,41,8,2025-11-01,2025-11-16,2025-11-13,164,164,2
6303,5080,22,8,2025-10-27,2025-10-31,2025-10-31,29,29,1
6304,5081,21,8,2025-10-28,2025-10-30,2025-11-01,172,172,6
6305,5082,44,8,2025-11-07,2025-11-21,2025-11-15,147,147,2
6306,5083,41,4,2025-10-31,2025-11-17,2025-11-13,335,335,18
6307,5084,16,4,2025-10-30,2025-11-01,2025-11-01,1183,1183,3
6308,5085,32,4,2025-10-26,2025-10-28,2025-10-31,34,34,0
6309,5086,1,4,2025-11-03,2025-11-05,2025-11-07,1037,1037,17
6310,5087,35,4,2025-10-26,2025-11-03,2025-11-06,30,30,0
6311,5088,29,4,2025-11-07,2025-11-18,2025-11-18,61,61,1
6312,5088,29,4,2025-11-11,2025-11-15,2025-11-18,51,51,0
6313,5089,2,4,2025-11-02,2025-11-10,2025-11-12,26,26,0
6314,5090,19,1,2025-10-26,2025-11-06,2025-10-30,7,7,0
6315,5091,42,3,2025-10-31,2025-11-06,2025-11-09,2,2,0
6316,5091,42,3,2025-11-02,2025-11-19,2025-11-09,1,1,0
6317,5091,42,3,2025-11-07,2025-11-07,2025-11-09,1,1,0
6318,5092,11,3,2025-11-04,2025-11-19,2025-11-08,61,61,1
6319,5093,46,3,2025-11-11,2025-11-20,2025-11-22,8,8,0
6320,5094,12,2,2025-11-05,2025-11-13,2025-11-14,53,53,0
6321,5095,5,8,2025-11-03,2025-11-03,2025-11-02,77,77,3
6322,5096,25,8,2025-10-28,2025-11-03,2025-11-04,5,5,0
6323,5097,43,8,2025-10-31,2025-11-15,2025-11-06,146,146,9
6324,5098,18,8,2025-10-31,2025-11-02,2025-11-02,12,12,0
6325,5099,18,8,2025-10-28,2025-10-30,2025-11-02,19,19,1
6326,5099,18,8,2025-11-02,2025-11-02,2025-11-02,16,16,0
6327,5100,6,8,2025-11-02,2025-11-14,2025-11-15,13,13,0
6328,5101,20,8,2025-10-31,2025-11-01,2025-11-02,8,8,0
6329,5102,37,8,2025-11-13,2025-11-25,2025-11-27,53,53,2
6330,5103,35,1,2025-11-03,2025-11-06,2025-11-08,78,78,1
6331,5104,44,1,2025-11-02,2025-11-14,2025-11-17,27,27,0
6332,5105,31,1,2025-11-18,2025-11-27,2025-11-28,7,7,0
6333,5106,15,1,2025-11-02,2025-11-03,2025-11-03,35,35,2
6334,5106,15,1,2025-10-28,2025-11-03,2025-11-03,37,37,2
6335,5107,2,1,2025-11-06,2025-11-16,2025-11-14,59,59,1
6336,5108,31,5,2025-11-06,2025-12-06,2025-11-28,12,12,0
6337,5109,35,5,2025-11-06,2025-11-07,2025-11-08,29,29,0
6338,5110,28,5,2025-11-07,2025-11-19,2025-11-15,530,530,12
6339,5111,14,5,2025-11-02,2025-11-07,2025-11-09,69,69,0
6340,5112,43,5,2025-10-28,2025-11-04,2025-11-06,105,105,6
6341,5113,23,5,2025-11-05,2025-11-05,2025-11-07,783,783,14
6342,5114,21,5,2025-10-31,2025-11-02,2025-11-03,34,34,1
6343,5115,33,9,2025-11-14,2025-11-19,2025-11-22,85,85,2
6344,5116,5,9,2025-10-31,2025-11-01,2025-11-02,11,11,0
6345,5117,22,5,2025-10-30,2025-11-01,2025-11-02,30,30,1
6346,5117,22,5,2025-10-31,2025-10-31,2025-11-02,24,24,1
6347,5117,22,5,2025-10-28,2025-10-31,2025-11-02,24,24,1
6348,5118,43,6,2025-10-31,2025-11-06,2025-11-06,5,5,0
6349,5118,43,6,2025-11-05,2025-11-16,2025-11-06,6,6,0
6350,5119,8,6,2025-11-04,2025-11-04,2025-11-06,83,83,1
6351,5120,25,4,2025-10-28,2025-11-02,2025-11-04,62,62,1
6352,5121,25,2,2025-10-31,2025-11-03,2025-11-04,1028,1028,13
6353,5122,39,9,2025-10-28,2025-11-07,2025-11-03,7,7,0
6354,5123,44,9,2025-11-10,2025-11-14,2025-11-17,10,10,0
6355,5123,44,9,2025-11-04,2025-11-16,2025-11-17,12,12,0
6356,5124,17,9,2025-10-28,2025-11-07,2025-11-08,16,16,2
6357,5125,4,1,2025-11-02,2025-11-18,2025-11-19,47,47,2
6358,5126,3,1,2025-11-16,2025-12-01,2025-12-02,91,91,4
6359,5126,3,1,2025-11-09,2025-11-29,2025-12-02,48,48,2
6360,5126,3,1,2025-11-13,2025-11-30,2025-12-02,116,116,2
6361,5127,10,1,2025-11-16,2025-11-23,2025-11-23,17,17,1
6362,5128,41,9,2025-11-04,2025-11-15,2025-11-16,17,17,1
6363,5128,41,9,2025-11-12,2025-11-25,2025-11-16,48,48,2
6364,5129,35,9,2025-11-03,2025-11-07,2025-11-09,653,653,7
6365,5130,8,9,2025-10-30,2025-11-05,2025-11-07,9,9,0
6366,5131,19,9,2025-10-31,2025-10-31,2025-11-02,80,80,1
6367,5132,15,9,2025-11-05,2025-11-14,2025-11-04,2,2,0
6368,5132,15,9,2025-11-03,2025-11-04,2025-11-04,5,5,0
6369,5133,16,8,2025-10-29,2025-11-04,2025-11-04,642,642,4
6370,5134,19,8,2025-10-29,2025-11-04,2025-11-02,95,95,2
6371,5135,32,5,2025-10-29,2025-10-31,2025-11-03,125,125,1
6372,5136,41,8,2025-11-07,2025-11-14,2025-11-16,700,700,1
6373,5137,30,8,2025-11-03,2025-11-06,2025-11-08,1094,1094,2
6374,5138,15,3,2025-11-02,2025-11-02,2025-11-04,643,643,35
6375,5139,39,3,2025-11-06,2025-11-06,2025-11-04,7,7,0
6376,5140,35,3,2025-11-05,2025-11-06,2025-11-09,366,366,3
6377,5140,35,3,2025-11-06,2025-11-06,2025-11-09,263,263,3
6378,5141,25,6,2025-11-02,2025-11-10,2025-11-05,125,125,4
6379,5141,25,6,2025-11-04,2025-11-16,2025-11-05,118,118,0
6380,5142,12,6,2025-11-05,2025-11-15,2025-11-16,9,9,0
6381,5143,5,8,2025-10-30,2025-11-01,2025-11-03,8,8,0
6382,5144,43,8,2025-10-30,2025-11-05,2025-11-07,472,472,35
6383,5145,23,9,2025-11-01,2025-11-08,2025-11-08,12,12,1
6384,5146,45,9,2025-11-10,2025-11-22,2025-11-22,60,60,0
6385,5147,42,9,2025-11-02,2025-11-09,2025-11-11,247,247,20
6386,5148,25,5,2025-10-29,2025-11-02,2025-11-05,8,8,0
6387,5148,25,5,2025-10-31,2025-11-03,2025-11-05,9,9,0
6388,5149,35,5,2025-11-05,2025-11-07,2025-11-09,7,7,0
6389,5149,35,5,2025-11-06,2025-11-09,2025-11-09,3,3,0
6390,5149,35,5,2025-11-02,2025-11-07,2025-11-09,5,5,0
6391,5150,33,5,2025-11-11,2025-11-24,2025-11-23,12,12,0
6392,5151,25,6,2025-10-29,2025-11-04,2025-11-05,244,244,4
6393,5151,25,6,2025-10-31,2025-11-05,2025-11-05,170,170,2
6394,5151,25,6,2025-10-31,2025-11-03,2025-11-05,193,193,1
6395,5152,40,6,2025-11-08,2025-11-19,2025-11-20,13,13,0
6396,5153,39,1,2025-10-31,2025-11-02,2025-11-04,14,14,0
6397,5153,39,1,2025-10-31,2025-11-03,2025-11-04,8,8,0
6398,5154,3,1,2025-11-17,2025-12-13,2025-12-02,467,467,37
6399,5155,32,1,2025-10-29,2025-11-09,2025-11-03,290,290,3
6400,5156,18,3,2025-11-02,2025-11-02,2025-11-03,20,20,0
6401,5156,18,3,2025-10-29,2025-10-31,2025-11-03,36,36,0
6402,5157,4,3,2025-11-11,2025-11-27,2025-11-19,38,38,2
6403,5158,48,3,2025-11-16,2025-12-05,2025-11-24,3,3,0
6404,5158,48,3,2025-11-12,2025-11-24,2025-11-24,5,5,0
6405,5159,36,10,2025-11-02,2025-11-17,2025-11-09,19,19,0
6406,5160,11,8,2025-11-04,2025-11-10,2025-11-10,451,451,13
6407,5161,43,8,2025-11-04,2025-11-12,2025-11-07,4,4,0
6408,5161,43,8,2025-10-31,2025-11-05,2025-11-07,9,9,0
6409,5162,12,8,2025-11-13,2025-11-17,2025-11-16,7,7,0
6410,5162,12,8,2025-11-09,2025-11-16,2025-11-16,5,5,0
6411,5163,40,6,2025-11-13,2025-11-20,2025-11-20,15,15,0
6412,5164,50,6,2025-11-02,2025-11-15,2025-11-16,67,67,4
6413,5165,19,6,2025-11-03,2025-11-05,2025-11-02,883,883,47
6414,5166,43,6,2025-11-03,2025-11-06,2025-11-07,21,21,1
6415,5167,6,6,2025-11-06,2025-11-15,2025-11-16,1051,1051,1
6416,5168,44,10,2025-11-07,2025-11-16,2025-11-18,54,54,1
6417,5169,16,10,2025-10-30,2025-11-01,2025-11-04,61,61,0
6418,5170,5,10,2025-10-30,2025-11-03,2025-11-03,25,25,2
6419,5171,6,6,2025-11-09,2025-11-13,2025-11-16,78,78,0
6420,5172,28,6,2025-11-04,2025-11-15,2025-11-16,21,21,0
6421,5173,48,6,2025-11-07,2025-11-23,2025-11-24,33,33,1
6422,5174,21,9,2025-10-29,2025-11-02,2025-11-04,10,10,0
6423,5175,44,9,2025-11-09,2025-11-17,2025-11-18,44,44,0
6424,5176,23,9,2025-11-02,2025-11-05,2025-11-08,52,52,0
6425,5177,12,5,2025-11-06,2025-11-13,2025-11-16,14,14,0
6426,5177,12,5,2025-11-07,2025-11-16,2025-11-16,6,6,0
6427,5177,12,5,2025-10-30,2025-11-15,2025-11-16,8,8,0
6428,5178,30,5,2025-10-31,2025-11-05,2025-11-08,955,955,5
6429,5179,28,9,2025-11-02,2025-11-17,2025-11-17,464,464,3
6430,5180,12,9,2025-11-11,2025-11-29,2025-11-17,12,12,0
6431,5180,12,9,2025-11-07,2025-11-15,2025-11-17,13,13,0
6432,5181,21,2,2025-10-30,2025-11-04,2025-11-05,5,5,0
6433,5182,48,2,2025-11-03,2025-11-24,2025-11-25,141,141,6
6434,5183,35,2,2025-11-01,2025-11-10,2025-11-10,14,14,0
6435,5183,35,2,2025-11-01,2025-11-07,2025-11-10,32,32,0
6436,5184,10,2,2025-11-08,2025-11-23,2025-11-24,73,73,5
6437,5185,20,2,2025-11-03,2025-11-07,2025-11-04,20,20,0
6438,5186,15,2,2025-11-01,2025-11-14,2025-11-05,204,204,17
6439,5187,36,2,2025-10-30,2025-11-07,2025-11-10,175,175,8
6440,5187,36,2,2025-11-04,2025-11-10,2025-11-10,288,288,2
6441,5188,12,10,2025-11-07,2025-11-15,2025-11-17,1288,1288,3
6442,5189,33,3,2025-11-14,2025-11-21,2025-11-24,5,5,0
6443,5189,33,3,2025-11-12,2025-11-22,2025-11-24,8,8,0
6444,5190,29,3,2025-11-05,2025-11-23,2025-11-22,43,43,0
6445,5191,1,2,2025-10-30,2025-11-11,2025-11-11,82,82,0
6446,5192,18,2,2025-10-30,2025-11-01,2025-11-04,10,10,0
6447,5193,50,2,2025-11-08,2025-11-14,2025-11-17,26,26,0
6448,5193,50,2,2025-11-06,2025-11-17,2025-11-17,13,13,0
6449,5193,50,2,2025-11-10,2025-11-14,2025-11-17,12,12,0
6450,5194,31,2,2025-11-13,2025-11-28,2025-11-30,160,160,4
6451,5195,47,2,2025-11-11,2025-11-17,2025-11-20,102,102,8
6452,5196,47,2,2025-11-05,2025-11-28,2025-11-20,21,21,1
6453,5197,8,2,2025-11-02,2025-11-07,2025-11-08,151,151,2
6454,5198,43,6,2025-11-01,2025-11-15,2025-11-08,109,109,2
6455,5199,15,6,2025-11-02,2025-11-05,2025-11-05,2,2,0
6456,5199,15,6,2025-10-30,2025-11-04,2025-11-05,3,3,0
6457,5199,15,6,2025-10-30,2025-11-04,2025-11-05,2,2,0
6458,5200,5,6,2025-11-05,2025-11-05,2025-11-04,766,766,37
6459,5201,3,6,2025-11-08,2025-12-09,2025-12-03,162,162,5
6460,5202,16,6,2025-11-03,2025-11-04,2025-11-05,1055,1055,10
6461,5203,22,6,2025-10-31,2025-11-02,2025-11-04,166,166,7
6462,5204,45,4,2025-11-09,2025-11-21,2025-11-23,12,12,0
6463,5205,15,10,2025-11-02,2025-11-05,2025-11-05,90,90,1
6464,5206,1,10,2025-10-30,2025-11-11,2025-11-11,9,9,0
6465,5206,1,10,2025-11-01,2025-11-11,2025-11-11,6,6,0
6466,5207,16,7,2025-10-30,2025-11-03,2025-11-05,8,8,0
6467,5207,16,7,2025-10-30,2025-11-03,2025-11-05,3,3,0
6468,5207,16,7,2025-10-30,2025-11-03,2025-11-05,3,3,0
6469,5208,12,2,2025-11-08,2025-11-17,2025-11-17,12,12,0
6470,5209,20,2,2025-11-01,2025-11-02,2025-11-04,99,99,1
6471,5210,30,2,2025-11-02,2025-11-08,2025-11-09,66,66,0
6472,5211,19,2,2025-10-30,2025-11-02,2025-11-03,3,3,0
6473,5211,19,2,2025-10-31,2025-11-01,2025-11-03,7,7,0
6474,5212,39,9,2025-10-30,2025-11-03,2025-11-05,13,13,0
6475,5213,38,9,2025-10-30,2025-11-01,2025-11-03,186,186,3
6476,5213,38,9,2025-11-04,2025-11-04,2025-11-03,435,435,0
6477,5214,17,9,2025-10-31,2025-11-07,2025-11-10,11,11,2
6478,5215,43,3,2025-11-02,2025-11-13,2025-11-08,694,694,4
6479,5216,47,7,2025-11-08,2025-11-28,2025-11-20,38,38,1
6480,5217,17,5,2025-11-04,2025-11-10,2025-11-10,5,5,0
6481,5217,17,5,2025-11-05,2025-11-08,2025-11-10,6,6,0
6482,5218,35,5,2025-11-02,2025-11-10,2025-11-10,25,25,0
6483,5219,6,5,2025-11-04,2025-11-16,2025-11-17,67,67,0
6484,5220,37,5,2025-11-11,2025-12-03,2025-11-30,67,67,0
6485,5220,37,5,2025-11-16,2025-11-29,2025-11-30,87,87,2
6486,5221,15,5,2025-11-03,2025-11-15,2025-11-06,3,3,0
6487,5222,45,5,2025-11-11,2025-11-24,2025-11-24,6,6,0
6488,5222,45,5,2025-11-10,2025-11-26,2025-11-24,2,2,0
6489,5222,45,5,2025-11-13,2025-11-24,2025-11-24,3,3,0
6490,5223,20,5,2025-10-31,2025-11-02,2025-11-05,1032,1032,7
6491,5224,30,5,2025-11-05,2025-11-20,2025-11-10,29,29,0
6492,5225,20,1,2025-10-31,2025-11-05,2025-11-05,101,101,3
6493,5226,30,1,2025-11-03,2025-11-10,2025-11-10,9,9,0
6494,5227,46,1,2025-11-13,2025-11-24,2025-11-26,99,99,3
6495,5228,22,9,2025-11-06,2025-11-06,2025-11-05,24,24,1
6496,5229,45,9,2025-11-12,2025-11-24,2025-11-24,1357,1357,9
6497,5230,19,9,2025-10-31,2025-11-14,2025-11-04,37,37,1
6498,5230,19,9,2025-10-31,2025-11-02,2025-11-04,16,16,0
6499,5230,19,9,2025-10-31,2025-11-03,2025-11-04,29,29,1
6500,5231,19,9,2025-11-05,2025-11-11,2025-11-04,53,53,1
6501,5232,18,1,2025-11-01,2025-11-04,2025-11-05,10,10,0
6502,5233,33,1,2025-11-19,2025-11-25,2025-11-25,8,8,0
6503,5234,39,3,2025-10-31,2025-11-03,2025-11-06,5,5,0
6504,5235,2,3,2025-11-04,2025-11-17,2025-11-17,127,127,3
6505,5236,1,3,2025-11-04,2025-11-10,2025-11-12,7,7,0
6506,5236,1,3,2025-11-10,2025-11-11,2025-11-12,12,12,0
6507,5237,17,3,2025-11-05,2025-11-10,2025-11-11,111,111,10
6508,5238,39,3,2025-10-31,2025-11-04,2025-11-06,4,4,0
6509,5238,39,3,2025-11-01,2025-11-04,2025-11-06,3,3,0
6510,5238,39,3,2025-10-31,2025-11-03,2025-11-06,4,4,0
6511,5239,25,3,2025-11-06,2025-11-06,2025-11-07,1163,1163,20
6512,5240,42,3,2025-11-05,2025-11-19,2025-11-13,297,297,7
6513,5240,42,3,2025-11-03,2025-11-10,2025-11-13,309,309,11
6514,5241,2,5,2025-11-06,2025-11-14,2025-11-17,14,14,0
6515,5242,15,5,2025-11-01,2025-11-05,2025-11-06,350,350,7
6516,5242,15,5,2025-11-02,2025-11-03,2025-11-06,271,271,11
6517,5243,44,5,2025-11-03,2025-11-18,2025-11-20,569,569,12
6518,5244,20,5,2025-10-31,2025-11-05,2025-11-05,241,241,4
6519,5244,20,5,2025-11-05,2025-11-05,2025-11-05,193,193,1
6520,5245,23,5,2025-11-04,2025-11-15,2025-11-10,370,370,9
6521,5246,10,1,2025-11-16,2025-11-24,2025-11-25,48,48,1
6522,5247,44,6,2025-11-07,2025-11-19,2025-11-20,354,354,4
6523,5248,1,6,2025-11-03,2025-11-10,2025-11-12,24,24,1
6524,5249,19,8,2025-10-31,2025-11-03,2025-11-04,296,296,0
6525,5250,30,8,2025-11-02,2025-11-20,2025-11-10,561,561,0
6526,5251,40,8,2025-11-05,2025-11-29,2025-11-22,42,42,0
6527,5252,43,8,2025-11-02,2025-11-21,2025-11-09,387,387,3
6528,5253,42,8,2025-11-02,2025-11-23,2025-11-13,12,12,1
6529,5254,20,8,2025-11-01,2025-11-15,2025-11-05,372,372,7
6530,5254,20,8,2025-10-31,2025-11-04,2025-11-05,785,785,18
6531,5255,20,8,2025-10-31,2025-11-05,2025-11-05,16,16,0
6532,5256,45,8,2025-11-07,2025-11-24,2025-11-24,46,46,0
6533,5257,8,8,2025-11-04,2025-11-18,2025-11-09,69,69,0
6534,5257,8,8,2025-11-08,2025-11-09,2025-11-09,63,63,2
6535,5258,37,8,2025-11-14,2025-12-08,2025-11-30,4,4,0
6536,5258,37,8,2025-11-15,2025-11-29,2025-11-30,4,4,0
6537,5259,2,2,2025-11-07,2025-11-26,2025-11-17,68,68,1
6538,5260,5,2,2025-11-03,2025-11-05,2025-11-05,36,36,2
6539,5261,43,2,2025-11-07,2025-11-21,2025-11-09,7,7,0
6540,5262,18,2,2025-11-01,2025-11-05,2025-11-05,14,14,1
6541,5262,18,2,2025-10-31,2025-11-05,2025-11-05,16,16,0
6542,5262,18,2,2025-10-31,2025-11-05,2025-11-05,14,14,0
6543,5263,15,2,2025-11-04,2025-11-04,2025-11-06,48,48,2
6544,5264,37,9,2025-11-11,2025-12-03,2025-11-30,175,175,3
6545,5264,37,9,2025-11-11,2025-11-28,2025-11-30,320,320,5
6546,5265,41,9,2025-11-07,2025-11-21,2025-11-18,749,749,78
6547,5266,2,9,2025-11-09,2025-11-16,2025-11-17,9,9,0
6548,5267,28,3,2025-11-08,2025-11-15,2025-11-18,682,682,10
6549,5268,4,8,2025-11-06,2025-11-19,2025-11-21,5,5,0
6550,5268,4,8,2025-11-10,2025-11-23,2025-11-21,2,2,0
6551,5268,4,8,2025-11-12,2025-11-22,2025-11-21,2,2,0
6552,5269,38,8,2025-10-31,2025-11-04,2025-11-04,326,326,4
6553,5270,39,8,2025-11-03,2025-11-03,2025-11-06,22,22,0
6554,5271,37,7,2025-11-11,2025-11-28,2025-11-30,92,92,3
6555,5272,14,7,2025-11-05,2025-11-11,2025-11-12,495,495,0
6556,5273,16,7,2025-11-09,2025-11-09,2025-11-06,4,4,0
6557,5273,16,7,2025-11-02,2025-11-04,2025-11-06,6,6,0
6558,5274,36,7,2025-10-31,2025-11-11,2025-11-11,52,52,1
6559,5275,36,7,2025-11-06,2025-11-08,2025-11-11,447,447,11
6560,5276,21,7,2025-11-02,2025-11-11,2025-11-06,73,73,0
6561,5276,21,7,2025-11-03,2025-11-10,2025-11-06,64,64,1
6562,5277,17,7,2025-11-08,2025-11-11,2025-11-11,83,83,6
6563,5278,37,1,2025-11-21,2025-11-27,2025-11-30,345,345,5
6564,5279,47,1,2025-11-14,2025-12-02,2025-11-21,170,170,5
6565,5280,28,1,2025-11-09,2025-11-15,2025-11-18,1248,1248,37
6566,5281,10,8,2025-11-13,2025-12-04,2025-11-26,105,105,3
6567,5282,10,8,2025-11-13,2025-11-25,2025-11-26,362,362,8
6568,5283,32,8,2025-11-01,2025-11-06,2025-11-06,602,602,3
6569,5284,11,9,2025-11-04,2025-11-25,2025-11-13,4,4,0
6570,5284,11,9,2025-11-03,2025-11-11,2025-11-13,5,5,0
6571,5285,22,9,2025-11-09,2025-11-09,2025-11-06,42,42,1
6572,5286,30,9,2025-11-05,2025-11-19,2025-11-11,141,141,2
6573,5287,48,9,2025-11-15,2025-11-24,2025-11-27,966,966,10
6574,5288,12,9,2025-11-09,2025-11-19,2025-11-19,26,26,0
6575,5289,32,3,2025-11-01,2025-11-03,2025-11-06,22,22,0
6576,5289,32,3,2025-11-06,2025-11-06,2025-11-06,35,35,0
6577,5290,29,3,2025-11-10,2025-11-24,2025-11-24,78,78,1
6578,5290,29,3,2025-11-15,2025-11-24,2025-11-24,129,129,0
6579,5291,30,3,2025-11-01,2025-11-10,2025-11-11,31,31,0
6580,5292,43,3,2025-11-08,2025-11-08,2025-11-10,4,4,0
6581,5293,50,3,2025-11-11,2025-11-18,2025-11-19,17,17,1
6582,5294,15,7,2025-11-01,2025-11-08,2025-11-07,21,21,1
6583,5295,42,7,2025-11-08,2025-11-14,2025-11-14,640,640,0
6584,5296,44,7,2025-11-15,2025-11-20,2025-11-21,16,16,0
6585,5296,44,7,2025-11-09,2025-11-18,2025-11-21,17,17,0
6586,5297,30,7,2025-11-09,2025-11-23,2025-11-11,227,227,0
6587,5298,42,9,2025-11-12,2025-11-12,2025-11-14,6,6,0
6588,5299,16,9,2025-11-01,2025-11-04,2025-11-07,65,65,0
6589,5300,30,6,2025-11-04,2025-11-10,2025-11-11,100,100,0
6590,5300,30,6,2025-11-06,2025-11-08,2025-11-11,169,169,1
6591,5301,47,6,2025-11-18,2025-12-03,2025-11-22,38,38,1
6592,5302,17,6,2025-11-03,2025-11-10,2025-11-12,187,187,4
6593,5303,14,6,2025-11-07,2025-11-12,2025-11-13,362,362,1
6594,5303,14,6,2025-11-04,2025-11-13,2025-11-13,91,91,0
6595,5303,14,6,2025-11-04,2025-11-10,2025-11-13,188,188,1
6596,5304,48,6,2025-11-20,2025-11-27,2025-11-27,224,224,6
6597,5305,43,6,2025-11-05,2025-11-08,2025-11-10,12,12,1
6598,5306,7,8,2025-11-22,2025-12-05,2025-12-05,45,45,0
6599,5307,43,8,2025-11-01,2025-11-10,2025-11-10,122,122,2
6600,5308,42,8,2025-11-08,2025-11-19,2025-11-14,26,26,1
6601,5308,42,8,2025-11-13,2025-11-13,2025-11-14,29,29,1
6602,5308,42,8,2025-11-01,2025-11-17,2025-11-14,25,25,0
6603,5309,45,8,2025-11-19,2025-11-25,2025-11-25,1169,1169,2
6604,5310,2,2,2025-11-09,2025-11-17,2025-11-18,17,17,0
6605,5311,35,2,2025-11-03,2025-11-12,2025-11-12,3,3,0
6606,5311,35,2,2025-11-05,2025-11-14,2025-11-12,3,3,0
6607,5312,29,2,2025-11-07,2025-11-21,2025-11-24,49,49,1
6608,5312,29,2,2025-11-14,2025-11-30,2025-11-24,32,32,1
6609,5312,29,2,2025-11-11,2025-11-24,2025-11-24,30,30,0
6610,5313,41,2,2025-11-04,2025-11-17,2025-11-19,522,522,12
6611,5314,39,2,2025-11-04,2025-11-07,2025-11-07,10,10,0
6612,5315,17,2,2025-11-08,2025-11-11,2025-11-12,4,4,0
6613,5315,17,2,2025-11-01,2025-11-24,2025-11-12,4,4,1
6614,5316,15,2,2025-11-01,2025-11-06,2025-11-07,409,409,20
6615,5317,43,9,2025-11-06,2025-11-09,2025-11-10,7,7,0
6616,5318,16,9,2025-11-03,2025-11-06,2025-11-07,61,61,0
6617,5319,48,8,2025-11-09,2025-11-27,2025-11-27,9,9,0
6618,5320,43,7,2025-11-01,2025-11-19,2025-11-10,19,19,1
6619,5321,11,7,2025-11-04,2025-11-13,2025-11-13,22,22,1
6620,5322,36,7,2025-11-08,2025-11-10,2025-11-12,5,5,0
6621,5323,48,7,2025-11-15,2025-11-25,2025-11-27,4,4,0
6622,5324,45,7,2025-11-06,2025-11-25,2025-11-25,13,13,0
6623,5325,43,1,2025-11-03,2025-11-21,2025-11-10,355,355,13
6624,5326,18,1,2025-11-01,2025-11-06,2025-11-06,114,114,2
6625,5327,17,1,2025-11-11,2025-11-17,2025-11-12,117,117,4
6626,5327,17,1,2025-11-08,2025-11-13,2025-11-12,94,94,4
6627,5328,27,1,2025-11-05,2025-11-11,2025-11-13,5,5,0
6628,5328,27,1,2025-11-08,2025-11-13,2025-11-13,3,3,0
6629,5328,27,1,2025-11-08,2025-11-12,2025-11-13,3,3,0
6630,5329,17,1,2025-11-01,2025-11-09,2025-11-12,51,51,5
6631,5329,17,1,2025-11-05,2025-11-23,2025-11-12,26,26,3
6632,5329,17,1,2025-11-03,2025-11-09,2025-11-12,46,46,1
6633,5330,7,5,2025-11-19,2025-12-14,2025-12-06,110,110,0
6634,5331,36,5,2025-11-06,2025-11-13,2025-11-13,7,7,0
6635,5332,41,5,2025-11-10,2025-11-20,2025-11-20,16,16,0
6636,5333,38,5,2025-11-02,2025-11-03,2025-11-06,40,40,1
6637,5334,18,3,2025-11-02,2025-11-07,2025-11-07,6,6,0
6638,5334,18,3,2025-11-07,2025-11-07,2025-11-07,4,4,0
6639,5335,2,3,2025-11-08,2025-11-18,2025-11-19,1094,1094,15
6640,5336,7,10,2025-11-20,2025-12-04,2025-12-07,73,73,1
6641,5337,36,10,2025-11-11,2025-11-13,2025-11-14,9,9,0
6642,5337,36,10,2025-11-05,2025-11-14,2025-11-14,7,7,0
6643,5338,43,10,2025-11-14,2025-11-14,2025-11-12,8,8,0
6644,5339,10,3,2025-11-14,2025-11-26,2025-11-28,6,6,0
6645,5340,21,3,2025-11-03,2025-11-12,2025-11-09,40,40,1
6646,5341,18,3,2025-11-03,2025-11-08,2025-11-08,12,12,0
6647,5342,44,3,2025-11-05,2025-11-22,2025-11-23,27,27,0
6648,5343,39,2,2025-11-06,2025-11-09,2025-11-10,27,27,0
6649,5344,22,3,2025-11-05,2025-11-06,2025-11-09,125,125,2
6650,5344,22,3,2025-11-09,2025-11-09,2025-11-09,95,95,4
6651,5344,22,3,2025-11-07,2025-11-08,2025-11-09,69,69,3
6652,5345,49,9,2025-11-08,2025-11-08,2025-11-08,7,7,0
6653,5346,20,9,2025-11-05,2025-11-06,2025-11-09,9,9,0
6654,5347,21,9,2025-11-10,2025-11-10,2025-11-10,229,229,13
6655,5348,35,1,2025-11-07,2025-11-12,2025-11-15,1219,1219,0
6656,5349,34,1,2025-11-19,2025-12-05,2025-12-08,244,244,0
6657,5350,36,1,2025-11-09,2025-11-14,2025-11-15,331,331,0
6658,5351,43,1,2025-11-08,2025-11-11,2025-11-13,14,14,0
6659,5352,47,4,2025-11-18,2025-11-22,2025-11-25,9,9,0
6660,5353,15,4,2025-11-08,2025-11-16,2025-11-10,60,60,4
6661,5354,36,4,2025-11-07,2025-11-15,2025-11-15,692,692,31
6662,5355,41,4,2025-11-09,2025-11-30,2025-11-22,5,5,0
6663,5356,8,9,2025-11-05,2025-11-11,2025-11-13,1090,1090,20
6664,5357,2,9,2025-11-12,2025-11-21,2025-11-21,235,235,0
6665,5358,19,9,2025-11-04,2025-11-08,2025-11-08,46,46,2
6666,5359,36,5,2025-11-12,2025-11-15,2025-11-15,365,365,11
6667,5360,10,5,2025-11-12,2025-11-26,2025-11-29,56,56,1
6668,5361,16,5,2025-11-05,2025-11-11,2025-11-10,127,127,0
6669,5362,5,5,2025-11-05,2025-11-06,2025-11-09,457,457,0
6670,5363,27,9,2025-11-13,2025-11-13,2025-11-16,28,28,1
6671,5364,18,10,2025-11-04,2025-11-07,2025-11-09,802,802,21
6672,5365,15,10,2025-11-05,2025-11-14,2025-11-10,472,472,22
6673,5365,15,10,2025-11-08,2025-11-09,2025-11-10,134,134,2
6674,5365,15,10,2025-11-09,2025-11-09,2025-11-10,268,268,11
6675,5366,12,10,2025-11-10,2025-11-20,2025-11-22,869,869,11
6676,5367,43,3,2025-11-07,2025-11-24,2025-11-13,287,287,9
6677,5368,30,3,2025-11-04,2025-11-11,2025-11-14,63,63,0
6678,5369,8,3,2025-11-04,2025-11-11,2025-11-13,39,39,0
6679,5370,26,3,2025-11-11,2025-11-25,2025-11-16,6,6,0
6680,5371,10,10,2025-11-14,2025-11-29,2025-11-29,13,13,0
6681,5372,42,10,2025-11-09,2025-11-21,2025-11-17,961,961,18
6682,5373,43,10,2025-11-06,2025-11-12,2025-11-13,45,45,2
6683,5374,47,10,2025-11-10,2025-12-03,2025-11-25,87,87,4
6684,5375,42,5,2025-11-11,2025-11-28,2025-11-17,46,46,0
6685,5376,11,5,2025-11-07,2025-11-15,2025-11-16,75,75,1
6686,5377,18,5,2025-11-07,2025-11-07,2025-11-09,18,18,0
6687,5378,6,3,2025-11-09,2025-11-21,2025-11-22,39,39,0
6688,5379,35,3,2025-11-11,2025-11-18,2025-11-15,20,20,0
6689,5380,15,3,2025-11-04,2025-11-08,2025-11-10,17,17,0
6690,5381,15,3,2025-11-09,2025-11-09,2025-11-10,4,4,0
6691,5382,22,3,2025-11-08,2025-11-08,2025-11-09,134,134,5
6692,5382,22,3,2025-11-08,2025-11-08,2025-11-09,105,105,1
6693,5382,22,3,2025-11-09,2025-11-09,2025-11-09,109,109,3
6694,5383,23,3,2025-11-07,2025-11-14,2025-11-14,703,703,46
6695,5384,21,7,2025-11-10,2025-11-14,2025-11-10,22,22,1
6696,5384,21,7,2025-11-09,2025-11-09,2025-11-10,8,8,1
6697,5384,21,7,2025-11-09,2025-11-14,2025-11-10,19,19,1
6698,5385,20,7,2025-11-06,2025-11-08,2025-11-09,8,8,0
6699,5386,43,7,2025-11-10,2025-11-15,2025-11-13,3,3,0
6700,5386,43,7,2025-11-13,2025-11-15,2025-11-13,5,5,0
6701,5387,3,1,2025-11-16,2025-12-06,2025-12-08,103,103,5
6702,5388,41,1,2025-11-08,2025-11-22,2025-11-22,5,5,0
6703,5389,32,1,2025-11-10,2025-11-10,2025-11-09,499,499,3
6704,5390,20,1,2025-11-04,2025-11-09,2025-11-09,165,165,4
6705,5391,30,1,2025-11-10,2025-11-20,2025-11-14,8,8,0
6706,5392,19,1,2025-11-07,2025-11-07,2025-11-08,387,387,31
6707,5393,4,5,2025-11-16,2025-11-22,2025-11-25,1,1,0
6708,5393,4,5,2025-11-11,2025-12-04,2025-11-25,1,1,0
6709,5393,4,5,2025-11-11,2025-12-02,2025-11-25,2,2,0
6710,5394,39,10,2025-11-04,2025-11-10,2025-11-10,419,419,4
6711,5395,33,10,2025-11-15,2025-11-26,2025-11-29,3,3,0
6712,5395,33,10,2025-11-15,2025-11-29,2025-11-29,4,4,0
6713,5396,43,10,2025-11-08,2025-11-13,2025-11-13,63,63,4
6714,5397,40,10,2025-11-13,2025-12-06,2025-11-27,34,34,0
6715,5398,41,10,2025-11-15,2025-11-22,2025-11-23,66,66,2
6716,5398,41,10,2025-11-06,2025-11-27,2025-11-23,113,113,7
6717,5399,17,10,2025-11-07,2025-11-14,2025-11-16,378,378,23
6718,5400,47,7,2025-11-17,2025-11-24,2025-11-26,718,718,17
6719,5401,5,8,2025-11-08,2025-11-22,2025-11-10,20,20,1
6720,5402,42,8,2025-11-11,2025-11-22,2025-11-18,63,63,2
6721,5403,35,8,2025-11-06,2025-11-13,2025-11-16,241,241,3
6722,5404,36,8,2025-11-13,2025-11-15,2025-11-16,101,101,3
6723,5405,38,4,2025-11-05,2025-11-09,2025-11-09,548,548,0
6724,5406,11,4,2025-11-10,2025-11-24,2025-11-17,8,8,0
6725,5407,16,6,2025-11-06,2025-11-11,2025-11-11,679,679,4
6726,5407,16,6,2025-11-08,2025-11-11,2025-11-11,678,678,8
6727,5408,43,6,2025-11-07,2025-11-11,2025-11-14,191,191,8
6728,5409,28,6,2025-11-17,2025-11-21,2025-11-23,169,169,3
6729,5409,28,6,2025-11-11,2025-11-29,2025-11-23,408,408,5
6730,5410,5,6,2025-11-06,2025-11-08,2025-11-10,113,113,0
6731,5410,5,6,2025-11-09,2025-11-09,2025-11-10,107,107,4
6732,5410,5,6,2025-11-06,2025-11-16,2025-11-10,109,109,7
6733,5411,49,6,2025-11-05,2025-11-09,2025-11-09,55,55,2
6734,5412,27,6,2025-11-12,2025-11-24,2025-11-17,51,51,1
6735,5413,19,6,2025-11-06,2025-11-07,2025-11-09,178,178,5
6736,5414,4,6,2025-11-09,2025-11-25,2025-11-26,22,22,0
6737,5415,50,4,2025-11-12,2025-11-22,2025-11-23,46,46,1
6738,5416,2,4,2025-11-09,2025-11-19,2025-11-22,116,116,0
6739,5416,2,4,2025-11-09,2025-11-23,2025-11-22,84,84,3
6740,5417,43,4,2025-11-10,2025-11-11,2025-11-14,10,10,0
6741,5418,5,2,2025-11-10,2025-11-11,2025-11-10,4,4,0
6742,5418,5,2,2025-11-07,2025-11-09,2025-11-10,1,1,0
6743,5418,5,2,2025-11-05,2025-11-10,2025-11-10,2,2,0
6744,5419,35,2,2025-11-13,2025-11-14,2025-11-16,11,11,0
6745,5420,44,1,2025-11-14,2025-11-23,2025-11-25,17,17,0
6746,5420,44,1,2025-11-11,2025-11-24,2025-11-25,41,41,1
6747,5421,8,1,2025-11-08,2025-11-14,2025-11-14,910,910,3
6748,5422,19,5,2025-11-08,2025-11-08,2025-11-09,860,860,5
6749,5423,10,5,2025-11-21,2025-12-07,2025-11-30,89,89,3
6750,5424,17,5,2025-11-07,2025-11-22,2025-11-16,109,109,4
6751,5425,43,5,2025-11-06,2025-11-13,2025-11-14,85,85,2
6752,5426,9,3,2025-11-14,2025-11-29,2025-11-24,627,627,23
6753,5427,20,3,2025-11-07,2025-11-20,2025-11-10,413,413,7
6754,5428,8,4,2025-11-09,2025-11-14,2025-11-14,420,420,2
6755,5429,37,4,2025-11-22,2025-12-17,2025-12-05,52,52,1
6756,5430,36,4,2025-11-16,2025-11-16,2025-11-16,255,255,7
6757,5431,30,2,2025-11-06,2025-11-14,2025-11-15,345,345,2
6758,5432,23,2,2025-11-08,2025-11-18,2025-11-15,21,21,1
6759,5433,10,2,2025-11-15,2025-11-30,2025-11-30,24,24,0
6760,5434,7,2,2025-11-21,2025-12-06,2025-12-09,4,4,0
6761,5434,7,2,2025-11-23,2025-12-07,2025-12-09,2,2,0
6762,5435,45,2,2025-11-18,2025-11-29,2025-11-29,24,24,0
6763,5435,45,2,2025-11-16,2025-11-26,2025-11-29,52,52,0
6764,5436,50,6,2025-11-11,2025-12-01,2025-11-23,706,706,29
6765,5437,46,6,2025-11-17,2025-11-29,2025-12-01,20,20,1
6766,5438,35,6,2025-11-16,2025-11-16,2025-11-16,40,40,0
6767,5439,25,2,2025-11-14,2025-11-22,2025-11-12,635,635,7
6768,5440,47,2,2025-11-13,2025-11-30,2025-11-26,173,173,8
6769,5440,47,2,2025-11-13,2025-12-05,2025-11-26,297,297,0
6770,5441,43,2,2025-11-10,2025-11-11,2025-11-14,12,12,0
6771,5442,39,2,2025-11-05,2025-11-14,2025-11-11,1106,1106,24
6772,5443,5,2,2025-11-05,2025-11-07,2025-11-10,839,839,48
6773,5444,5,1,2025-11-06,2025-11-10,2025-11-10,15,15,1
6774,5445,31,1,2025-11-20,2025-12-03,2025-12-06,20,20,0
6775,5446,44,10,2025-11-12,2025-11-25,2025-11-25,595,595,9
6776,5447,19,3,2025-11-06,2025-11-07,2025-11-09,168,168,6
6777,5448,49,3,2025-11-05,2025-11-06,2025-11-09,122,122,3
6778,5449,1,3,2025-11-11,2025-11-15,2025-11-17,79,79,1
6779,5450,14,1,2025-11-14,2025-11-17,2025-11-17,636,636,1
6780,5451,32,1,2025-11-05,2025-11-10,2025-11-10,128,128,2
6781,5452,23,6,2025-11-07,2025-11-15,2025-11-15,139,139,7
6782,5453,18,6,2025-11-06,2025-11-07,2025-11-10,267,267,1
6783,5454,39,1,2025-11-05,2025-11-11,2025-11-11,149,149,1
6784,5455,41,1,2025-11-14,2025-12-04,2025-11-23,15,15,1
6785,5456,3,10,2025-11-25,2025-12-07,2025-12-09,4,4,0
6786,5457,43,10,2025-11-08,2025-11-22,2025-11-14,436,436,24
6787,5458,11,10,2025-11-12,2025-11-17,2025-11-17,2,2,0
6788,5458,11,10,2025-11-09,2025-11-19,2025-11-17,1,1,0
6789,5458,11,10,2025-11-09,2025-11-17,2025-11-17,2,2,0
6790,5459,28,3,2025-11-12,2025-11-23,2025-11-23,8,8,0
6791,5460,43,9,2025-11-05,2025-11-11,2025-11-14,10,10,0
6792,5461,41,9,2025-11-10,2025-11-22,2025-11-23,145,145,19
6793,5462,43,9,2025-11-13,2025-11-13,2025-11-14,9,9,1
6794,5463,3,9,2025-11-23,2025-12-08,2025-12-09,85,85,2
6795,5464,33,4,2025-11-18,2025-11-28,2025-12-01,718,718,30
6796,5465,2,9,2025-11-15,2025-11-24,2025-11-23,372,372,7
6797,5466,6,9,2025-11-15,2025-11-23,2025-11-24,79,79,0
6798,5467,19,9,2025-11-06,2025-11-07,2025-11-10,495,495,14
6799,5468,30,9,2025-11-13,2025-11-14,2025-11-16,387,387,3
6800,5469,50,8,2025-11-16,2025-11-24,2025-11-24,100,100,1
6801,5470,39,8,2025-11-08,2025-11-11,2025-11-12,67,67,2
6802,5471,10,8,2025-11-20,2025-12-08,2025-12-01,486,486,22
6803,5472,10,1,2025-11-17,2025-11-30,2025-12-01,8,8,0
6804,5473,15,3,2025-11-06,2025-11-09,2025-11-12,17,17,0
6805,5474,12,6,2025-11-21,2025-11-24,2025-11-24,7,7,0
6806,5475,38,6,2025-11-10,2025-11-10,2025-11-10,103,103,2
6807,5476,28,7,2025-11-11,2025-12-01,2025-11-24,7,7,0
6808,5477,1,7,2025-11-10,2025-11-19,2025-11-18,10,10,0
6809,5477,1,7,2025-11-06,2025-11-27,2025-11-18,13,13,0
6810,5478,8,1,2025-11-06,2025-11-21,2025-11-15,92,92,2
6811,5479,50,1,2025-11-11,2025-11-23,2025-11-24,8,8,0
6812,5480,19,10,2025-11-06,2025-11-07,2025-11-10,3,3,0
6813,5480,19,10,2025-11-06,2025-11-20,2025-11-10,4,4,0
6814,5481,39,1,2025-11-08,2025-11-10,2025-11-12,17,17,0
6815,5482,10,1,2025-11-15,2025-11-28,2025-12-01,55,55,1
6816,5483,46,3,2025-11-14,2025-11-30,2025-12-02,16,16,1
6817,5484,30,3,2025-11-09,2025-11-15,2025-11-16,33,33,0
6818,5485,32,3,2025-11-06,2025-11-10,2025-11-11,48,48,0
6819,5486,39,2,2025-11-09,2025-11-12,2025-11-12,5,5,0
6820,5487,9,2,2025-11-15,2025-11-23,2025-11-25,520,520,3
6821,5488,35,2,2025-11-10,2025-11-16,2025-11-17,59,59,1
6822,5488,35,2,2025-11-13,2025-11-14,2025-11-17,117,117,1
6823,5489,37,8,2025-11-15,2025-12-06,2025-12-06,127,127,4
6824,5490,45,8,2025-11-16,2025-11-27,2025-11-30,334,334,0
6825,5490,45,8,2025-11-19,2025-12-12,2025-11-30,259,259,1
6826,5491,19,3,2025-11-11,2025-11-11,2025-11-11,336,336,17
6827,5491,19,3,2025-11-08,2025-11-10,2025-11-11,235,235,11
6828,5492,44,3,2025-11-16,2025-11-26,2025-11-27,13,13,0
6829,5493,19,3,2025-11-07,2025-11-09,2025-11-11,41,41,3
6830,5493,19,3,2025-11-08,2025-11-08,2025-11-11,50,50,1
6831,5494,44,9,2025-11-16,2025-12-08,2025-11-27,9,9,0
6832,5495,20,1,2025-11-11,2025-11-11,2025-11-12,88,88,2
6833,5496,7,1,2025-11-17,2025-12-10,2025-12-11,498,498,10
6834,5497,8,3,2025-11-12,2025-11-16,2025-11-16,108,108,2
6835,5497,8,3,2025-11-07,2025-11-16,2025-11-16,134,134,3
6836,5498,20,3,2025-11-13,2025-11-15,2025-11-12,444,444,8
6837,5499,36,3,2025-11-19,2025-11-22,2025-11-18,95,95,4
6838,5500,11,3,2025-11-08,2025-11-24,2025-11-19,693,693,11
6839,5501,19,5,2025-11-07,2025-11-11,2025-11-11,5,5,0
6840,5502,30,5,2025-11-16,2025-11-17,2025-11-17,673,673,2
6841,5502,30,5,2025-11-09,2025-11-15,2025-11-17,619,619,4
6842,5503,10,5,2025-11-24,2025-12-03,2025-12-02,111,111,3
6843,5504,4,5,2025-11-08,2025-12-02,2025-11-28,20,20,1
6844,5505,27,10,2025-11-13,2025-11-16,2025-11-19,48,48,0
6845,5506,30,10,2025-11-11,2025-11-14,2025-11-17,114,114,1
6846,5507,50,10,2025-11-12,2025-12-01,2025-11-25,699,699,15
6847,5508,36,7,2025-11-13,2025-11-16,2025-11-18,585,585,40
6848,5509,35,7,2025-11-16,2025-11-23,2025-11-18,107,107,1
6849,5510,16,2,2025-11-08,2025-11-11,2025-11-13,50,50,0
6850,5511,39,7,2025-11-12,2025-11-19,2025-11-13,1056,1056,31
6851,5512,39,2,2025-11-08,2025-11-21,2025-11-13,6,6,0
6852,5513,40,2,2025-11-16,2025-11-26,2025-11-29,11,11,0
6853,5514,2,6,2025-11-14,2025-11-28,2025-11-24,16,16,0
6854,5514,2,6,2025-11-15,2025-11-22,2025-11-24,15,15,0
6855,5514,2,6,2025-11-13,2025-11-22,2025-11-24,12,12,0
6856,5515,19,6,2025-11-07,2025-11-15,2025-11-11,34,34,1
6857,5516,46,6,2025-11-20,2025-11-30,2025-12-03,273,273,23
6858,5517,10,9,2025-11-23,2025-11-30,2025-12-02,91,91,0
6859,5517,10,9,2025-11-19,2025-12-02,2025-12-02,92,92,0
6860,5518,39,9,2025-11-07,2025-11-13,2025-11-13,25,25,1
6861,5519,20,9,2025-11-07,2025-11-12,2025-11-12,182,182,4
6862,5520,2,4,2025-11-15,2025-11-21,2025-11-24,12,12,0
6863,5520,2,4,2025-11-17,2025-11-24,2025-11-24,14,14,0
6864,5521,39,4,2025-11-10,2025-11-15,2025-11-13,12,12,0
6865,5521,39,4,2025-11-12,2025-11-16,2025-11-13,10,10,0
6866,5522,19,6,2025-11-12,2025-11-21,2025-11-12,452,452,13
6867,5523,12,6,2025-11-12,2025-11-26,2025-11-26,32,32,0
6868,5523,12,6,2025-11-19,2025-11-26,2025-11-26,68,68,0
6869,5524,16,6,2025-11-10,2025-11-12,2025-11-14,603,603,4
6870,5525,35,7,2025-11-14,2025-11-26,2025-11-19,15,15,0
6871,5526,10,7,2025-11-25,2025-12-03,2025-12-03,293,293,2
6872,5527,12,7,2025-11-20,2025-11-23,2025-11-26,1137,1137,23
6873,5528,42,7,2025-11-13,2025-11-21,2025-11-21,248,248,9
6874,5529,36,9,2025-11-15,2025-11-17,2025-11-19,48,48,1
6875,5530,36,9,2025-11-09,2025-11-29,2025-11-19,460,460,30
6876,5531,28,1,2025-11-20,2025-11-23,2025-11-26,115,115,1
6877,5532,15,1,2025-11-14,2025-11-21,2025-11-14,416,416,26
6878,5533,35,8,2025-11-12,2025-11-17,2025-11-19,13,13,0
6879,5534,35,8,2025-11-08,2025-11-17,2025-11-19,1169,1169,21
6880,5535,2,8,2025-11-14,2025-11-23,2025-11-25,37,37,1
6881,5535,2,8,2025-11-16,2025-11-24,2025-11-25,27,27,0
6882,5536,20,3,2025-11-08,2025-11-12,2025-11-13,71,71,1
6883,5536,20,3,2025-11-10,2025-11-12,2025-11-13,96,96,1
6884,5537,15,3,2025-11-09,2025-11-14,2025-11-14,754,754,24
6885,5538,1,3,2025-11-12,2025-11-19,2025-11-20,275,275,4
6886,5539,4,3,2025-11-16,2025-11-26,2025-11-29,536,536,17
6887,5540,41,5,2025-11-18,2025-11-24,2025-11-26,609,609,37
6888,5541,40,5,2025-11-17,2025-12-02,2025-11-30,307,307,4
6889,5542,39,5,2025-11-10,2025-11-11,2025-11-14,24,24,0
6890,5543,12,2,2025-11-19,2025-12-05,2025-11-26,8,8,0
6891,5544,14,2,2025-11-16,2025-11-18,2025-11-20,125,125,0
6892,5545,39,2,2025-11-08,2025-11-13,2025-11-14,245,245,7
6893,5546,16,2,2025-11-15,2025-11-15,2025-11-14,962,962,12
6894,5547,15,3,2025-11-14,2025-11-14,2025-11-14,204,204,10
6895,5548,44,3,2025-11-15,2025-11-27,2025-11-28,204,204,3
6896,5549,19,3,2025-11-13,2025-11-13,2025-11-12,163,163,1
6897,5550,10,2,2025-11-17,2025-12-03,2025-12-03,29,29,1
6898,5550,10,2,2025-11-18,2025-12-02,2025-12-03,26,26,1
6899,5551,44,2,2025-11-19,2025-11-27,2025-11-28,67,67,1
6900,5551,44,2,2025-11-17,2025-11-28,2025-11-28,168,168,3
6901,5552,43,2,2025-11-12,2025-11-24,2025-11-17,168,168,2
6902,5552,43,2,2025-11-12,2025-11-14,2025-11-17,182,182,11
6903,5552,43,2,2025-11-10,2025-11-21,2025-11-17,134,134,7
6904,5553,47,2,2025-11-21,2025-11-28,2025-11-30,486,486,12
6905,5554,22,2,2025-11-09,2025-11-21,2025-11-14,747,747,24
6906,5555,48,8,2025-11-22,2025-12-03,2025-12-05,699,699,17
6907,5556,39,8,2025-11-09,2025-11-13,2025-11-15,78,78,0
6908,5557,39,8,2025-11-09,2025-11-24,2025-11-15,241,241,1
6909,5558,3,8,2025-11-22,2025-12-11,2025-12-13,75,75,1
6910,5558,3,8,2025-11-25,2025-12-11,2025-12-13,29,29,1
6911,5558,3,8,2025-11-23,2025-12-13,2025-12-13,34,34,1
6912,5559,47,8,2025-11-15,2025-12-06,2025-11-30,5,5,0
6913,5560,16,9,2025-11-15,2025-11-15,2025-11-15,34,34,0
6914,5560,16,9,2025-11-09,2025-11-15,2025-11-15,35,35,0
6915,5561,33,9,2025-11-25,2025-12-04,2025-12-04,6,6,0
6916,5562,42,9,2025-11-19,2025-11-19,2025-11-22,336,336,4
6917,5563,41,9,2025-11-21,2025-11-24,2025-11-27,361,361,11
6918,5564,35,9,2025-11-11,2025-11-18,2025-11-20,17,17,0
6919,5565,19,1,2025-11-12,2025-11-12,2025-11-13,15,15,0
6920,5565,19,1,2025-11-09,2025-11-15,2025-11-13,24,24,1
6921,5566,25,1,2025-11-10,2025-11-26,2025-11-16,160,160,3
6922,5566,25,1,2025-11-17,2025-11-17,2025-11-16,199,199,2
6923,5566,25,1,2025-11-12,2025-11-15,2025-11-16,207,207,6
6924,5567,43,1,2025-11-16,2025-11-18,2025-11-19,495,495,6
6925,5567,43,1,2025-11-15,2025-11-25,2025-11-19,560,560,13
6926,5568,30,1,2025-11-12,2025-11-18,2025-11-20,124,124,0
6927,5569,13,1,2025-11-10,2025-11-24,2025-11-22,55,55,0
6928,5570,36,1,2025-11-18,2025-11-27,2025-11-21,31,31,1
6929,5570,36,1,2025-11-18,2025-11-21,2025-11-21,18,18,0
6930,5570,36,1,2025-11-11,2025-11-22,2025-11-21,13,13,0
6931,5571,30,1,2025-11-17,2025-11-22,2025-11-20,1041,1041,6
6932,5572,41,6,2025-11-16,2025-11-25,2025-11-28,403,403,17
6933,5573,38,6,2025-11-10,2025-11-14,2025-11-14,38,38,2
6934,5574,41,4,2025-11-19,2025-11-28,2025-11-28,32,32,2
6935,5575,1,4,2025-11-14,2025-12-01,2025-11-22,68,68,1
6936,5575,1,4,2025-11-16,2025-11-22,2025-11-22,73,73,0
6937,5575,1,4,2025-11-15,2025-11-20,2025-11-22,65,65,1
6938,5576,42,10,2025-11-19,2025-11-23,2025-11-24,433,433,27
6939,5576,42,10,2025-11-16,2025-11-29,2025-11-24,396,396,8
6940,5577,19,10,2025-11-15,2025-11-15,2025-11-15,25,25,1
6941,5578,32,3,2025-11-16,2025-11-16,2025-11-16,293,293,3
6942,5579,39,3,2025-11-11,2025-11-17,2025-11-17,479,479,6
6943,5580,29,3,2025-11-23,2025-12-03,2025-12-04,5,5,0
6944,5580,29,3,2025-11-17,2025-12-01,2025-12-04,9,9,0
6945,5581,11,3,2025-11-16,2025-11-21,2025-11-23,15,15,0
6946,5582,5,3,2025-11-15,2025-11-15,2025-11-16,16,16,1
6947,5583,3,6,2025-11-23,2025-12-14,2025-12-15,707,707,15
6948,5584,32,6,2025-11-17,2025-11-17,2025-11-16,66,66,1
6949,5585,29,9,2025-11-29,2025-12-04,2025-12-04,226,226,1
6950,5585,29,9,2025-11-19,2025-12-02,2025-12-04,163,163,2
6951,5585,29,9,2025-11-23,2025-12-04,2025-12-04,133,133,2
6952,5586,22,9,2025-11-13,2025-11-14,2025-11-16,87,87,2
6953,5587,42,9,2025-11-17,2025-11-24,2025-11-24,908,908,29
6954,5588,50,9,2025-11-18,2025-11-28,2025-11-29,90,90,3
6955,5588,50,9,2025-11-22,2025-12-02,2025-11-29,133,133,7
6956,5589,43,4,2025-11-13,2025-11-19,2025-11-20,42,42,0
6957,5590,7,4,2025-11-27,2025-12-14,2025-12-15,219,219,3
6958,5591,12,4,2025-11-18,2025-11-27,2025-11-29,60,60,0
6959,5592,16,4,2025-11-16,2025-11-16,2025-11-17,195,195,1
6960,5593,36,4,2025-11-15,2025-11-21,2025-11-22,10,10,0
6961,5594,10,4,2025-11-19,2025-12-04,2025-12-06,1092,1092,13
6962,5595,46,4,2025-11-16,2025-12-13,2025-12-07,98,98,4
6963,5596,42,10,2025-11-16,2025-11-23,2025-11-24,21,21,0
6964,5597,18,10,2025-11-11,2025-11-16,2025-11-16,13,13,0
6965,5598,41,4,2025-11-18,2025-11-29,2025-11-29,150,150,6
6966,5599,12,4,2025-11-16,2025-12-06,2025-11-29,179,179,0
6967,5600,26,4,2025-11-15,2025-11-24,2025-11-23,306,306,11
6968,5600,26,4,2025-11-15,2025-11-21,2025-11-23,256,256,8
6969,5601,39,3,2025-11-16,2025-11-26,2025-11-17,615,615,3
6970,5602,22,3,2025-11-15,2025-11-21,2025-11-16,9,9,0
6971,5603,33,3,2025-11-15,2025-12-04,2025-12-06,22,22,0
6972,5604,36,6,2025-11-17,2025-11-20,2025-11-22,463,463,21
6973,5605,45,6,2025-11-18,2025-12-12,2025-12-05,1232,1232,4
6974,5606,28,6,2025-11-18,2025-11-26,2025-11-29,4,4,0
6975,5607,36,4,2025-11-18,2025-11-30,2025-11-22,17,17,1
6976,5608,4,4,2025-11-16,2025-12-02,2025-12-02,7,7,0
6977,5608,4,4,2025-11-27,2025-12-02,2025-12-02,7,7,0
6978,5609,27,9,2025-11-21,2025-11-23,2025-11-23,615,615,3
6979,5610,49,9,2025-11-13,2025-11-13,2025-11-15,172,172,3
6980,5611,48,1,2025-11-24,2025-12-07,2025-12-07,95,95,6
6981,5612,39,4,2025-11-16,2025-11-17,2025-11-17,540,540,6
6982,5613,36,4,2025-11-18,2025-11-19,2025-11-22,146,146,3
6983,5614,36,4,2025-11-15,2025-11-20,2025-11-22,38,38,1
6984,5615,25,2,2025-11-12,2025-11-25,2025-11-18,140,140,1
6985,5615,25,2,2025-11-11,2025-11-15,2025-11-18,173,173,4
6986,5616,47,2,2025-11-16,2025-12-05,2025-12-02,97,97,0
6987,5617,21,2,2025-11-14,2025-11-14,2025-11-17,1073,1073,30
6988,5618,20,1,2025-11-13,2025-11-17,2025-11-16,9,9,0
6989,5618,20,1,2025-11-13,2025-11-16,2025-11-16,4,4,0
6990,5618,20,1,2025-11-13,2025-11-15,2025-11-16,3,3,0
6991,5619,10,3,2025-11-27,2025-12-05,2025-12-06,561,561,0
6992,5620,3,3,2025-11-26,2025-12-27,2025-12-15,6,6,0
6993,5621,4,3,2025-11-18,2025-12-01,2025-12-02,561,561,3
6994,5622,48,3,2025-11-25,2025-12-04,2025-12-07,4,4,0
6995,5622,48,3,2025-11-24,2025-12-05,2025-12-07,6,6,0
6996,5623,27,3,2025-11-17,2025-12-04,2025-11-23,10,10,0
6997,5624,22,3,2025-11-12,2025-11-13,2025-11-16,25,25,0
6998,5624,22,3,2025-11-14,2025-11-15,2025-11-16,19,19,1
6999,5624,22,3,2025-11-12,2025-11-13,2025-11-16,22,22,0
7000,5625,45,3,2025-11-27,2025-12-03,2025-12-05,13,13,0
7001,5626,5,2,2025-11-15,2025-11-15,2025-11-17,7,7,0
7002,5627,19,2,2025-11-13,2025-11-14,2025-11-16,15,15,1
7003,5627,19,2,2025-11-12,2025-11-13,2025-11-16,19,19,0
7004,5628,43,2,2025-11-16,2025-11-19,2025-11-21,157,157,3
7005,5628,43,2,2025-11-12,2025-11-21,2025-11-21,225,225,12
7006,5629,43,2,2025-11-15,2025-11-20,2025-11-21,753,753,15
7007,5630,22,2,2025-11-12,2025-11-17,2025-11-17,971,971,24
7008,5631,18,2,2025-11-16,2025-11-16,2025-11-17,43,43,0
7009,5632,7,3,2025-11-30,2025-12-15,2025-12-16,100,100,1
7010,5633,41,6,2025-11-20,2025-11-27,2025-11-30,23,23,2
7011,5634,29,5,2025-11-20,2025-12-10,2025-12-05,9,9,0
7012,5634,29,5,2025-11-25,2025-12-04,2025-12-05,20,20,0
7013,5635,43,5,2025-11-18,2025-11-18,2025-11-21,109,109,1
7014,5636,8,5,2025-11-18,2025-11-23,2025-11-21,34,34,1
7015,5636,8,5,2025-11-15,2025-11-19,2025-11-21,64,64,1
7016,5637,36,2,2025-11-16,2025-11-28,2025-11-23,461,461,0
7017,5637,36,2,2025-11-17,2025-11-20,2025-11-23,420,420,12
7018,5638,41,2,2025-11-22,2025-12-12,2025-11-30,11,11,1
7019,5639,25,2,2025-11-16,2025-11-21,2025-11-19,168,168,3
7020,5640,37,6,2025-11-27,2025-12-09,2025-12-12,172,172,5
7021,5641,5,6,2025-11-15,2025-11-23,2025-11-17,35,35,3
7022,5642,21,6,2025-11-14,2025-11-17,2025-11-18,15,15,0
7023,5643,6,2,2025-11-16,2025-11-30,2025-11-30,16,16,0
7024,5644,18,2,2025-11-18,2025-11-18,2025-11-17,533,533,12
7025,5644,18,2,2025-11-13,2025-11-15,2025-11-17,435,435,21
7026,5645,11,2,2025-11-17,2025-11-29,2025-11-24,435,435,5
7027,5646,30,2,2025-11-19,2025-11-19,2025-11-22,66,66,1
7028,5647,24,2,2025-11-21,2025-12-03,2025-12-03,11,11,0
7029,5648,41,2,2025-11-21,2025-12-12,2025-11-30,4,4,0
7030,5649,36,6,2025-11-15,2025-11-21,2025-11-23,9,9,0
7031,5649,36,6,2025-11-16,2025-11-20,2025-11-23,11,11,0
7032,5650,5,6,2025-11-12,2025-11-28,2025-11-17,768,768,0
7033,5651,43,6,2025-11-19,2025-11-20,2025-11-21,8,8,0
7034,5652,17,6,2025-11-17,2025-11-20,2025-11-23,229,229,35
7035,5653,27,6,2025-11-19,2025-12-06,2025-11-24,20,20,0
7036,5653,27,6,2025-11-20,2025-11-22,2025-11-24,37,37,1
7037,5654,32,6,2025-11-12,2025-11-14,2025-11-17,89,89,1
7038,5655,23,8,2025-11-16,2025-11-22,2025-11-22,105,105,9
7039,5655,23,8,2025-11-12,2025-11-20,2025-11-22,112,112,4
7040,5656,50,8,2025-11-19,2025-12-04,2025-11-30,6,6,0
7041,5657,31,8,2025-11-25,2025-12-10,2025-12-13,98,98,4
7042,5658,23,8,2025-11-12,2025-12-02,2025-11-22,17,17,1
7043,5658,23,8,2025-11-17,2025-11-20,2025-11-22,28,28,1
7044,5659,29,10,2025-11-24,2025-12-04,2025-12-05,24,24,0
7045,5660,9,10,2025-11-23,2025-12-07,2025-12-01,395,395,17
7046,5661,41,10,2025-11-24,2025-11-27,2025-11-30,10,10,0
7047,5662,39,10,2025-11-15,2025-11-15,2025-11-18,14,14,0
7048,5663,7,10,2025-12-02,2025-12-15,2025-12-16,217,217,4
7049,5664,38,10,2025-11-12,2025-11-14,2025-11-16,76,76,3
7050,5665,2,9,2025-11-19,2025-11-27,2025-11-30,177,177,2
7051,5666,5,9,2025-11-13,2025-11-17,2025-11-18,39,39,2
7052,5667,21,9,2025-11-13,2025-11-21,2025-11-19,47,47,2
7053,5668,35,9,2025-11-24,2025-11-24,2025-11-24,97,97,1
7054,5669,25,4,2025-11-22,2025-11-24,2025-11-20,350,350,4
7055,5669,25,4,2025-11-13,2025-11-24,2025-11-20,181,181,3
7056,5669,25,4,2025-11-14,2025-11-20,2025-11-20,330,330,4
7057,5670,6,4,2025-11-24,2025-11-30,2025-12-01,28,28,0
7058,5671,18,4,2025-11-14,2025-11-21,2025-11-18,232,232,3
7059,5672,41,5,2025-11-21,2025-12-10,2025-12-01,27,27,2
7060,5673,30,5,2025-11-15,2025-11-20,2025-11-23,4,4,0
7061,5674,30,5,2025-11-23,2025-11-29,2025-11-23,259,259,1
7062,5675,5,5,2025-11-19,2025-11-27,2025-11-18,407,407,0
7063,5676,18,4,2025-11-20,2025-11-20,2025-11-18,11,11,0
7064,5677,30,4,2025-11-14,2025-11-20,2025-11-23,17,17,0
7065,5677,30,4,2025-11-18,2025-11-20,2025-11-23,37,37,0
7066,5678,7,4,2025-11-28,2025-12-16,2025-12-17,785,785,14
7067,5679,26,4,2025-11-18,2025-11-24,2025-11-25,397,397,12
7068,5680,48,4,2025-11-22,2025-12-07,2025-12-09,20,20,1
7069,5681,5,4,2025-11-24,2025-11-24,2025-11-18,102,102,4
7070,5682,2,7,2025-11-17,2025-12-04,2025-11-30,659,659,5
7071,5683,41,6,2025-11-25,2025-12-10,2025-12-01,7,7,0
7072,5684,21,6,2025-11-19,2025-11-19,2025-11-19,933,933,42
7073,5685,5,8,2025-11-18,2025-11-18,2025-11-18,10,10,0
7074,5686,20,3,2025-11-16,2025-11-16,2025-11-18,15,15,0
7075,5687,25,7,2025-11-18,2025-11-19,2025-11-21,846,846,15
7076,5688,27,4,2025-11-20,2025-11-30,2025-11-26,247,247,4
7077,5689,6,4,2025-11-17,2025-12-02,2025-12-02,42,42,0
7078,5690,5,4,2025-11-16,2025-11-19,2025-11-19,78,78,5
7079,5691,1,4,2025-11-18,2025-12-04,2025-11-26,13,13,0
7080,5692,17,4,2025-11-21,2025-12-05,2025-11-25,425,425,89
7081,5693,41,4,2025-11-23,2025-11-30,2025-12-02,5,5,0
7082,5694,23,4,2025-11-15,2025-12-05,2025-11-24,3,3,0
7083,5695,20,5,2025-11-18,2025-11-18,2025-11-19,40,40,1
7084,5696,20,5,2025-11-14,2025-11-17,2025-11-19,113,113,1
7085,5697,19,5,2025-11-17,2025-11-20,2025-11-18,217,217,5
7086,5698,11,5,2025-11-20,2025-11-24,2025-11-26,34,34,0
7087,5699,30,2,2025-11-14,2025-11-24,2025-11-24,5,5,0
7088,5699,30,2,2025-11-15,2025-11-24,2025-11-24,7,7,0
7089,5700,14,2,2025-11-22,2025-11-23,2025-11-26,292,292,1
7090,5701,30,6,2025-11-18,2025-11-24,2025-11-24,166,166,2
7091,5702,25,6,2025-11-14,2025-11-29,2025-11-21,82,82,0
7092,5703,4,6,2025-11-17,2025-12-02,2025-12-05,21,21,1
7093,5704,29,6,2025-11-19,2025-12-04,2025-12-07,7,7,0
7094,5705,2,8,2025-11-23,2025-11-30,2025-12-01,56,56,1
7095,5706,22,8,2025-11-15,2025-11-30,2025-11-19,82,82,1
7096,5707,23,8,2025-11-17,2025-11-22,2025-11-24,8,8,1
7097,5708,5,2,2025-11-14,2025-11-25,2025-11-19,385,385,0
7098,5709,5,2,2025-11-15,2025-11-19,2025-11-19,361,361,20
7099,5709,5,2,2025-11-20,2025-11-20,2025-11-19,321,321,6
7100,5710,30,6,2025-11-21,2025-11-24,2025-11-24,381,381,3
7101,5710,30,6,2025-11-20,2025-11-21,2025-11-24,286,286,1
7102,5711,5,6,2025-11-17,2025-11-18,2025-11-19,65,65,3
7103,5712,46,6,2025-11-27,2025-12-17,2025-12-10,237,237,0
7104,5712,46,6,2025-11-27,2025-12-21,2025-12-10,500,500,16
7105,5713,1,6,2025-11-19,2025-11-26,2025-11-26,31,31,0
7106,5714,28,2,2025-11-21,2025-11-30,2025-12-02,188,188,3
7107,5715,17,2,2025-11-15,2025-11-28,2025-11-25,4,4,0
7108,5715,17,2,2025-11-22,2025-11-22,2025-11-25,5,5,1
7109,5716,47,2,2025-11-26,2025-12-03,2025-12-05,22,22,0
7110,5717,20,2,2025-11-18,2025-11-18,2025-11-19,141,141,4
7111,5718,35,2,2025-11-19,2025-11-22,2025-11-25,493,493,4
7112,5719,5,2,2025-11-17,2025-11-30,2025-11-19,209,209,8
7113,5720,41,2,2025-11-21,2025-12-12,2025-12-02,74,74,2
7114,5720,41,2,2025-11-30,2025-11-30,2025-12-02,143,143,2
7115,5721,47,2,2025-11-19,2025-12-15,2025-12-05,380,380,8
7116,5722,49,8,2025-11-16,2025-11-27,2025-11-18,221,221,4
7117,5723,10,8,2025-11-22,2025-12-20,2025-12-09,28,28,1
7118,5724,21,8,2025-11-20,2025-11-27,2025-11-20,521,521,10
7119,5725,3,7,2025-12-04,2025-12-15,2025-12-18,169,169,8
7120,5726,46,7,2025-11-28,2025-12-16,2025-12-10,182,182,5
7121,5726,46,7,2025-11-23,2025-12-08,2025-12-10,255,255,20
7122,5727,43,7,2025-11-17,2025-11-20,2025-11-23,27,27,0
7123,5728,34,7,2025-12-05,2025-12-20,2025-12-18,165,165,5
7124,5729,25,5,2025-11-23,2025-11-23,2025-11-22,1165,1165,39
7125,5730,43,5,2025-11-18,2025-12-05,2025-11-24,709,709,22
7126,5731,19,3,2025-11-15,2025-11-20,2025-11-19,95,95,2
7127,5732,13,3,2025-11-20,2025-11-24,2025-11-27,299,299,4
7128,5732,13,3,2025-11-19,2025-11-27,2025-11-27,223,223,0
7129,5733,35,3,2025-11-21,2025-11-26,2025-11-26,1189,1189,29
7130,5734,12,9,2025-11-28,2025-11-30,2025-12-03,781,781,17
7131,5735,35,9,2025-11-21,2025-11-23,2025-11-26,639,639,2
7132,5735,35,9,2025-11-21,2025-11-26,2025-11-26,735,735,6
7133,5736,41,9,2025-11-21,2025-12-01,2025-12-03,12,12,1
7134,5736,41,9,2025-11-21,2025-12-10,2025-12-03,16,16,2
7135,5737,35,9,2025-11-17,2025-11-23,2025-11-26,795,795,10
7136,5738,19,9,2025-11-15,2025-11-25,2025-11-19,69,69,0
7137,5739,14,6,2025-11-19,2025-11-25,2025-11-27,119,119,0
7138,5740,25,6,2025-11-17,2025-11-19,2025-11-22,74,74,1
7139,5741,35,6,2025-11-17,2025-11-24,2025-11-26,125,125,1
7140,5741,35,6,2025-11-17,2025-11-25,2025-11-26,53,53,1
7141,5741,35,6,2025-11-17,2025-11-24,2025-11-26,68,68,1
7142,5742,39,6,2025-11-17,2025-11-18,2025-11-21,15,15,0
7143,5743,42,6,2025-11-16,2025-12-02,2025-11-28,482,482,8
7144,5744,11,1,2025-11-19,2025-11-26,2025-11-27,5,5,0
7145,5745,36,1,2025-11-16,2025-11-24,2025-11-26,190,190,3
7146,5745,36,1,2025-11-18,2025-11-26,2025-11-26,409,409,13
7147,5746,44,1,2025-11-24,2025-12-05,2025-12-05,1177,1177,22
7148,5747,45,1,2025-11-23,2025-12-06,2025-12-09,64,64,0
7149,5748,20,6,2025-11-15,2025-11-24,2025-11-20,930,930,16
7150,5749,30,3,2025-11-24,2025-11-24,2025-11-25,304,304,0
7151,5750,6,3,2025-11-22,2025-12-02,2025-12-03,30,30,0
7152,5751,39,6,2025-11-17,2025-11-18,2025-11-21,473,473,10
7153,5751,39,6,2025-11-15,2025-11-20,2025-11-21,685,685,10
7154,5752,23,9,2025-11-22,2025-11-22,2025-11-25,10,10,0
7155,5753,41,9,2025-11-24,2025-12-02,2025-12-03,727,727,52
7156,5754,43,9,2025-11-19,2025-11-24,2025-11-24,54,54,3
7157,5755,21,9,2025-11-17,2025-11-20,2025-11-21,6,6,0
7158,5755,21,9,2025-11-16,2025-11-25,2025-11-21,8,8,0
7159,5756,4,9,2025-12-01,2025-12-06,2025-12-06,20,20,0
7160,5757,37,7,2025-12-02,2025-12-15,2025-12-15,118,118,1
7161,5758,16,7,2025-11-20,2025-11-21,2025-11-21,713,713,0
7162,5759,35,8,2025-11-16,2025-12-08,2025-11-27,410,410,5
7163,5760,39,5,2025-11-21,2025-11-30,2025-11-22,113,113,2
7164,5761,43,5,2025-11-24,2025-11-25,2025-11-25,47,47,2
7165,5762,39,5,2025-11-22,2025-11-22,2025-11-22,12,12,0
7166,5763,26,8,2025-11-22,2025-11-25,2025-11-28,89,89,3
7167,5764,36,8,2025-11-19,2025-11-27,2025-11-27,10,10,0
7168,5765,40,8,2025-11-29,2025-12-07,2025-12-08,636,636,9
7169,5766,2,3,2025-11-17,2025-12-03,2025-12-03,1256,1256,14
7170,5767,43,3,2025-11-16,2025-11-24,2025-11-25,989,989,52
7171,5768,41,3,2025-11-22,2025-12-04,2025-12-04,350,350,19
7172,5769,3,3,2025-12-05,2025-12-18,2025-12-20,58,58,4
7173,5770,40,8,2025-11-28,2025-12-07,2025-12-08,20,20,0
7174,5770,40,8,2025-11-27,2025-12-06,2025-12-08,35,35,0
7175,5771,30,8,2025-11-18,2025-11-26,2025-11-26,831,831,4
7176,5772,5,8,2025-11-23,2025-12-03,2025-11-21,376,376,15
7177,5773,26,10,2025-11-22,2025-11-26,2025-11-29,50,50,1
7178,5774,38,10,2025-11-23,2025-11-23,2025-11-21,30,30,0
7179,5775,20,8,2025-11-26,2025-11-26,2025-11-22,79,79,4
7180,5776,35,8,2025-11-17,2025-11-27,2025-11-28,17,17,0
7181,5776,35,8,2025-11-20,2025-11-26,2025-11-28,33,33,0
7182,5777,36,8,2025-11-20,2025-12-09,2025-11-28,251,251,2
7183,5778,36,3,2025-11-20,2025-12-04,2025-11-28,604,604,31
7184,5779,41,3,2025-11-30,2025-12-02,2025-12-05,78,78,5
7185,5780,15,3,2025-11-21,2025-11-22,2025-11-23,37,37,3
7186,5781,6,3,2025-11-28,2025-12-04,2025-12-05,479,479,2
7187,5782,2,1,2025-11-23,2025-12-02,2025-12-04,356,356,0
7188,5783,28,1,2025-11-21,2025-12-05,2025-12-05,125,125,1
7189,5783,28,1,2025-11-25,2025-12-05,2025-12-05,279,279,2
7190,5784,39,1,2025-11-17,2025-11-22,2025-11-23,4,4,0
7191,5784,39,1,2025-11-19,2025-11-25,2025-11-23,6,6,0
7192,5785,32,1,2025-11-26,2025-11-26,2025-11-22,12,12,0
7193,5786,39,1,2025-11-21,2025-11-21,2025-11-23,43,43,1
7194,5787,3,6,2025-12-04,2025-12-28,2025-12-21,3,3,0
7195,5787,3,6,2025-11-29,2026-01-02,2025-12-21,7,7,0
7196,5788,50,6,2025-11-24,2025-12-04,2025-12-05,776,776,33
7197,5789,30,6,2025-11-19,2025-11-24,2025-11-27,24,24,0
7198,5790,19,6,2025-11-17,2025-12-02,2025-11-21,213,213,3
7199,5791,17,6,2025-11-21,2025-11-28,2025-11-28,41,41,5
7200,5791,17,6,2025-11-19,2025-11-25,2025-11-28,54,54,7
7201,5792,25,6,2025-11-23,2025-11-24,2025-11-24,688,688,19
7202,5793,25,2,2025-11-18,2025-12-07,2025-11-25,49,49,1
7203,5794,13,2,2025-11-22,2025-11-29,2025-11-30,529,529,7
7204,5795,1,2,2025-11-25,2025-12-05,2025-11-30,467,467,6
7205,5796,27,2,2025-11-27,2025-12-05,2025-11-30,69,69,2
7206,5797,1,2,2025-11-26,2025-11-28,2025-11-30,853,853,10
7207,5798,39,2,2025-11-18,2025-12-04,2025-11-24,9,9,0
7208,5798,39,2,2025-11-18,2025-11-29,2025-11-24,3,3,0
7209,5798,39,2,2025-11-25,2025-11-25,2025-11-24,6,6,0
7210,5799,18,2,2025-11-18,2025-11-23,2025-11-23,354,354,9
7211,5800,8,4,2025-11-18,2025-11-25,2025-11-27,472,472,0
7212,5800,8,4,2025-11-18,2025-11-25,2025-11-27,725,725,13
7213,5801,48,4,2025-11-23,2025-12-17,2025-12-14,216,216,8
7214,5802,16,1,2025-11-18,2025-11-22,2025-11-24,10,10,0
7215,5803,45,1,2025-12-02,2025-12-09,2025-12-12,45,45,0
7216,5804,1,4,2025-11-23,2025-11-29,2025-11-30,18,18,0
7217,5805,31,4,2025-12-03,2025-12-18,2025-12-19,47,47,1
7218,5806,17,4,2025-11-20,2025-12-08,2025-11-29,97,97,4
7219,5807,6,4,2025-11-26,2025-12-03,2025-12-06,27,27,0
7220,5807,6,4,2025-11-28,2025-12-03,2025-12-06,27,27,0
7221,5808,4,4,2025-11-27,2025-12-07,2025-12-09,389,389,15
7222,5809,46,10,2025-11-28,2025-12-11,2025-12-14,25,25,1
7223,5810,11,3,2025-11-24,2025-11-28,2025-11-30,12,12,0
7224,5811,16,3,2025-11-24,2025-11-24,2025-11-24,8,8,0
7225,5812,16,3,2025-11-18,2025-11-24,2025-11-24,4,4,0
7226,5812,16,3,2025-11-21,2025-11-23,2025-11-24,3,3,0
7227,5812,16,3,2025-11-18,2025-11-22,2025-11-24,2,2,0
7228,5813,19,4,2025-11-18,2025-11-20,2025-11-22,400,400,16
7229,5814,25,4,2025-11-25,2025-11-27,2025-11-25,10,10,0
7230,5815,41,4,2025-11-24,2025-12-13,2025-12-06,6,6,0
7231,5816,30,4,2025-11-23,2025-11-25,2025-11-28,178,178,1
7232,5817,36,4,2025-11-23,2025-11-26,2025-11-29,549,549,20
7233,5818,5,4,2025-11-18,2025-11-22,2025-11-23,5,5,0
7234,5819,13,4,2025-11-18,2025-11-29,2025-11-30,46,46,0
7235,5820,3,4,2025-12-05,2026-01-03,2025-12-22,26,26,2
7236,5821,14,7,2025-11-30,2025-12-06,2025-11-30,16,16,0
7237,5822,44,7,2025-11-29,2025-12-08,2025-12-08,70,70,0
7238,5822,44,7,2025-11-28,2025-12-05,2025-12-08,98,98,1
7239,5823,19,7,2025-11-18,2025-11-24,2025-11-22,1003,1003,42
7240,5824,12,8,2025-11-26,2025-12-06,2025-12-06,8,8,0
7241,5825,28,8,2025-11-29,2025-12-04,2025-12-06,124,124,1
7242,5826,24,1,2025-11-27,2025-12-09,2025-12-09,371,371,3
7243,5826,24,1,2025-11-26,2025-12-09,2025-12-09,269,269,3
7244,5827,1,1,2025-11-21,2025-11-28,2025-11-30,622,622,7
7245,5828,36,1,2025-11-25,2025-11-29,2025-11-29,8,8,0
7246,5828,36,1,2025-11-23,2025-11-26,2025-11-29,9,9,0
7247,5829,19,1,2025-11-18,2025-11-19,2025-11-22,7,7,0
7248,5830,48,10,2025-11-30,2025-12-20,2025-12-14,362,362,19
7249,5831,36,10,2025-11-21,2025-11-29,2025-11-29,10,10,0
7250,5832,43,8,2025-11-18,2025-11-25,2025-11-27,29,29,2
7251,5832,43,8,2025-11-25,2025-11-27,2025-11-27,58,58,3
7252,5833,22,8,2025-11-21,2025-11-21,2025-11-23,516,516,15
7253,5834,37,4,2025-12-04,2025-12-18,2025-12-18,822,822,7
7254,5835,3,4,2025-12-04,2025-12-22,2025-12-22,179,179,3
7255,5836,18,3,2025-11-18,2025-11-21,2025-11-23,47,47,0
7256,5837,2,3,2025-11-25,2025-12-03,2025-12-05,15,15,0
7257,5838,44,3,2025-11-27,2025-12-06,2025-12-08,12,12,0
7258,5839,50,3,2025-11-25,2025-12-05,2025-12-06,428,428,14
7259,5840,43,2,2025-11-22,2025-11-26,2025-11-27,524,524,13
7260,5841,17,2,2025-11-20,2025-12-06,2025-11-29,100,100,1
7261,5842,33,1,2025-12-05,2025-12-10,2025-12-13,26,26,0
7262,5842,33,1,2025-11-30,2025-12-11,2025-12-13,30,30,1
7263,5843,21,1,2025-11-18,2025-12-03,2025-11-24,24,24,1
7264,5844,29,1,2025-12-02,2025-12-10,2025-12-11,119,119,2
7265,5845,14,1,2025-11-18,2025-11-29,2025-11-30,98,98,0
7266,5845,14,1,2025-11-18,2025-11-28,2025-11-30,130,130,0
7267,5846,19,9,2025-11-19,2025-11-26,2025-11-22,4,4,0
7268,5846,19,9,2025-11-18,2025-11-20,2025-11-22,5,5,0
7269,5847,44,5,2025-11-28,2025-12-16,2025-12-08,9,9,0
7270,5847,44,5,2025-11-28,2025-12-05,2025-12-08,18,18,0
7271,5848,32,5,2025-11-18,2025-11-20,2025-11-23,270,270,4
7272,5849,18,5,2025-11-24,2025-11-24,2025-11-23,70,70,0
7273,5850,42,4,2025-11-20,2025-11-30,2025-12-01,486,486,2
7274,5851,15,1,2025-11-18,2025-11-23,2025-11-24,4,4,0
7275,5852,8,1,2025-11-20,2025-12-05,2025-11-27,1129,1129,2
7276,5853,12,6,2025-11-27,2025-12-06,2025-12-07,9,9,0
7277,5853,12,6,2025-11-28,2025-12-04,2025-12-07,10,10,0
7278,5853,12,6,2025-11-26,2025-12-07,2025-12-07,11,11,0
7279,5854,20,9,2025-11-25,2025-12-01,2025-11-24,456,456,9
7280,5855,30,9,2025-11-22,2025-11-28,2025-11-29,44,44,0
7281,5856,23,9,2025-11-19,2025-12-08,2025-11-29,87,87,6
7282,5857,2,6,2025-11-25,2025-12-07,2025-12-06,9,9,0
7283,5857,2,6,2025-11-25,2025-12-03,2025-12-06,11,11,0
7284,5858,30,6,2025-11-23,2025-12-02,2025-11-29,79,79,0
7285,5859,5,6,2025-11-19,2025-12-06,2025-11-24,4,4,0
7286,5860,9,2,2025-11-23,2025-12-07,2025-12-08,22,22,0
7287,5860,9,2,2025-11-28,2025-12-07,2025-12-08,37,37,1
7288,5861,20,2,2025-11-21,2025-11-24,2025-11-24,80,80,3
7289,5862,23,2,2025-11-21,2025-11-29,2025-11-29,35,35,0
7290,5863,42,2,2025-11-25,2025-12-02,2025-12-02,4,4,0
7291,5864,25,9,2025-11-19,2025-11-26,2025-11-26,578,578,12
7292,5865,5,9,2025-11-25,2025-12-05,2025-11-24,795,795,37
7293,5866,10,9,2025-12-05,2025-12-17,2025-12-14,3,3,0
7294,5866,10,9,2025-12-01,2025-12-11,2025-12-14,3,3,0
7295,5867,42,9,2025-11-27,2025-12-01,2025-12-02,20,20,0
7296,5868,43,1,2025-11-19,2025-11-27,2025-11-28,596,596,16
7297,5869,16,1,2025-11-23,2025-11-24,2025-11-25,243,243,2
7298,5870,20,1,2025-11-19,2025-11-24,2025-11-24,118,118,3
7299,5871,8,4,2025-11-19,2025-11-28,2025-11-28,61,61,0
7300,5872,38,4,2025-11-23,2025-11-23,2025-11-23,92,92,4
7301,5872,38,4,2025-11-19,2025-11-22,2025-11-23,73,73,1
7302,5872,38,4,2025-11-19,2025-11-24,2025-11-23,51,51,1
7303,5873,17,4,2025-11-20,2025-12-08,2025-11-30,256,256,18
7304,5874,46,6,2025-11-29,2025-12-12,2025-12-15,22,22,1
7305,5875,50,1,2025-11-27,2025-12-13,2025-12-07,357,357,13
7306,5876,49,1,2025-11-20,2025-11-22,2025-11-23,11,11,0
7307,5876,49,1,2025-11-19,2025-11-21,2025-11-23,11,11,0
7308,5877,16,1,2025-11-22,2025-11-24,2025-11-25,8,8,0
7309,5877,16,1,2025-11-20,2025-11-22,2025-11-25,7,7,0
7310,5878,6,1,2025-11-22,2025-12-16,2025-12-07,50,50,0
7311,5879,30,1,2025-11-20,2025-11-26,2025-11-29,115,115,1
7312,5880,48,1,2025-12-01,2025-12-19,2025-12-15,10,10,0
7313,5881,29,1,2025-11-30,2025-12-12,2025-12-12,14,14,0
7314,5882,17,8,2025-11-26,2025-11-27,2025-11-30,27,27,3
7315,5882,17,8,2025-11-19,2025-11-29,2025-11-30,32,32,3
7316,5883,35,9,2025-11-28,2025-12-10,2025-11-30,70,70,0
7317,5883,35,9,2025-11-22,2025-12-03,2025-11-30,69,69,1
7318,5883,35,9,2025-11-25,2025-11-28,2025-11-30,50,50,0
7319,5884,3,9,2025-12-07,2026-01-01,2025-12-23,19,19,1
7320,5885,3,10,2025-12-02,2025-12-21,2025-12-23,489,489,9
7321,5886,39,10,2025-11-25,2025-11-25,2025-11-25,32,32,0
7322,5887,35,10,2025-11-23,2025-11-28,2025-11-30,56,56,0
7323,5888,47,10,2025-12-06,2025-12-18,2025-12-10,13,13,0
7324,5888,47,10,2025-12-01,2025-12-09,2025-12-10,17,17,0
7325,5889,50,10,2025-11-30,2025-12-09,2025-12-07,24,24,1
7326,5889,50,10,2025-12-01,2025-12-19,2025-12-07,48,48,3
7327,5890,47,7,2025-12-02,2025-12-14,2025-12-10,988,988,49
7328,5891,7,7,2025-12-03,2025-12-22,2025-12-23,395,395,3
7329,5892,11,7,2025-11-21,2025-11-30,2025-12-01,12,12,0
7330,5893,15,10,2025-11-19,2025-11-23,2025-11-25,176,176,11
7331,5893,15,10,2025-11-20,2025-12-03,2025-11-25,76,76,2
7332,5893,15,10,2025-11-23,2025-11-25,2025-11-25,137,137,4
7333,5894,18,9,2025-11-22,2025-11-29,2025-11-24,192,192,5
7334,5895,35,9,2025-11-24,2025-11-28,2025-11-30,230,230,4
7335,5895,35,9,2025-11-24,2025-12-04,2025-11-30,172,172,2
7336,5896,36,9,2025-11-25,2025-11-27,2025-11-30,38,38,2
7337,5897,7,9,2025-12-07,2025-12-22,2025-12-23,12,12,0
7338,5898,40,9,2025-11-24,2025-12-09,2025-12-11,39,39,0
7339,5899,15,8,2025-11-19,2025-11-25,2025-11-25,60,60,3
7340,5900,36,8,2025-11-19,2025-12-05,2025-11-30,275,275,14
7341,5901,16,10,2025-11-22,2025-11-24,2025-11-25,147,147,1
7342,5902,8,10,2025-11-21,2025-11-25,2025-11-28,346,346,10
7343,5902,8,10,2025-11-22,2025-11-28,2025-11-28,342,342,10
7344,5902,8,10,2025-11-21,2025-11-26,2025-11-28,260,260,0
7345,5903,6,10,2025-11-25,2025-12-05,2025-12-07,304,304,0
7346,5904,26,10,2025-11-26,2025-12-01,2025-12-01,19,19,0
7347,5905,29,10,2025-11-27,2025-12-11,2025-12-12,93,93,0
7348,5906,29,3,2025-12-02,2025-12-11,2025-12-13,127,127,1
7349,5907,2,3,2025-11-27,2025-12-15,2025-12-07,6,6,0
7350,5907,2,3,2025-11-27,2025-12-07,2025-12-07,7,7,0
7351,5908,35,5,2025-11-24,2025-11-29,2025-12-01,149,149,1
7352,5909,43,6,2025-11-20,2025-12-06,2025-11-29,20,20,0
7353,5910,13,6,2025-11-25,2025-11-30,2025-12-02,184,184,2
7354,5910,13,6,2025-11-22,2025-11-30,2025-12-02,113,113,1
7355,5910,13,6,2025-11-23,2025-12-02,2025-12-02,204,204,5
7356,5911,18,6,2025-11-25,2025-12-04,2025-11-25,13,13,0
7357,5911,18,6,2025-11-20,2025-11-23,2025-11-25,11,11,0
7358,5912,1,6,2025-11-25,2025-12-14,2025-12-02,121,121,3
7359,5913,15,6,2025-11-24,2025-11-25,2025-11-26,586,586,31
7360,5914,50,4,2025-11-28,2025-12-19,2025-12-08,21,21,0
7361,5915,10,4,2025-11-28,2025-12-19,2025-12-15,186,186,11
7362,5916,40,4,2025-12-01,2025-12-12,2025-12-12,82,82,1
7363,5917,3,4,2025-12-10,2026-01-01,2025-12-24,97,97,5
7364,5918,4,4,2025-11-29,2025-12-22,2025-12-11,55,55,3
7365,5919,46,6,2025-11-28,2025-12-24,2025-12-16,47,47,2
7366,5920,29,6,2025-12-05,2025-12-13,2025-12-13,486,486,3
7367,5921,39,10,2025-11-20,2025-11-26,2025-11-26,23,23,0
7368,5921,39,10,2025-11-20,2025-12-01,2025-11-26,35,35,1
7369,5922,44,10,2025-11-26,2025-12-09,2025-12-10,293,293,6
7370,5923,25,10,2025-11-20,2025-11-25,2025-11-27,210,210,2
7371,5923,25,10,2025-11-23,2025-11-26,2025-11-27,345,345,3
7372,5924,39,10,2025-11-20,2025-11-24,2025-11-26,4,4,0
7373,5925,20,10,2025-11-25,2025-11-25,2025-11-25,49,49,2
7374,5926,28,5,2025-11-24,2025-12-05,2025-12-08,572,572,6
7375,5927,1,5,2025-11-23,2025-11-30,2025-12-02,56,56,0
7376,5928,43,5,2025-11-25,2025-11-26,2025-11-29,69,69,2
7377,5928,43,5,2025-11-24,2025-11-28,2025-11-29,37,37,0
7378,5928,43,5,2025-11-27,2025-11-27,2025-11-29,25,25,0
7379,5929,6,5,2025-11-23,2025-12-12,2025-12-08,29,29,0
7380,5930,16,5,2025-11-28,2025-11-28,2025-11-26,13,13,0
7381,5930,16,5,2025-11-22,2025-11-30,2025-11-26,11,11,0
7382,5930,16,5,2025-11-22,2025-12-08,2025-11-26,9,9,0
7383,5931,21,10,2025-11-20,2025-12-05,2025-11-26,108,108,1
7384,5932,25,9,2025-11-20,2025-11-27,2025-11-27,48,48,0
7385,5933,17,9,2025-11-28,2025-11-29,2025-12-01,362,362,42
7386,5934,47,9,2025-12-04,2025-12-10,2025-12-11,42,42,0
7387,5934,47,9,2025-12-01,2025-12-10,2025-12-11,44,44,0
7388,5935,19,9,2025-11-24,2025-11-24,2025-11-24,21,21,0
7389,5936,26,10,2025-11-26,2025-12-05,2025-12-02,10,10,0
7390,5937,20,10,2025-11-20,2025-11-26,2025-11-25,7,7,0
7391,5938,17,10,2025-11-26,2025-12-04,2025-12-01,8,8,0
7392,5939,45,10,2025-11-27,2025-12-12,2025-12-14,12,12,0
7393,5940,12,10,2025-11-22,2025-12-06,2025-12-08,107,107,1
7394,5941,1,4,2025-11-25,2025-12-01,2025-12-02,26,26,0
7395,5942,21,4,2025-11-24,2025-11-25,2025-11-26,11,11,0
7396,5943,20,4,2025-11-20,2025-12-07,2025-11-25,20,20,1
7397,5944,35,4,2025-11-24,2025-11-29,2025-12-01,15,15,0
7398,5945,16,4,2025-11-20,2025-11-24,2025-11-26,467,467,3
7399,5946,43,4,2025-11-22,2025-12-09,2025-11-29,12,12,0
7400,5947,30,4,2025-11-26,2025-11-28,2025-11-30,10,10,0
7401,5948,4,6,2025-12-04,2025-12-15,2025-12-11,23,23,0
7402,5949,29,6,2025-11-30,2025-12-11,2025-12-13,1194,1194,20
7403,5950,20,6,2025-11-22,2025-12-02,2025-11-26,7,7,0
7404,5950,20,6,2025-11-26,2025-11-26,2025-11-26,8,8,0
7405,5951,43,6,2025-11-24,2025-11-29,2025-11-30,72,72,3
7406,5952,35,6,2025-11-26,2025-11-30,2025-12-02,119,119,1
7407,5953,10,8,2025-11-27,2025-12-13,2025-12-16,44,44,1
7408,5954,27,9,2025-11-30,2025-12-02,2025-12-03,1007,1007,25
7409,5955,30,9,2025-11-28,2025-11-29,2025-12-01,930,930,14
7410,5956,13,9,2025-11-24,2025-12-02,2025-12-03,9,9,0
7411,5957,8,9,2025-11-26,2025-12-11,2025-11-30,61,61,1
7412,5958,45,9,2025-12-05,2025-12-13,2025-12-15,578,578,3
7413,5958,45,9,2025-11-29,2025-12-13,2025-12-15,467,467,2
7414,5959,40,6,2025-12-03,2025-12-13,2025-12-13,345,345,0
7415,5960,23,9,2025-11-27,2025-12-12,2025-12-01,569,569,36
7416,5961,25,8,2025-11-27,2025-11-30,2025-11-28,56,56,1
7417,5962,8,8,2025-11-23,2025-12-03,2025-11-30,17,17,0
7418,5963,30,8,2025-11-25,2025-11-30,2025-12-01,49,49,0
7419,5964,13,9,2025-11-29,2025-11-30,2025-12-03,64,64,1
7420,5965,37,9,2025-12-08,2025-12-19,2025-12-21,10,10,0
7421,5965,37,9,2025-12-06,2025-12-29,2025-12-21,22,22,0
7422,5966,38,5,2025-11-25,2025-11-26,2025-11-26,62,62,2
7423,5967,13,5,2025-11-28,2025-12-02,2025-12-04,2,2,0
7424,5967,13,5,2025-11-25,2025-12-03,2025-12-04,4,4,0
7425,5968,31,5,2025-12-04,2025-12-23,2025-12-23,12,12,0
7426,5969,6,5,2025-12-03,2025-12-07,2025-12-10,82,82,0
7427,5969,6,5,2025-12-06,2025-12-07,2025-12-10,103,103,0
7428,5970,30,5,2025-11-29,2025-11-29,2025-12-02,72,72,0
7429,5971,30,2,2025-11-23,2025-12-12,2025-12-02,164,164,1
7430,5971,30,2,2025-12-04,2025-12-04,2025-12-02,275,275,1
7431,5972,41,2,2025-11-27,2025-12-15,2025-12-10,13,13,1
7432,5972,41,2,2025-11-29,2025-12-20,2025-12-10,26,26,1
7433,5973,50,2,2025-11-30,2025-12-08,2025-12-10,813,813,2
7434,5974,37,1,2025-12-10,2025-12-30,2025-12-22,110,110,3
7435,5975,19,1,2025-11-25,2025-11-25,2025-11-26,690,690,13
7436,5976,5,1,2025-11-28,2025-12-09,2025-11-27,895,895,21
7437,5977,10,7,2025-12-07,2025-12-26,2025-12-17,114,114,4
7438,5978,21,7,2025-11-28,2025-11-28,2025-11-28,21,21,1
7439,5979,46,7,2025-12-03,2025-12-25,2025-12-18,24,24,0
7440,5980,19,4,2025-11-24,2025-11-24,2025-11-26,147,147,4
7441,5980,19,4,2025-11-24,2025-12-08,2025-11-26,66,66,1
7442,5980,19,4,2025-11-23,2025-11-24,2025-11-26,61,61,4
7443,5981,11,4,2025-11-28,2025-12-15,2025-12-04,312,312,7
7444,5982,10,4,2025-12-02,2025-12-17,2025-12-17,395,395,7
7445,5983,30,6,2025-11-27,2025-11-29,2025-12-02,883,883,4
7446,5984,16,6,2025-11-24,2025-11-26,2025-11-28,76,76,1
7447,5985,36,6,2025-11-24,2025-12-03,2025-12-03,265,265,5
7448,5986,35,5,2025-11-25,2025-12-04,2025-12-04,34,34,0
7449,5986,35,5,2025-11-27,2025-12-03,2025-12-04,38,38,0
7450,5987,8,5,2025-11-26,2025-12-02,2025-12-02,15,15,0
7451,5987,8,5,2025-11-24,2025-12-01,2025-12-02,5,5,0
7452,5987,8,5,2025-11-24,2025-12-02,2025-12-02,6,6,0
7453,5988,41,5,2025-11-29,2025-12-08,2025-12-11,387,387,12
7454,5989,1,8,2025-11-28,2025-12-03,2025-12-05,6,6,0
7455,5990,3,2,2025-12-07,2025-12-25,2025-12-27,29,29,1
7456,5990,3,2,2025-12-15,2025-12-26,2025-12-27,24,24,1
7457,5990,3,2,2025-12-07,2025-12-24,2025-12-27,35,35,2
7458,5991,20,2,2025-11-26,2025-11-27,2025-11-28,62,62,1
7459,5992,6,7,2025-12-02,2025-12-10,2025-12-12,142,142,1
7460,5992,6,7,2025-12-07,2025-12-11,2025-12-12,95,95,0
7461,5992,6,7,2025-12-06,2025-12-09,2025-12-12,149,149,1
7462,5993,36,1,2025-11-29,2025-12-05,2025-12-05,315,315,17
7463,5994,41,2,2025-12-05,2025-12-12,2025-12-13,9,9,1
7464,5994,41,2,2025-12-07,2025-12-11,2025-12-13,11,11,1
7465,5995,4,2,2025-12-03,2025-12-26,2025-12-16,239,239,0
7466,5996,50,2,2025-11-30,2025-12-12,2025-12-13,31,31,1
7467,5996,50,2,2025-12-01,2025-12-10,2025-12-13,68,68,3
7468,5997,49,3,2025-11-25,2025-11-27,2025-11-29,68,68,1
7469,5998,4,3,2025-12-04,2025-12-25,2025-12-16,840,840,9
7470,5999,4,8,2025-12-11,2025-12-19,2025-12-16,94,94,4
7471,6000,18,8,2025-11-28,2025-12-08,2025-11-30,87,87,2
7472,6001,36,9,2025-12-06,2025-12-06,2025-12-06,255,255,4
7473,6002,4,10,2025-12-04,2025-12-15,2025-12-16,1057,1057,49
7474,6003,15,10,2025-11-26,2025-11-30,2025-12-01,18,18,1
7475,6004,39,10,2025-11-25,2025-12-07,2025-12-01,6,6,0
7476,6005,22,2,2025-11-25,2025-11-27,2025-11-30,130,130,5
7477,6006,1,2,2025-11-28,2025-12-05,2025-12-07,128,128,2
7478,6007,25,2,2025-11-26,2025-11-30,2025-12-02,142,142,1
7479,6008,36,8,2025-11-27,2025-12-05,2025-12-06,81,81,1
7480,6009,45,8,2025-12-05,2025-12-18,2025-12-19,164,164,1
7481,6010,21,5,2025-11-27,2025-11-28,2025-12-01,139,139,2
7482,6011,41,5,2025-12-04,2025-12-10,2025-12-13,28,28,2
7483,6012,43,5,2025-11-29,2025-12-03,2025-12-04,330,330,0
7484,6013,49,5,2025-11-27,2025-11-27,2025-11-29,20,20,1
7485,6013,49,5,2025-11-28,2025-11-29,2025-11-29,9,9,1
7486,6013,49,5,2025-11-29,2025-11-29,2025-11-29,15,15,0
7487,6014,2,5,2025-12-04,2025-12-09,2025-12-12,41,41,1
7488,6014,2,5,2025-12-02,2025-12-09,2025-12-12,37,37,0
7489,6014,2,5,2025-12-04,2025-12-17,2025-12-12,40,40,0
7490,6015,38,5,2025-11-25,2025-11-26,2025-11-29,11,11,0
7491,6015,38,5,2025-11-28,2025-11-28,2025-11-29,4,4,0
7492,6015,38,5,2025-11-29,2025-11-29,2025-11-29,5,5,0
7493,6016,30,5,2025-12-03,2025-12-03,2025-12-05,111,111,1
7494,6017,40,4,2025-12-11,2025-12-14,2025-12-17,94,94,1
7495,6018,37,4,2025-12-08,2025-12-24,2025-12-25,516,516,14
7496,6019,36,4,2025-11-29,2025-12-03,2025-12-06,449,449,0
7497,6020,36,9,2025-12-03,2025-12-07,2025-12-07,5,5,0
7498,6021,43,9,2025-11-26,2025-12-05,2025-12-05,8,8,0
7499,6022,39,9,2025-11-29,2025-12-01,2025-12-02,26,26,1
7500,6023,43,9,2025-11-30,2025-12-14,2025-12-05,440,440,25
7501,6024,16,2,2025-11-28,2025-12-02,2025-12-02,562,562,4
7502,6025,39,2,2025-11-27,2025-11-29,2025-12-02,11,11,0
7503,6025,39,2,2025-12-03,2025-12-05,2025-12-02,17,17,0
7504,6026,33,2,2025-12-06,2025-12-18,2025-12-21,3,3,0
7505,6026,33,2,2025-12-08,2025-12-19,2025-12-21,8,8,0
7506,6027,19,6,2025-12-01,2025-12-01,2025-11-30,98,98,1
7507,6028,39,6,2025-12-01,2025-12-01,2025-12-02,208,208,3
7508,6029,1,1,2025-12-03,2025-12-05,2025-12-08,8,8,0
7509,6029,1,1,2025-11-27,2025-12-05,2025-12-08,5,5,0
7510,6029,1,1,2025-11-26,2025-12-07,2025-12-08,8,8,0
7511,6030,6,3,2025-12-06,2025-12-14,2025-12-14,288,288,0
7512,6030,6,3,2025-12-05,2025-12-13,2025-12-14,459,459,0
7513,6031,43,3,2025-11-26,2025-12-16,2025-12-05,89,89,4
7514,6032,27,3,2025-12-01,2025-12-07,2025-12-08,70,70,1
7515,6033,30,4,2025-12-04,2025-12-04,2025-12-06,11,11,0
7516,6034,41,4,2025-12-08,2025-12-12,2025-12-14,7,7,0
7517,6035,42,4,2025-11-28,2025-12-09,2025-12-09,986,986,31
7518,6036,6,9,2025-12-01,2025-12-14,2025-12-14,58,58,0
7519,6037,7,9,2025-12-08,2025-12-29,2025-12-30,77,77,0
7520,6038,32,5,2025-11-26,2025-11-30,2025-12-01,27,27,0
7521,6039,29,2,2025-11-29,2025-12-16,2025-12-19,267,267,0
7522,6039,29,2,2025-12-06,2025-12-19,2025-12-19,392,392,9
7523,6040,17,4,2025-12-01,2025-12-05,2025-12-07,236,236,21
7524,6041,20,4,2025-12-01,2025-12-01,2025-12-01,57,57,1
7525,6042,19,5,2025-11-26,2025-12-03,2025-11-30,3,3,0
7526,6042,19,5,2025-11-27,2025-11-27,2025-11-30,2,2,0
7527,6042,19,5,2025-11-27,2025-11-28,2025-11-30,4,4,0
7528,6043,46,5,2025-12-08,2025-12-22,2025-12-22,23,23,0
7529,6044,10,5,2025-12-10,2025-12-20,2025-12-21,12,12,0
7530,6045,19,9,2025-11-29,2025-12-03,2025-12-01,9,9,1
7531,6046,45,9,2025-12-04,2025-12-18,2025-12-21,196,196,0
7532,6047,20,9,2025-11-27,2025-12-01,2025-12-02,4,4,0
7533,6047,20,9,2025-11-27,2025-12-02,2025-12-02,4,4,0
7534,6048,43,6,2025-12-05,2025-12-07,2025-12-06,25,25,1
7535,6048,43,6,2025-11-30,2025-12-04,2025-12-06,20,20,1
7536,6049,2,6,2025-12-10,2025-12-11,2025-12-14,18,18,0
7537,6050,29,6,2025-12-05,2025-12-24,2025-12-20,6,6,0
7538,6051,20,6,2025-11-27,2025-12-01,2025-12-02,333,333,9
7539,6052,12,6,2025-12-06,2025-12-15,2025-12-15,645,645,15
7540,6052,12,6,2025-12-07,2025-12-13,2025-12-15,481,481,8
7541,6053,43,6,2025-11-27,2025-12-06,2025-12-06,84,84,1
7542,6054,1,6,2025-11-30,2025-12-06,2025-12-09,65,65,1
7543,6054,1,6,2025-12-03,2025-12-09,2025-12-09,58,58,1
7544,6055,25,6,2025-11-29,2025-12-04,2025-12-04,8,8,0
7545,6056,45,2,2025-12-08,2025-12-21,2025-12-21,482,482,2
7546,6057,37,2,2025-12-12,2025-12-25,2025-12-27,105,105,0
7547,6058,40,5,2025-12-06,2025-12-17,2025-12-19,7,7,0
7548,6059,12,5,2025-12-06,2025-12-14,2025-12-15,11,11,0
7549,6060,22,5,2025-11-27,2025-12-05,2025-12-02,38,38,0
7550,6061,30,5,2025-11-30,2025-12-04,2025-12-07,30,30,0
7551,6062,17,5,2025-11-30,2025-12-06,2025-12-08,767,767,66
7552,6063,40,5,2025-12-08,2025-12-19,2025-12-19,13,13,0
7553,6064,20,5,2025-11-30,2025-11-30,2025-12-02,84,84,1
7554,6065,43,2,2025-11-27,2025-12-12,2025-12-06,943,943,19
7555,6066,32,6,2025-11-28,2025-12-02,2025-12-02,936,936,6
7556,6067,16,6,2025-11-27,2025-12-03,2025-12-03,25,25,0
7557,6068,43,7,2025-12-01,2025-12-03,2025-12-06,845,845,57
7558,6069,4,7,2025-12-13,2025-12-29,2025-12-18,44,44,2
7559,6070,33,7,2025-12-07,2025-12-22,2025-12-22,1021,1021,24
7560,6071,22,7,2025-11-27,2025-12-05,2025-12-02,11,11,0
7561,6072,1,10,2025-12-04,2025-12-08,2025-12-09,36,36,0
7562,6073,12,10,2025-12-06,2025-12-13,2025-12-15,1106,1106,33
7563,6074,8,10,2025-12-02,2025-12-03,2025-12-06,53,53,1
7564,6075,50,3,2025-12-09,2025-12-14,2025-12-15,80,80,3
7565,6076,41,3,2025-12-06,2025-12-25,2025-12-15,3,3,0
7566,6076,41,3,2025-12-08,2025-12-15,2025-12-15,3,3,0
7567,6077,20,8,2025-12-01,2025-12-01,2025-12-02,179,179,1
7568,6077,20,8,2025-11-27,2025-12-07,2025-12-02,310,310,4
7569,6078,24,8,2025-12-04,2025-12-25,2025-12-18,33,33,1
7570,6078,24,8,2025-12-13,2025-12-15,2025-12-18,47,47,0
7571,6079,41,8,2025-12-02,2025-12-18,2025-12-15,6,6,1
7572,6080,18,2,2025-12-02,2025-12-10,2025-12-02,71,71,0
7573,6080,18,2,2025-12-02,2025-12-02,2025-12-02,46,46,2
7574,6081,48,2,2025-12-14,2025-12-21,2025-12-23,823,823,0
7575,6082,20,5,2025-11-27,2025-12-01,2025-12-02,913,913,36
7576,6083,46,8,2025-12-08,2025-12-20,2025-12-23,94,94,2
7577,6084,22,8,2025-12-01,2025-12-01,2025-12-02,4,4,0
7578,6085,8,8,2025-12-06,2025-12-16,2025-12-06,571,571,2
7579,6086,35,3,2025-12-04,2025-12-08,2025-12-08,11,11,0
7580,6087,48,3,2025-12-02,2025-12-22,2025-12-23,705,705,22
7581,6088,26,3,2025-12-06,2025-12-06,2025-12-09,454,454,24
7582,6089,38,3,2025-11-28,2025-12-01,2025-12-01,283,283,9
7583,6090,28,3,2025-12-01,2025-12-15,2025-12-15,35,35,0
7584,6091,37,3,2025-12-11,2025-12-31,2025-12-27,198,198,3
7585,6092,33,3,2025-12-13,2026-01-01,2025-12-22,655,655,6
7586,6093,39,3,2025-11-27,2025-12-09,2025-12-03,54,54,1
7587,6094,16,2,2025-11-30,2025-12-04,2025-12-03,5,5,0
7588,6094,16,2,2025-12-02,2025-12-02,2025-12-03,5,5,0
7589,6095,2,4,2025-12-07,2025-12-13,2025-12-15,22,22,0
7590,6096,25,4,2025-11-30,2025-12-04,2025-12-05,155,155,2
7591,6097,42,4,2025-12-01,2025-12-10,2025-12-11,16,16,0
7592,6098,16,4,2025-12-01,2025-12-03,2025-12-04,138,138,1
7593,6099,3,5,2025-12-11,2026-01-01,2026-01-01,60,60,4
7594,6100,21,7,2025-12-02,2025-12-13,2025-12-04,52,52,1
7595,6101,46,7,2025-12-07,2025-12-23,2025-12-24,359,359,23
7596,6102,16,7,2025-12-04,2025-12-04,2025-12-04,1134,1134,6
7597,6103,10,4,2025-12-08,2025-12-22,2025-12-23,50,50,2
7598,6104,8,4,2025-11-30,2025-12-06,2025-12-07,3,3,0
7599,6104,8,4,2025-11-30,2025-12-07,2025-12-07,3,3,0
7600,6104,8,4,2025-12-04,2025-12-07,2025-12-07,4,4,0
7601,6105,41,4,2025-12-09,2025-12-25,2025-12-16,91,91,6
7602,6106,16,6,2025-12-03,2025-12-03,2025-12-04,66,66,0
7603,6107,28,6,2025-12-06,2025-12-23,2025-12-16,114,114,1
7604,6108,12,6,2025-11-30,2025-12-15,2025-12-16,592,592,6
7605,6109,4,6,2025-12-08,2025-12-20,2025-12-19,551,551,30
7606,6110,47,3,2025-12-07,2025-12-18,2025-12-19,77,77,1
7607,6111,13,4,2025-12-05,2025-12-22,2025-12-10,29,29,1
7608,6111,13,4,2025-12-05,2025-12-07,2025-12-10,17,17,0
7609,6111,13,4,2025-12-02,2025-12-10,2025-12-10,19,19,0
7610,6112,38,4,2025-12-02,2025-12-11,2025-12-02,297,297,8
7611,6113,29,4,2025-12-08,2025-12-19,2025-12-21,107,107,1
7612,6114,18,5,2025-11-29,2025-11-30,2025-12-03,55,55,2
7613,6115,36,5,2025-12-03,2025-12-06,2025-12-09,4,4,0
7614,6115,36,5,2025-12-06,2025-12-07,2025-12-09,1,1,0
7615,6115,36,5,2025-12-03,2025-12-08,2025-12-09,4,4,0
7616,6116,44,5,2025-12-04,2025-12-15,2025-12-18,947,947,4
7617,6117,30,8,2025-11-28,2025-12-08,2025-12-08,650,650,5
7618,6118,36,8,2025-11-29,2025-12-13,2025-12-09,885,885,42
7619,6119,15,3,2025-11-29,2025-12-03,2025-12-04,986,986,39
7620,6120,5,3,2025-11-29,2025-12-02,2025-12-03,54,54,2
7621,6121,1,3,2025-12-05,2025-12-19,2025-12-10,119,119,2
7622,6122,36,3,2025-12-06,2025-12-20,2025-12-09,8,8,0
7623,6123,40,2,2025-12-07,2025-12-17,2025-12-20,16,16,0
7624,6123,40,2,2025-12-05,2025-12-19,2025-12-20,26,26,0
7625,6124,33,2,2025-12-09,2025-12-22,2025-12-23,12,12,0
7626,6125,45,10,2025-12-07,2025-12-22,2025-12-22,6,6,0
7627,6126,20,1,2025-11-30,2025-12-07,2025-12-04,450,450,11
7628,6127,9,10,2025-12-05,2025-12-16,2025-12-18,204,204,3
7629,6128,36,10,2025-11-30,2025-12-10,2025-12-10,42,42,1
7630,6129,10,10,2025-12-14,2025-12-22,2025-12-24,22,22,0
7631,6130,42,10,2025-11-30,2025-12-09,2025-12-12,6,6,0
7632,6131,35,4,2025-12-02,2025-12-09,2025-12-10,202,202,2
7633,6132,30,4,2025-12-07,2025-12-19,2025-12-09,975,975,10
7634,6133,17,4,2025-12-07,2025-12-08,2025-12-10,87,87,11
7635,6134,2,4,2025-12-07,2025-12-26,2025-12-16,441,441,2
7636,6135,35,4,2025-12-11,2025-12-11,2025-12-10,518,518,1
7637,6136,18,7,2025-12-06,2025-12-06,2025-12-04,165,165,3
7638,6137,50,7,2025-12-02,2025-12-14,2025-12-17,80,80,4
7639,6138,45,2,2025-12-11,2025-12-21,2025-12-23,169,169,1
7640,6138,45,2,2025-12-11,2025-12-23,2025-12-23,202,202,0
7641,6139,26,2,2025-12-02,2025-12-19,2025-12-11,157,157,6
7642,6140,8,2,2025-11-29,2025-12-10,2025-12-08,97,97,2
7643,6141,20,2,2025-11-29,2025-12-04,2025-12-04,18,18,0
7644,6142,37,1,2025-12-13,2025-12-27,2025-12-29,1087,1087,0
7645,6143,19,1,2025-12-01,2025-12-01,2025-12-03,58,58,3
7646,6143,19,1,2025-11-29,2025-12-02,2025-12-03,119,119,5
7647,6144,2,5,2025-12-05,2025-12-24,2025-12-16,6,6,0
7648,6145,20,5,2025-12-01,2025-12-04,2025-12-04,58,58,0
7649,6145,20,5,2025-11-29,2025-12-07,2025-12-04,104,104,4
7650,6146,11,5,2025-12-01,2025-12-20,2025-12-11,1016,1016,31
7651,6147,40,5,2025-12-14,2025-12-20,2025-12-21,24,24,0
7652,6147,40,5,2025-12-07,2025-12-20,2025-12-21,24,24,0
7653,6148,39,5,2025-12-05,2025-12-05,2025-12-05,111,111,2
7654,6149,21,9,2025-11-30,2025-12-15,2025-12-05,178,178,13
7655,6150,41,9,2025-12-02,2025-12-27,2025-12-17,455,455,9
7656,6151,11,7,2025-12-09,2025-12-11,2025-12-11,73,73,2
7657,6151,11,7,2025-12-07,2025-12-14,2025-12-11,112,112,3
7658,6152,12,7,2025-12-03,2025-12-24,2025-12-17,16,16,0
7659,6153,49,7,2025-11-29,2025-12-06,2025-12-03,45,45,2
7660,6154,18,7,2025-12-02,2025-12-13,2025-12-04,115,115,0
7661,6155,47,10,2025-12-13,2025-12-18,2025-12-20,295,295,7
7662,6156,1,10,2025-12-04,2025-12-21,2025-12-11,110,110,1
7663,6157,9,1,2025-12-08,2025-12-15,2025-12-18,95,95,0
7664,6158,30,1,2025-11-29,2025-12-07,2025-12-09,56,56,0
7665,6159,26,1,2025-12-10,2025-12-20,2025-12-11,122,122,3
7666,6160,18,2,2025-12-04,2025-12-04,2025-12-04,23,23,1
7667,6161,50,2,2025-12-09,2025-12-17,2025-12-17,1009,1009,23
7668,6162,25,2,2025-12-07,2025-12-07,2025-12-06,4,4,0
7669,6162,25,2,2025-12-03,2025-12-10,2025-12-06,3,3,0
7670,6162,25,2,2025-12-06,2025-12-06,2025-12-06,5,5,0
7671,6163,20,10,2025-11-30,2025-12-04,2025-12-04,37,37,0
7672,6164,2,10,2025-12-06,2025-12-14,2025-12-16,1243,1243,7
7673,6165,24,3,2025-12-09,2026-01-01,2025-12-21,592,592,0
7674,6166,5,3,2025-11-30,2025-12-05,2025-12-05,186,186,3
7675,6167,23,3,2025-12-02,2025-12-10,2025-12-10,311,311,14
7676,6168,30,3,2025-12-03,2025-12-18,2025-12-10,115,115,1
7677,6169,25,4,2025-12-03,2025-12-07,2025-12-07,1220,1220,19
7678,6170,46,4,2025-12-13,2026-01-04,2025-12-26,7,7,1
7679,6171,26,4,2025-12-11,2025-12-15,2025-12-12,838,838,23
7680,6172,19,6,2025-11-30,2025-12-04,2025-12-04,240,240,16
7681,6173,14,6,2025-12-09,2025-12-12,2025-12-12,15,15,0
7682,6174,36,6,2025-12-08,2025-12-21,2025-12-11,28,28,1
7683,6175,27,2,2025-12-04,2025-12-12,2025-12-13,784,784,11
7684,6176,43,2,2025-12-06,2025-12-07,2025-12-10,516,516,30
7685,6177,27,2,2025-12-07,2025-12-11,2025-12-13,16,16,0
7686,6178,1,9,2025-12-09,2025-12-24,2025-12-13,90,90,1
7687,6179,19,3,2025-12-01,2025-12-04,2025-12-05,48,48,1
7688,6180,41,3,2025-12-08,2025-12-19,2025-12-19,337,337,10
7689,6181,37,3,2025-12-14,2025-12-28,2025-12-31,597,597,6
7690,6182,32,3,2025-12-05,2025-12-06,2025-12-06,149,149,0
7691,6183,49,8,2025-12-02,2025-12-15,2025-12-05,45,45,2
7692,6183,49,8,2025-12-06,2025-12-06,2025-12-05,27,27,1
7693,6184,6,8,2025-12-10,2025-12-18,2025-12-19,11,11,0
7694,6185,8,1,2025-12-01,2025-12-07,2025-12-10,6,6,0
7695,6185,8,1,2025-12-06,2025-12-07,2025-12-10,4,4,0
7696,6186,29,1,2025-12-14,2025-12-23,2025-12-24,222,222,1
7697,6187,20,1,2025-12-06,2025-12-06,2025-12-06,502,502,16
7698,6188,2,7,2025-12-07,2025-12-16,2025-12-18,9,9,0
7699,6189,41,7,2025-12-11,2025-12-17,2025-12-19,14,14,1
7700,6190,39,7,2025-12-04,2025-12-05,2025-12-07,24,24,0
7701,6191,49,7,2025-12-01,2025-12-02,2025-12-05,577,577,11
7702,6192,47,8,2025-12-12,2025-12-19,2025-12-22,397,397,25
7703,6193,47,8,2025-12-09,2026-01-03,2025-12-22,43,43,0
7704,6193,47,8,2025-12-06,2025-12-19,2025-12-22,13,13,0
7705,6193,47,8,2025-12-04,2025-12-28,2025-12-22,19,19,1
7706,6194,20,8,2025-12-01,2025-12-03,2025-12-06,400,400,10
7707,6194,20,8,2025-12-01,2025-12-09,2025-12-06,526,526,8
7708,6195,2,9,2025-12-13,2025-12-17,2025-12-18,700,700,0
7709,6196,28,9,2025-12-06,2025-12-19,2025-12-19,42,42,0
7710,6197,40,4,2025-12-09,2025-12-21,2025-12-24,462,462,1
7711,6198,35,4,2025-12-06,2025-12-24,2025-12-13,48,48,0
7712,6199,2,4,2025-12-11,2025-12-19,2025-12-19,314,314,0
7713,6199,2,4,2025-12-08,2025-12-17,2025-12-19,311,311,3
7714,6200,19,4,2025-12-02,2025-12-05,2025-12-06,57,57,3
7715,6201,38,4,2025-12-03,2025-12-05,2025-12-06,2,2,0
7716,6201,38,4,2025-12-03,2025-12-17,2025-12-06,3,3,0
7717,6201,38,4,2025-12-02,2025-12-13,2025-12-06,2,2,0
7718,6202,4,4,2025-12-10,2025-12-23,2025-12-23,9,9,0
7719,6203,17,4,2025-12-09,2025-12-21,2025-12-13,176,176,12
7720,6203,17,4,2025-12-02,2025-12-10,2025-12-13,171,171,11
7721,6204,39,4,2025-12-03,2025-12-10,2025-12-08,437,437,3
7722,6205,10,9,2025-12-11,2025-12-27,2025-12-27,54,54,1
7723,6205,10,9,2025-12-16,2026-01-07,2025-12-27,47,47,1
7724,6206,6,9,2025-12-11,2025-12-17,2025-12-20,22,22,0
7725,6207,2,9,2025-12-10,2025-12-16,2025-12-19,131,131,2
7726,6208,28,9,2025-12-07,2025-12-17,2025-12-20,42,42,1
7727,6208,28,9,2025-12-10,2025-12-18,2025-12-20,57,57,0
7728,6209,1,4,2025-12-11,2025-12-11,2025-12-14,11,11,0
7729,6209,1,4,2025-12-03,2025-12-12,2025-12-14,6,6,0
7730,6209,1,4,2025-12-05,2025-12-15,2025-12-14,7,7,0
7731,6210,10,4,2025-12-15,2025-12-26,2025-12-27,653,653,12
7732,6211,15,10,2025-12-04,2025-12-14,2025-12-08,191,191,9
7733,6212,25,10,2025-12-06,2025-12-09,2025-12-09,80,80,1
7734,6213,48,10,2025-12-16,2025-12-26,2025-12-28,117,117,6
7735,6214,8,10,2025-12-08,2025-12-08,2025-12-11,168,168,2
7736,6215,39,10,2025-12-03,2025-12-07,2025-12-08,9,9,0
7737,6215,39,10,2025-12-05,2025-12-20,2025-12-08,17,17,0
7738,6216,11,10,2025-12-05,2025-12-11,2025-12-14,95,95,1
7739,6217,8,2,2025-12-02,2025-12-21,2025-12-11,472,472,2
7740,6218,37,2,2025-12-19,2026-01-11,2026-01-01,32,32,0
7741,6218,37,2,2025-12-16,2025-12-30,2026-01-01,18,18,0
7742,6218,37,2,2025-12-17,2025-12-31,2026-01-01,23,23,1
7743,6219,20,2,2025-12-07,2025-12-12,2025-12-07,85,85,2
7744,6219,20,2,2025-12-05,2025-12-05,2025-12-07,79,79,0
7745,6220,2,1,2025-12-10,2025-12-31,2025-12-19,52,52,1
7746,6220,2,1,2025-12-12,2025-12-30,2025-12-19,44,44,1
7747,6221,19,1,2025-12-06,2025-12-06,2025-12-06,53,53,2
7748,6222,10,7,2025-12-11,2025-12-27,2025-12-27,74,74,1
7749,6223,17,7,2025-12-09,2025-12-11,2025-12-13,47,47,6
7750,6223,17,7,2025-12-07,2025-12-18,2025-12-13,51,51,8
7751,6224,20,2,2025-12-06,2025-12-06,2025-12-07,4,4,0
7752,6224,20,2,2025-12-02,2025-12-06,2025-12-07,4,4,0
7753,6225,36,2,2025-12-05,2025-12-14,2025-12-13,517,517,28
7754,6225,36,2,2025-12-06,2025-12-12,2025-12-13,138,138,6
7755,6225,36,2,2025-12-08,2025-12-13,2025-12-13,321,321,29
7756,6226,21,2,2025-12-02,2025-12-09,2025-12-08,15,15,0
7757,6227,28,4,2025-12-15,2025-12-19,2025-12-20,156,156,0
7758,6227,28,4,2025-12-08,2025-12-22,2025-12-20,135,135,3
7759,6227,28,4,2025-12-11,2025-12-17,2025-12-20,100,100,1
7760,6228,3,4,2025-12-18,2026-01-11,2026-01-05,285,285,15
7761,6228,3,4,2025-12-14,2026-01-09,2026-01-05,110,110,2
7762,6228,3,4,2025-12-20,2026-01-04,2026-01-05,120,120,1
7763,6229,39,4,2025-12-06,2025-12-13,2025-12-08,7,7,0
7764,6230,30,4,2025-12-04,2025-12-12,2025-12-12,217,217,1
7765,6230,30,4,2025-12-12,2025-12-12,2025-12-12,449,449,3
7766,6231,19,4,2025-12-05,2025-12-14,2025-12-06,234,234,3
7767,6232,12,4,2025-12-12,2025-12-20,2025-12-20,22,22,1
7768,6233,3,7,2025-12-14,2026-01-16,2026-01-05,7,7,0
7769,6234,16,7,2025-12-05,2025-12-19,2025-12-08,64,64,0
7770,6235,46,3,2025-12-12,2026-01-05,2025-12-28,51,51,1
7771,6236,12,7,2025-12-11,2025-12-23,2025-12-20,493,493,11
7772,6237,8,7,2025-12-04,2025-12-09,2025-12-11,88,88,1
7773,6238,11,10,2025-12-08,2025-12-13,2025-12-14,55,55,2
7774,6239,1,10,2025-12-07,2025-12-12,2025-12-14,18,18,0
7775,6239,1,10,2025-12-08,2025-12-13,2025-12-14,20,20,0
7776,6240,41,10,2025-12-02,2026-01-01,2025-12-20,7,7,0
7777,6241,8,10,2025-12-03,2025-12-13,2025-12-11,6,6,0
7778,6241,8,10,2025-12-06,2025-12-10,2025-12-11,5,5,0
7779,6242,20,8,2025-12-03,2025-12-06,2025-12-08,5,5,0
7780,6243,35,8,2025-12-06,2025-12-14,2025-12-14,379,379,4
7781,6244,3,8,2025-12-21,2026-01-13,2026-01-06,3,3,0
7782,6244,3,8,2025-12-18,2026-01-04,2026-01-06,7,7,0
7783,6245,21,1,2025-12-06,2025-12-12,2025-12-09,16,16,1
7784,6246,44,1,2025-12-05,2025-12-27,2025-12-23,161,161,2
7785,6247,19,1,2025-12-08,2025-12-08,2025-12-07,115,115,2
7786,6248,40,1,2025-12-15,2025-12-25,2025-12-25,26,26,0
7787,6249,11,6,2025-12-06,2025-12-15,2025-12-15,20,20,0
7788,6250,3,6,2025-12-17,2026-01-05,2026-01-06,1,1,0
7789,6250,3,6,2025-12-19,2026-01-04,2026-01-06,3,3,0
7790,6251,30,6,2025-12-10,2025-12-11,2025-12-13,103,103,0
7791,6252,8,1,2025-12-05,2025-12-11,2025-12-12,572,572,0
7792,6253,28,1,2025-12-13,2026-01-02,2025-12-21,130,130,0
7793,6254,12,1,2025-12-11,2025-12-18,2025-12-21,746,746,12
7794,6255,7,1,2025-12-17,2026-01-07,2026-01-06,36,36,1
7795,6255,7,1,2025-12-25,2026-01-06,2026-01-06,32,32,0
7796,6256,15,6,2025-12-07,2025-12-08,2025-12-09,21,21,1
7797,6257,20,6,2025-12-07,2025-12-07,2025-12-08,24,24,1
7798,6258,18,7,2025-12-03,2025-12-05,2025-12-08,16,16,0
7799,6259,21,6,2025-12-03,2025-12-13,2025-12-09,41,41,2
7800,6260,5,6,2025-12-03,2025-12-07,2025-12-08,103,103,3
7801,6261,28,6,2025-12-15,2025-12-20,2025-12-21,1081,1081,5
7802,6262,42,6,2025-12-09,2025-12-13,2025-12-16,236,236,3
7803,6263,13,6,2025-12-07,2025-12-13,2025-12-15,40,40,1
7804,6264,20,6,2025-12-05,2025-12-05,2025-12-08,278,278,8
7805,6265,47,6,2025-12-12,2025-12-23,2025-12-24,85,85,3
7806,6266,5,5,2025-12-03,2025-12-06,2025-12-08,175,175,1
7807,6267,1,5,2025-12-04,2025-12-12,2025-12-15,39,39,1
7808,6267,1,5,2025-12-07,2025-12-14,2025-12-15,89,89,1
7809,6268,44,5,2025-12-15,2025-12-30,2025-12-23,12,12,0
7810,6269,22,5,2025-12-03,2025-12-18,2025-12-08,814,814,13
7811,6270,32,1,2025-12-05,2025-12-05,2025-12-08,20,20,0
7812,6270,32,1,2025-12-03,2025-12-07,2025-12-08,9,9,0
7813,6270,32,1,2025-12-06,2025-12-06,2025-12-08,8,8,0
7814,6271,30,1,2025-12-03,2025-12-10,2025-12-13,11,11,0
7815,6272,17,1,2025-12-10,2025-12-13,2025-12-14,300,300,52
7816,6273,4,1,2025-12-18,2025-12-21,2025-12-24,9,9,0
7817,6274,37,1,2025-12-18,2026-01-01,2026-01-02,48,48,0
7818,6275,17,1,2025-12-06,2025-12-13,2025-12-14,152,152,7
7819,6275,17,1,2025-12-03,2025-12-12,2025-12-14,146,146,9
7820,6275,17,1,2025-12-07,2025-12-11,2025-12-14,112,112,7
7821,6276,22,1,2025-12-03,2025-12-05,2025-12-08,233,233,3
7822,6277,43,7,2025-12-08,2025-12-09,2025-12-12,6,6,0
7823,6278,16,9,2025-12-08,2025-12-08,2025-12-09,166,166,2
7824,6279,7,6,2025-12-17,2026-01-06,2026-01-06,549,549,11
7825,6280,10,6,2025-12-14,2025-12-27,2025-12-28,26,26,0
7826,6281,17,6,2025-12-08,2025-12-12,2025-12-14,4,4,0
7827,6282,35,1,2025-12-06,2025-12-14,2025-12-14,4,4,0
7828,6282,35,1,2025-12-07,2025-12-11,2025-12-14,9,9,0
7829,6283,25,1,2025-12-04,2025-12-08,2025-12-10,25,25,0
7830,6284,19,1,2025-12-03,2025-12-06,2025-12-07,48,48,0
7831,6285,20,1,2025-12-03,2025-12-07,2025-12-08,85,85,3
7832,6286,20,1,2025-12-05,2025-12-05,2025-12-08,15,15,0
7833,6287,19,8,2025-12-08,2025-12-08,2025-12-07,10,10,0
7834,6288,36,8,2025-12-13,2025-12-14,2025-12-14,9,9,1
7835,6289,13,8,2025-12-10,2025-12-12,2025-12-15,275,275,4
7836,6290,18,8,2025-12-03,2025-12-08,2025-12-08,199,199,0
7837,6290,18,8,2025-12-06,2025-12-10,2025-12-08,396,396,10
7838,6291,20,8,2025-12-10,2025-12-10,2025-12-08,126,126,3
7839,6292,5,2,2025-12-08,2025-12-17,2025-12-08,66,66,5
7840,6292,5,2,2025-12-05,2025-12-13,2025-12-08,18,18,2
7841,6292,5,2,2025-12-03,2025-12-20,2025-12-08,23,23,0
7842,6293,24,9,2025-12-12,2026-01-05,2025-12-25,50,50,0
7843,6294,2,9,2025-12-11,2025-12-18,2025-12-21,122,122,2
7844,6295,6,9,2025-12-13,2025-12-20,2025-12-22,6,6,0
7845,6295,6,9,2025-12-11,2025-12-21,2025-12-22,9,9,0
7846,6296,21,4,2025-12-08,2025-12-10,2025-12-10,92,92,1
7847,6297,5,4,2025-12-04,2025-12-06,2025-12-09,222,222,9
7848,6298,15,4,2025-12-06,2025-12-12,2025-12-10,5,5,0
7849,6299,32,4,2025-12-06,2025-12-17,2025-12-09,542,542,8
7850,6299,32,4,2025-12-06,2025-12-17,2025-12-09,414,414,1
7851,6299,32,4,2025-12-05,2025-12-07,2025-12-09,253,253,0
7852,6300,20,4,2025-12-08,2025-12-08,2025-12-09,414,414,12
7853,6301,20,5,2025-12-04,2025-12-08,2025-12-09,524,524,13
7854,6302,45,5,2025-12-16,2025-12-28,2025-12-28,583,583,0
7855,6302,45,5,2025-12-19,2025-12-28,2025-12-28,603,603,3
7856,6303,30,3,2025-12-12,2025-12-14,2025-12-14,63,63,0
7857,6304,40,3,2025-12-12,2025-12-23,2025-12-26,51,51,0
7858,6305,49,6,2025-12-05,2025-12-08,2025-12-08,471,471,16
7859,6306,35,6,2025-12-14,2025-12-14,2025-12-15,11,11,0
7860,6307,44,6,2025-12-20,2025-12-21,2025-12-24,29,29,0
7861,6308,30,6,2025-12-09,2025-12-11,2025-12-14,53,53,0
7862,6309,29,2,2025-12-13,2025-12-31,2025-12-27,49,49,1
7863,6310,2,2,2025-12-08,2025-12-21,2025-12-21,431,431,12
7864,6311,8,2,2025-12-09,2025-12-22,2025-12-13,22,22,1
7865,6312,41,2,2025-12-14,2025-12-31,2025-12-22,29,29,0
7866,6313,48,2,2025-12-19,2025-12-30,2025-12-30,24,24,0
7867,6313,48,2,2025-12-21,2025-12-27,2025-12-30,26,26,0
7868,6314,11,1,2025-12-10,2025-12-13,2025-12-16,245,245,8
7869,6315,7,1,2025-12-24,2026-01-15,2026-01-07,11,11,0
7870,6315,7,1,2025-12-21,2026-01-06,2026-01-07,20,20,0
7871,6316,38,1,2025-12-04,2025-12-15,2025-12-08,11,11,0
7872,6317,2,1,2025-12-08,2025-12-20,2025-12-21,327,327,5
7873,6317,2,1,2025-12-11,2025-12-24,2025-12-21,136,136,1
7874,6317,2,1,2025-12-08,2025-12-20,2025-12-21,128,128,1
7875,6318,19,8,2025-12-07,2025-12-08,2025-12-08,444,444,7
7876,6319,43,8,2025-12-11,2025-12-25,2025-12-13,41,41,0
7877,6320,10,8,2025-12-13,2025-12-27,2025-12-29,87,87,3
7878,6321,42,8,2025-12-14,2025-12-16,2025-12-17,187,187,5
7879,6322,8,8,2025-12-09,2025-12-10,2025-12-13,210,210,1
7880,6322,8,8,2025-12-08,2025-12-13,2025-12-13,112,112,1
7881,6322,8,8,2025-12-09,2025-12-10,2025-12-13,217,217,3
7882,6323,4,8,2025-12-16,2025-12-28,2025-12-25,348,348,14
7883,6323,4,8,2025-12-17,2025-12-22,2025-12-25,331,331,11
7884,6324,40,3,2025-12-14,2025-12-23,2025-12-26,351,351,3
7885,6325,1,3,2025-12-12,2025-12-15,2025-12-16,19,19,0
7886,6326,20,3,2025-12-04,2025-12-06,2025-12-09,462,462,18
7887,6327,43,7,2025-12-09,2025-12-10,2025-12-13,4,4,0
7888,6328,20,7,2025-12-09,2025-12-09,2025-12-09,11,11,0
7889,6329,19,7,2025-12-08,2025-12-08,2025-12-08,9,9,0
7890,6330,35,10,2025-12-11,2025-12-15,2025-12-15,42,42,0
7891,6331,19,10,2025-12-09,2025-12-09,2025-12-08,153,153,4
7892,6332,15,10,2025-12-07,2025-12-10,2025-12-10,59,59,0
7893,6333,23,9,2025-12-10,2025-12-13,2025-12-14,377,377,14
7894,6334,21,1,2025-12-07,2025-12-08,2025-12-11,182,182,6
7895,6335,13,1,2025-12-12,2025-12-15,2025-12-17,5,5,0
7896,6335,13,1,2025-12-14,2025-12-14,2025-12-17,7,7,0
7897,6336,3,1,2025-12-20,2026-01-05,2026-01-08,9,9,0
7898,6337,32,6,2025-12-07,2025-12-08,2025-12-10,185,185,2
7899,6338,43,9,2025-12-05,2025-12-23,2025-12-14,424,424,12
7900,6339,8,9,2025-12-09,2025-12-12,2025-12-14,11,11,0
7901,6340,11,9,2025-12-09,2025-12-21,2025-12-17,62,62,3
7902,6341,12,9,2025-12-14,2025-12-21,2025-12-23,114,114,3
7903,6342,10,9,2025-12-19,2025-12-27,2025-12-30,21,21,1
7904,6343,2,9,2025-12-08,2026-01-03,2025-12-22,6,6,0
7905,6343,2,9,2025-12-09,2025-12-21,2025-12-22,8,8,0
7906,6344,10,9,2025-12-20,2025-12-29,2025-12-30,494,494,6
7907,6345,36,9,2025-12-14,2025-12-19,2025-12-16,453,453,4
7908,6346,11,9,2025-12-05,2025-12-16,2025-12-17,75,75,2
7909,6347,47,9,2025-12-17,2025-12-30,2025-12-26,273,273,0
7910,6347,47,9,2025-12-11,2025-12-24,2025-12-26,95,95,4
7911,6347,47,9,2025-12-21,2025-12-24,2025-12-26,152,152,3
7912,6348,28,9,2025-12-13,2025-12-22,2025-12-23,43,43,1
7913,6349,49,9,2025-12-06,2025-12-06,2025-12-09,7,7,0
7914,6350,36,2,2025-12-06,2025-12-24,2025-12-16,141,141,0
7915,6350,36,2,2025-12-05,2025-12-16,2025-12-16,205,205,7
7916,6351,3,2,2025-12-20,2026-01-05,2026-01-08,16,16,1
7917,6352,39,9,2025-12-07,2025-12-10,2025-12-11,44,44,1
7918,6353,32,9,2025-12-07,2025-12-14,2025-12-10,967,967,8
7919,6354,30,3,2025-12-14,2025-12-15,2025-12-15,17,17,0
7920,6355,11,5,2025-12-12,2025-12-23,2025-12-17,9,9,0
7921,6355,11,5,2025-12-09,2025-12-16,2025-12-17,8,8,0
7922,6356,26,5,2025-12-12,2025-12-26,2025-12-17,19,19,1
7923,6357,25,5,2025-12-05,2025-12-09,2025-12-12,23,23,0
7924,6358,31,7,2025-12-17,2026-01-11,2026-01-05,25,25,1
7925,6359,23,10,2025-12-08,2025-12-13,2025-12-15,513,513,22
7926,6360,49,10,2025-12-05,2025-12-08,2025-12-09,235,235,6
7927,6361,36,8,2025-12-08,2025-12-13,2025-12-16,174,174,8
7928,6362,45,8,2025-12-16,2025-12-27,2025-12-29,387,387,1
7929,6363,39,10,2025-12-05,2025-12-08,2025-12-11,25,25,1
7930,6364,35,10,2025-12-13,2025-12-15,2025-12-16,63,63,1
7931,6364,35,10,2025-12-07,2025-12-14,2025-12-16,25,25,0
7932,6364,35,10,2025-12-07,2025-12-16,2025-12-16,22,22,0
7933,6365,8,2,2025-12-11,2025-12-13,2025-12-14,172,172,3
7934,6365,8,2,2025-12-07,2025-12-12,2025-12-14,96,96,0
7935,6365,8,2,2025-12-11,2025-12-13,2025-12-14,106,106,3
7936,6366,42,2,2025-12-09,2025-12-30,2025-12-18,8,8,0
7937,6367,18,3,2025-12-05,2025-12-09,2025-12-10,87,87,1
7938,6368,11,3,2025-12-06,2025-12-17,2025-12-17,71,71,2
7939,6369,29,3,2025-12-16,2025-12-27,2025-12-28,82,82,1
7940,6370,41,9,2025-12-15,2025-12-23,2025-12-23,5,5,0
7941,6370,41,9,2025-12-11,2025-12-25,2025-12-23,10,10,0
7942,6371,6,9,2025-12-11,2025-12-23,2025-12-23,20,20,0
7943,6372,1,2,2025-12-07,2025-12-18,2025-12-17,260,260,4
7944,6373,16,2,2025-12-09,2025-12-14,2025-12-11,12,12,0
7945,6374,30,2,2025-12-08,2025-12-14,2025-12-15,6,6,0
7946,6375,29,10,2025-12-14,2026-01-07,2025-12-28,11,11,0
7947,6376,47,10,2025-12-12,2025-12-24,2025-12-26,51,51,1
7948,6377,2,10,2025-12-12,2025-12-22,2025-12-22,9,9,0
7949,6378,19,10,2025-12-11,2025-12-11,2025-12-09,32,32,2
7950,6378,19,10,2025-12-05,2025-12-06,2025-12-09,25,25,1
7951,6379,19,10,2025-12-05,2025-12-09,2025-12-09,80,80,3
7952,6380,37,10,2025-12-25,2026-01-01,2026-01-04,33,33,1
7953,6380,37,10,2025-12-23,2026-01-11,2026-01-04,11,11,0
7954,6380,37,10,2025-12-25,2026-01-02,2026-01-04,24,24,1
7955,6381,20,10,2025-12-06,2025-12-07,2025-12-10,32,32,1
7956,6382,44,1,2025-12-14,2025-12-23,2025-12-26,142,142,0
7957,6383,38,1,2025-12-06,2025-12-07,2025-12-10,102,102,1
7958,6384,25,1,2025-12-09,2025-12-18,2025-12-13,199,199,5
7959,6384,25,1,2025-12-12,2025-12-12,2025-12-13,321,321,6
7960,6385,4,9,2025-12-18,2025-12-27,2025-12-27,176,176,7
7961,6386,36,9,2025-12-09,2025-12-16,2025-12-17,6,6,0
7962,6387,8,9,2025-12-12,2025-12-19,2025-12-15,232,232,0
7963,6388,44,7,2025-12-14,2025-12-23,2025-12-26,7,7,0
7964,6388,44,7,2025-12-21,2025-12-24,2025-12-26,6,6,0
7965,6388,44,7,2025-12-17,2025-12-25,2025-12-26,6,6,0
7966,6389,32,7,2025-12-07,2025-12-08,2025-12-11,6,6,0
7967,6389,32,7,2025-12-07,2025-12-10,2025-12-11,3,3,0
7968,6389,32,7,2025-12-07,2025-12-08,2025-12-11,3,3,0
7969,6390,43,7,2025-12-12,2025-12-12,2025-12-15,36,36,0
7970,6391,44,7,2025-12-20,2025-12-23,2025-12-26,51,51,1
7971,6392,39,7,2025-12-07,2025-12-10,2025-12-12,176,176,3
7972,6393,3,7,2025-12-26,2026-01-16,2026-01-09,16,16,0
7973,6394,35,1,2025-12-12,2025-12-16,2025-12-17,107,107,0
7974,6395,42,1,2025-12-12,2025-12-25,2025-12-19,9,9,1
7975,6396,32,1,2025-12-06,2025-12-11,2025-12-11,31,31,0
7976,6396,32,1,2025-12-09,2025-12-09,2025-12-11,75,75,1
7977,6397,42,1,2025-12-10,2025-12-26,2025-12-19,41,41,1
7978,6398,44,1,2025-12-18,2025-12-30,2025-12-26,135,135,1
7979,6399,35,1,2025-12-09,2025-12-16,2025-12-17,12,12,0
7980,6400,9,7,2025-12-16,2025-12-22,2025-12-25,15,15,0
7981,6401,43,7,2025-12-06,2025-12-27,2025-12-15,537,537,22
7982,6402,29,7,2025-12-13,2025-12-26,2025-12-29,1344,1344,12
7983,6403,17,7,2025-12-12,2025-12-20,2025-12-17,479,479,28
7984,6404,47,6,2025-12-17,2026-01-04,2025-12-27,11,11,1
7985,6405,35,6,2025-12-14,2025-12-21,2025-12-17,12,12,0
7986,6406,11,6,2025-12-12,2025-12-23,2025-12-18,229,229,6
7987,6407,39,6,2025-12-10,2025-12-13,2025-12-12,12,12,0
7988,6408,17,6,2025-12-06,2025-12-15,2025-12-17,14,14,0
7989,6409,31,3,2025-12-15,2026-01-04,2026-01-06,50,50,0
7990,6409,31,3,2025-12-20,2026-01-04,2026-01-06,38,38,1
7991,6410,19,3,2025-12-06,2025-12-11,2025-12-10,465,465,15
7992,6411,10,3,2025-12-19,2025-12-29,2025-12-31,81,81,2
7993,6412,48,3,2025-12-25,2025-12-31,2026-01-01,44,44,3
7994,6412,48,3,2025-12-12,2025-12-30,2026-01-01,48,48,1
7995,6413,35,3,2025-12-06,2025-12-15,2025-12-17,89,89,1
7996,6414,43,10,2025-12-12,2025-12-14,2025-12-15,5,5,0
7997,6415,20,3,2025-12-06,2025-12-16,2025-12-11,31,31,1
7998,6415,20,3,2025-12-07,2025-12-10,2025-12-11,38,38,0
7999,6416,40,3,2025-12-13,2025-12-28,2025-12-28,29,29,0
8000,6417,46,3,2025-12-19,2026-01-01,2026-01-01,4,4,0
8001,6417,46,3,2025-12-15,2025-12-31,2026-01-01,4,4,0
8002,6418,46,5,2025-12-22,2026-01-07,2026-01-01,9,9,0
8003,6419,1,9,2025-12-10,2025-12-17,2025-12-18,13,13,0
8004,6420,1,9,2025-12-10,2025-12-18,2025-12-18,27,27,0
8005,6420,1,9,2025-12-06,2025-12-15,2025-12-18,34,34,1
8006,6421,20,5,2025-12-11,2025-12-11,2025-12-11,10,10,0
8007,6422,19,5,2025-12-07,2025-12-09,2025-12-10,389,389,10
8008,6422,19,5,2025-12-07,2025-12-10,2025-12-10,577,577,18
8009,6423,3,3,2025-12-23,2026-01-11,2026-01-09,385,385,26
8010,6424,28,9,2025-12-09,2025-12-27,2025-12-24,6,6,0
8011,6424,28,9,2025-12-12,2025-12-23,2025-12-24,4,4,0
8012,6424,28,9,2025-12-08,2025-12-23,2025-12-24,5,5,0
8013,6425,32,9,2025-12-06,2025-12-22,2025-12-11,50,50,0
8014,6425,32,9,2025-12-06,2025-12-08,2025-12-11,62,62,1
8015,6426,18,9,2025-12-06,2025-12-11,2025-12-11,32,32,1
8016,6427,11,9,2025-12-14,2025-12-17,2025-12-18,547,547,15
8017,6428,19,9,2025-12-06,2025-12-20,2025-12-10,136,136,7
8018,6429,18,9,2025-12-10,2025-12-11,2025-12-11,35,35,1
8019,6429,18,9,2025-12-06,2025-12-09,2025-12-11,70,70,0
8020,6430,16,9,2025-12-07,2025-12-09,2025-12-12,31,31,0
8021,6430,16,9,2025-12-06,2025-12-12,2025-12-12,42,42,0
8022,6431,24,9,2025-12-24,2026-01-03,2025-12-27,667,667,12
8023,6432,39,9,2025-12-08,2025-12-10,2025-12-12,167,167,3
8024,6433,3,9,2025-12-17,2026-01-06,2026-01-09,7,7,0
8025,6434,23,6,2025-12-11,2025-12-27,2025-12-16,17,17,1
8026,6435,23,6,2025-12-10,2025-12-26,2025-12-16,782,782,23
8027,6436,35,6,2025-12-08,2025-12-16,2025-12-17,11,11,0
8028,6437,35,7,2025-12-16,2025-12-16,2025-12-17,18,18,0
8029,6438,18,7,2025-12-07,2025-12-09,2025-12-11,169,169,5
8030,6439,23,7,2025-12-11,2025-12-23,2025-12-16,637,637,14
8031,6440,43,7,2025-12-06,2025-12-27,2025-12-15,18,18,1
8032,6441,9,7,2025-12-08,2025-12-25,2025-12-26,556,556,5
8033,6442,32,7,2025-12-10,2025-12-10,2025-12-12,752,752,7
8034,6443,25,7,2025-12-07,2025-12-14,2025-12-14,78,78,1
8035,6444,18,7,2025-12-10,2025-12-19,2025-12-12,89,89,1
8036,6445,36,7,2025-12-11,2025-12-21,2025-12-18,66,66,3
8037,6446,35,7,2025-12-13,2025-12-18,2025-12-18,13,13,0
8038,6447,19,7,2025-12-08,2025-12-10,2025-12-11,486,486,10
8039,6448,36,7,2025-12-14,2025-12-29,2025-12-18,15,15,1
8040,6449,25,2,2025-12-09,2025-12-11,2025-12-14,13,13,0
8041,6450,47,2,2025-12-16,2025-12-28,2025-12-28,224,224,14
8042,6451,35,3,2025-12-12,2025-12-27,2025-12-18,95,95,1
8043,6451,35,3,2025-12-13,2025-12-18,2025-12-18,96,96,1
8044,6452,39,8,2025-12-07,2025-12-10,2025-12-13,572,572,3
8045,6453,41,8,2025-12-11,2026-01-06,2025-12-25,22,22,1
8046,6454,20,5,2025-12-09,2025-12-10,2025-12-12,127,127,2
8047,6455,22,5,2025-12-10,2025-12-22,2025-12-12,8,8,0
8048,6456,10,5,2025-12-15,2026-01-01,2026-01-01,327,327,2
8049,6457,19,5,2025-12-07,2025-12-18,2025-12-11,372,372,9
8050,6458,44,4,2025-12-13,2025-12-26,2025-12-27,270,270,6
8051,6458,44,4,2025-12-13,2025-12-24,2025-12-27,330,330,5
8052,6459,23,4,2025-12-07,2025-12-18,2025-12-17,127,127,7
8053,6460,37,4,2025-12-21,2026-01-06,2026-01-06,571,571,4
8054,6460,37,4,2025-12-19,2026-01-05,2026-01-06,538,538,2
8055,6461,20,4,2025-12-08,2025-12-10,2025-12-13,9,9,0
8056,6462,39,4,2025-12-12,2025-12-12,2025-12-14,46,46,1
8057,6462,39,4,2025-12-14,2025-12-14,2025-12-14,71,71,1
8058,6463,17,7,2025-12-11,2025-12-27,2025-12-19,765,765,0
8059,6464,48,7,2025-12-22,2025-12-31,2026-01-03,191,191,1
8060,6465,47,7,2025-12-20,2025-12-27,2025-12-29,424,424,3
8061,6466,25,9,2025-12-13,2025-12-13,2025-12-15,115,115,1
8062,6467,39,9,2025-12-08,2025-12-11,2025-12-14,59,59,2
8063,6468,46,9,2025-12-25,2026-01-02,2026-01-03,366,366,13
8064,6469,35,9,2025-12-13,2025-12-17,2025-12-19,239,239,2
8065,6470,46,2,2025-12-22,2026-01-02,2026-01-04,917,917,20
8066,6471,7,9,2025-12-23,2026-01-11,2026-01-12,14,14,0
8067,6472,9,9,2025-12-20,2025-12-28,2025-12-28,1034,1034,58
8068,6473,18,9,2025-12-13,2025-12-14,2025-12-14,12,12,0
8069,6474,41,3,2025-12-16,2026-01-01,2025-12-27,395,395,11
8070,6475,42,3,2025-12-13,2025-12-21,2025-12-22,55,55,2
8071,6476,50,4,2025-12-13,2025-12-27,2025-12-27,18,18,0
8072,6476,50,4,2025-12-12,2025-12-26,2025-12-27,20,20,0
8073,6477,15,4,2025-12-11,2025-12-12,2025-12-15,3,3,0
8074,6477,15,4,2025-12-10,2025-12-15,2025-12-15,6,6,0
8075,6478,17,4,2025-12-21,2025-12-23,2025-12-20,940,940,73
8076,6479,4,1,2025-12-21,2025-12-28,2025-12-30,903,903,11
8077,6480,5,6,2025-12-09,2025-12-13,2025-12-14,5,5,0
8078,6481,8,7,2025-12-12,2025-12-16,2025-12-18,9,9,0
8079,6482,30,7,2025-12-13,2025-12-19,2025-12-19,292,292,2
8080,6483,43,7,2025-12-12,2025-12-29,2025-12-18,584,584,0
8081,6484,6,8,2025-12-16,2025-12-24,2025-12-27,217,217,1
8082,6485,30,2,2025-12-13,2025-12-16,2025-12-19,61,61,1
8083,6486,19,2,2025-12-11,2025-12-23,2025-12-13,7,7,0
8084,6487,22,6,2025-12-09,2025-12-12,2025-12-14,104,104,3
8085,6488,45,6,2025-12-26,2025-12-31,2026-01-02,44,44,0
8086,6489,16,6,2025-12-13,2025-12-15,2025-12-15,14,14,0
8087,6489,16,6,2025-12-09,2025-12-23,2025-12-15,5,5,0
8088,6489,16,6,2025-12-11,2025-12-14,2025-12-15,10,10,0
8089,6490,36,6,2025-12-13,2025-12-18,2025-12-20,31,31,1
8090,6491,36,6,2025-12-16,2025-12-19,2025-12-20,521,521,35
8091,6491,36,6,2025-12-10,2025-12-24,2025-12-20,521,521,0
8092,6492,37,5,2025-12-25,2026-01-05,2026-01-08,54,54,1
8093,6493,22,5,2025-12-19,2025-12-23,2025-12-14,51,51,0
8094,6494,50,5,2025-12-20,2025-12-27,2025-12-27,109,109,3
8095,6494,50,5,2025-12-16,2026-01-06,2025-12-27,196,196,0
8096,6495,39,5,2025-12-09,2025-12-14,2025-12-15,32,32,1
8097,6496,34,9,2025-12-23,2026-01-11,2026-01-12,8,8,0
8098,6497,2,9,2025-12-13,2025-12-23,2025-12-26,16,16,0
8099,6497,2,9,2025-12-14,2025-12-23,2025-12-26,13,13,0
8100,6497,2,9,2025-12-19,2025-12-25,2025-12-26,14,14,0
8101,6498,8,9,2025-12-13,2025-12-18,2025-12-18,208,208,5
8102,6498,8,9,2025-12-12,2025-12-18,2025-12-18,199,199,3
8103,6499,46,9,2025-12-17,2026-01-01,2026-01-04,363,363,22
8104,6499,46,9,2025-12-21,2026-01-02,2026-01-04,150,150,5
8105,6499,46,9,2025-12-22,2026-01-05,2026-01-04,314,314,6
8106,6500,9,9,2025-12-15,2025-12-26,2025-12-28,86,86,3
8107,6501,21,4,2025-12-10,2025-12-14,2025-12-16,11,11,1
8108,6502,45,4,2025-12-17,2025-12-31,2026-01-03,289,289,0
8109,6503,19,4,2025-12-15,2025-12-15,2025-12-14,89,89,5
8110,6504,40,4,2025-12-20,2025-12-31,2026-01-01,18,18,0
8111,6505,21,6,2025-12-17,2025-12-18,2025-12-16,12,12,1
8112,6505,21,6,2025-12-14,2025-12-14,2025-12-16,8,8,0
8113,6506,12,2,2025-12-13,2026-01-09,2025-12-28,24,24,0
8114,6507,8,10,2025-12-18,2025-12-18,2025-12-19,461,461,7
8115,6508,10,10,2025-12-22,2026-01-16,2026-01-04,10,10,1
8116,6509,30,10,2025-12-15,2025-12-20,2025-12-20,2,2,0
8117,6509,30,10,2025-12-11,2025-12-20,2025-12-20,3,3,0
8118,6510,16,10,2025-12-13,2025-12-13,2025-12-16,108,108,1
8119,6511,16,10,2025-12-16,2025-12-16,2025-12-16,1379,1379,7
8120,6512,43,7,2025-12-12,2025-12-19,2025-12-19,102,102,8
8121,6513,35,7,2025-12-13,2025-12-18,2025-12-21,11,11,0
8122,6514,30,5,2025-12-12,2026-01-01,2025-12-20,24,24,0
8123,6515,30,5,2025-12-14,2025-12-27,2025-12-20,66,66,0
8124,6515,30,5,2025-12-13,2025-12-17,2025-12-20,70,70,0
8125,6516,36,5,2025-12-10,2025-12-30,2025-12-21,389,389,8
8126,6517,42,2,2025-12-17,2025-12-21,2025-12-23,34,34,1
8127,6518,8,2,2025-12-18,2025-12-31,2025-12-19,480,480,7
8128,6518,8,2,2025-12-19,2025-12-19,2025-12-19,458,458,1
8129,6519,1,1,2025-12-14,2025-12-19,2025-12-22,22,22,0
8130,6520,5,1,2025-12-12,2025-12-13,2025-12-15,199,199,8
8131,6521,5,1,2025-12-11,2025-12-27,2025-12-15,459,459,11
8132,6522,2,1,2025-12-15,2025-12-30,2025-12-27,8,8,0
8133,6523,5,3,2025-12-10,2025-12-21,2025-12-15,39,39,0
8134,6523,5,3,2025-12-16,2025-12-16,2025-12-15,45,45,2
8135,6524,2,3,2025-12-14,2025-12-24,2025-12-27,86,86,1
8136,6525,14,3,2025-12-14,2025-12-20,2025-12-22,85,85,0
8137,6526,37,3,2025-12-19,2026-01-07,2026-01-09,157,157,5
8138,6527,33,2,2025-12-23,2026-01-11,2026-01-05,541,541,8
8139,6528,27,2,2025-12-18,2025-12-29,2025-12-23,352,352,6
8140,6529,41,2,2025-12-19,2026-01-06,2025-12-29,190,190,15
8141,6530,4,2,2025-12-21,2025-12-30,2026-01-01,33,33,2
8142,6531,16,1,2025-12-14,2025-12-14,2025-12-17,10,10,0
8143,6531,16,1,2025-12-14,2025-12-17,2025-12-17,12,12,0
8144,6532,43,1,2025-12-16,2025-12-17,2025-12-20,447,447,21
8145,6533,5,1,2025-12-11,2025-12-22,2025-12-16,45,45,3
8146,6534,19,5,2025-12-15,2025-12-27,2025-12-15,25,25,0
8147,6534,19,5,2025-12-11,2025-12-15,2025-12-15,20,20,0
8148,6535,30,5,2025-12-16,2025-12-18,2025-12-21,12,12,0
8149,6536,6,5,2025-12-24,2025-12-27,2025-12-29,23,23,0
8150,6537,23,9,2025-12-14,2026-01-02,2025-12-21,178,178,10
8151,6538,33,9,2025-12-21,2026-01-04,2026-01-05,57,57,1
8152,6539,21,9,2025-12-12,2025-12-14,2025-12-17,5,5,0
8153,6539,21,9,2025-12-12,2025-12-22,2025-12-17,10,10,0
8154,6540,21,9,2025-12-19,2025-12-29,2025-12-17,42,42,1
8155,6541,14,8,2025-12-16,2025-12-22,2025-12-23,27,27,0
8156,6542,16,8,2025-12-18,2025-12-18,2025-12-17,31,31,0
8157,6543,42,8,2025-12-21,2025-12-24,2025-12-24,103,103,3
8158,6544,46,8,2025-12-28,2026-01-05,2026-01-06,13,13,0
8159,6545,39,8,2025-12-12,2025-12-14,2025-12-17,8,8,0
8160,6545,39,8,2025-12-15,2025-12-19,2025-12-17,7,7,0
8161,6546,41,8,2025-12-16,2025-12-29,2025-12-29,47,47,1
8162,6547,43,8,2025-12-12,2025-12-18,2025-12-20,397,397,0
8163,6547,43,8,2025-12-17,2025-12-18,2025-12-20,354,354,8
8164,6548,50,8,2025-12-20,2025-12-28,2025-12-29,39,39,2
8165,6549,13,9,2025-12-15,2025-12-22,2025-12-23,240,240,5
8166,6550,43,9,2025-12-13,2025-12-19,2025-12-20,11,11,0
8167,6551,8,9,2025-12-13,2025-12-20,2025-12-20,564,564,7
8168,6552,47,9,2025-12-24,2025-12-31,2026-01-01,25,25,1
8169,6553,42,7,2025-12-17,2025-12-29,2025-12-24,90,90,1
8170,6553,42,7,2025-12-12,2025-12-23,2025-12-24,136,136,6
8171,6554,23,10,2025-12-15,2025-12-20,2025-12-21,5,5,1
8172,6554,23,10,2025-12-16,2025-12-18,2025-12-21,5,5,0
8173,6555,20,10,2025-12-18,2025-12-18,2025-12-16,220,220,3
8174,6556,43,4,2025-12-15,2025-12-20,2025-12-20,72,72,0
8175,6557,19,4,2025-12-14,2025-12-14,2025-12-15,38,38,1
8176,6558,26,4,2025-12-12,2025-12-23,2025-12-23,486,486,24
8177,6559,40,4,2025-12-23,2026-01-02,2026-01-02,51,51,0
8178,6560,41,4,2025-12-16,2025-12-29,2025-12-29,9,9,0
8179,6561,38,2,2025-12-14,2025-12-20,2025-12-15,9,9,0
8180,6562,39,1,2025-12-13,2025-12-16,2025-12-17,56,56,2
8181,6563,31,1,2025-12-29,2026-01-08,2026-01-11,45,45,2
8182,6564,45,1,2025-12-18,2026-01-03,2026-01-04,316,316,1
8183,6565,28,4,2025-12-20,2025-12-29,2025-12-29,650,650,0
8184,6566,20,4,2025-12-17,2025-12-17,2025-12-16,55,55,2
8185,6567,15,7,2025-12-16,2025-12-20,2025-12-17,9,9,1
8186,6568,35,7,2025-12-15,2025-12-27,2025-12-22,505,505,4
8187,6569,26,7,2025-12-11,2025-12-30,2025-12-23,11,11,0
8188,6570,15,7,2025-12-12,2025-12-17,2025-12-17,386,386,15
8189,6571,30,10,2025-12-13,2025-12-21,2025-12-21,617,617,0
8190,6572,18,10,2025-12-12,2025-12-17,2025-12-17,49,49,1
8191,6573,35,5,2025-12-22,2025-12-23,2025-12-23,313,313,4
8192,6574,34,1,2025-12-25,2026-01-13,2026-01-15,14,14,0
8193,6575,35,1,2025-12-14,2025-12-22,2025-12-23,1036,1036,15
8194,6576,20,1,2025-12-16,2025-12-27,2025-12-17,43,43,1
8195,6576,20,1,2025-12-12,2025-12-14,2025-12-17,42,42,1
8196,6577,38,1,2025-12-12,2025-12-13,2025-12-16,862,862,17
8197,6578,2,2,2025-12-21,2025-12-26,2025-12-29,58,58,1
8198,6579,44,2,2025-12-21,2026-01-02,2026-01-01,548,548,10
8199,6580,42,2,2025-12-19,2025-12-22,2025-12-25,16,16,0
8200,6581,21,8,2025-12-14,2025-12-22,2025-12-18,19,19,1
8201,6582,25,1,2025-12-12,2025-12-20,2025-12-19,6,6,0
8202,6583,18,1,2025-12-14,2025-12-19,2025-12-17,9,9,0
8203,6584,7,1,2025-12-27,2026-01-13,2026-01-15,12,12,0
8204,6585,28,6,2025-12-26,2025-12-28,2025-12-30,10,10,0
8205,6586,17,5,2025-12-15,2025-12-22,2025-12-23,21,21,2
8206,6587,4,5,2025-12-23,2026-01-02,2026-01-02,24,24,0
8207,6588,16,5,2025-12-12,2025-12-18,2025-12-18,657,657,0
8208,6589,24,6,2025-12-16,2026-01-12,2026-01-02,66,66,1
8209,6589,24,6,2025-12-22,2025-12-31,2026-01-02,124,124,0
8210,6590,50,6,2025-12-20,2025-12-27,2025-12-30,293,293,3
8211,6591,16,6,2025-12-12,2025-12-15,2025-12-18,6,6,0
8212,6592,17,10,2025-12-16,2025-12-22,2025-12-23,13,13,2
8213,6593,30,10,2025-12-19,2025-12-20,2025-12-22,232,232,2
8214,6594,39,9,2025-12-13,2025-12-26,2025-12-18,199,199,3
8215,6595,2,8,2025-12-18,2026-01-03,2025-12-29,15,15,0
8216,6596,12,5,2025-12-26,2025-12-29,2025-12-31,58,58,1
8217,6597,26,5,2025-12-13,2026-01-06,2025-12-25,204,204,6
8218,6598,3,5,2025-12-31,2026-01-14,2026-01-16,222,222,1
8219,6599,46,4,2025-12-21,2026-01-07,2026-01-08,468,468,23
8220,6600,19,4,2025-12-16,2025-12-17,2025-12-17,471,471,14
8221,6600,19,4,2025-12-13,2025-12-15,2025-12-17,335,335,9
8222,6601,18,4,2025-12-13,2025-12-15,2025-12-18,46,46,0
8223,6602,5,9,2025-12-16,2025-12-29,2025-12-18,686,686,13
8224,6603,30,9,2025-12-17,2025-12-23,2025-12-23,1130,1130,12
8225,6604,27,9,2025-12-17,2025-12-22,2025-12-25,120,120,3
8226,6605,42,4,2025-12-19,2026-01-03,2025-12-26,412,412,13
8227,6606,20,10,2025-12-16,2025-12-18,2025-12-18,580,580,9
8228,6607,21,10,2025-12-16,2025-12-17,2025-12-19,9,9,0
8229,6608,22,5,2025-12-21,2025-12-21,2025-12-18,11,11,0
8230,6609,5,3,2025-12-13,2025-12-20,2025-12-18,212,212,14
8231,6610,8,7,2025-12-14,2025-12-19,2025-12-22,769,769,10
8232,6610,8,7,2025-12-17,2025-12-21,2025-12-22,514,514,9
8233,6611,43,7,2025-12-13,2025-12-22,2025-12-22,294,294,13
8234,6612,42,7,2025-12-22,2025-12-24,2025-12-26,43,43,1
8235,6613,18,9,2025-12-17,2025-12-18,2025-12-18,10,10,0
8236,6614,45,9,2025-12-31,2026-01-06,2026-01-06,964,964,4
8237,6615,36,5,2025-12-16,2025-12-21,2025-12-24,93,93,1
8238,6616,47,5,2025-12-19,2026-01-02,2026-01-03,13,13,1
8239,6616,47,5,2025-12-23,2026-01-13,2026-01-03,30,30,2
8240,6617,45,5,2025-12-20,2026-01-06,2026-01-06,71,71,0
8241,6618,32,9,2025-12-16,2025-12-18,2025-12-18,8,8,0
8242,6619,19,9,2025-12-13,2025-12-14,2025-12-17,663,663,25
8243,6620,24,1,2025-12-26,2026-01-03,2026-01-03,521,521,15
8244,6621,8,1,2025-12-17,2025-12-21,2025-12-22,18,18,0
8245,6622,39,1,2025-12-13,2025-12-19,2025-12-19,695,695,12
8246,6623,39,1,2025-12-13,2025-12-19,2025-12-19,21,21,1
8247,6623,39,1,2025-12-15,2025-12-19,2025-12-19,14,14,0
8248,6623,39,1,2025-12-17,2025-12-18,2025-12-19,23,23,0
8249,6624,9,1,2025-12-20,2025-12-30,2026-01-01,127,127,3
8250,6624,9,1,2025-12-21,2026-01-09,2026-01-01,99,99,2
8251,6625,16,1,2025-12-17,2025-12-19,2025-12-19,507,507,1
8252,6626,28,1,2025-12-20,2025-12-28,2025-12-31,113,113,1
8253,6627,45,1,2025-12-21,2026-01-03,2026-01-06,230,230,0
8254,6628,50,7,2025-12-26,2025-12-28,2025-12-31,6,6,0
8255,6629,8,7,2025-12-14,2025-12-29,2025-12-22,101,101,2
8256,6630,42,9,2025-12-16,2026-01-01,2025-12-26,10,10,0
8257,6631,36,2,2025-12-20,2025-12-24,2025-12-24,4,4,0
8258,6631,36,2,2025-12-16,2025-12-23,2025-12-24,6,6,0
8259,6632,3,2,2026-01-01,2026-01-16,2026-01-16,20,20,1
8260,6633,7,1,2025-12-29,2026-01-13,2026-01-16,39,39,1
8261,6633,7,1,2025-12-29,2026-01-14,2026-01-16,61,61,1
8262,6634,3,1,2025-12-31,2026-01-15,2026-01-16,175,175,1
8263,6635,35,1,2025-12-21,2025-12-22,2025-12-24,11,11,0
8264,6636,8,1,2025-12-19,2025-12-22,2025-12-22,537,537,8
8265,6637,10,1,2025-12-24,2026-01-16,2026-01-07,21,21,1
8266,6638,47,3,2025-12-21,2026-01-01,2026-01-03,9,9,0
8267,6638,47,3,2025-12-25,2026-01-14,2026-01-03,5,5,0
8268,6638,47,3,2025-12-18,2026-01-09,2026-01-03,4,4,0
8269,6639,30,3,2025-12-23,2025-12-23,2025-12-23,204,204,1
8270,6640,39,3,2025-12-13,2025-12-18,2025-12-19,78,78,0
8271,6641,39,9,2025-12-14,2025-12-16,2025-12-19,5,5,0
8272,6642,4,8,2025-12-16,2026-01-03,2026-01-03,1019,1019,44
8273,6643,39,8,2025-12-16,2025-12-19,2025-12-19,13,13,0
8274,6643,39,8,2025-12-13,2025-12-19,2025-12-19,5,5,0
8275,6643,39,8,2025-12-14,2025-12-18,2025-12-19,5,5,0
8276,6644,36,8,2025-12-18,2025-12-23,2025-12-24,61,61,4
8277,6645,45,6,2025-12-22,2026-01-04,2026-01-06,407,407,1
8278,6646,3,6,2025-12-31,2026-01-20,2026-01-16,104,104,1
8279,6647,43,7,2025-12-16,2025-12-29,2025-12-22,47,47,1
8280,6648,8,7,2025-12-21,2025-12-21,2025-12-22,55,55,0
8281,6649,44,7,2025-12-24,2025-12-30,2026-01-02,12,12,0
8282,6650,43,7,2025-12-19,2025-12-19,2025-12-22,72,72,1
8283,6651,40,7,2025-12-22,2026-01-04,2026-01-04,5,5,0
8284,6652,43,5,2025-12-17,2025-12-21,2025-12-22,429,429,24
8285,6653,48,5,2025-12-25,2026-01-08,2026-01-08,8,8,0
8286,6654,18,5,2025-12-18,2025-12-18,2025-12-18,548,548,5
8287,6655,24,5,2025-12-21,2026-01-03,2026-01-03,1055,1055,10
8288,6656,42,4,2025-12-21,2026-01-01,2025-12-26,8,8,0
8289,6656,42,4,2025-12-24,2026-01-06,2025-12-26,5,5,0
8290,6657,43,4,2025-12-19,2025-12-20,2025-12-22,87,87,2
8291,6658,25,9,2025-12-15,2025-12-19,2025-12-20,25,25,0
8292,6659,2,9,2025-12-21,2025-12-28,2025-12-30,6,6,0
8293,6659,2,9,2025-12-19,2025-12-30,2025-12-30,6,6,0
8294,6660,45,9,2025-12-25,2026-01-05,2026-01-06,45,45,0
8295,6660,45,9,2026-01-02,2026-01-05,2026-01-06,62,62,0
8296,6661,19,8,2025-12-13,2025-12-16,2025-12-17,69,69,1
8297,6662,8,8,2025-12-16,2025-12-21,2025-12-22,5,5,0
8298,6663,19,8,2025-12-15,2025-12-15,2025-12-17,20,20,1
8299,6664,24,8,2025-12-24,2026-01-10,2026-01-03,59,59,1
8300,6664,24,8,2025-12-22,2026-01-01,2026-01-03,54,54,1
8301,6665,20,7,2025-12-14,2025-12-25,2025-12-19,37,37,0
8302,6666,46,5,2025-12-26,2026-01-08,2026-01-10,498,498,7
8303,6667,9,5,2025-12-26,2026-01-07,2026-01-03,148,148,5
8304,6668,20,9,2025-12-16,2025-12-17,2025-12-20,320,320,0
8305,6669,36,9,2025-12-22,2026-01-04,2025-12-26,101,101,1
8306,6669,36,9,2025-12-19,2025-12-23,2025-12-26,101,101,8
8307,6670,47,9,2025-12-25,2026-01-03,2026-01-05,279,279,6
8308,6671,14,9,2025-12-22,2026-01-07,2025-12-27,31,31,0
8309,6671,14,9,2025-12-23,2025-12-24,2025-12-27,35,35,0
8310,6672,5,8,2025-12-17,2025-12-17,2025-12-20,23,23,2
8311,6673,49,8,2025-12-17,2025-12-25,2025-12-19,144,144,2
8312,6674,39,5,2025-12-18,2025-12-18,2025-12-21,118,118,2
8313,6675,34,5,2026-01-01,2026-01-18,2026-01-18,78,78,2
8314,6676,35,5,2025-12-22,2025-12-23,2025-12-26,280,280,1
8315,6676,35,5,2025-12-24,2025-12-24,2025-12-26,419,419,7
8316,6677,35,5,2025-12-20,2025-12-24,2025-12-26,15,15,0
8317,6678,11,9,2025-12-15,2025-12-26,2025-12-27,164,164,2
8318,6679,5,9,2025-12-15,2025-12-20,2025-12-20,15,15,0
8319,6679,5,9,2025-12-15,2025-12-23,2025-12-20,26,26,2
8320,6680,22,9,2025-12-18,2025-12-22,2025-12-20,6,6,0
8321,6680,22,9,2025-12-16,2025-12-31,2025-12-20,7,7,0
8322,6681,8,9,2025-12-18,2025-12-21,2025-12-24,354,354,7
8323,6681,8,9,2025-12-17,2025-12-24,2025-12-24,572,572,4
8324,6682,10,9,2025-12-28,2026-01-09,2026-01-09,479,479,17
8325,6683,2,9,2025-12-19,2026-01-13,2026-01-01,94,94,1
8326,6684,18,7,2025-12-18,2025-12-19,2025-12-21,25,25,1
8327,6684,18,7,2025-12-16,2025-12-27,2025-12-21,14,14,0
8328,6684,18,7,2025-12-21,2025-12-21,2025-12-21,11,11,0
8329,6685,3,9,2026-01-02,2026-01-26,2026-01-19,238,238,1
8330,6686,35,9,2025-12-25,2025-12-27,2025-12-27,14,14,0
8331,6686,35,9,2025-12-21,2025-12-27,2025-12-27,32,32,0
8332,6687,39,4,2025-12-16,2025-12-19,2025-12-22,40,40,1
8333,6688,15,4,2025-12-20,2025-12-20,2025-12-22,9,9,0
8334,6689,35,4,2025-12-20,2026-01-05,2025-12-27,6,6,0
8335,6690,2,3,2025-12-23,2025-12-30,2026-01-02,1339,1339,21
8336,6691,50,3,2025-12-22,2026-01-04,2026-01-03,718,718,21
8337,6692,36,3,2025-12-21,2025-12-27,2025-12-27,4,4,0
8338,6693,42,3,2025-12-18,2025-12-26,2025-12-29,283,283,16
8339,6694,35,3,2025-12-19,2025-12-30,2025-12-27,1068,1068,7
8340,6695,39,4,2025-12-22,2025-12-22,2025-12-22,9,9,0
8341,6696,1,4,2025-12-18,2025-12-25,2025-12-28,610,610,3
8342,6697,20,3,2025-12-19,2025-12-19,2025-12-21,41,41,1
8343,6698,23,8,2025-12-25,2025-12-27,2025-12-26,827,827,55
8344,6699,22,8,2025-12-21,2025-12-21,2025-12-21,32,32,1
8345,6699,22,8,2025-12-20,2025-12-20,2025-12-21,30,30,1
8346,6700,37,10,2026-01-05,2026-01-14,2026-01-15,41,41,2
8347,6701,30,10,2025-12-22,2025-12-23,2025-12-26,26,26,0
8348,6702,30,10,2025-12-20,2025-12-23,2025-12-26,65,65,1
8349,6702,30,10,2025-12-16,2025-12-26,2025-12-26,110,110,1
8350,6703,18,10,2025-12-21,2025-12-21,2025-12-21,150,150,6
8351,6704,2,1,2025-12-23,2025-12-30,2026-01-02,19,19,0
8352,6705,15,1,2025-12-19,2025-12-19,2025-12-22,8,8,0
8353,6706,30,6,2025-12-23,2025-12-26,2025-12-26,1454,1454,14
8354,6707,2,6,2025-12-23,2026-01-02,2026-01-02,572,572,16
8355,6707,2,6,2025-12-24,2026-01-02,2026-01-02,693,693,2
8356,6708,50,6,2025-12-29,2026-01-02,2026-01-03,37,37,3
8357,6709,13,6,2025-12-19,2025-12-26,2025-12-28,994,994,31
8358,6710,8,6,2025-12-18,2025-12-22,2025-12-25,1016,1016,16
8359,6711,33,6,2025-12-29,2026-01-10,2026-01-10,8,8,0
8360,6712,10,6,2025-12-25,2026-01-19,2026-01-10,254,254,12
8361,6713,27,3,2025-12-24,2026-01-04,2025-12-28,10,10,0
8362,6714,19,3,2025-12-16,2025-12-17,2025-12-20,244,244,10
8363,6714,19,3,2025-12-21,2025-12-21,2025-12-20,184,184,5
8364,6715,30,3,2025-12-23,2026-01-02,2025-12-26,133,133,1
8365,6716,20,2,2025-12-25,2025-12-25,2025-12-22,15,15,1
8366,6717,30,2,2025-12-22,2025-12-27,2025-12-27,10,10,0
8367,6718,18,2,2025-12-20,2025-12-20,2025-12-22,3,3,0
8368,6718,18,2,2025-12-21,2025-12-21,2025-12-22,2,2,0
8369,6719,21,2,2025-12-21,2025-12-21,2025-12-23,547,547,20
8370,6720,17,2,2025-12-17,2025-12-31,2025-12-28,8,8,1
8371,6721,17,10,2025-12-17,2025-12-29,2025-12-28,532,532,56
8372,6722,20,10,2025-12-21,2025-12-22,2025-12-22,2,2,0
8373,6722,20,10,2025-12-17,2025-12-22,2025-12-22,2,2,0
8374,6723,22,4,2025-12-17,2025-12-19,2025-12-22,22,22,0
8375,6724,36,4,2025-12-25,2025-12-27,2025-12-28,119,119,6
8376,6725,1,5,2025-12-21,2025-12-26,2025-12-29,1055,1055,19
8377,6726,36,5,2025-12-21,2025-12-31,2025-12-28,422,422,8
8378,6727,21,5,2025-12-23,2025-12-23,2025-12-23,5,5,0
8379,6728,39,5,2025-12-24,2026-01-03,2025-12-23,115,115,2
8380,6729,5,5,2025-12-27,2025-12-27,2025-12-22,7,7,1
8381,6730,5,5,2025-12-18,2025-12-19,2025-12-22,172,172,0
8382,6730,5,5,2025-12-17,2025-12-22,2025-12-22,135,135,4
8383,6731,44,5,2025-12-28,2026-01-05,2026-01-06,116,116,1
8384,6732,35,4,2025-12-23,2025-12-26,2025-12-28,561,561,3
8385,6733,18,4,2025-12-17,2025-12-22,2025-12-22,472,472,19
8386,6734,41,2,2025-12-24,2026-01-11,2026-01-04,360,360,14
8387,6735,20,2,2025-12-21,2025-12-27,2025-12-22,653,653,1
8388,6736,2,2,2025-12-24,2026-01-03,2026-01-03,782,782,25
8389,6737,15,2,2025-12-17,2025-12-21,2025-12-23,6,6,0
8390,6738,35,9,2025-12-24,2025-12-26,2025-12-28,797,797,10
8391,6739,30,9,2025-12-26,2025-12-26,2025-12-27,4,4,0
8392,6739,30,9,2025-12-19,2025-12-27,2025-12-27,3,3,0
8393,6740,27,9,2025-12-22,2025-12-28,2025-12-29,310,310,3
8394,6741,20,9,2025-12-17,2025-12-20,2025-12-22,269,269,2
8395,6741,20,9,2025-12-20,2025-12-20,2025-12-22,289,289,0
8396,6742,15,1,2025-12-24,2025-12-24,2025-12-23,5,5,0
8397,6743,39,1,2025-12-17,2025-12-22,2025-12-23,15,15,0
8398,6744,8,1,2025-12-18,2025-12-25,2025-12-26,126,126,4
8399,6744,8,1,2025-12-18,2025-12-26,2025-12-26,63,63,1
8400,6744,8,1,2025-12-19,2025-12-25,2025-12-26,64,64,1
8401,6745,3,1,2026-01-05,2026-01-18,2026-01-20,21,21,1
8402,6745,3,1,2026-01-05,2026-01-18,2026-01-20,34,34,0
8403,6746,8,1,2025-12-21,2025-12-26,2025-12-26,67,67,1
8404,6747,12,1,2025-12-27,2026-01-04,2026-01-04,19,19,0
8405,6747,12,1,2025-12-23,2026-01-04,2026-01-04,46,46,0
8406,6748,47,1,2025-12-28,2026-01-06,2026-01-07,142,142,4
8407,6749,43,10,2025-12-23,2025-12-26,2025-12-26,923,923,22
8408,6750,37,10,2026-01-04,2026-01-14,2026-01-16,305,305,2
8409,6751,40,6,2025-12-27,2026-01-10,2026-01-08,48,48,0
8410,6752,46,6,2026-01-02,2026-01-15,2026-01-12,462,462,17
8411,6753,20,6,2025-12-17,2025-12-26,2025-12-22,9,9,0
8412,6754,30,4,2025-12-20,2026-01-01,2025-12-27,159,159,1
8413,6754,30,4,2025-12-23,2025-12-31,2025-12-27,75,75,1
8414,6754,30,4,2025-12-17,2025-12-25,2025-12-27,148,148,1
8415,6755,18,4,2025-12-17,2025-12-21,2025-12-22,32,32,1
8416,6756,41,2,2025-12-30,2026-01-05,2026-01-04,13,13,1
8417,6756,41,2,2025-12-27,2026-01-02,2026-01-04,11,11,1
8418,6756,41,2,2025-12-25,2026-01-04,2026-01-04,12,12,1
8419,6757,23,2,2025-12-17,2025-12-27,2025-12-27,152,152,3
8420,6758,44,2,2025-12-27,2026-01-03,2026-01-06,59,59,0
8421,6759,1,7,2025-12-27,2025-12-31,2025-12-29,49,49,0
8422,6760,42,7,2025-12-23,2026-01-10,2025-12-30,84,84,5
8423,6761,10,1,2025-12-23,2026-01-22,2026-01-11,7,7,0
8424,6761,10,1,2025-12-26,2026-01-11,2026-01-11,12,12,1
8425,6762,46,1,2025-12-26,2026-01-09,2026-01-12,19,19,0
8426,6763,20,1,2025-12-22,2025-12-22,2025-12-22,107,107,4
8427,6764,11,9,2025-12-25,2026-01-07,2025-12-29,5,5,0
8428,6764,11,9,2025-12-17,2025-12-29,2025-12-29,6,6,0
8429,6765,15,9,2025-12-23,2025-12-23,2025-12-23,154,154,8
8430,6765,15,9,2025-12-21,2025-12-23,2025-12-23,295,295,3
8431,6766,43,9,2025-12-22,2026-01-04,2025-12-26,395,395,1
8432,6767,15,5,2025-12-18,2025-12-21,2025-12-23,759,759,17
8433,6768,20,5,2025-12-19,2025-12-22,2025-12-22,551,551,16
8434,6769,29,10,2025-12-29,2026-01-06,2026-01-09,205,205,2
8435,6770,43,10,2025-12-21,2025-12-23,2025-12-26,49,49,2
8436,6770,43,10,2025-12-17,2025-12-23,2025-12-26,80,80,2
8437,6771,15,10,2025-12-17,2026-01-03,2025-12-23,52,52,1
8438,6772,2,10,2025-12-19,2026-01-03,2026-01-03,18,18,0
8439,6773,1,10,2025-12-25,2025-12-27,2025-12-29,13,13,0
8440,6774,15,10,2025-12-20,2025-12-27,2025-12-23,195,195,12
8441,6775,34,9,2025-12-30,2026-01-18,2026-01-20,212,212,10
8442,6776,48,9,2025-12-25,2026-01-09,2026-01-12,18,18,1
8443,6777,5,9,2025-12-22,2025-12-22,2025-12-22,464,464,11
8444,6778,23,9,2025-12-17,2025-12-25,2025-12-27,18,18,1
8445,6779,31,9,2026-01-02,2026-01-28,2026-01-17,11,11,0
8446,6779,31,9,2026-01-02,2026-01-15,2026-01-17,13,13,1
8447,6780,43,8,2025-12-24,2025-12-27,2025-12-27,33,33,0
8448,6781,32,8,2025-12-19,2025-12-21,2025-12-23,63,63,1
8449,6782,16,7,2025-12-21,2025-12-31,2025-12-24,336,336,2
8450,6783,42,7,2025-12-24,2025-12-28,2025-12-31,168,168,9
8451,6784,50,7,2025-12-24,2026-01-11,2026-01-05,13,13,0
8452,6784,50,7,2025-12-28,2026-01-09,2026-01-05,14,14,0
8453,6785,9,7,2026-01-01,2026-01-04,2026-01-06,1043,1043,60
8454,6786,30,7,2025-12-29,2025-12-30,2025-12-28,668,668,6
8455,6787,10,10,2025-12-31,2026-01-12,2026-01-12,5,5,0
8456,6788,3,10,2026-01-08,2026-01-21,2026-01-21,240,240,0
8457,6789,2,10,2025-12-30,2026-01-02,2026-01-04,34,34,0
8458,6790,8,3,2025-12-24,2026-01-07,2025-12-27,284,284,3
8459,6791,44,6,2025-12-27,2026-01-04,2026-01-07,148,148,1
8460,6792,12,6,2025-12-23,2026-01-02,2026-01-05,5,5,0
8461,6793,30,6,2025-12-24,2025-12-27,2025-12-28,68,68,0
8462,6794,12,9,2025-12-29,2026-01-03,2026-01-05,9,9,0
8463,6795,20,9,2025-12-21,2025-12-21,2025-12-23,19,19,1
8464,6796,30,9,2025-12-18,2025-12-27,2025-12-28,239,239,2
8465,6797,47,9,2025-12-26,2026-01-08,2026-01-08,42,42,2
8466,6798,35,9,2025-12-21,2025-12-27,2025-12-29,1149,1149,2
8467,6799,8,9,2025-12-26,2025-12-27,2025-12-27,10,10,0
8468,6799,8,9,2025-12-20,2025-12-24,2025-12-27,12,12,0
8469,6800,3,9,2026-01-05,2026-01-21,2026-01-21,12,12,1
8470,6801,44,9,2025-12-24,2026-01-07,2026-01-07,11,11,0
8471,6801,44,9,2025-12-23,2026-01-06,2026-01-07,13,13,0
8472,6802,8,1,2025-12-20,2026-01-06,2025-12-27,20,20,0
8473,6802,8,1,2025-12-19,2025-12-27,2025-12-27,42,42,0
8474,6803,1,1,2025-12-20,2025-12-29,2025-12-30,51,51,1
8475,6804,22,1,2025-12-20,2025-12-20,2025-12-23,48,48,1
8476,6805,43,8,2025-12-18,2025-12-26,2025-12-27,2,2,0
8477,6805,43,8,2025-12-19,2025-12-29,2025-12-27,1,1,0
8478,6805,43,8,2025-12-26,2025-12-27,2025-12-27,1,1,0
8479,6806,45,8,2025-12-24,2026-01-19,2026-01-11,5,5,0
8480,6806,45,8,2026-01-03,2026-01-08,2026-01-11,6,6,0
8481,6807,41,8,2025-12-26,2026-01-04,2026-01-05,4,4,0
8482,6807,41,8,2025-12-25,2026-01-03,2026-01-05,4,4,0
8483,6808,37,6,2026-01-04,2026-01-16,2026-01-17,98,98,2
8484,6809,18,6,2025-12-18,2025-12-20,2025-12-23,38,38,2
8485,6809,18,6,2025-12-19,2025-12-31,2025-12-23,37,37,1
8486,6810,17,2,2025-12-30,2025-12-30,2025-12-29,15,15,1
8487,6811,12,2,2025-12-23,2026-01-05,2026-01-05,12,12,0
8488,6812,16,2,2025-12-18,2025-12-21,2025-12-24,5,5,0
8489,6812,16,2,2025-12-25,2025-12-25,2025-12-24,2,2,0
8490,6812,16,2,2025-12-21,2025-12-22,2025-12-24,3,3,0
8491,6813,20,2,2025-12-22,2025-12-23,2025-12-23,28,28,1
8492,6814,40,2,2025-12-26,2026-01-08,2026-01-09,9,9,0
8493,6815,45,2,2025-12-29,2026-01-11,2026-01-11,669,669,3
8494,6816,37,1,2026-01-02,2026-01-18,2026-01-17,6,6,0
8495,6817,10,1,2026-01-01,2026-01-11,2026-01-12,104,104,3
8496,6818,3,1,2026-01-03,2026-01-18,2026-01-21,44,44,1
8497,6819,12,1,2025-12-25,2026-01-07,2026-01-05,423,423,14
8498,6820,15,10,2025-12-20,2026-01-04,2025-12-24,34,34,2
8499,6820,15,10,2025-12-18,2025-12-22,2025-12-24,25,25,1
8500,6820,15,10,2025-12-18,2025-12-21,2025-12-24,39,39,3
8501,6821,35,8,2025-12-23,2025-12-28,2025-12-30,26,26,0
8502,6822,15,5,2025-12-23,2025-12-26,2025-12-25,328,328,6
8503,6823,43,5,2025-12-24,2025-12-28,2025-12-28,165,165,3
8504,6824,30,5,2025-12-24,2025-12-28,2025-12-29,120,120,1
8505,6825,48,6,2026-01-01,2026-01-11,2026-01-14,60,60,4
8506,6826,30,6,2025-12-22,2025-12-29,2025-12-29,3,3,0
8507,6826,30,6,2025-12-19,2025-12-28,2025-12-29,2,2,0
8508,6826,30,6,2025-12-23,2025-12-27,2025-12-29,3,3,0
8509,6827,41,6,2025-12-29,2026-01-07,2026-01-06,486,486,30
8510,6828,17,6,2025-12-27,2025-12-30,2025-12-30,53,53,5
8511,6829,39,9,2025-12-21,2025-12-26,2025-12-25,45,45,1
8512,6830,2,9,2025-12-27,2026-01-05,2026-01-05,119,119,2
8513,6831,9,6,2025-12-30,2026-01-07,2026-01-07,20,20,1
8514,6832,14,6,2025-12-25,2026-01-10,2025-12-31,521,521,4
8515,6833,16,6,2025-12-20,2025-12-23,2025-12-25,213,213,0
8516,6834,11,6,2025-12-28,2026-01-10,2025-12-31,73,73,2
8517,6835,12,6,2025-12-28,2026-01-09,2026-01-06,513,513,5
8518,6836,17,4,2025-12-25,2025-12-27,2025-12-30,809,809,0
8519,6837,43,4,2025-12-22,2025-12-27,2025-12-28,516,516,0
8520,6838,11,4,2025-12-24,2026-01-01,2025-12-31,43,43,1
8521,6839,50,1,2025-12-28,2026-01-04,2026-01-06,11,11,1
8522,6840,46,1,2025-12-30,2026-01-16,2026-01-14,6,6,0
8523,6841,28,2,2026-01-01,2026-01-05,2026-01-06,777,777,7
8524,6842,22,2,2025-12-19,2025-12-23,2025-12-24,44,44,1
8525,6843,30,2,2025-12-27,2025-12-30,2025-12-29,253,253,2
8526,6844,33,2,2026-01-01,2026-01-13,2026-01-13,10,10,0
8527,6845,17,5,2025-12-25,2025-12-30,2025-12-30,6,6,1
8528,6846,7,5,2026-01-05,2026-01-21,2026-01-22,254,254,3
8529,6847,35,5,2025-12-21,2025-12-30,2025-12-30,771,771,7
8530,6848,25,5,2025-12-21,2025-12-26,2025-12-26,643,643,9
8531,6849,42,4,2025-12-25,2025-12-30,2026-01-01,5,5,0
8532,6850,36,4,2025-12-27,2025-12-28,2025-12-30,534,534,1
8533,6851,32,9,2025-12-19,2025-12-23,2025-12-24,88,88,1
8534,6852,7,9,2026-01-01,2026-01-20,2026-01-22,29,29,0
8535,6853,11,9,2025-12-31,2026-01-12,2025-12-31,799,799,17
8536,6854,13,9,2025-12-28,2025-12-28,2025-12-31,208,208,6
8537,6854,13,9,2025-12-22,2025-12-29,2025-12-31,175,175,3
8538,6855,49,4,2025-12-20,2025-12-21,2025-12-23,18,18,1
8539,6855,49,4,2025-12-19,2025-12-24,2025-12-23,31,31,1
8540,6856,3,4,2026-01-05,2026-01-19,2026-01-22,36,36,4
8541,6857,20,4,2025-12-20,2025-12-24,2025-12-24,5,5,0
8542,6858,8,2,2025-12-21,2025-12-26,2025-12-28,27,27,0
8543,6859,19,2,2025-12-19,2025-12-22,2025-12-23,73,73,1
8544,6860,14,2,2025-12-20,2026-01-01,2025-12-31,53,53,0
8545,6860,14,2,2025-12-23,2025-12-31,2025-12-31,83,83,0
8546,6861,43,8,2025-12-19,2026-01-01,2025-12-28,3,3,0
8547,6861,43,8,2025-12-22,2025-12-25,2025-12-28,6,6,0
8548,6862,43,8,2025-12-21,2026-01-04,2025-12-28,9,9,0
8549,6863,48,1,2025-12-29,2026-01-18,2026-01-14,208,208,8
8550,6864,12,1,2025-12-29,2026-01-04,2026-01-06,562,562,21
8551,6865,4,1,2025-12-22,2026-01-08,2026-01-09,4,4,0
8552,6866,19,4,2025-12-22,2025-12-22,2025-12-23,372,372,13
8553,6867,15,6,2025-12-22,2025-12-27,2025-12-25,39,39,3
8554,6868,39,6,2025-12-21,2025-12-23,2025-12-25,13,13,0
8555,6869,36,9,2025-12-25,2026-01-05,2025-12-31,356,356,25
8556,6869,36,9,2025-12-22,2026-01-09,2025-12-31,360,360,2
8557,6870,30,9,2025-12-26,2026-01-04,2025-12-30,7,7,0
8558,6871,10,6,2025-12-27,2026-01-13,2026-01-14,99,99,0
8559,6872,50,6,2025-12-30,2026-01-07,2026-01-07,8,8,0
8560,6873,39,6,2025-12-21,2025-12-26,2025-12-26,16,16,0
8561,6874,22,2,2025-12-20,2025-12-24,2025-12-25,14,14,1
8562,6875,43,2,2025-12-20,2025-12-28,2025-12-29,13,13,0
8563,6875,43,2,2025-12-25,2025-12-28,2025-12-29,10,10,1
8564,6875,43,2,2025-12-23,2026-01-06,2025-12-29,6,6,0
8565,6876,33,9,2025-12-27,2026-01-12,2026-01-14,89,89,3
8566,6876,33,9,2026-01-05,2026-01-15,2026-01-14,150,150,1
8567,6877,15,9,2025-12-23,2025-12-24,2025-12-26,861,861,31
8568,6878,44,9,2025-12-31,2026-01-07,2026-01-09,32,32,1
8569,6878,44,9,2025-12-28,2026-01-09,2026-01-09,56,56,1
8570,6879,8,1,2025-12-22,2025-12-26,2025-12-29,162,162,2
8571,6880,47,1,2025-12-25,2026-01-07,2026-01-10,879,879,26
8572,6881,4,1,2026-01-01,2026-01-16,2026-01-10,545,545,22
8573,6882,40,1,2025-12-31,2026-01-11,2026-01-11,10,10,0
8574,6883,15,1,2025-12-23,2025-12-23,2025-12-26,139,139,8
8575,6883,15,1,2025-12-23,2025-12-24,2025-12-26,109,109,4
8576,6884,43,2,2025-12-26,2025-12-28,2025-12-29,14,14,0
8577,6884,43,2,2025-12-23,2026-01-08,2025-12-29,4,4,0
8578,6884,43,2,2025-12-24,2026-01-03,2025-12-29,9,9,0
8579,6885,16,2,2025-12-24,2026-01-06,2025-12-26,66,66,0
8580,6886,37,5,2026-01-06,2026-01-16,2026-01-19,11,11,0
8581,6887,5,4,2025-12-21,2025-12-23,2025-12-25,613,613,12
8582,6888,18,4,2025-12-21,2025-12-22,2025-12-25,16,16,0
8583,6889,39,4,2025-12-27,2026-01-06,2025-12-26,17,17,0
8584,6890,14,2,2025-12-25,2025-12-30,2026-01-01,760,760,2
8585,6891,18,2,2025-12-25,2025-12-25,2025-12-25,27,27,0
8586,6892,49,2,2025-12-20,2025-12-21,2025-12-24,51,51,2
8587,6893,48,10,2026-01-02,2026-01-13,2026-01-15,29,29,0
8588,6893,48,10,2026-01-03,2026-01-12,2026-01-15,17,17,1
8589,6893,48,10,2026-01-03,2026-01-12,2026-01-15,14,14,0
8590,6894,18,4,2025-12-24,2025-12-24,2025-12-25,10,10,0
8591,6895,2,4,2025-12-31,2026-01-04,2026-01-06,228,228,5
8592,6896,37,4,2025-12-31,2026-01-17,2026-01-19,20,20,1
8593,6897,21,4,2025-12-20,2026-01-05,2025-12-26,169,169,8
8594,6898,16,4,2025-12-21,2026-01-07,2025-12-26,12,12,0
8595,6898,16,4,2025-12-29,2025-12-29,2025-12-26,10,10,0
8596,6899,22,4,2025-12-22,2025-12-26,2025-12-25,506,506,13
8597,6899,22,4,2025-12-20,2025-12-25,2025-12-25,191,191,1
8598,6899,22,4,2025-12-25,2026-01-05,2025-12-25,170,170,7
8599,6900,43,4,2025-12-24,2026-01-01,2025-12-29,61,61,3
8600,6901,18,3,2025-12-22,2025-12-22,2025-12-25,10,10,0
8601,6902,19,9,2025-12-22,2025-12-24,2025-12-24,6,6,0
8602,6903,17,9,2025-12-26,2025-12-31,2025-12-31,17,17,1
8603,6904,23,9,2025-12-25,2026-01-02,2025-12-30,12,12,1
8604,6905,2,9,2025-12-30,2026-01-06,2026-01-06,30,30,0
8605,6906,7,9,2026-01-09,2026-01-21,2026-01-23,1325,1325,21
8606,6907,48,5,2026-01-02,2026-01-15,2026-01-15,192,192,1
8607,6908,44,5,2026-01-01,2026-01-09,2026-01-09,192,192,2
8608,6909,42,5,2025-12-26,2026-01-01,2026-01-02,219,219,4
8609,6910,21,3,2025-12-23,2025-12-26,2025-12-26,14,14,1
8610,6911,35,3,2025-12-29,2025-12-31,2025-12-31,120,120,1
8611,6912,17,5,2025-12-21,2026-01-01,2025-12-31,138,138,10
8612,6913,11,8,2025-12-24,2025-12-30,2026-01-02,10,10,0
8613,6914,41,8,2025-12-31,2026-01-06,2026-01-08,2,2,0
8614,6914,41,8,2025-12-26,2026-01-07,2026-01-08,2,2,0
8615,6915,21,8,2025-12-23,2026-01-01,2025-12-27,725,725,37
8616,6916,22,1,2025-12-21,2025-12-31,2025-12-26,20,20,1
8617,6916,22,1,2025-12-25,2025-12-28,2025-12-26,16,16,0
8618,6917,19,1,2025-12-30,2025-12-30,2025-12-25,26,26,0
8619,6918,39,1,2025-12-23,2025-12-27,2025-12-27,14,14,0
8620,6918,39,1,2025-12-21,2026-01-03,2025-12-27,34,34,0
8621,6919,28,6,2025-12-31,2026-01-19,2026-01-08,557,557,16
8622,6920,15,6,2025-12-22,2026-01-02,2025-12-27,394,394,20
8623,6921,38,7,2025-12-21,2026-01-04,2025-12-25,9,9,0
8624,6922,40,7,2026-01-01,2026-01-11,2026-01-12,104,104,1
8625,6922,40,7,2026-01-04,2026-01-10,2026-01-12,140,140,1
8626,6923,20,7,2025-12-22,2025-12-26,2025-12-26,9,9,0
8627,6924,40,7,2026-01-02,2026-01-11,2026-01-12,125,125,1
8628,6925,50,7,2025-12-26,2026-01-05,2026-01-08,18,18,1
8629,6926,18,6,2025-12-22,2025-12-24,2025-12-27,919,919,15
8630,6927,21,6,2025-12-28,2025-12-28,2025-12-28,64,64,4
8631,6928,14,6,2025-12-28,2026-01-12,2026-01-03,266,266,0
8632,6928,14,6,2025-12-26,2026-01-02,2026-01-03,108,108,0
8633,6928,14,6,2025-12-30,2026-01-02,2026-01-03,189,189,1
8634,6929,3,6,2026-01-06,2026-01-23,2026-01-25,25,25,1
8635,6929,3,6,2026-01-11,2026-01-23,2026-01-25,21,21,1
8636,6930,30,6,2025-12-30,2025-12-31,2026-01-01,59,59,0
8637,6930,30,6,2025-12-27,2026-01-01,2026-01-01,63,63,0
8638,6930,30,6,2025-12-28,2025-12-29,2026-01-01,53,53,0
8639,6931,43,1,2025-12-29,2025-12-29,2025-12-31,287,287,23
8640,6932,40,2,2026-01-02,2026-01-13,2026-01-13,148,148,0
8641,6933,20,2,2025-12-25,2026-01-06,2025-12-27,259,259,9
8642,6934,36,6,2025-12-26,2026-01-14,2026-01-02,901,901,58
8643,6935,44,6,2026-01-02,2026-01-09,2026-01-11,218,218,2
8644,6936,28,6,2025-12-27,2026-01-07,2026-01-09,79,79,1
8645,6937,22,8,2025-12-29,2025-12-29,2025-12-28,5,5,0
8646,6938,43,8,2025-12-27,2025-12-31,2026-01-01,8,8,0
8647,6939,44,8,2026-01-02,2026-01-10,2026-01-12,4,4,0
8648,6939,44,8,2026-01-01,2026-01-09,2026-01-12,10,10,0
8649,6940,20,6,2025-12-29,2025-12-29,2025-12-28,12,12,1
8650,6941,2,6,2025-12-30,2026-01-08,2026-01-09,69,69,1
8651,6942,30,6,2025-12-28,2025-12-31,2026-01-02,124,124,1
8652,6943,12,6,2026-01-01,2026-01-10,2026-01-10,129,129,0
8653,6944,19,6,2025-12-23,2025-12-25,2025-12-27,2,2,0
8654,6944,19,6,2025-12-23,2025-12-27,2025-12-27,2,2,0
8655,6945,40,1,2026-01-05,2026-01-14,2026-01-14,88,88,1
8656,6946,46,1,2026-01-07,2026-01-17,2026-01-18,13,13,1
8657,6947,42,1,2025-12-31,2026-01-06,2026-01-05,64,64,2
8658,6948,5,2,2025-12-23,2025-12-29,2025-12-28,782,782,25
8659,6949,25,2,2025-12-28,2025-12-30,2025-12-30,11,11,0
8660,6950,21,10,2025-12-23,2025-12-27,2025-12-29,30,30,0
8661,6950,21,10,2025-12-29,2025-12-29,2025-12-29,55,55,2
8662,6951,47,9,2025-12-27,2026-01-13,2026-01-13,9,9,0
8663,6952,2,9,2025-12-30,2026-01-15,2026-01-09,955,955,6
8664,6953,12,9,2025-12-30,2026-01-22,2026-01-10,527,527,2
8665,6954,48,9,2026-01-07,2026-01-17,2026-01-18,9,9,1
8666,6955,30,10,2025-12-27,2025-12-30,2026-01-02,117,117,1
8667,6956,7,10,2026-01-10,2026-01-24,2026-01-26,14,14,0
8668,6957,20,10,2025-12-26,2025-12-26,2025-12-28,112,112,1
8669,6957,20,10,2025-12-23,2025-12-28,2025-12-28,103,103,1
8670,6957,20,10,2025-12-26,2026-01-07,2025-12-28,87,87,3
8671,6958,20,4,2025-12-26,2025-12-27,2025-12-28,790,790,16
8672,6959,30,4,2025-12-27,2026-01-08,2026-01-02,1417,1417,10
8673,6960,21,1,2025-12-25,2025-12-28,2025-12-29,121,121,6
8674,6961,30,1,2025-12-26,2026-01-01,2026-01-02,1296,1296,2
8675,6962,43,1,2025-12-23,2026-01-07,2026-01-01,727,727,37
8676,6963,16,1,2025-12-23,2025-12-28,2025-12-29,51,51,0
8677,6964,2,1,2025-12-29,2026-01-07,2026-01-09,64,64,0
8678,6965,47,4,2025-12-31,2026-01-24,2026-01-13,7,7,0
8679,6966,8,4,2025-12-25,2026-01-06,2026-01-01,137,137,1
8680,6967,23,4,2025-12-25,2025-12-31,2026-01-02,334,334,34
8681,6968,19,8,2025-12-26,2025-12-26,2025-12-27,200,200,4
8682,6969,33,8,2026-01-01,2026-01-15,2026-01-17,51,51,2
8683,6970,27,8,2025-12-30,2026-01-07,2026-01-04,18,18,1
8684,6971,50,8,2026-01-03,2026-01-07,2026-01-10,76,76,2
8685,6972,11,8,2025-12-28,2026-01-03,2026-01-04,26,26,1
8686,6972,11,8,2025-12-26,2026-01-01,2026-01-04,19,19,0
8687,6973,18,7,2025-12-24,2025-12-27,2025-12-28,226,226,9
8688,6974,40,7,2025-12-30,2026-01-11,2026-01-14,1349,1349,9
8689,6975,8,5,2025-12-25,2025-12-29,2026-01-01,25,25,0
8690,6976,18,5,2025-12-27,2025-12-27,2025-12-28,17,17,1
8691,6976,18,5,2025-12-23,2025-12-25,2025-12-28,27,27,1
8692,6977,44,5,2025-12-30,2026-01-09,2026-01-12,15,15,0
8693,6978,16,5,2025-12-23,2025-12-30,2025-12-29,4,4,0
8694,6978,16,5,2025-12-26,2025-12-29,2025-12-29,6,6,0
8695,6979,50,2,2026-01-03,2026-01-10,2026-01-11,13,13,0
8696,6980,44,2,2025-12-30,2026-01-11,2026-01-13,245,245,2
8697,6980,44,2,2026-01-04,2026-01-11,2026-01-13,397,397,0
8698,6981,28,2,2025-12-29,2026-01-19,2026-01-11,574,574,8
8699,6982,30,10,2025-12-25,2026-01-02,2026-01-03,12,12,0
8700,6983,30,10,2025-12-24,2026-01-02,2026-01-03,19,19,0
8701,6984,41,10,2025-12-30,2026-01-09,2026-01-11,207,207,12
8702,6985,19,10,2025-12-24,2025-12-27,2025-12-28,9,9,0
8703,6986,3,10,2026-01-09,2026-01-27,2026-01-27,4,4,0
8704,6986,3,10,2026-01-11,2026-01-24,2026-01-27,1,1,0
8705,6986,3,10,2026-01-08,2026-01-27,2026-01-27,2,2,0
8706,6987,30,7,2025-12-29,2026-01-01,2026-01-03,869,869,5
8707,6988,20,7,2025-12-24,2025-12-27,2025-12-29,17,17,0
8708,6989,27,7,2025-12-29,2026-01-05,2026-01-05,457,457,11
8709,6990,22,7,2025-12-24,2025-12-30,2025-12-29,41,41,1
8710,6991,46,7,2026-01-10,2026-01-16,2026-01-19,53,53,1
8711,6992,37,2,2026-01-05,2026-01-20,2026-01-23,335,335,7
8712,6992,37,2,2026-01-05,2026-01-22,2026-01-23,727,727,13
8713,6993,48,2,2026-01-06,2026-01-16,2026-01-19,695,695,20
8714,6994,42,10,2025-12-30,2026-01-13,2026-01-06,151,151,8
8715,6995,35,10,2025-12-31,2026-01-07,2026-01-04,60,60,1
8716,6996,36,10,2025-12-31,2026-01-03,2026-01-04,15,15,1
8717,6997,49,5,2025-12-24,2026-01-04,2025-12-28,415,415,10
8718,6998,10,5,2026-01-03,2026-01-15,2026-01-18,851,851,26
8719,6999,49,5,2025-12-24,2025-12-27,2025-12-28,225,225,1
8720,7000,18,5,2025-12-24,2025-12-27,2025-12-29,4,4,0
8721,7001,30,8,2025-12-28,2026-01-01,2026-01-03,1068,1068,7
8722,7002,10,8,2026-01-04,2026-01-16,2026-01-18,371,371,6
8723,7003,45,8,2026-01-02,2026-01-17,2026-01-17,12,12,0
8724,7003,45,8,2025-12-29,2026-01-17,2026-01-17,16,16,0
8725,7004,35,8,2025-12-26,2026-01-02,2026-01-04,14,14,0
8726,7005,10,8,2026-01-08,2026-01-17,2026-01-18,8,8,0
8727,7006,30,8,2025-12-26,2026-01-07,2026-01-03,335,335,1
8728,7007,2,1,2026-01-02,2026-01-09,2026-01-10,202,202,4
8729,7007,2,1,2025-12-31,2026-01-07,2026-01-10,167,167,4
8730,7008,17,1,2025-12-30,2026-01-02,2026-01-04,587,587,60
8731,7009,4,1,2026-01-01,2026-01-14,2026-01-14,9,9,0
8732,7009,4,1,2025-12-26,2026-01-17,2026-01-14,7,7,0
8733,7010,30,1,2025-12-29,2026-01-01,2026-01-03,536,536,1
8734,7011,14,1,2025-12-28,2026-01-02,2026-01-05,66,66,0
8735,7012,47,8,2026-01-03,2026-01-12,2026-01-14,2,2,0
8736,7012,47,8,2026-01-03,2026-01-18,2026-01-14,4,4,0
8737,7013,20,8,2025-12-25,2025-12-27,2025-12-29,75,75,2
8738,7014,1,8,2025-12-30,2026-01-04,2026-01-05,320,320,3
8739,7015,19,8,2025-12-24,2025-12-25,2025-12-28,398,398,20
8740,7016,2,4,2026-01-01,2026-01-07,2026-01-10,306,306,5
8741,7016,2,4,2025-12-31,2026-01-09,2026-01-10,281,281,2
8742,7017,30,4,2025-12-29,2025-12-31,2026-01-03,12,12,0
8743,7018,25,8,2025-12-25,2025-12-30,2025-12-31,106,106,0
8744,7019,3,8,2026-01-16,2026-01-27,2026-01-27,13,13,0
8745,7020,43,8,2025-12-31,2025-12-31,2026-01-02,11,11,0
8746,7021,16,8,2025-12-26,2025-12-30,2025-12-30,16,16,0
8747,7022,45,8,2026-01-06,2026-01-14,2026-01-17,666,666,2
8748,7023,35,8,2025-12-24,2026-01-02,2026-01-04,90,90,0
8749,7024,48,8,2026-01-07,2026-01-18,2026-01-19,46,46,1
8750,7025,39,6,2025-12-24,2025-12-29,2025-12-30,13,13,0
8751,7026,6,6,2025-12-31,2026-01-08,2026-01-11,1071,1071,3
8752,7027,2,6,2025-12-26,2026-01-13,2026-01-10,20,20,0
8753,7028,4,6,2026-01-08,2026-01-14,2026-01-14,104,104,2
8754,7029,48,3,2026-01-03,2026-01-19,2026-01-19,478,478,16
8755,7030,43,3,2025-12-25,2026-01-01,2026-01-02,8,8,0
8756,7031,17,9,2025-12-26,2026-01-08,2026-01-04,8,8,0
8757,7032,10,3,2026-01-06,2026-01-18,2026-01-18,141,141,4
8758,7033,17,3,2025-12-26,2026-01-09,2026-01-04,824,824,111
8759,7034,22,3,2025-12-25,2026-01-04,2025-12-29,5,5,0
8760,7035,40,1,2026-01-04,2026-01-14,2026-01-15,27,27,0
8761,7036,25,5,2025-12-25,2025-12-29,2025-12-31,132,132,2
8762,7037,11,5,2025-12-30,2026-01-02,2026-01-05,601,601,21
8763,7038,19,5,2025-12-24,2026-01-08,2025-12-28,430,430,21
8764,7039,14,5,2025-12-31,2026-01-02,2026-01-05,465,465,3
8765,7040,30,5,2025-12-24,2025-12-31,2026-01-03,1475,1475,1
8766,7041,10,6,2026-01-07,2026-01-17,2026-01-18,46,46,1
8767,7041,10,6,2025-12-31,2026-01-16,2026-01-18,25,25,1
8768,7041,10,6,2026-01-08,2026-01-18,2026-01-18,33,33,1
8769,7042,47,6,2026-01-07,2026-01-14,2026-01-14,48,48,2
8770,7043,2,3,2025-12-27,2026-01-20,2026-01-10,12,12,0
8771,7044,20,3,2025-12-24,2025-12-28,2025-12-29,65,65,2
8772,7045,17,2,2025-12-27,2026-01-10,2026-01-04,261,261,13
8773,7046,18,2,2025-12-28,2026-01-04,2025-12-29,2,2,0
8774,7046,18,2,2025-12-25,2025-12-28,2025-12-29,2,2,0
8775,7047,35,2,2026-01-03,2026-01-04,2026-01-04,682,682,5
8776,7048,35,2,2026-01-04,2026-01-04,2026-01-04,1415,1415,19
8777,7049,20,1,2025-12-26,2025-12-29,2025-12-29,109,109,4
8778,7050,8,8,2025-12-24,2026-01-01,2026-01-02,48,48,0
8779,7051,15,8,2025-12-28,2025-12-28,2025-12-30,405,405,34
8780,7052,25,10,2025-12-24,2025-12-31,2025-12-31,60,60,0
8781,7053,25,10,2025-12-27,2025-12-28,2025-12-31,65,65,2
8782,7054,19,10,2025-12-28,2025-12-28,2025-12-28,17,17,0
8783,7055,18,10,2025-12-24,2026-01-09,2025-12-29,42,42,1
8784,7056,44,9,2026-01-01,2026-01-14,2026-01-14,162,162,1
8785,7057,37,9,2026-01-07,2026-01-21,2026-01-24,116,116,0
8786,7058,21,9,2025-12-27,2025-12-30,2025-12-31,32,32,0
8787,7058,21,9,2025-12-29,2025-12-29,2025-12-31,24,24,1
8788,7059,35,9,2025-12-30,2026-01-04,2026-01-05,16,16,0
8789,7060,20,3,2026-01-01,2026-01-04,2025-12-30,86,86,2
8790,7061,35,3,2025-12-30,2026-01-08,2026-01-05,18,18,0
8791,7062,30,3,2025-12-30,2026-01-01,2026-01-04,255,255,1
8792,7063,43,3,2025-12-26,2026-01-03,2026-01-03,32,32,1
8793,7063,43,3,2026-01-02,2026-01-03,2026-01-03,27,27,1
8794,7064,48,2,2026-01-04,2026-01-20,2026-01-20,498,498,12
8795,7065,18,2,2025-12-25,2026-01-03,2025-12-30,5,5,0
8796,7065,18,2,2025-12-25,2025-12-29,2025-12-30,4,4,0
8797,7066,15,3,2025-12-25,2025-12-29,2025-12-31,29,29,1
8798,7067,36,2,2025-12-30,2026-01-03,2026-01-05,9,9,0
8799,7067,36,2,2025-12-31,2026-01-05,2026-01-05,10,10,0
8800,7068,12,2,2026-01-02,2026-01-09,2026-01-12,109,109,1
8801,7069,2,2,2026-01-08,2026-01-11,2026-01-11,24,24,0
8802,7070,15,2,2025-12-27,2025-12-29,2025-12-31,2,2,0
8803,7070,15,2,2025-12-26,2026-01-05,2025-12-31,5,5,0
8804,7071,5,1,2025-12-25,2025-12-27,2025-12-30,322,322,22
8805,7072,46,1,2026-01-09,2026-01-17,2026-01-20,157,157,0
8806,7073,19,1,2025-12-25,2025-12-26,2025-12-29,120,120,4
8807,7074,30,7,2025-12-28,2026-01-03,2026-01-04,42,42,0
8808,7075,18,9,2025-12-25,2026-01-08,2025-12-30,13,13,0
8809,7076,2,1,2025-12-29,2026-01-11,2026-01-11,20,20,0
8810,7076,2,1,2025-12-31,2026-01-08,2026-01-11,17,17,0
8811,7076,2,1,2025-12-28,2026-01-09,2026-01-11,22,22,0
8812,7077,21,1,2025-12-25,2025-12-30,2025-12-31,11,11,0
8813,7078,19,1,2025-12-28,2025-12-28,2025-12-29,472,472,34
8814,7079,30,1,2026-01-01,2026-01-02,2026-01-04,1338,1338,7
8815,7080,5,1,2025-12-26,2026-01-04,2025-12-30,180,180,7
8816,7081,40,5,2026-01-03,2026-01-16,2026-01-16,9,9,0
8817,7082,38,8,2025-12-28,2025-12-28,2025-12-29,704,704,23
8818,7083,6,8,2025-12-29,2026-01-10,2026-01-12,223,223,1
8819,7084,19,8,2025-12-27,2025-12-27,2025-12-29,212,212,0
8820,7085,49,9,2025-12-26,2025-12-26,2025-12-29,216,216,0
8821,7086,24,9,2025-12-30,2026-01-16,2026-01-15,2,2,0
8822,7086,24,9,2026-01-02,2026-01-18,2026-01-15,4,4,0
8823,7087,19,6,2025-12-30,2026-01-03,2025-12-29,248,248,9
8824,7088,37,6,2026-01-08,2026-01-22,2026-01-24,550,550,14
8825,7089,39,6,2025-12-26,2025-12-30,2025-12-31,131,131,2
8826,7090,48,6,2026-01-05,2026-01-25,2026-01-20,12,12,1
8827,7090,48,6,2025-12-29,2026-01-20,2026-01-20,17,17,0
8828,7091,40,10,2026-01-03,2026-01-16,2026-01-16,8,8,0
8829,7092,22,10,2025-12-29,2026-01-01,2025-12-30,268,268,4
8830,7092,22,10,2025-12-26,2026-01-01,2025-12-30,252,252,8
8831,7093,19,3,2025-12-25,2025-12-28,2025-12-29,36,36,1
8832,7094,23,3,2025-12-25,2026-01-08,2026-01-04,48,48,1
8833,7095,30,3,2025-12-31,2026-01-13,2026-01-04,27,27,0
8834,7096,46,9,2026-01-06,2026-01-25,2026-01-21,509,509,30
8835,7097,44,9,2026-01-04,2026-01-14,2026-01-15,19,19,0
8836,7098,39,9,2025-12-28,2026-01-10,2026-01-01,13,13,0
8837,7099,44,2,2026-01-08,2026-01-14,2026-01-15,200,200,0
8838,7100,34,2,2026-01-12,2026-01-28,2026-01-29,766,766,22
8839,7101,18,2,2025-12-27,2025-12-28,2025-12-31,896,896,27
8840,7102,21,2,2026-01-01,2026-01-01,2026-01-01,126,126,2
8841,7103,20,2,2026-01-03,2026-01-03,2025-12-31,235,235,5
8842,7103,20,2,2025-12-31,2025-12-31,2025-12-31,133,133,0
8843,7103,20,2,2025-12-28,2025-12-28,2025-12-31,111,111,1
8844,7104,12,2,2026-01-04,2026-01-13,2026-01-13,635,635,17
8845,7105,21,3,2025-12-26,2026-01-06,2026-01-01,81,81,5
8846,7106,20,3,2025-12-26,2026-01-04,2025-12-31,22,22,0
8847,7107,5,4,2025-12-27,2025-12-30,2025-12-31,12,12,0
8848,7108,23,4,2026-01-01,2026-01-03,2026-01-05,250,250,10
8849,7108,23,4,2025-12-30,2026-01-09,2026-01-05,198,198,15
8850,7109,42,3,2025-12-28,2026-01-10,2026-01-08,13,13,1
8851,7110,34,3,2026-01-05,2026-01-27,2026-01-29,62,62,1
8852,7111,42,4,2026-01-03,2026-01-05,2026-01-08,4,4,0
8853,7111,42,4,2025-12-31,2026-01-15,2026-01-08,7,7,0
8854,7112,15,4,2025-12-29,2025-12-30,2026-01-01,58,58,2
8855,7113,24,4,2025-12-31,2026-01-14,2026-01-16,101,101,1
8856,7114,7,2,2026-01-12,2026-01-26,2026-01-29,420,420,5
8857,7114,7,2,2026-01-09,2026-01-27,2026-01-29,570,570,8
8858,7115,24,2,2025-12-31,2026-01-16,2026-01-16,2,2,0
8859,7115,24,2,2025-12-29,2026-01-14,2026-01-16,3,3,0
8860,7116,16,2,2025-12-28,2025-12-30,2026-01-01,424,424,0
8861,7117,21,2,2025-12-31,2026-01-01,2026-01-01,7,7,0
8862,7118,32,7,2025-12-30,2025-12-30,2025-12-31,510,510,3
8863,7119,16,7,2025-12-27,2026-01-11,2026-01-01,9,9,0
8864,7120,24,7,2026-01-06,2026-01-13,2026-01-16,115,115,3
8865,7121,18,1,2025-12-26,2025-12-28,2025-12-31,196,196,6
8866,7122,43,1,2025-12-31,2026-01-01,2026-01-04,13,13,1
8867,7123,29,5,2026-01-02,2026-01-16,2026-01-18,9,9,0
8868,7124,10,4,2026-01-10,2026-02-01,2026-01-20,11,11,0
8869,7124,10,4,2026-01-02,2026-01-20,2026-01-20,5,5,0
8870,7124,10,4,2026-01-06,2026-01-17,2026-01-20,7,7,0
8871,7125,17,4,2026-01-02,2026-01-04,2026-01-06,75,75,10
8872,7125,17,4,2025-12-31,2026-01-08,2026-01-06,75,75,9
8873,7126,45,2,2026-01-03,2026-01-16,2026-01-19,15,15,0
8874,7127,24,2,2026-01-07,2026-01-13,2026-01-16,660,660,9
8875,7128,10,3,2026-01-07,2026-01-19,2026-01-20,10,10,0
8876,7129,5,7,2025-12-31,2026-01-04,2025-12-31,1020,1020,49
8877,7130,46,7,2026-01-10,2026-01-19,2026-01-21,37,37,1
8878,7131,48,7,2026-01-05,2026-01-20,2026-01-21,224,224,4
8879,7132,24,1,2026-01-03,2026-01-17,2026-01-17,20,20,0
8880,7133,4,2,2026-01-08,2026-01-17,2026-01-17,5,5,0
8881,7133,4,2,2026-01-09,2026-01-15,2026-01-17,2,2,0
8882,7133,4,2,2026-01-07,2026-01-16,2026-01-17,2,2,0
8883,7134,33,2,2026-01-04,2026-01-18,2026-01-21,269,269,7
8884,7135,36,2,2026-01-01,2026-01-06,2026-01-07,52,52,1
8885,7136,3,2,2026-01-09,2026-01-27,2026-01-30,17,17,1
8886,7137,16,2,2025-12-27,2026-01-01,2026-01-02,8,8,0
8887,7138,13,2,2025-12-27,2026-01-05,2026-01-08,199,199,3
8888,7139,50,2,2026-01-02,2026-01-12,2026-01-14,73,73,2
8889,7140,11,2,2026-01-03,2026-01-06,2026-01-08,8,8,0
8890,7140,11,2,2026-01-04,2026-01-07,2026-01-08,15,15,0
8891,7141,9,6,2026-01-02,2026-01-13,2026-01-15,18,18,0
8892,7142,21,6,2025-12-28,2026-01-02,2026-01-02,16,16,1
8893,7143,30,6,2025-12-31,2026-01-07,2026-01-06,290,290,2
8894,7144,38,5,2025-12-27,2025-12-30,2025-12-31,48,48,1
8895,7145,15,5,2025-12-31,2026-01-05,2026-01-02,4,4,0
8896,7146,9,1,2026-01-11,2026-01-13,2026-01-15,476,476,0
8897,7147,19,1,2026-01-04,2026-01-04,2025-12-31,5,5,0
8898,7147,19,1,2025-12-31,2025-12-31,2025-12-31,6,6,0
8899,7148,44,1,2026-01-04,2026-01-13,2026-01-16,47,47,1
8900,7149,4,6,2026-01-05,2026-01-15,2026-01-17,134,134,4
8901,7150,28,8,2026-01-05,2026-01-13,2026-01-14,38,38,0
8902,7151,20,8,2026-01-01,2026-01-01,2026-01-01,95,95,1
8903,7152,25,8,2025-12-30,2026-01-02,2026-01-03,1135,1135,15
8904,7153,17,8,2026-01-04,2026-01-07,2026-01-07,4,4,0
8905,7153,17,8,2025-12-31,2026-01-04,2026-01-07,4,4,0
8906,7154,25,5,2025-12-28,2026-01-02,2026-01-03,23,23,0
8907,7154,25,5,2025-12-31,2026-01-10,2026-01-03,26,26,1
8908,7155,18,5,2025-12-27,2025-12-30,2026-01-01,362,362,4
8909,7156,42,5,2026-01-02,2026-01-08,2026-01-09,8,8,0
8910,7157,3,7,2026-01-07,2026-01-30,2026-01-30,4,4,0
8911,7158,3,8,2026-01-07,2026-01-29,2026-01-30,9,9,0
8912,7159,41,8,2026-01-03,2026-01-11,2026-01-14,31,31,1
8913,7159,41,8,2026-01-02,2026-01-14,2026-01-14,24,24,1
8914,7159,41,8,2026-01-01,2026-01-15,2026-01-14,44,44,5
8915,7160,19,8,2025-12-29,2025-12-31,2025-12-31,46,46,1
8916,7161,45,3,2026-01-06,2026-01-20,2026-01-21,133,133,0
8917,7162,46,3,2026-01-04,2026-01-22,2026-01-23,33,33,2
8918,7162,46,3,2026-01-11,2026-01-23,2026-01-23,43,43,4
8919,7163,18,2,2026-01-02,2026-01-02,2026-01-02,425,425,9
8920,7164,43,2,2025-12-30,2026-01-06,2026-01-06,29,29,0
8921,7164,43,2,2025-12-28,2026-01-18,2026-01-06,8,8,0
8922,7164,43,2,2025-12-31,2026-01-17,2026-01-06,15,15,1
8923,7165,43,8,2026-01-04,2026-01-04,2026-01-06,101,101,4
8924,7166,41,8,2026-01-01,2026-01-12,2026-01-15,288,288,17
8925,7167,20,1,2026-01-03,2026-01-03,2026-01-02,682,682,4
8926,7168,41,5,2026-01-03,2026-01-13,2026-01-16,13,13,1
8927,7168,41,5,2026-01-09,2026-01-15,2026-01-16,24,24,1
8928,7169,43,5,2026-01-02,2026-01-07,2026-01-07,1001,1001,52
8929,7170,1,5,2025-12-29,2026-01-10,2026-01-10,113,113,2
8930,7170,1,5,2026-01-05,2026-01-07,2026-01-10,107,107,2
8931,7171,40,6,2026-01-10,2026-01-18,2026-01-20,11,11,0
8932,7172,44,6,2026-01-06,2026-01-17,2026-01-18,5,5,0
8933,7173,22,6,2025-12-31,2025-12-31,2026-01-03,153,153,5
8934,7174,15,6,2025-12-29,2026-01-03,2026-01-04,40,40,0
8935,7175,8,6,2026-01-01,2026-01-06,2026-01-07,14,14,0
8936,7176,36,7,2026-01-02,2026-01-18,2026-01-09,24,24,1
8937,7177,41,6,2026-01-06,2026-01-25,2026-01-16,326,326,19
8938,7178,6,6,2026-01-04,2026-01-13,2026-01-16,1290,1290,1
8939,7179,50,6,2026-01-04,2026-01-14,2026-01-16,14,14,1
8940,7180,11,10,2026-01-04,2026-01-09,2026-01-11,6,6,0
8941,7181,39,10,2025-12-31,2026-01-05,2026-01-05,37,37,1
8942,7182,50,10,2026-01-04,2026-01-16,2026-01-17,1193,1193,49
8943,7183,3,8,2026-01-15,2026-01-31,2026-02-02,40,40,2
8944,7184,7,9,2026-01-13,2026-01-30,2026-02-02,320,320,6
8945,7185,50,10,2026-01-06,2026-01-17,2026-01-17,6,6,0
8946,7186,1,10,2026-01-05,2026-01-09,2026-01-11,5,5,0
8947,7186,1,10,2026-01-01,2026-01-11,2026-01-11,5,5,0
8948,7187,5,10,2025-12-30,2026-01-04,2026-01-04,133,133,0
8949,7188,39,3,2026-01-03,2026-01-03,2026-01-05,453,453,6
8950,7189,16,3,2026-01-05,2026-01-05,2026-01-05,6,6,0
8951,7190,35,3,2026-01-02,2026-01-08,2026-01-10,137,137,1
8952,7191,44,5,2026-01-06,2026-01-17,2026-01-19,15,15,0
8953,7191,44,5,2026-01-09,2026-01-17,2026-01-19,23,23,0
8954,7192,42,5,2026-01-04,2026-01-09,2026-01-12,5,5,0
8955,7192,42,5,2026-01-06,2026-01-10,2026-01-12,5,5,0
8956,7193,24,3,2026-01-09,2026-01-20,2026-01-20,27,27,0
8957,7193,24,3,2026-01-11,2026-01-18,2026-01-20,16,16,0
8958,7194,47,3,2026-01-08,2026-01-17,2026-01-20,102,102,3
8959,7195,41,3,2026-01-05,2026-01-16,2026-01-17,10,10,1
8960,7196,35,3,2026-01-05,2026-01-09,2026-01-10,6,6,0
8961,7196,35,3,2025-12-30,2026-01-17,2026-01-10,5,5,0
8962,7197,47,7,2026-01-10,2026-01-18,2026-01-20,728,728,21
8963,7198,3,7,2026-01-15,2026-01-31,2026-02-02,9,9,1
8964,7198,3,7,2026-01-18,2026-02-05,2026-02-02,7,7,0
8965,7199,36,1,2026-01-03,2026-01-10,2026-01-10,33,33,1
8966,7200,30,9,2026-01-04,2026-01-08,2026-01-09,580,580,1
8967,7201,41,9,2026-01-03,2026-01-15,2026-01-17,118,118,8
8968,7202,16,5,2025-12-30,2026-01-04,2026-01-05,700,700,5
8969,7203,35,10,2026-01-02,2026-01-09,2026-01-10,142,142,2
8970,7204,50,10,2026-01-09,2026-01-16,2026-01-17,6,6,0
8971,7205,14,8,2026-01-04,2026-01-09,2026-01-11,15,15,0
8972,7205,14,8,2026-01-02,2026-01-09,2026-01-11,10,10,0
8973,7206,18,8,2026-01-07,2026-01-16,2026-01-04,71,71,3
8974,7207,32,7,2025-12-30,2026-01-02,2026-01-04,386,386,4
8975,7208,4,7,2026-01-08,2026-01-22,2026-01-20,83,83,3
8976,7209,43,9,2026-01-02,2026-01-20,2026-01-08,31,31,1
8977,7209,43,9,2026-01-03,2026-01-07,2026-01-08,25,25,0
8978,7209,43,9,2026-01-03,2026-01-05,2026-01-08,42,42,3
8979,7210,8,9,2026-01-05,2026-01-06,2026-01-08,131,131,1
8980,7211,12,9,2026-01-06,2026-01-15,2026-01-17,1008,1008,29
8981,7212,2,9,2026-01-04,2026-01-15,2026-01-16,211,211,2
8982,7213,5,9,2026-01-01,2026-01-04,2026-01-04,340,340,24
8983,7214,18,4,2026-01-06,2026-01-06,2026-01-04,10,10,0
8984,7214,18,4,2025-12-30,2026-01-02,2026-01-04,11,11,0
8985,7215,43,4,2026-01-03,2026-01-16,2026-01-08,27,27,1
8986,7215,43,4,2025-12-31,2026-01-17,2026-01-08,29,29,0
8987,7216,16,4,2025-12-30,2026-01-04,2026-01-05,58,58,0
8988,7217,19,1,2025-12-31,2025-12-31,2026-01-03,813,813,42
8989,7218,16,1,2026-01-05,2026-01-05,2026-01-05,39,39,0
8990,7218,16,1,2026-01-05,2026-01-05,2026-01-05,23,23,0
8991,7218,16,1,2026-01-08,2026-01-08,2026-01-05,27,27,0
8992,7219,8,1,2025-12-30,2026-01-07,2026-01-08,67,67,1
8993,7220,34,1,2026-01-18,2026-01-31,2026-02-02,4,4,0
8994,7221,44,1,2026-01-06,2026-01-17,2026-01-19,792,792,12
8995,7222,47,8,2026-01-11,2026-01-20,2026-01-21,775,775,19
8996,7223,21,2,2026-01-03,2026-01-03,2026-01-06,657,657,26
8997,7224,31,2,2026-01-13,2026-01-28,2026-01-31,40,40,1
8998,7225,2,2,2026-01-08,2026-01-20,2026-01-17,8,8,0
8999,7226,8,10,2026-01-06,2026-01-06,2026-01-09,66,66,1
9000,7226,8,10,2026-01-01,2026-01-09,2026-01-09,25,25,0
9001,7226,8,10,2026-01-04,2026-01-08,2026-01-09,37,37,1
9002,7227,44,10,2026-01-13,2026-01-20,2026-01-20,288,288,4
9003,7228,45,1,2026-01-13,2026-01-23,2026-01-24,852,852,4
9004,7229,5,1,2026-01-02,2026-01-11,2026-01-05,17,17,1
9005,7230,47,4,2026-01-04,2026-01-21,2026-01-21,4,4,0
9006,7230,47,4,2026-01-09,2026-01-26,2026-01-21,3,3,0
9007,7231,39,4,2026-01-06,2026-01-06,2026-01-06,80,80,1
9008,7232,40,8,2026-01-10,2026-01-21,2026-01-22,27,27,0
9009,7233,6,8,2026-01-07,2026-01-17,2026-01-18,640,640,1
9010,7234,47,10,2026-01-07,2026-01-20,2026-01-21,336,336,12
9011,7235,36,2,2026-01-06,2026-01-08,2026-01-11,264,264,10
9012,7236,40,1,2026-01-11,2026-01-19,2026-01-22,123,123,1
9013,7237,15,8,2026-01-01,2026-01-03,2026-01-06,346,346,3
9014,7238,25,8,2026-01-01,2026-01-07,2026-01-07,724,724,9
9015,7239,11,8,2026-01-02,2026-01-10,2026-01-12,1145,1145,0
9016,7240,1,8,2026-01-02,2026-01-10,2026-01-12,110,110,2
9017,7241,30,8,2026-01-05,2026-01-08,2026-01-10,11,11,0
9018,7241,30,8,2026-01-10,2026-01-10,2026-01-10,17,17,0
9019,7242,1,8,2026-01-02,2026-01-09,2026-01-12,19,19,0
9020,7242,1,8,2026-01-06,2026-01-11,2026-01-12,37,37,0
9021,7243,30,1,2026-01-07,2026-01-09,2026-01-10,23,23,0
9022,7244,44,1,2026-01-13,2026-01-20,2026-01-20,4,4,0
9023,7244,44,1,2026-01-06,2026-01-18,2026-01-20,2,2,0
9024,7244,44,1,2026-01-09,2026-01-19,2026-01-20,3,3,0
9025,7245,2,1,2026-01-08,2026-01-14,2026-01-17,150,150,2
9026,7245,2,1,2026-01-12,2026-01-16,2026-01-17,285,285,1
9027,7246,41,1,2026-01-11,2026-01-17,2026-01-18,3,3,0
9028,7246,41,1,2026-01-08,2026-01-18,2026-01-18,1,1,0
9029,7246,41,1,2026-01-08,2026-01-15,2026-01-18,2,2,0
9030,7247,10,5,2026-01-11,2026-01-24,2026-01-26,57,57,1
9031,7248,11,5,2026-01-02,2026-01-22,2026-01-13,10,10,0
9032,7249,16,5,2026-01-05,2026-01-06,2026-01-07,3,3,0
9033,7249,16,5,2026-01-04,2026-01-06,2026-01-07,3,3,0
9034,7250,40,5,2026-01-11,2026-02-03,2026-01-23,17,17,0
9035,7250,40,5,2026-01-13,2026-01-22,2026-01-23,33,33,0
9036,7251,12,5,2026-01-16,2026-01-17,2026-01-19,59,59,0
9037,7251,12,5,2026-01-08,2026-01-18,2026-01-19,129,129,3
9038,7252,4,2,2026-01-08,2026-01-21,2026-01-22,563,563,13
9039,7253,2,9,2026-01-04,2026-01-22,2026-01-18,136,136,2
9040,7254,3,9,2026-01-16,2026-02-07,2026-02-04,890,890,26
9041,7255,21,9,2026-01-07,2026-01-07,2026-01-07,15,15,0
9042,7256,41,9,2026-01-06,2026-01-16,2026-01-19,55,55,4
9043,7257,5,9,2026-01-01,2026-01-14,2026-01-06,5,5,0
9044,7258,30,9,2026-01-04,2026-01-10,2026-01-11,249,249,2
9045,7259,43,9,2026-01-06,2026-01-08,2026-01-10,17,17,1
9046,7260,20,9,2026-01-04,2026-01-04,2026-01-06,120,120,2
9047,7261,43,9,2026-01-05,2026-01-10,2026-01-10,502,502,30
9048,7262,37,9,2026-01-16,2026-02-01,2026-01-31,87,87,1
9049,7262,37,9,2026-01-15,2026-01-28,2026-01-31,57,57,1
9050,7263,36,8,2026-01-07,2026-01-09,2026-01-12,14,14,0
9051,7264,3,3,2026-01-14,2026-02-03,2026-02-04,7,7,0
9052,7265,44,3,2026-01-06,2026-01-20,2026-01-21,854,854,7
9053,7266,39,3,2026-01-08,2026-01-08,2026-01-07,13,13,0
9054,7266,39,3,2026-01-05,2026-01-05,2026-01-07,10,10,0
9055,7267,44,3,2026-01-13,2026-01-20,2026-01-21,33,33,0
9056,7268,38,9,2026-01-02,2026-01-05,2026-01-05,82,82,1
9057,7269,30,9,2026-01-09,2026-01-09,2026-01-11,11,11,0
9058,7270,8,9,2026-01-09,2026-01-09,2026-01-10,1280,1280,33
9059,7271,30,9,2026-01-03,2026-01-11,2026-01-11,73,73,1
9060,7272,32,9,2026-01-05,2026-01-05,2026-01-06,24,24,0
9061,7273,23,7,2026-01-05,2026-01-16,2026-01-11,81,81,4
9062,7274,17,1,2026-01-09,2026-01-10,2026-01-12,12,12,0
9063,7275,13,1,2026-01-05,2026-01-12,2026-01-13,226,226,2
9064,7276,38,1,2026-01-06,2026-01-06,2026-01-05,58,58,0
9065,7277,48,1,2026-01-09,2026-01-25,2026-01-27,220,220,7
9066,7278,9,1,2026-01-04,2026-01-17,2026-01-20,253,253,4
9067,7278,9,1,2026-01-09,2026-01-18,2026-01-20,259,259,6
9068,7279,50,2,2026-01-06,2026-01-17,2026-01-19,28,28,1
9069,7279,50,2,2026-01-02,2026-01-28,2026-01-19,23,23,1
9070,7280,2,6,2026-01-08,2026-01-15,2026-01-18,17,17,0
9071,7281,38,6,2026-01-01,2026-01-02,2026-01-05,352,352,6
9072,7282,28,7,2026-01-09,2026-01-26,2026-01-20,45,45,0
9073,7283,20,9,2026-01-02,2026-01-11,2026-01-07,428,428,2
9074,7284,20,9,2026-01-03,2026-01-14,2026-01-07,12,12,0
9075,7285,41,9,2026-01-09,2026-01-19,2026-01-20,144,144,5
9076,7285,41,9,2026-01-10,2026-01-17,2026-01-20,213,213,12
9077,7286,45,9,2026-01-14,2026-01-25,2026-01-26,760,760,4
9078,7287,20,9,2026-01-02,2026-01-04,2026-01-07,23,23,1
9079,7288,2,4,2026-01-12,2026-01-16,2026-01-19,14,14,0
9080,7289,47,4,2026-01-10,2026-01-22,2026-01-23,87,87,3
9081,7290,35,4,2026-01-02,2026-01-11,2026-01-13,66,66,1
9082,7291,7,9,2026-01-19,2026-02-03,2026-02-05,10,10,0
9083,7292,12,9,2026-01-11,2026-01-18,2026-01-20,21,21,0
9084,7292,12,9,2026-01-08,2026-01-17,2026-01-20,43,43,0
9085,7293,17,4,2026-01-07,2026-01-12,2026-01-13,469,469,27
9086,7294,2,4,2026-01-13,2026-01-18,2026-01-19,43,43,0
9087,7295,34,7,2026-01-16,2026-02-11,2026-02-05,193,193,6
9088,7296,43,7,2026-01-05,2026-01-08,2026-01-11,236,236,3
9089,7297,2,7,2026-01-09,2026-01-31,2026-01-19,347,347,6
9090,7297,2,7,2026-01-08,2026-01-19,2026-01-19,285,285,8
9091,7298,19,7,2026-01-06,2026-01-06,2026-01-06,46,46,1
9092,7299,10,7,2026-01-12,2026-01-27,2026-01-27,17,17,0
9093,7300,7,1,2026-01-13,2026-02-03,2026-02-05,58,58,1
9094,7300,7,1,2026-01-17,2026-02-04,2026-02-05,90,90,1
9095,7301,36,4,2026-01-10,2026-01-10,2026-01-13,62,62,1
9096,7301,36,4,2026-01-09,2026-01-10,2026-01-13,91,91,3
9097,7302,32,4,2026-01-07,2026-01-07,2026-01-07,147,147,1
9098,7303,34,4,2026-01-18,2026-02-10,2026-02-05,23,23,0
9099,7304,7,6,2026-01-17,2026-02-02,2026-02-05,8,8,0
9100,7305,25,6,2026-01-05,2026-01-09,2026-01-09,85,85,0
9101,7306,19,6,2026-01-10,2026-01-10,2026-01-06,656,656,14
9102,7307,37,10,2026-01-12,2026-02-06,2026-02-01,104,104,0
9103,7308,17,10,2026-01-02,2026-01-13,2026-01-13,282,282,28
9104,7309,19,10,2026-01-02,2026-01-04,2026-01-06,12,12,1
9105,7309,19,10,2026-01-02,2026-01-04,2026-01-06,11,11,0
9106,7310,42,10,2026-01-03,2026-01-13,2026-01-15,79,79,4
9107,7311,13,10,2026-01-10,2026-01-14,2026-01-14,544,544,6
9108,7312,45,10,2026-01-20,2026-01-26,2026-01-26,10,10,0
9109,7313,41,10,2026-01-10,2026-01-17,2026-01-20,17,17,0
9110,7314,15,4,2026-01-06,2026-01-11,2026-01-08,14,14,0
9111,7315,50,4,2026-01-11,2026-02-01,2026-01-20,41,41,4
9112,7316,2,3,2026-01-07,2026-01-18,2026-01-19,11,11,0
9113,7317,40,3,2026-01-12,2026-01-21,2026-01-24,14,14,0
9114,7317,40,3,2026-01-07,2026-01-24,2026-01-24,6,6,0
9115,7317,40,3,2026-01-11,2026-01-24,2026-01-24,5,5,0
9116,7318,5,3,2026-01-04,2026-01-18,2026-01-07,28,28,1
9117,7319,30,3,2026-01-06,2026-01-12,2026-01-12,179,179,1
9118,7320,15,3,2026-01-05,2026-01-08,2026-01-08,5,5,0
9119,7321,23,3,2026-01-08,2026-01-12,2026-01-12,65,65,6
9120,7321,23,3,2026-01-05,2026-01-11,2026-01-12,76,76,5
9121,7322,42,3,2026-01-11,2026-01-13,2026-01-15,30,30,1
9122,7323,11,3,2026-01-07,2026-01-19,2026-01-14,120,120,4
9123,7324,43,7,2026-01-04,2026-01-10,2026-01-11,150,150,4
9124,7325,4,7,2026-01-11,2026-01-31,2026-01-23,12,12,0
9125,7325,4,7,2026-01-14,2026-01-22,2026-01-23,9,9,0
9126,7326,3,7,2026-01-18,2026-02-05,2026-02-05,41,41,2
9127,7327,14,3,2026-01-15,2026-01-15,2026-01-15,52,52,0
9128,7328,43,3,2026-01-07,2026-01-09,2026-01-12,81,81,3
9129,7329,43,1,2026-01-09,2026-01-12,2026-01-12,8,8,1
9130,7330,39,9,2026-01-06,2026-01-10,2026-01-09,665,665,13
9131,7331,26,9,2026-01-03,2026-01-14,2026-01-15,208,208,6
9132,7332,21,9,2026-01-06,2026-01-09,2026-01-09,48,48,3
9133,7333,37,3,2026-01-13,2026-02-01,2026-02-02,3,3,0
9134,7333,37,3,2026-01-19,2026-02-01,2026-02-02,4,4,0
9135,7334,1,7,2026-01-08,2026-01-12,2026-01-15,1018,1018,16
9136,7335,43,7,2026-01-04,2026-01-10,2026-01-12,181,181,3
9137,7336,41,7,2026-01-07,2026-01-18,2026-01-21,74,74,0
9138,7337,42,7,2026-01-11,2026-01-16,2026-01-16,26,26,1
9139,7338,18,8,2026-01-06,2026-01-06,2026-01-08,669,669,14
9140,7339,16,8,2026-01-05,2026-01-07,2026-01-09,85,85,1
9141,7339,16,8,2026-01-03,2026-01-06,2026-01-09,161,161,1
9142,7340,45,8,2026-01-18,2026-01-27,2026-01-27,60,60,0
9143,7340,45,8,2026-01-21,2026-01-27,2026-01-27,108,108,0
9144,7341,18,1,2026-01-06,2026-01-07,2026-01-08,462,462,11
9145,7342,18,1,2026-01-05,2026-01-07,2026-01-08,22,22,1
9146,7342,18,1,2026-01-09,2026-01-09,2026-01-08,41,41,1
9147,7343,14,1,2026-01-07,2026-01-13,2026-01-15,32,32,0
9148,7344,35,3,2026-01-07,2026-01-14,2026-01-14,15,15,0
9149,7345,1,3,2026-01-09,2026-01-13,2026-01-15,210,210,7
9150,7346,6,5,2026-01-12,2026-01-18,2026-01-21,14,14,0
9151,7346,6,5,2026-01-08,2026-01-21,2026-01-21,9,9,0
9152,7347,17,5,2026-01-05,2026-01-14,2026-01-14,4,4,0
9153,7348,42,5,2026-01-06,2026-01-15,2026-01-16,90,90,3
9154,7349,4,5,2026-01-10,2026-01-23,2026-01-24,8,8,0
9155,7350,19,1,2026-01-08,2026-01-08,2026-01-07,502,502,0
9156,7351,30,10,2026-01-06,2026-01-11,2026-01-13,14,14,0
9157,7352,43,10,2026-01-08,2026-01-11,2026-01-12,153,153,4
9158,7353,19,3,2026-01-08,2026-01-08,2026-01-07,96,96,5
9159,7354,21,3,2026-01-08,2026-01-08,2026-01-09,508,508,28
9160,7355,16,3,2026-01-03,2026-01-09,2026-01-09,3,3,0
9161,7355,16,3,2026-01-05,2026-01-08,2026-01-09,7,7,0
9162,7356,31,10,2026-01-20,2026-02-03,2026-02-04,53,53,2
9163,7357,39,10,2026-01-07,2026-01-10,2026-01-10,447,447,7
9164,7358,36,6,2026-01-04,2026-01-15,2026-01-15,27,27,1
9165,7359,14,6,2026-01-12,2026-01-15,2026-01-16,935,935,4
9166,7360,30,4,2026-01-08,2026-01-15,2026-01-15,260,260,1
9167,7361,20,4,2026-01-06,2026-01-10,2026-01-10,173,173,2
9168,7362,38,4,2026-01-12,2026-01-12,2026-01-09,195,195,9
9169,7363,43,9,2026-01-12,2026-01-12,2026-01-14,7,7,0
9170,7363,43,9,2026-01-10,2026-01-13,2026-01-14,13,13,1
9171,7364,6,9,2026-01-16,2026-01-21,2026-01-23,15,15,0
9172,7365,28,9,2026-01-17,2026-01-23,2026-01-23,8,8,0
9173,7366,5,9,2026-01-07,2026-01-16,2026-01-10,9,9,0
9174,7366,5,9,2026-01-06,2026-01-07,2026-01-10,6,6,0
9175,7367,22,2,2026-01-09,2026-01-09,2026-01-10,14,14,0
9176,7368,41,2,2026-01-10,2026-01-29,2026-01-23,387,387,12
9177,7369,41,5,2026-01-13,2026-01-22,2026-01-24,798,798,54
9178,7370,25,2,2026-01-07,2026-01-11,2026-01-13,7,7,0
9179,7370,25,2,2026-01-06,2026-01-12,2026-01-13,2,2,0
9180,7370,25,2,2026-01-12,2026-01-12,2026-01-13,3,3,0
9181,7371,28,2,2026-01-13,2026-01-21,2026-01-24,1134,1134,33
9182,7372,38,2,2026-01-08,2026-01-09,2026-01-10,372,372,6
9183,7373,5,2,2026-01-07,2026-01-13,2026-01-11,114,114,6
9184,7374,27,2,2026-01-13,2026-01-17,2026-01-18,10,10,0
9185,7375,18,2,2026-01-06,2026-01-09,2026-01-11,165,165,3
9186,7376,2,1,2026-01-15,2026-01-21,2026-01-23,60,60,2
9187,7376,2,1,2026-01-12,2026-01-22,2026-01-23,59,59,1
9188,7377,25,1,2026-01-08,2026-01-10,2026-01-13,155,155,1
9189,7377,25,1,2026-01-11,2026-01-13,2026-01-13,120,120,2
9190,7378,3,1,2026-01-23,2026-02-07,2026-02-09,595,595,43
9191,7379,25,1,2026-01-11,2026-01-11,2026-01-13,22,22,0
9192,7380,5,1,2026-01-07,2026-01-10,2026-01-11,29,29,2
9193,7380,5,1,2026-01-09,2026-01-09,2026-01-11,44,44,0
9194,7381,50,1,2026-01-11,2026-02-02,2026-01-24,105,105,1
9195,7382,45,1,2026-01-16,2026-01-27,2026-01-30,50,50,0
9196,7382,45,1,2026-01-16,2026-01-29,2026-01-30,36,36,0
9197,7382,45,1,2026-01-14,2026-01-27,2026-01-30,59,59,0
9198,7383,10,9,2026-01-17,2026-01-29,2026-01-31,106,106,2
9199,7383,10,9,2026-01-14,2026-01-28,2026-01-31,107,107,4
9200,7384,8,9,2026-01-12,2026-01-12,2026-01-15,604,604,17
9201,7385,18,9,2026-01-06,2026-01-13,2026-01-11,350,350,10
9202,7386,48,8,2026-01-24,2026-02-01,2026-02-01,13,13,1
9203,7386,48,8,2026-01-17,2026-02-05,2026-02-01,7,7,0
9204,7387,36,8,2026-01-10,2026-01-15,2026-01-17,84,84,5
9205,7388,43,8,2026-01-07,2026-01-15,2026-01-15,12,12,1
9206,7389,5,1,2026-01-11,2026-01-14,2026-01-11,6,6,0
9207,7390,23,1,2026-01-13,2026-01-14,2026-01-16,387,387,20
9208,7391,16,1,2026-01-06,2026-01-12,2026-01-12,66,66,0
9209,7392,12,1,2026-01-17,2026-01-23,2026-01-24,69,69,0
9210,7393,8,1,2026-01-07,2026-01-12,2026-01-15,300,300,2
9211,7393,8,1,2026-01-14,2026-01-24,2026-01-15,137,137,3
9212,7393,8,1,2026-01-07,2026-01-13,2026-01-15,210,210,0
9213,7394,17,9,2026-01-08,2026-01-17,2026-01-17,23,23,1
9214,7395,27,9,2026-01-12,2026-01-15,2026-01-18,528,528,10
9215,7396,45,9,2026-01-18,2026-01-30,2026-01-30,27,27,0
9216,7397,30,9,2026-01-16,2026-01-16,2026-01-16,684,684,4
9217,7398,33,9,2026-01-19,2026-01-30,2026-01-31,594,594,12
9218,7399,28,9,2026-01-18,2026-01-22,2026-01-24,489,489,4
9219,7400,39,9,2026-01-10,2026-01-10,2026-01-12,543,543,6
9220,7401,4,9,2026-01-13,2026-01-24,2026-01-27,12,12,0
9221,7402,36,9,2026-01-15,2026-01-16,2026-01-17,11,11,1
9222,7403,9,7,2026-01-19,2026-01-24,2026-01-26,99,99,0
9223,7404,24,7,2026-01-18,2026-01-25,2026-01-28,51,51,1
9224,7405,39,7,2026-01-14,2026-01-14,2026-01-13,106,106,1
9225,7406,43,7,2026-01-13,2026-01-18,2026-01-16,92,92,1
9226,7407,39,3,2026-01-10,2026-01-17,2026-01-13,17,17,0
9227,7408,25,1,2026-01-07,2026-01-13,2026-01-14,227,227,2
9228,7409,18,1,2026-01-07,2026-01-11,2026-01-12,22,22,1
9229,7410,35,2,2026-01-14,2026-01-16,2026-01-18,282,282,3
9230,7411,25,2,2026-01-08,2026-01-13,2026-01-14,19,19,0
9231,7412,2,3,2026-01-15,2026-01-21,2026-01-24,51,51,1
9232,7412,2,3,2026-01-14,2026-01-21,2026-01-24,55,55,0
9233,7412,2,3,2026-01-11,2026-01-21,2026-01-24,63,63,1
9234,7413,18,5,2026-01-07,2026-01-10,2026-01-12,83,83,2
9235,7414,39,5,2026-01-12,2026-01-12,2026-01-13,95,95,2
9236,7415,42,10,2026-01-16,2026-01-20,2026-01-20,549,549,25
9237,7416,15,10,2026-01-07,2026-01-10,2026-01-13,75,75,0
9238,7417,27,10,2026-01-11,2026-01-16,2026-01-19,26,26,0
9239,7418,33,1,2026-01-16,2026-02-01,2026-02-01,96,96,4
9240,7419,43,1,2026-01-13,2026-01-28,2026-01-16,52,52,1
9241,7420,24,7,2026-01-21,2026-01-28,2026-01-28,16,16,0
9242,7420,24,7,2026-01-16,2026-01-27,2026-01-28,29,29,0
9243,7421,5,7,2026-01-12,2026-01-12,2026-01-12,194,194,9
9244,7422,25,1,2026-01-09,2026-01-13,2026-01-14,27,27,1
9245,7423,48,1,2026-01-21,2026-01-31,2026-02-02,44,44,1
9246,7423,48,1,2026-01-21,2026-01-31,2026-02-02,101,101,2
9247,7424,1,1,2026-01-09,2026-01-18,2026-01-19,369,369,5
9248,7424,1,1,2026-01-19,2026-01-19,2026-01-19,298,298,5
9249,7425,21,1,2026-01-07,2026-01-10,2026-01-13,401,401,7
9250,7426,35,1,2026-01-15,2026-01-18,2026-01-18,226,226,3
9251,7426,35,1,2026-01-12,2026-01-15,2026-01-18,317,317,6
9252,7427,38,1,2026-01-07,2026-01-11,2026-01-11,217,217,8
9253,7427,38,1,2026-01-07,2026-01-11,2026-01-11,201,201,5
9254,7428,28,10,2026-01-18,2026-01-22,2026-01-25,9,9,0
9255,7429,26,10,2026-01-15,2026-01-16,2026-01-19,515,515,24
9256,7430,20,10,2026-01-11,2026-01-11,2026-01-12,1060,1060,39
9257,7431,43,4,2026-01-09,2026-01-22,2026-01-17,101,101,1
9258,7432,46,4,2026-01-20,2026-02-01,2026-02-03,202,202,13
9259,7433,41,10,2026-01-13,2026-01-24,2026-01-26,69,69,6
9260,7434,11,10,2026-01-09,2026-01-19,2026-01-20,6,6,0
9261,7434,11,10,2026-01-14,2026-01-22,2026-01-20,4,4,0
9262,7434,11,10,2026-01-08,2026-01-18,2026-01-20,6,6,0
9263,7435,20,10,2026-01-08,2026-01-11,2026-01-13,215,215,3
9264,7436,16,3,2026-01-10,2026-01-12,2026-01-14,124,124,1
9265,7437,37,3,2026-01-21,2026-02-05,2026-02-07,19,19,0
9266,7438,21,3,2026-01-11,2026-01-11,2026-01-14,233,233,9
9267,7439,46,6,2026-01-16,2026-02-02,2026-02-03,2,2,0
9268,7439,46,6,2026-01-17,2026-02-11,2026-02-03,5,5,0
9269,7440,1,10,2026-01-13,2026-01-18,2026-01-20,72,72,1
9270,7440,1,10,2026-01-16,2026-01-18,2026-01-20,100,100,1
9271,7441,43,10,2026-01-14,2026-01-28,2026-01-17,464,464,1
9272,7442,39,6,2026-01-16,2026-01-16,2026-01-14,8,8,0
9273,7442,39,6,2026-01-09,2026-01-12,2026-01-14,3,3,0
9274,7442,39,6,2026-01-14,2026-01-14,2026-01-14,3,3,0
9275,7443,43,6,2026-01-11,2026-01-17,2026-01-17,326,326,9
9276,7444,23,6,2026-01-09,2026-01-19,2026-01-18,78,78,6
9277,7445,49,6,2026-01-08,2026-01-10,2026-01-12,133,133,4
9278,7446,10,6,2026-01-20,2026-02-08,2026-02-02,154,154,4
9279,7447,7,6,2026-01-24,2026-02-09,2026-02-11,443,443,2
9280,7447,7,6,2026-01-25,2026-02-09,2026-02-11,383,383,4
9281,7448,35,2,2026-01-12,2026-01-16,2026-01-19,124,124,0
9282,7449,36,2,2026-01-10,2026-01-17,2026-01-19,86,86,3
9283,7450,17,2,2026-01-12,2026-01-16,2026-01-19,49,49,6
9284,7451,11,2,2026-01-17,2026-01-30,2026-01-20,66,66,1
9285,7452,8,2,2026-01-12,2026-01-14,2026-01-17,282,282,5
9286,7453,19,2,2026-01-11,2026-01-11,2026-01-12,65,65,1
9287,7453,19,2,2026-01-08,2026-01-11,2026-01-12,72,72,4
9288,7453,19,2,2026-01-08,2026-01-09,2026-01-12,68,68,1
9289,7454,46,2,2026-01-17,2026-02-03,2026-02-03,12,12,0
9290,7455,35,2,2026-01-11,2026-01-16,2026-01-19,14,14,0
9291,7456,10,4,2026-01-24,2026-01-30,2026-02-02,29,29,1
9292,7456,10,4,2026-01-21,2026-01-31,2026-02-02,20,20,1
9293,7456,10,4,2026-01-15,2026-01-31,2026-02-02,30,30,1
9294,7457,1,4,2026-01-14,2026-01-21,2026-01-21,24,24,0
9295,7458,12,4,2026-01-20,2026-01-25,2026-01-27,99,99,0
9296,7459,35,9,2026-01-18,2026-01-18,2026-01-20,43,43,1
9297,7460,13,9,2026-01-14,2026-01-19,2026-01-21,472,472,0
9298,7461,30,9,2026-01-10,2026-01-19,2026-01-19,500,500,3
9299,7462,25,4,2026-01-15,2026-01-16,2026-01-16,18,18,0
9300,7462,25,4,2026-01-17,2026-01-17,2026-01-16,43,43,0
9301,7463,48,4,2026-01-18,2026-02-04,2026-02-04,197,197,1
9302,7464,23,4,2026-01-17,2026-01-19,2026-01-19,595,595,36
9303,7465,37,4,2026-01-25,2026-02-05,2026-02-08,25,25,0
9304,7465,37,4,2026-01-30,2026-02-08,2026-02-08,38,38,0
9305,7466,8,4,2026-01-09,2026-01-17,2026-01-18,488,488,7
9306,7467,35,4,2026-01-13,2026-01-17,2026-01-20,4,4,0
9307,7467,35,4,2026-01-14,2026-01-18,2026-01-20,3,3,0
9308,7468,12,4,2026-01-14,2026-01-25,2026-01-27,50,50,1
9309,7469,4,4,2026-01-17,2026-01-29,2026-01-30,18,18,0
9310,7470,36,2,2026-01-10,2026-01-18,2026-01-20,3,3,0
9311,7471,10,2,2026-01-18,2026-02-06,2026-02-03,12,12,0
9312,7472,2,8,2026-01-20,2026-01-23,2026-01-26,18,18,0
9313,7473,8,8,2026-01-12,2026-01-17,2026-01-18,225,225,6
9314,7473,8,8,2026-01-10,2026-01-17,2026-01-18,353,353,1
9315,7474,12,7,2026-01-15,2026-02-01,2026-01-27,1281,1281,35
9316,7475,41,7,2026-01-25,2026-01-27,2026-01-27,10,10,0
9317,7476,33,1,2026-01-22,2026-02-03,2026-02-03,48,48,0
9318,7477,20,1,2026-01-12,2026-01-12,2026-01-14,10,10,0
9319,7478,30,1,2026-01-15,2026-01-31,2026-01-19,210,210,2
9320,7479,7,1,2026-01-25,2026-02-10,2026-02-12,800,800,2
9321,7480,17,1,2026-01-12,2026-01-19,2026-01-20,291,291,31
9322,7481,39,1,2026-01-10,2026-01-14,2026-01-15,10,10,0
9323,7482,27,1,2026-01-18,2026-01-18,2026-01-21,25,25,0
9324,7483,39,9,2026-01-09,2026-01-15,2026-01-15,524,524,9
9325,7484,20,9,2026-01-09,2026-01-11,2026-01-14,237,237,7
9326,7484,20,9,2026-01-13,2026-01-24,2026-01-14,210,210,2
9327,7485,19,9,2026-01-09,2026-01-13,2026-01-13,19,19,1
9328,7486,29,2,2026-01-18,2026-02-12,2026-02-01,71,71,1
9329,7487,36,4,2026-01-12,2026-01-17,2026-01-20,55,55,2
9330,7487,36,4,2026-01-15,2026-01-17,2026-01-20,112,112,3
9331,7488,9,2,2026-01-18,2026-01-27,2026-01-28,570,570,14
9332,7489,20,5,2026-01-13,2026-01-14,2026-01-15,9,9,0
9333,7490,35,5,2026-01-18,2026-01-19,2026-01-21,980,980,1
9334,7491,43,7,2026-01-14,2026-01-19,2026-01-19,93,93,3
9335,7492,3,7,2026-01-24,2026-02-13,2026-02-13,177,177,7
9336,7493,20,7,2026-01-15,2026-01-15,2026-01-15,8,8,0
9337,7494,16,9,2026-01-14,2026-01-15,2026-01-16,64,64,0
9338,7495,45,9,2026-01-25,2026-02-03,2026-02-03,562,562,2
9339,7496,36,7,2026-01-14,2026-01-20,2026-01-21,9,9,0
9340,7496,36,7,2026-01-17,2026-02-02,2026-01-21,3,3,0
9341,7496,36,7,2026-01-19,2026-01-31,2026-01-21,6,6,0
9342,7497,24,2,2026-01-18,2026-01-31,2026-01-31,22,22,1
9343,7498,2,2,2026-01-22,2026-01-26,2026-01-27,105,105,1
9344,7499,41,2,2026-01-22,2026-01-25,2026-01-28,187,187,13
9345,7500,10,2,2026-01-20,2026-02-16,2026-02-04,20,20,1
9346,7501,20,2,2026-01-12,2026-01-13,2026-01-15,258,258,4
9347,7502,16,2,2026-01-12,2026-01-13,2026-01-16,9,9,0
9348,7503,20,4,2026-01-10,2026-01-14,2026-01-15,389,389,4
9349,7504,15,2,2026-01-10,2026-01-13,2026-01-16,438,438,0
9350,7505,48,2,2026-01-22,2026-02-10,2026-02-05,557,557,17
9351,7506,43,2,2026-01-12,2026-01-16,2026-01-19,417,417,3
9352,7507,20,2,2026-01-14,2026-01-14,2026-01-15,9,9,0
9353,7508,20,10,2026-01-10,2026-01-19,2026-01-15,7,7,0
9354,7509,4,10,2026-01-19,2026-02-05,2026-01-31,557,557,25
9355,7509,4,10,2026-01-17,2026-01-31,2026-01-31,606,606,17
9356,7510,5,10,2026-01-16,2026-01-27,2026-01-15,38,38,2
9357,7511,4,10,2026-01-25,2026-02-11,2026-01-31,239,239,3
9358,7512,42,2,2026-01-10,2026-01-21,2026-01-23,32,32,0
9359,7513,23,2,2026-01-21,2026-01-21,2026-01-20,260,260,7
9360,7514,35,2,2026-01-15,2026-01-21,2026-01-21,124,124,0
9361,7515,30,2,2026-01-19,2026-01-20,2026-01-20,7,7,0
9362,7516,47,2,2026-01-18,2026-01-28,2026-01-31,313,313,16
9363,7517,10,9,2026-01-21,2026-02-02,2026-02-04,116,116,8
9364,7518,19,9,2026-01-10,2026-01-13,2026-01-14,21,21,1
9365,7518,19,9,2026-01-12,2026-01-12,2026-01-14,29,29,2
9366,7519,30,9,2026-01-11,2026-01-19,2026-01-20,27,27,0
9367,7520,47,7,2026-01-11,2026-01-28,2026-01-31,24,24,2
9368,7521,30,7,2026-01-14,2026-01-18,2026-01-20,41,41,0
9369,7521,30,7,2026-01-10,2026-01-19,2026-01-20,40,40,0
9370,7521,30,7,2026-01-17,2026-01-19,2026-01-20,40,40,0
9371,7522,8,7,2026-01-15,2026-01-17,2026-01-19,147,147,2
9372,7523,11,7,2026-01-15,2026-01-20,2026-01-22,40,40,1
9373,7524,2,7,2026-01-16,2026-01-26,2026-01-27,17,17,0
9374,7525,24,10,2026-01-23,2026-01-28,2026-01-31,636,636,7
9375,7526,27,10,2026-01-15,2026-01-21,2026-01-22,32,32,1
9376,7527,18,10,2026-01-11,2026-01-12,2026-01-15,727,727,16
9377,7528,30,5,2026-01-16,2026-01-19,2026-01-20,864,864,6
9378,7529,39,8,2026-01-10,2026-01-13,2026-01-16,49,49,1
9379,7530,20,8,2026-01-11,2026-01-13,2026-01-15,63,63,2
9380,7531,17,8,2026-01-12,2026-01-18,2026-01-21,99,99,13
9381,7531,17,8,2026-01-17,2026-01-20,2026-01-21,108,108,10
9382,7532,20,8,2026-01-10,2026-01-13,2026-01-15,155,155,3
9383,7533,45,2,2026-01-25,2026-02-06,2026-02-03,16,16,0
9384,7534,3,2,2026-02-01,2026-02-10,2026-02-13,4,4,0
9385,7535,35,10,2026-01-16,2026-01-21,2026-01-22,2,2,0
9386,7535,35,10,2026-01-12,2026-01-22,2026-01-22,4,4,0
9387,7536,2,10,2026-01-22,2026-01-25,2026-01-28,4,4,0
9388,7536,2,10,2026-01-16,2026-01-27,2026-01-28,2,2,0
9389,7536,2,10,2026-01-19,2026-01-27,2026-01-28,2,2,0
9390,7537,2,10,2026-01-16,2026-01-25,2026-01-28,177,177,3
9391,7538,20,10,2026-01-11,2026-01-13,2026-01-16,4,4,0
9392,7538,20,10,2026-01-14,2026-01-14,2026-01-16,5,5,0
9393,7539,3,10,2026-01-22,2026-02-13,2026-02-14,5,5,0
9394,7539,3,10,2026-01-24,2026-02-11,2026-02-14,1,1,0
9395,7539,3,10,2026-01-26,2026-02-14,2026-02-14,3,3,0
9396,7540,20,10,2026-01-12,2026-01-16,2026-01-16,582,582,6
9397,7541,2,10,2026-01-16,2026-01-28,2026-01-28,7,7,0
9398,7542,43,8,2026-01-22,2026-01-22,2026-01-20,118,118,0
9399,7543,18,8,2026-01-11,2026-01-16,2026-01-16,12,12,0
9400,7544,18,2,2026-01-11,2026-01-15,2026-01-16,427,427,21
9401,7545,41,2,2026-01-18,2026-02-02,2026-01-29,28,28,2
9402,7546,35,9,2026-01-20,2026-01-22,2026-01-23,201,201,1
9403,7547,10,9,2026-01-19,2026-02-05,2026-02-06,49,49,1
9404,7548,20,9,2026-01-13,2026-01-14,2026-01-17,27,27,1
9405,7549,11,10,2026-01-18,2026-01-22,2026-01-24,25,25,0
9406,7550,8,10,2026-01-17,2026-01-30,2026-01-21,501,501,12
9407,7550,8,10,2026-01-17,2026-01-21,2026-01-21,175,175,2
9408,7550,8,10,2026-01-14,2026-01-19,2026-01-21,255,255,3
9409,7551,42,9,2026-01-20,2026-01-24,2026-01-25,53,53,2
9410,7552,30,9,2026-01-23,2026-01-23,2026-01-22,660,660,4
9411,7553,4,9,2026-01-18,2026-02-02,2026-02-02,507,507,16
9412,7554,16,9,2026-01-15,2026-01-17,2026-01-18,8,8,0
9413,7555,11,1,2026-01-19,2026-01-21,2026-01-24,14,14,0
9414,7556,10,1,2026-01-28,2026-02-05,2026-02-06,48,48,2
9415,7557,5,1,2026-01-12,2026-01-16,2026-01-17,104,104,6
9416,7557,5,1,2026-01-14,2026-01-15,2026-01-17,33,33,1
9417,7557,5,1,2026-01-12,2026-01-19,2026-01-17,44,44,2
9418,7558,15,1,2026-01-18,2026-01-18,2026-01-18,401,401,16
9419,7559,6,1,2026-01-19,2026-01-30,2026-01-30,127,127,0
9420,7560,23,3,2026-01-21,2026-01-22,2026-01-22,8,8,0
9421,7561,36,3,2026-01-13,2026-02-02,2026-01-23,430,430,18
9422,7562,47,4,2026-01-27,2026-02-08,2026-02-03,14,14,1
9423,7563,22,4,2026-01-13,2026-01-15,2026-01-18,47,47,1
9424,7564,25,4,2026-01-17,2026-01-20,2026-01-20,43,43,1
9425,7564,25,4,2026-01-14,2026-01-18,2026-01-20,94,94,2
9426,7565,47,1,2026-01-25,2026-02-01,2026-02-03,403,403,18
9427,7566,42,1,2026-01-15,2026-01-24,2026-01-26,9,9,0
9428,7567,4,1,2026-01-20,2026-01-31,2026-02-03,6,6,0
9429,7568,46,1,2026-01-30,2026-02-19,2026-02-08,58,58,4
9430,7569,5,1,2026-01-13,2026-01-18,2026-01-18,19,19,1
9431,7569,5,1,2026-01-17,2026-01-17,2026-01-18,18,18,0
9432,7570,4,1,2026-01-20,2026-02-09,2026-02-03,15,15,1
9433,7570,4,1,2026-01-21,2026-02-14,2026-02-03,18,18,1
9434,7571,41,1,2026-01-17,2026-01-29,2026-01-31,728,728,41
9435,7572,35,1,2026-01-19,2026-02-05,2026-01-24,509,509,8
9436,7573,30,7,2026-01-17,2026-01-23,2026-01-23,19,19,0
9437,7573,30,7,2026-01-22,2026-01-22,2026-01-23,25,25,0
9438,7574,48,7,2026-01-25,2026-02-05,2026-02-08,9,9,0
9439,7575,41,5,2026-01-20,2026-02-11,2026-01-31,311,311,8
9440,7576,43,5,2026-01-20,2026-01-20,2026-01-22,198,198,5
9441,7577,1,5,2026-01-19,2026-01-22,2026-01-25,19,19,0
9442,7578,25,8,2026-01-14,2026-01-19,2026-01-20,10,10,0
9443,7579,30,5,2026-01-17,2026-01-20,2026-01-23,55,55,0
9444,7580,31,5,2026-01-24,2026-02-12,2026-02-13,69,69,2
9445,7581,39,5,2026-01-13,2026-01-16,2026-01-19,579,579,0
9446,7582,39,5,2026-01-17,2026-01-17,2026-01-19,9,9,0
9447,7582,39,5,2026-01-16,2026-01-16,2026-01-19,5,5,0
9448,7582,39,5,2026-01-17,2026-01-17,2026-01-19,9,9,0
9449,7583,41,4,2026-01-22,2026-01-30,2026-01-31,70,70,0
9450,7584,4,5,2026-01-24,2026-02-01,2026-02-03,52,52,2
9451,7585,4,5,2026-01-21,2026-02-07,2026-02-03,5,5,0
9452,7586,35,8,2026-01-15,2026-01-23,2026-01-24,236,236,3
9453,7586,35,8,2026-01-17,2026-01-24,2026-01-24,472,472,6
9454,7587,33,8,2026-01-22,2026-02-07,2026-02-07,43,43,1
9455,7588,39,5,2026-01-19,2026-01-19,2026-01-20,260,260,1
9456,7589,43,5,2026-01-16,2026-01-21,2026-01-23,10,10,0
9457,7590,26,2,2026-01-20,2026-01-23,2026-01-26,62,62,0
9458,7591,12,2,2026-01-20,2026-01-29,2026-02-01,47,47,1
9459,7592,10,1,2026-01-22,2026-02-07,2026-02-08,36,36,2
9460,7593,41,1,2026-01-20,2026-01-30,2026-02-01,4,4,0
9461,7594,43,1,2026-01-22,2026-01-22,2026-01-23,127,127,5
9462,7595,14,10,2026-01-18,2026-01-23,2026-01-26,1408,1408,3
9463,7596,15,7,2026-01-16,2026-01-18,2026-01-20,285,285,25
9464,7597,26,7,2026-01-16,2026-01-23,2026-01-26,928,928,31
9465,7598,47,9,2026-01-17,2026-02-11,2026-02-04,601,601,8
9466,7599,20,9,2026-01-18,2026-01-18,2026-01-19,295,295,4
9467,7600,47,6,2026-01-24,2026-02-01,2026-02-04,77,77,2
9468,7600,47,6,2026-01-22,2026-02-03,2026-02-04,88,88,3
9469,7601,50,6,2026-01-22,2026-02-08,2026-02-01,19,19,1
9470,7602,1,6,2026-01-20,2026-01-23,2026-01-26,5,5,0
9471,7603,19,6,2026-01-14,2026-01-15,2026-01-18,93,93,5
9472,7604,41,2,2026-01-24,2026-01-30,2026-02-01,304,304,2
9473,7605,1,2,2026-01-15,2026-01-24,2026-01-26,1240,1240,9
9474,7606,47,9,2026-01-27,2026-02-03,2026-02-04,58,58,2
9475,7607,47,9,2026-01-21,2026-02-01,2026-02-04,560,560,0
9476,7608,21,9,2026-01-16,2026-01-19,2026-01-20,11,11,0
9477,7608,21,9,2026-01-14,2026-01-20,2026-01-20,10,10,0
9478,7609,8,1,2026-01-19,2026-01-23,2026-01-23,398,398,9
9479,7610,1,1,2026-01-20,2026-01-26,2026-01-26,23,23,0
9480,7611,14,1,2026-01-17,2026-01-26,2026-01-26,185,185,0
9481,7612,43,1,2026-01-19,2026-01-21,2026-01-23,680,680,18
9482,7613,8,10,2026-01-15,2026-01-24,2026-01-24,1231,1231,21
9483,7614,41,10,2026-01-22,2026-01-31,2026-02-02,6,6,0
9484,7615,15,10,2026-01-19,2026-01-20,2026-01-21,15,15,1
9485,7616,10,10,2026-01-30,2026-02-07,2026-02-09,50,50,1
9486,7617,47,10,2026-01-22,2026-02-02,2026-02-05,7,7,0
9487,7618,39,10,2026-01-23,2026-01-29,2026-01-21,484,484,7
9488,7619,16,10,2026-01-17,2026-01-20,2026-01-21,103,103,1
9489,7620,46,3,2026-01-27,2026-02-21,2026-02-10,400,400,6
9490,7621,20,3,2026-01-15,2026-01-19,2026-01-20,57,57,1
9491,7622,16,3,2026-01-15,2026-01-19,2026-01-21,209,209,0
9492,7622,16,3,2026-01-16,2026-01-20,2026-01-21,317,317,1
9493,7623,50,5,2026-01-24,2026-01-30,2026-02-02,49,49,3
9494,7624,12,5,2026-01-26,2026-01-31,2026-02-02,78,78,0
9495,7624,12,5,2026-01-25,2026-01-31,2026-02-02,25,25,1
9496,7624,12,5,2026-01-20,2026-01-31,2026-02-02,34,34,1
9497,7625,20,1,2026-01-15,2026-01-19,2026-01-20,1118,1118,48
9498,7626,4,1,2026-01-22,2026-02-02,2026-02-05,22,22,1
9499,7627,18,3,2026-01-15,2026-01-30,2026-01-20,2,2,0
9500,7627,18,3,2026-01-18,2026-01-19,2026-01-20,6,6,0
9501,7628,43,3,2026-01-17,2026-01-28,2026-01-24,17,17,1
9502,7629,18,3,2026-01-16,2026-01-17,2026-01-20,59,59,0
9503,7630,50,3,2026-01-21,2026-02-02,2026-02-02,39,39,0
9504,7630,50,3,2026-01-19,2026-02-02,2026-02-02,20,20,1
9505,7630,50,3,2026-01-25,2026-02-02,2026-02-02,33,33,0
9506,7631,10,3,2026-01-31,2026-02-08,2026-02-09,749,749,7
9507,7632,43,3,2026-01-19,2026-02-02,2026-01-24,18,18,1
9508,7632,43,3,2026-01-19,2026-02-02,2026-01-24,12,12,1
9509,7632,43,3,2026-01-15,2026-01-22,2026-01-24,25,25,1
9510,7633,39,3,2026-01-15,2026-01-23,2026-01-21,68,68,1
9511,7634,15,3,2026-01-18,2026-01-18,2026-01-21,994,994,0
9512,7635,20,10,2026-01-17,2026-01-30,2026-01-20,449,449,13
9513,7636,24,6,2026-01-19,2026-02-05,2026-02-05,23,23,0
9514,7637,43,2,2026-01-20,2026-01-22,2026-01-24,49,49,1
9515,7638,3,3,2026-02-03,2026-02-18,2026-02-18,66,66,2
9516,7639,42,3,2026-01-20,2026-02-09,2026-01-28,938,938,7
9517,7640,27,3,2026-01-16,2026-01-26,2026-01-27,187,187,5
9518,7641,28,4,2026-01-24,2026-01-30,2026-02-02,43,43,1
9519,7642,15,4,2026-01-17,2026-01-30,2026-01-21,43,43,2
9520,7643,8,10,2026-01-19,2026-01-21,2026-01-24,6,6,0
9521,7644,36,10,2026-01-17,2026-01-25,2026-01-26,6,6,0
9522,7644,36,10,2026-01-22,2026-01-25,2026-01-26,11,11,0
9523,7645,15,10,2026-01-17,2026-01-29,2026-01-21,60,60,5
9524,7646,39,4,2026-01-17,2026-01-20,2026-01-21,588,588,8
9525,7647,25,4,2026-01-15,2026-01-19,2026-01-22,82,82,0
9526,7648,35,6,2026-01-17,2026-01-26,2026-01-27,34,34,0
9527,7648,35,6,2026-01-22,2026-01-27,2026-01-27,30,30,0
9528,7649,12,6,2026-01-26,2026-02-10,2026-02-03,136,136,3
9529,7650,9,8,2026-01-24,2026-02-01,2026-02-04,440,440,19
9530,7651,1,8,2026-01-16,2026-01-28,2026-01-28,115,115,2
9531,7652,38,8,2026-01-20,2026-01-20,2026-01-20,94,94,3
9532,7653,4,8,2026-01-23,2026-02-04,2026-02-06,39,39,2
9533,7654,31,1,2026-02-03,2026-02-16,2026-02-16,675,675,3
9534,7655,10,1,2026-01-28,2026-02-09,2026-02-10,24,24,1
9535,7655,10,1,2026-01-24,2026-02-10,2026-02-10,29,29,1
9536,7656,1,6,2026-01-26,2026-01-26,2026-01-28,1252,1252,24
9537,7657,2,6,2026-01-24,2026-02-02,2026-02-02,6,6,0
9538,7657,2,6,2026-01-28,2026-02-01,2026-02-02,5,5,0
9539,7658,5,6,2026-01-16,2026-01-21,2026-01-21,44,44,1
9540,7659,41,8,2026-01-25,2026-02-03,2026-02-03,58,58,2
9541,7660,8,8,2026-01-23,2026-01-23,2026-01-25,56,56,1
9542,7661,50,8,2026-01-27,2026-02-05,2026-02-03,8,8,0
9543,7662,39,2,2026-01-17,2026-01-22,2026-01-22,112,112,1
9544,7662,39,2,2026-01-16,2026-01-19,2026-01-22,148,148,0
9545,7663,34,3,2026-01-28,2026-02-17,2026-02-19,43,43,2
9546,7663,34,3,2026-01-28,2026-02-16,2026-02-19,43,43,1
9547,7664,23,8,2026-01-19,2026-01-26,2026-01-26,4,4,0
9548,7665,19,8,2026-01-16,2026-01-24,2026-01-20,414,414,8
9549,7666,39,2,2026-01-16,2026-01-19,2026-01-22,17,17,0
9550,7667,44,2,2026-01-25,2026-02-02,2026-02-05,38,38,0
9551,7668,43,2,2026-01-24,2026-01-25,2026-01-26,43,43,1
9552,7669,37,2,2026-01-28,2026-02-26,2026-02-16,505,505,9
9553,7670,37,2,2026-01-30,2026-02-15,2026-02-16,2,2,0
9554,7670,37,2,2026-01-31,2026-02-15,2026-02-16,2,2,0
9555,7670,37,2,2026-01-29,2026-02-16,2026-02-16,2,2,0
9556,7671,2,2,2026-01-27,2026-02-03,2026-02-03,14,14,0
9557,7672,4,2,2026-01-21,2026-02-07,2026-02-07,30,30,1
9558,7672,4,2,2026-01-23,2026-02-05,2026-02-07,17,17,0
9559,7672,4,2,2026-01-20,2026-02-04,2026-02-07,17,17,1
9560,7673,30,2,2026-01-25,2026-01-26,2026-01-27,56,56,0
9561,7674,2,2,2026-01-24,2026-02-01,2026-02-03,324,324,3
9562,7674,2,2,2026-01-22,2026-01-31,2026-02-03,505,505,2
9563,7675,20,3,2026-01-22,2026-01-22,2026-01-22,964,964,25
9564,7676,49,3,2026-01-17,2026-01-20,2026-01-21,303,303,9
9565,7676,49,3,2026-01-20,2026-01-20,2026-01-21,536,536,5
9566,7677,7,3,2026-01-26,2026-02-19,2026-02-20,58,58,0
9567,7678,4,2,2026-02-02,2026-02-06,2026-02-07,10,10,0
9568,7679,29,2,2026-01-28,2026-02-06,2026-02-09,20,20,0
9569,7680,10,2,2026-01-29,2026-02-08,2026-02-11,264,264,4
9570,7681,10,2,2026-01-29,2026-02-11,2026-02-11,6,6,0
9571,7682,15,1,2026-01-18,2026-01-23,2026-01-23,34,34,1
9572,7682,15,1,2026-01-20,2026-02-02,2026-01-23,27,27,0
9573,7682,15,1,2026-01-22,2026-01-23,2026-01-23,50,50,1
9574,7683,41,1,2026-01-24,2026-02-02,2026-02-04,301,301,13
9575,7684,19,1,2026-01-22,2026-01-22,2026-01-21,85,85,2
9576,7685,37,4,2026-01-31,2026-02-13,2026-02-16,22,22,1
9577,7686,17,4,2026-01-19,2026-01-26,2026-01-28,6,6,1
9578,7687,8,4,2026-01-17,2026-02-02,2026-01-26,53,53,1
9579,7688,30,1,2026-01-21,2026-01-27,2026-01-27,105,105,0
9580,7689,36,1,2026-01-25,2026-01-26,2026-01-28,413,413,21
9581,7690,30,1,2026-01-18,2026-01-26,2026-01-27,95,95,1
9582,7690,30,1,2026-01-17,2026-01-24,2026-01-27,42,42,0
9583,7690,30,1,2026-01-27,2026-01-27,2026-01-27,31,31,0
9584,7691,43,9,2026-01-18,2026-01-25,2026-01-26,5,5,0
9585,7691,43,9,2026-01-18,2026-01-25,2026-01-26,12,12,0
9586,7692,20,1,2026-01-18,2026-01-20,2026-01-22,423,423,10
9587,7693,30,1,2026-01-20,2026-01-27,2026-01-27,11,11,0
9588,7694,20,1,2026-01-19,2026-01-20,2026-01-22,541,541,9
9589,7694,20,1,2026-01-17,2026-01-21,2026-01-22,444,444,14
9590,7695,30,1,2026-01-22,2026-01-24,2026-01-27,726,726,1
9591,7696,50,9,2026-01-26,2026-02-04,2026-02-04,184,184,8
9592,7697,2,9,2026-01-25,2026-02-03,2026-02-03,541,541,8
9593,7697,2,9,2026-01-25,2026-02-14,2026-02-03,622,622,12
9594,7698,34,9,2026-02-06,2026-02-17,2026-02-20,81,81,1
9595,7699,41,9,2026-02-01,2026-02-01,2026-02-04,4,4,0
9596,7700,37,4,2026-02-01,2026-02-14,2026-02-17,1080,1080,14
9597,7701,15,3,2026-01-19,2026-01-24,2026-01-24,20,20,0
9598,7702,19,3,2026-01-18,2026-01-30,2026-01-22,44,44,0
9599,7703,24,3,2026-01-25,2026-02-06,2026-02-08,179,179,0
9600,7703,24,3,2026-01-23,2026-02-05,2026-02-08,156,156,1
9601,7703,24,3,2026-01-28,2026-02-07,2026-02-08,215,215,6
9602,7704,16,9,2026-01-22,2026-01-22,2026-01-24,55,55,0
9603,7704,16,9,2026-01-24,2026-01-24,2026-01-24,117,117,1
9604,7705,40,9,2026-01-25,2026-02-07,2026-02-09,98,98,0
9605,7705,40,9,2026-01-26,2026-02-06,2026-02-09,209,209,1
9606,7706,37,9,2026-02-04,2026-02-15,2026-02-17,183,183,0
9607,7707,18,9,2026-01-18,2026-01-20,2026-01-23,4,4,0
9608,7707,18,9,2026-01-18,2026-01-20,2026-01-23,8,8,0
9609,7708,15,9,2026-01-21,2026-01-22,2026-01-24,4,4,0
9610,7709,19,2,2026-01-19,2026-01-20,2026-01-23,1074,1074,18
9611,7710,13,2,2026-01-28,2026-01-29,2026-01-31,391,391,3
9612,7711,7,2,2026-02-02,2026-03-03,2026-02-22,26,26,0
9613,7712,30,8,2026-01-22,2026-01-28,2026-01-29,579,579,3
9614,7713,8,6,2026-01-20,2026-01-27,2026-01-28,163,163,3
9615,7714,25,8,2026-01-25,2026-01-25,2026-01-26,405,405,7
9616,7715,15,8,2026-01-21,2026-01-24,2026-01-25,16,16,1
9617,7716,47,8,2026-02-03,2026-02-19,2026-02-09,634,634,0
9618,7717,30,8,2026-01-22,2026-01-29,2026-01-29,31,31,0
9619,7718,22,8,2026-01-21,2026-01-22,2026-01-24,60,60,2
9620,7719,10,8,2026-01-26,2026-02-12,2026-02-13,6,6,0
9621,7720,16,8,2026-01-25,2026-01-25,2026-01-25,64,64,0
9622,7721,21,8,2026-01-23,2026-01-24,2026-01-25,947,947,33
9623,7722,12,9,2026-01-30,2026-02-06,2026-02-06,995,995,6
9624,7723,26,9,2026-01-25,2026-02-03,2026-01-31,50,50,0
9625,7723,26,9,2026-01-25,2026-01-30,2026-01-31,56,56,3
9626,7724,37,9,2026-02-02,2026-02-18,2026-02-18,10,10,0
9627,7725,42,9,2026-01-24,2026-01-29,2026-02-01,17,17,1
9628,7725,42,9,2026-01-26,2026-02-01,2026-02-01,23,23,1
9629,7726,23,5,2026-01-25,2026-01-31,2026-01-30,93,93,0
9630,7727,39,5,2026-01-21,2026-01-23,2026-01-26,143,143,3
9631,7728,30,5,2026-01-24,2026-01-28,2026-01-30,18,18,0
9632,7729,2,5,2026-01-30,2026-02-03,2026-02-06,36,36,0
9633,7730,45,8,2026-01-28,2026-02-12,2026-02-13,106,106,1
9634,7731,39,8,2026-01-22,2026-01-26,2026-01-26,226,226,6
9635,7732,25,3,2026-01-20,2026-01-24,2026-01-27,11,11,0
9636,7733,5,3,2026-01-20,2026-01-25,2026-01-25,7,7,0
9637,7734,29,5,2026-01-31,2026-02-10,2026-02-12,48,48,1
9638,7735,36,5,2026-01-21,2026-01-30,2026-01-31,55,55,4
9639,7735,36,5,2026-01-25,2026-01-30,2026-01-31,40,40,1
9640,7736,43,5,2026-01-28,2026-01-29,2026-01-29,113,113,4
9641,7737,28,1,2026-01-25,2026-02-19,2026-02-07,106,106,0
9642,7738,4,1,2026-01-30,2026-02-08,2026-02-10,510,510,9
9643,7739,9,1,2026-02-02,2026-02-08,2026-02-08,10,10,0
9644,7740,45,1,2026-01-27,2026-02-12,2026-02-13,48,48,0
9645,7741,25,1,2026-01-20,2026-01-27,2026-01-27,506,506,6
9646,7742,30,1,2026-01-23,2026-01-27,2026-01-30,121,121,2
9647,7743,36,6,2026-01-23,2026-01-30,2026-01-31,88,88,2
9648,7744,47,9,2026-01-31,2026-02-09,2026-02-10,520,520,14
9649,7745,20,9,2026-01-28,2026-01-28,2026-01-25,45,45,0
9650,7746,13,9,2026-01-28,2026-01-30,2026-02-01,163,163,0
9651,7747,25,9,2026-01-21,2026-01-24,2026-01-27,37,37,1
9652,7748,18,10,2026-01-23,2026-01-25,2026-01-25,45,45,0
9653,7749,37,10,2026-02-02,2026-02-17,2026-02-19,497,497,14
9654,7750,25,10,2026-01-25,2026-01-26,2026-01-27,99,99,1
9655,7751,28,10,2026-01-28,2026-02-04,2026-02-07,243,243,1
9656,7752,2,6,2026-01-26,2026-02-04,2026-02-06,51,51,1
9657,7753,35,6,2026-01-23,2026-01-30,2026-01-31,1387,1387,26
9658,7754,19,6,2026-01-22,2026-01-22,2026-01-24,372,372,9
9659,7755,35,2,2026-01-23,2026-01-29,2026-01-31,395,395,3
9660,7756,29,2,2026-01-26,2026-02-11,2026-02-12,56,56,1
9661,7757,7,2,2026-02-01,2026-03-04,2026-02-23,195,195,1
9662,7758,29,2,2026-02-03,2026-02-11,2026-02-12,14,14,0
9663,7758,29,2,2026-01-28,2026-02-09,2026-02-12,11,11,0
9664,7759,35,9,2026-01-24,2026-01-30,2026-01-31,257,257,1
9665,7760,21,9,2026-01-21,2026-01-23,2026-01-26,5,5,0
9666,7761,12,9,2026-02-02,2026-02-16,2026-02-07,130,130,4
9667,7762,13,10,2026-01-25,2026-01-30,2026-02-01,7,7,0
9668,7763,39,10,2026-01-27,2026-01-27,2026-01-26,112,112,2
9669,7764,45,8,2026-01-30,2026-02-10,2026-02-13,28,28,0
9670,7765,39,8,2026-01-20,2026-01-25,2026-01-26,201,201,2
9671,7766,20,7,2026-01-21,2026-01-27,2026-01-26,10,10,0
9672,7767,41,2,2026-02-05,2026-02-06,2026-02-08,303,303,7
9673,7767,41,2,2026-01-27,2026-02-05,2026-02-08,542,542,43
9674,7768,37,2,2026-02-02,2026-02-19,2026-02-20,480,480,12
9675,7769,39,2,2026-01-28,2026-01-28,2026-01-27,11,11,0
9676,7769,39,2,2026-01-27,2026-01-27,2026-01-27,21,21,0
9677,7770,30,2,2026-01-27,2026-01-28,2026-01-31,582,582,7
9678,7771,10,3,2026-02-01,2026-02-15,2026-02-15,27,27,0
9679,7771,10,3,2026-01-31,2026-02-14,2026-02-15,17,17,1
9680,7772,7,3,2026-02-04,2026-02-24,2026-02-24,24,24,0
9681,7773,2,3,2026-02-03,2026-02-07,2026-02-07,790,790,14
9682,7774,13,3,2026-01-26,2026-02-02,2026-02-02,580,580,8
9683,7775,8,3,2026-01-23,2026-01-28,2026-01-30,24,24,0
9684,7776,45,3,2026-01-27,2026-02-11,2026-02-14,102,102,0
9685,7776,45,3,2026-02-01,2026-02-12,2026-02-14,166,166,0
9686,7777,6,3,2026-01-27,2026-02-08,2026-02-08,14,14,0
9687,7778,33,9,2026-02-01,2026-02-12,2026-02-15,15,15,0
9688,7778,33,9,2026-01-25,2026-02-14,2026-02-15,32,32,0
9689,7779,45,9,2026-02-02,2026-02-12,2026-02-14,9,9,0
9690,7780,46,9,2026-01-31,2026-02-24,2026-02-16,5,5,0
9691,7781,47,2,2026-01-30,2026-02-20,2026-02-11,48,48,2
9692,7782,20,2,2026-01-21,2026-01-24,2026-01-26,8,8,0
9693,7783,43,2,2026-01-28,2026-01-30,2026-01-30,108,108,6
9694,7784,3,2,2026-02-06,2026-02-25,2026-02-24,14,14,1
9695,7784,3,2,2026-02-05,2026-03-06,2026-02-24,22,22,1
9696,7785,37,2,2026-02-06,2026-02-17,2026-02-20,460,460,15
9697,7786,20,2,2026-01-24,2026-01-24,2026-01-26,7,7,0
9698,7787,19,2,2026-01-21,2026-01-24,2026-01-25,15,15,0
9699,7788,4,2,2026-01-30,2026-02-11,2026-02-11,698,698,23
9700,7789,35,2,2026-01-25,2026-02-01,2026-02-01,266,266,3
9701,7790,21,2,2026-01-28,2026-01-28,2026-01-27,874,874,45
9702,7791,21,7,2026-01-26,2026-01-26,2026-01-27,113,113,5
9703,7792,7,7,2026-02-09,2026-02-21,2026-02-24,95,95,1
9704,7793,17,1,2026-01-27,2026-02-02,2026-02-02,74,74,8
9705,7793,17,1,2026-01-26,2026-02-13,2026-02-02,87,87,11
9706,7794,7,1,2026-02-10,2026-02-24,2026-02-25,39,39,0
9707,7795,46,1,2026-01-31,2026-02-25,2026-02-17,100,100,3
9708,7796,20,1,2026-01-24,2026-01-26,2026-01-27,462,462,0
9709,7797,25,7,2026-01-27,2026-01-27,2026-01-29,93,93,2
9710,7798,36,7,2026-01-26,2026-02-05,2026-02-02,24,24,1
9711,7798,36,7,2026-01-26,2026-01-30,2026-02-02,9,9,1
9712,7798,36,7,2026-01-28,2026-02-01,2026-02-02,18,18,0
9713,7799,18,7,2026-01-22,2026-01-24,2026-01-27,16,16,0
9714,7799,18,7,2026-01-23,2026-01-24,2026-01-27,12,12,0
9715,7800,1,7,2026-01-23,2026-02-01,2026-02-03,234,234,0
9716,7801,4,3,2026-01-30,2026-02-11,2026-02-12,277,277,10
9717,7802,21,3,2026-01-25,2026-01-28,2026-01-28,124,124,6
9718,7803,43,1,2026-01-22,2026-01-28,2026-01-31,91,91,4
9719,7804,23,1,2026-01-26,2026-01-29,2026-02-01,9,9,0
9720,7805,44,9,2026-02-02,2026-02-11,2026-02-11,20,20,0
9721,7806,30,9,2026-01-27,2026-01-31,2026-02-01,15,15,0
9722,7807,43,9,2026-01-23,2026-01-30,2026-01-31,43,43,2
9723,7808,37,9,2026-02-04,2026-03-04,2026-02-21,204,204,3
9724,7809,25,9,2026-01-22,2026-01-27,2026-01-29,43,43,0
9725,7810,39,7,2026-01-30,2026-01-30,2026-01-28,36,36,0
9726,7810,39,7,2026-01-28,2026-01-28,2026-01-28,31,31,0
9727,7811,39,1,2026-01-24,2026-01-25,2026-01-28,147,147,2
9728,7812,39,1,2026-01-24,2026-01-25,2026-01-28,51,51,1
9729,7813,17,3,2026-01-25,2026-02-01,2026-02-02,12,12,1
9730,7814,33,3,2026-01-29,2026-02-14,2026-02-16,843,843,21
9731,7815,20,3,2026-01-23,2026-01-27,2026-01-27,260,260,8
9732,7816,25,9,2026-01-25,2026-01-26,2026-01-29,92,92,2
9733,7817,44,9,2026-02-03,2026-02-09,2026-02-11,9,9,0
9734,7817,44,9,2026-02-01,2026-02-10,2026-02-11,17,17,0
9735,7818,8,9,2026-01-26,2026-01-29,2026-01-31,7,7,0
9736,7819,31,9,2026-02-08,2026-02-21,2026-02-22,66,66,2
9737,7820,13,9,2026-01-26,2026-02-02,2026-02-03,12,12,0
9738,7821,42,2,2026-01-30,2026-02-01,2026-02-04,102,102,3
9739,7821,42,2,2026-01-28,2026-02-02,2026-02-04,85,85,3
9740,7822,2,2,2026-02-02,2026-02-07,2026-02-08,134,134,3
9741,7823,20,6,2026-01-26,2026-01-26,2026-01-27,382,382,10
9742,7824,5,6,2026-01-22,2026-01-25,2026-01-27,50,50,2
9743,7825,4,6,2026-01-30,2026-02-09,2026-02-12,976,976,51
9744,7826,43,6,2026-01-25,2026-02-10,2026-01-31,70,70,3
9745,7827,39,6,2026-01-25,2026-01-28,2026-01-28,582,582,5
9746,7828,43,6,2026-01-24,2026-01-29,2026-01-31,20,20,1
9747,7829,20,6,2026-01-22,2026-01-25,2026-01-27,136,136,0
9748,7830,23,7,2026-01-25,2026-02-01,2026-02-02,304,304,19
9749,7831,2,5,2026-02-03,2026-02-08,2026-02-09,17,17,0
9750,7832,47,5,2026-01-30,2026-02-11,2026-02-13,49,49,1
9751,7833,20,5,2026-01-27,2026-01-27,2026-01-28,1101,1101,9
9752,7834,39,5,2026-01-24,2026-01-29,2026-01-29,180,180,0
9753,7835,19,5,2026-01-25,2026-01-25,2026-01-27,490,490,36
9754,7836,19,3,2026-01-28,2026-01-28,2026-01-27,421,421,8
9755,7837,22,4,2026-01-27,2026-01-27,2026-01-28,101,101,1
9756,7838,43,4,2026-01-27,2026-02-08,2026-02-01,23,23,0
9757,7838,43,4,2026-01-23,2026-01-31,2026-02-01,27,27,1
9758,7839,17,4,2026-01-24,2026-02-08,2026-02-03,91,91,0
9759,7840,12,7,2026-02-01,2026-02-07,2026-02-10,230,230,2
9760,7841,42,7,2026-01-29,2026-02-05,2026-02-05,6,6,0
9761,7842,1,2,2026-01-26,2026-02-02,2026-02-04,56,56,1
9762,7842,1,2,2026-01-30,2026-02-04,2026-02-04,20,20,0
9763,7842,1,2,2026-01-23,2026-02-03,2026-02-04,20,20,0
9764,7843,17,2,2026-01-29,2026-02-03,2026-02-03,903,903,59
9765,7844,12,1,2026-02-03,2026-02-08,2026-02-10,35,35,1
9766,7845,47,1,2026-01-28,2026-02-12,2026-02-13,15,15,0
9767,7846,30,1,2026-01-29,2026-02-02,2026-02-02,175,175,2
9768,7847,2,1,2026-01-31,2026-02-06,2026-02-09,103,103,2
9769,7848,35,6,2026-01-25,2026-02-03,2026-02-03,27,27,0
9770,7849,18,6,2026-01-25,2026-01-25,2026-01-28,7,7,0
9771,7849,18,6,2026-01-24,2026-01-26,2026-01-28,6,6,0
9772,7849,18,6,2026-01-23,2026-01-25,2026-01-28,5,5,0
9773,7850,25,10,2026-01-28,2026-01-28,2026-01-30,74,74,1
9774,7851,10,8,2026-02-06,2026-02-16,2026-02-18,141,141,2
9775,7852,27,8,2026-01-27,2026-02-03,2026-02-05,25,25,1
9776,7853,30,8,2026-01-27,2026-02-03,2026-02-03,734,734,10
9777,7854,32,10,2026-01-25,2026-01-26,2026-01-29,8,8,0
9778,7855,35,6,2026-01-29,2026-02-02,2026-02-04,151,151,2
9779,7856,20,6,2026-01-25,2026-01-27,2026-01-29,24,24,0
9780,7857,47,6,2026-02-01,2026-02-14,2026-02-14,6,6,0
9781,7858,7,9,2026-02-07,2026-02-25,2026-02-27,584,584,8
9782,7859,36,9,2026-01-24,2026-02-02,2026-02-04,85,85,1
9783,7860,48,5,2026-02-05,2026-02-23,2026-02-19,87,87,4
9784,7861,37,4,2026-02-12,2026-02-21,2026-02-23,21,21,1
9785,7862,24,7,2026-02-08,2026-02-13,2026-02-14,68,68,1
9786,7862,24,7,2026-01-31,2026-02-12,2026-02-14,55,55,1
9787,7863,44,7,2026-02-02,2026-02-12,2026-02-13,29,29,0
9788,7863,44,7,2026-02-02,2026-02-12,2026-02-13,27,27,1
9789,7864,35,7,2026-01-27,2026-02-01,2026-02-04,6,6,0
9790,7865,17,2,2026-01-25,2026-02-02,2026-02-04,21,21,2
9791,7866,3,2,2026-02-15,2026-02-25,2026-02-27,78,78,4
9792,7866,3,2,2026-02-05,2026-03-04,2026-02-27,133,133,4
9793,7867,20,1,2026-01-28,2026-01-28,2026-01-29,178,178,4
9794,7868,14,10,2026-02-02,2026-02-06,2026-02-06,102,102,0
9795,7869,44,10,2026-01-31,2026-02-12,2026-02-14,71,71,1
9796,7870,1,10,2026-01-28,2026-02-03,2026-02-06,207,207,5
9797,7871,33,10,2026-02-03,2026-02-16,2026-02-19,431,431,3
9798,7872,30,10,2026-01-27,2026-02-02,2026-02-04,36,36,1
9799,7873,18,7,2026-01-26,2026-02-05,2026-01-30,110,110,2
9800,7874,4,7,2026-02-10,2026-02-12,2026-02-15,28,28,1
9801,7875,16,7,2026-01-29,2026-01-30,2026-01-31,308,308,1
9802,7876,39,7,2026-01-27,2026-01-30,2026-01-31,91,91,1
9803,7877,46,7,2026-02-05,2026-02-17,2026-02-20,569,569,0
9804,7878,34,7,2026-02-14,2026-02-28,2026-02-28,662,662,19
9805,7879,11,9,2026-01-28,2026-02-03,2026-02-06,12,12,0
9806,7880,13,9,2026-02-07,2026-02-07,2026-02-06,249,249,6
9807,7881,15,9,2026-01-30,2026-01-31,2026-01-31,6,6,0
9808,7882,30,9,2026-01-25,2026-02-02,2026-02-04,917,917,7
9809,7883,20,2,2026-01-27,2026-01-29,2026-01-30,584,584,16
9810,7884,27,2,2026-01-25,2026-02-04,2026-02-06,12,12,0
9811,7885,16,2,2026-01-25,2026-01-29,2026-01-31,463,463,3
9812,7886,30,2,2026-01-31,2026-02-02,2026-02-04,73,73,0
9813,7887,8,9,2026-02-01,2026-02-01,2026-02-03,105,105,1
9814,7888,35,9,2026-01-30,2026-02-02,2026-02-05,108,108,2
9815,7889,4,9,2026-02-03,2026-02-13,2026-02-15,38,38,0
9816,7890,8,9,2026-01-28,2026-01-31,2026-02-03,1104,1104,12
9817,7891,5,9,2026-01-25,2026-01-29,2026-01-30,44,44,2
9818,7892,8,9,2026-01-26,2026-02-01,2026-02-03,50,50,1
9819,7893,20,9,2026-01-25,2026-01-27,2026-01-30,193,193,2
9820,7894,15,2,2026-01-25,2026-01-29,2026-01-31,239,239,12
9821,7894,15,2,2026-01-25,2026-01-31,2026-01-31,249,249,6
9822,7895,35,2,2026-01-30,2026-02-03,2026-02-05,386,386,4
9823,7896,7,2,2026-02-11,2026-02-25,2026-02-28,12,12,0
9824,7897,3,9,2026-02-10,2026-02-26,2026-03-01,14,14,1
9825,7898,17,9,2026-02-01,2026-02-03,2026-02-06,335,335,0
9826,7899,39,9,2026-01-28,2026-02-01,2026-02-01,274,274,8
9827,7900,5,9,2026-01-27,2026-01-30,2026-01-31,70,70,0
9828,7901,1,9,2026-01-29,2026-02-06,2026-02-07,6,6,0
9829,7902,35,2,2026-01-28,2026-02-04,2026-02-06,8,8,0
9830,7903,41,2,2026-01-28,2026-02-13,2026-02-13,41,41,2
9831,7903,41,2,2026-02-04,2026-02-11,2026-02-13,50,50,4
9832,7904,50,2,2026-02-06,2026-02-23,2026-02-13,22,22,1
9833,7905,22,2,2026-01-28,2026-01-31,2026-01-31,69,69,1
9834,7906,32,2,2026-01-30,2026-01-30,2026-01-31,443,443,7
9835,7907,39,2,2026-01-26,2026-01-29,2026-02-01,71,71,1
9836,7908,36,2,2026-02-02,2026-02-06,2026-02-06,7,7,0
9837,7909,22,9,2026-01-26,2026-01-31,2026-01-31,21,21,0
9838,7910,5,9,2026-01-26,2026-01-30,2026-01-31,343,343,8
9839,7911,41,9,2026-02-05,2026-02-17,2026-02-13,59,59,1
9840,7912,10,5,2026-02-07,2026-02-19,2026-02-20,36,36,2
9841,7913,2,9,2026-02-06,2026-02-21,2026-02-12,10,10,0
9842,7914,28,9,2026-02-05,2026-02-13,2026-02-13,115,115,2
9843,7915,50,9,2026-01-31,2026-02-13,2026-02-13,84,84,4
9844,7916,35,9,2026-01-30,2026-02-04,2026-02-06,132,132,1
9845,7917,19,1,2026-01-27,2026-02-11,2026-01-31,7,7,0
9846,7917,19,1,2026-01-29,2026-01-30,2026-01-31,13,13,0
9847,7918,40,1,2026-02-07,2026-02-18,2026-02-18,29,29,0
9848,7919,1,1,2026-01-30,2026-02-05,2026-02-08,171,171,0
9849,7920,14,1,2026-02-02,2026-02-06,2026-02-08,16,16,0
9850,7920,14,1,2026-02-04,2026-02-07,2026-02-08,19,19,0
9851,7921,20,1,2026-01-30,2026-02-01,2026-02-01,460,460,17
9852,7922,8,1,2026-01-28,2026-02-05,2026-02-05,30,30,0
9853,7922,8,1,2026-01-31,2026-02-05,2026-02-05,13,13,0
9854,7922,8,1,2026-02-01,2026-02-03,2026-02-05,14,14,0
9855,7923,50,1,2026-02-04,2026-02-13,2026-02-14,78,78,0
9856,7924,11,1,2026-02-02,2026-02-06,2026-02-08,293,293,4
9857,7924,11,1,2026-02-01,2026-02-06,2026-02-08,204,204,7
9858,7925,25,1,2026-01-29,2026-02-13,2026-02-03,5,5,0
9859,7926,48,1,2026-02-12,2026-02-20,2026-02-22,99,99,3
9860,7927,11,10,2026-02-04,2026-02-08,2026-02-08,34,34,1
9861,7928,16,10,2026-01-28,2026-02-01,2026-02-02,74,74,1
9862,7929,20,10,2026-01-27,2026-01-29,2026-02-01,256,256,3
9863,7930,5,7,2026-01-27,2026-01-30,2026-02-01,22,22,2
9864,7930,5,7,2026-02-02,2026-02-02,2026-02-01,33,33,0
9865,7931,29,7,2026-02-07,2026-02-16,2026-02-19,63,63,0
9866,7932,19,1,2026-01-31,2026-01-31,2026-01-31,435,435,12
9867,7933,27,1,2026-01-28,2026-02-06,2026-02-08,254,254,8
9868,7934,21,7,2026-01-30,2026-02-13,2026-02-02,425,425,21
9869,7935,11,9,2026-02-03,2026-02-08,2026-02-08,126,126,3
9870,7936,10,5,2026-02-10,2026-02-19,2026-02-21,49,49,0
9871,7937,30,5,2026-01-30,2026-02-03,2026-02-06,23,23,0
9872,7938,50,5,2026-02-03,2026-02-13,2026-02-14,505,505,27
9873,7939,41,4,2026-02-01,2026-02-11,2026-02-14,81,81,4
9874,7939,41,4,2026-02-08,2026-02-15,2026-02-14,167,167,13
9875,7940,8,4,2026-02-01,2026-02-04,2026-02-05,176,176,4
9876,7941,35,1,2026-02-02,2026-02-05,2026-02-07,4,4,0
9877,7941,35,1,2026-01-30,2026-02-05,2026-02-07,2,2,0
9878,7941,35,1,2026-01-31,2026-02-07,2026-02-07,2,2,0
9879,7942,27,7,2026-01-29,2026-02-06,2026-02-08,438,438,10
9880,7943,25,7,2026-01-29,2026-02-01,2026-02-03,653,653,8
9881,7944,15,9,2026-01-28,2026-02-03,2026-02-03,4,4,0
9882,7944,15,9,2026-01-30,2026-02-01,2026-02-03,5,5,0
9883,7945,18,9,2026-01-30,2026-02-02,2026-02-02,13,13,0
9884,7946,41,9,2026-02-05,2026-02-13,2026-02-15,142,142,11
9885,7946,41,9,2026-02-03,2026-02-12,2026-02-15,105,105,2
9886,7947,45,9,2026-02-07,2026-02-19,2026-02-21,50,50,0
9887,7947,45,9,2026-02-05,2026-02-21,2026-02-21,45,45,0
9888,7947,45,9,2026-02-06,2026-02-18,2026-02-21,42,42,0
9889,7948,1,6,2026-02-05,2026-02-08,2026-02-09,193,193,3
9890,7948,1,6,2026-02-01,2026-02-08,2026-02-09,162,162,3
9891,7948,1,6,2026-01-30,2026-02-06,2026-02-09,189,189,3
9892,7949,24,6,2026-02-09,2026-02-28,2026-02-18,73,73,0
9893,7950,9,6,2026-02-06,2026-02-16,2026-02-16,11,11,0
9894,7951,50,10,2026-02-06,2026-02-14,2026-02-15,402,402,18
9895,7951,50,10,2026-02-01,2026-02-12,2026-02-15,655,655,25
9896,7952,37,10,2026-02-12,2026-02-24,2026-02-27,1252,1252,17
9897,7953,20,9,2026-01-28,2026-01-30,2026-02-02,403,403,2
9898,7954,43,9,2026-02-08,2026-02-16,2026-02-06,10,10,0
9899,7955,11,9,2026-01-31,2026-02-07,2026-02-09,571,571,11
9900,7956,22,9,2026-01-31,2026-02-01,2026-02-02,79,79,4
9901,7957,8,9,2026-02-06,2026-02-06,2026-02-06,185,185,3
9902,7958,20,1,2026-01-29,2026-02-02,2026-02-02,418,418,6
9903,7958,20,1,2026-01-28,2026-02-06,2026-02-02,463,463,14
9904,7959,9,1,2026-02-05,2026-02-13,2026-02-16,66,66,2
9905,7960,26,6,2026-01-31,2026-02-09,2026-02-09,7,7,0
9906,7960,26,6,2026-01-31,2026-02-06,2026-02-09,5,5,0
9907,7961,37,6,2026-02-10,2026-02-25,2026-02-27,6,6,0
9908,7961,37,6,2026-02-09,2026-02-24,2026-02-27,2,2,0
9909,7961,37,6,2026-02-15,2026-02-27,2026-02-27,2,2,0
9910,7962,8,2,2026-01-30,2026-02-06,2026-02-06,12,12,0
9911,7963,44,2,2026-02-04,2026-02-17,2026-02-17,11,11,0
9912,7964,17,5,2026-01-28,2026-02-05,2026-02-08,810,810,142
9913,7965,30,5,2026-01-30,2026-02-05,2026-02-07,5,5,0
9914,7966,20,5,2026-01-28,2026-02-01,2026-02-02,284,284,1
9915,7966,20,5,2026-01-28,2026-02-02,2026-02-02,73,73,2
9916,7966,20,5,2026-02-02,2026-02-02,2026-02-02,143,143,3
9917,7967,19,5,2026-01-31,2026-02-10,2026-02-01,302,302,2
9918,7967,19,5,2026-01-29,2026-01-30,2026-02-01,443,443,20
9919,7968,20,5,2026-01-28,2026-01-30,2026-02-02,156,156,2
9920,7969,45,5,2026-02-11,2026-02-20,2026-02-21,120,120,0
9921,7970,9,5,2026-02-04,2026-02-15,2026-02-16,52,52,1
9922,7971,44,7,2026-02-06,2026-02-15,2026-02-17,251,251,4
9923,7972,23,7,2026-02-08,2026-02-08,2026-02-07,31,31,2
9924,7973,14,7,2026-02-02,2026-02-09,2026-02-09,264,264,1
9925,7973,14,7,2026-01-31,2026-02-08,2026-02-09,426,426,2
9926,7974,44,9,2026-02-06,2026-03-01,2026-02-17,8,8,0
9927,7975,49,9,2026-01-28,2026-01-29,2026-02-01,2,2,0
9928,7975,49,9,2026-01-30,2026-01-30,2026-02-01,1,1,0
9929,7975,49,9,2026-01-31,2026-01-31,2026-02-01,1,1,0
9930,7976,41,9,2026-02-07,2026-02-13,2026-02-15,64,64,0
9931,7977,17,6,2026-02-02,2026-02-08,2026-02-08,318,318,10
9932,7977,17,6,2026-01-30,2026-02-06,2026-02-08,260,260,22
9933,7977,17,6,2026-02-01,2026-02-05,2026-02-08,196,196,8
9934,7978,4,6,2026-02-07,2026-02-15,2026-02-18,56,56,2
9935,7979,16,2,2026-02-04,2026-02-04,2026-02-04,7,7,0
9936,7980,2,3,2026-02-03,2026-02-12,2026-02-15,29,29,0
9937,7981,39,3,2026-02-01,2026-02-04,2026-02-04,2,2,0
9938,7981,39,3,2026-01-31,2026-02-02,2026-02-04,3,3,0
9939,7982,35,7,2026-02-03,2026-02-06,2026-02-09,324,324,5
9940,7983,25,7,2026-02-04,2026-02-04,2026-02-05,61,61,1
9941,7983,25,7,2026-01-31,2026-02-05,2026-02-05,64,64,1
9942,7984,35,7,2026-01-29,2026-02-06,2026-02-09,60,60,0
9943,7985,21,9,2026-01-30,2026-02-04,2026-02-04,592,592,26
9944,7986,13,9,2026-02-02,2026-02-07,2026-02-10,257,257,0
9945,7987,44,9,2026-02-10,2026-02-18,2026-02-18,73,73,1
9946,7987,44,9,2026-02-12,2026-02-18,2026-02-18,95,95,2
9947,7988,30,8,2026-02-01,2026-02-07,2026-02-08,144,144,1
9948,7989,44,8,2026-02-09,2026-02-17,2026-02-18,18,18,0
9949,7990,46,8,2026-02-13,2026-02-24,2026-02-24,342,342,23
9950,7991,20,9,2026-02-03,2026-02-03,2026-02-04,155,155,4
9951,7991,20,9,2026-02-07,2026-02-07,2026-02-04,375,375,6
9952,7992,18,6,2026-02-01,2026-02-04,2026-02-04,10,10,0
9953,7993,39,6,2026-01-31,2026-02-09,2026-02-05,9,9,0
9954,7994,45,4,2026-02-13,2026-02-22,2026-02-23,10,10,0
9955,7995,50,4,2026-02-08,2026-02-14,2026-02-17,12,12,0
9956,7996,2,4,2026-02-05,2026-02-16,2026-02-16,364,364,9
9957,7997,21,5,2026-01-30,2026-02-05,2026-02-05,19,19,0
9958,7998,5,5,2026-02-05,2026-02-09,2026-02-04,97,97,3
9959,7998,5,5,2026-01-30,2026-02-04,2026-02-04,111,111,7
9960,7999,20,5,2026-01-30,2026-02-03,2026-02-04,736,736,14
9961,8000,33,5,2026-02-09,2026-02-22,2026-02-24,45,45,1
9962,8001,10,9,2026-02-11,2026-03-08,2026-02-24,16,16,0
9963,8002,37,9,2026-02-15,2026-02-28,2026-03-01,365,365,7
9964,8003,24,9,2026-02-10,2026-02-19,2026-02-20,514,514,7
9965,8004,26,9,2026-02-03,2026-02-08,2026-02-11,1129,1129,51
9966,8005,47,8,2026-02-13,2026-02-19,2026-02-20,587,587,20
9967,8006,36,8,2026-02-08,2026-02-09,2026-02-10,15,15,1
9968,8007,13,8,2026-02-06,2026-02-11,2026-02-11,41,41,1
9969,8007,13,8,2026-02-03,2026-02-10,2026-02-11,49,49,1
9970,8008,41,8,2026-02-02,2026-02-14,2026-02-17,274,274,16
9971,8009,14,8,2026-02-02,2026-02-09,2026-02-11,3,3,0
9972,8009,14,8,2026-02-02,2026-02-08,2026-02-11,4,4,0
9973,8010,30,10,2026-02-07,2026-02-09,2026-02-09,65,65,0
9974,8011,19,7,2026-01-30,2026-02-03,2026-02-03,558,558,0
9975,8012,3,7,2026-02-20,2026-03-04,2026-03-05,75,75,3
9976,8013,41,9,2026-02-05,2026-02-17,2026-02-17,604,604,52
9977,8014,35,9,2026-02-01,2026-02-10,2026-02-10,13,13,0
9978,8015,1,9,2026-01-30,2026-02-11,2026-02-11,28,28,0
9979,8016,28,3,2026-02-04,2026-02-14,2026-02-17,10,10,0
9980,8017,36,3,2026-02-08,2026-02-19,2026-02-10,5,5,0
9981,8018,40,3,2026-02-11,2026-02-21,2026-02-21,212,212,3
9982,8019,10,1,2026-02-13,2026-02-21,2026-02-24,40,40,1
9983,8020,45,8,2026-02-12,2026-02-21,2026-02-23,96,96,0
9984,8021,7,8,2026-02-14,2026-03-04,2026-03-05,89,89,1
9985,8022,41,8,2026-02-04,2026-02-15,2026-02-17,65,65,2
9986,8023,39,8,2026-01-31,2026-02-05,2026-02-05,69,69,1
9987,8023,39,8,2026-02-02,2026-02-05,2026-02-05,51,51,1
9988,8023,39,8,2026-01-31,2026-02-02,2026-02-05,46,46,1
9989,8024,19,8,2026-01-30,2026-02-14,2026-02-03,97,97,2
9990,8025,27,8,2026-02-04,2026-02-10,2026-02-11,72,72,2
9991,8025,27,8,2026-02-01,2026-02-08,2026-02-11,183,183,2
9992,8026,23,8,2026-02-03,2026-02-06,2026-02-09,20,20,1
9993,8027,8,5,2026-02-06,2026-02-08,2026-02-08,775,775,16
9994,8028,18,5,2026-01-30,2026-02-06,2026-02-04,12,12,1
9995,8029,46,5,2026-02-13,2026-02-25,2026-02-25,107,107,8
9996,8029,46,5,2026-02-06,2026-02-22,2026-02-25,46,46,2
9997,8029,46,5,2026-02-14,2026-02-25,2026-02-25,109,109,2
9998,8030,30,5,2026-02-03,2026-02-09,2026-02-09,218,218,2
9999,8030,30,5,2026-02-03,2026-02-07,2026-02-09,170,170,1
10000,8031,44,5,2026-02-06,2026-02-17,2026-02-19,933,933,4
10001,8032,5,5,2026-02-02,2026-02-03,2026-02-04,15,15,0
10002,8033,15,2,2026-02-03,2026-02-03,2026-02-06,146,146,6
10003,8033,15,2,2026-01-31,2026-02-03,2026-02-06,229,229,13
10004,8034,19,2,2026-01-31,2026-02-03,2026-02-04,47,47,1
10005,8035,44,4,2026-02-14,2026-02-18,2026-02-20,104,104,2
10006,8036,8,8,2026-01-31,2026-02-09,2026-02-09,430,430,4
10007,8037,43,8,2026-01-31,2026-02-08,2026-02-09,6,6,0
10008,8037,43,8,2026-01-31,2026-02-20,2026-02-09,4,4,0
10009,8038,19,9,2026-02-05,2026-02-05,2026-02-04,48,48,1
10010,8039,36,9,2026-02-03,2026-02-10,2026-02-11,7,7,0
10011,8040,11,9,2026-02-03,2026-02-12,2026-02-12,24,24,1
10012,8041,45,2,2026-02-09,2026-02-22,2026-02-24,27,27,0
10013,8042,2,2,2026-02-05,2026-02-16,2026-02-17,111,111,1
10014,8043,16,2,2026-02-08,2026-02-08,2026-02-06,92,92,0
10015,8044,27,8,2026-01-31,2026-02-12,2026-02-12,99,99,0
10016,8045,1,7,2026-02-05,2026-02-12,2026-02-12,12,12,0
10017,8046,12,1,2026-02-06,2026-02-15,2026-02-18,223,223,3
10018,8047,9,1,2026-02-11,2026-02-17,2026-02-19,95,95,2
10019,8048,10,1,2026-02-12,2026-02-24,2026-02-25,1113,1113,3
10020,8049,16,1,2026-02-02,2026-02-03,2026-02-06,519,519,2
10021,8050,39,1,2026-02-05,2026-02-11,2026-02-06,45,45,0
10022,8050,39,1,2026-02-06,2026-02-16,2026-02-06,62,62,0
10023,8051,43,1,2026-02-08,2026-02-08,2026-02-09,13,13,0
10024,8051,43,1,2026-02-03,2026-02-09,2026-02-09,27,27,1
10025,8052,49,1,2026-01-31,2026-02-03,2026-02-04,11,11,0
10026,8052,49,1,2026-02-04,2026-02-04,2026-02-04,22,22,1
10027,8053,6,9,2026-02-09,2026-02-15,2026-02-18,25,25,0
10028,8054,30,9,2026-02-03,2026-02-08,2026-02-10,55,55,1
10029,8055,45,5,2026-02-15,2026-02-22,2026-02-24,66,66,0
10030,8056,38,5,2026-02-01,2026-02-04,2026-02-04,1318,1318,15
10031,8057,37,5,2026-02-14,2026-03-02,2026-03-02,27,27,0
10032,8058,22,1,2026-02-04,2026-02-04,2026-02-05,3,3,0
10033,8058,22,1,2026-02-01,2026-02-04,2026-02-05,4,4,0
10034,8059,1,1,2026-02-06,2026-02-10,2026-02-12,618,618,7
10035,8060,8,1,2026-01-31,2026-02-09,2026-02-09,130,130,3
10036,8061,39,1,2026-02-04,2026-02-04,2026-02-06,11,11,0
10037,8062,30,5,2026-02-04,2026-02-10,2026-02-10,558,558,6
10038,8063,10,1,2026-02-13,2026-02-24,2026-02-26,521,521,9
10039,8064,16,1,2026-02-07,2026-02-07,2026-02-07,7,7,0
10040,8065,17,1,2026-02-04,2026-02-10,2026-02-12,586,586,92
10041,8066,25,1,2026-02-12,2026-02-12,2026-02-08,55,55,1
10042,8067,16,9,2026-02-02,2026-02-07,2026-02-07,142,142,1
10043,8068,35,9,2026-02-05,2026-02-09,2026-02-12,31,31,0
10044,8068,35,9,2026-02-02,2026-02-12,2026-02-12,31,31,0
10045,8068,35,9,2026-02-04,2026-02-09,2026-02-12,42,42,0
10046,8069,14,5,2026-02-03,2026-02-13,2026-02-14,705,705,5
10047,8070,35,5,2026-02-12,2026-02-12,2026-02-13,27,27,0
10048,8071,25,5,2026-02-07,2026-02-08,2026-02-09,567,567,10
10049,8072,22,5,2026-02-02,2026-02-19,2026-02-07,285,285,6
10050,8073,18,6,2026-02-04,2026-02-07,2026-02-07,221,221,6
10051,8073,18,6,2026-02-02,2026-02-07,2026-02-07,258,258,2
10052,8074,11,4,2026-02-04,2026-02-13,2026-02-14,110,110,3
10053,8074,11,4,2026-02-12,2026-02-14,2026-02-14,178,178,6
10054,8075,38,4,2026-02-02,2026-02-06,2026-02-06,16,16,0
10055,8076,18,10,2026-02-06,2026-02-06,2026-02-07,116,116,2
10056,8077,37,10,2026-02-17,2026-03-04,2026-03-04,186,186,3
10057,8077,37,10,2026-02-14,2026-03-02,2026-03-04,189,189,3
10058,8078,8,3,2026-02-07,2026-02-11,2026-02-11,191,191,4
10059,8079,35,3,2026-02-09,2026-02-12,2026-02-13,34,34,0
10060,8080,27,3,2026-02-11,2026-02-13,2026-02-14,99,99,2
10061,8081,28,3,2026-02-09,2026-02-18,2026-02-20,662,662,12
10062,8082,23,5,2026-02-04,2026-02-10,2026-02-12,260,260,16
10063,8082,23,5,2026-02-08,2026-02-12,2026-02-12,295,295,13
10064,8083,9,5,2026-02-09,2026-02-20,2026-02-22,9,9,0
10065,8083,9,5,2026-02-12,2026-03-06,2026-02-22,11,11,0
10066,8084,9,5,2026-02-07,2026-02-21,2026-02-22,10,10,0
10067,8085,36,5,2026-02-07,2026-02-13,2026-02-14,65,65,2
10068,8086,37,1,2026-02-13,2026-03-02,2026-03-05,259,259,6
10069,8087,17,1,2026-02-06,2026-02-13,2026-02-14,7,7,1
10070,8088,4,1,2026-02-11,2026-02-22,2026-02-24,37,37,1
10071,8088,4,1,2026-02-15,2026-02-23,2026-02-24,19,19,1
10072,8088,4,1,2026-02-13,2026-02-23,2026-02-24,36,36,1
10073,8089,23,1,2026-02-09,2026-02-23,2026-02-13,698,698,43
10074,8090,13,1,2026-02-03,2026-02-12,2026-02-15,1287,1287,18
10075,8091,33,8,2026-02-09,2026-02-28,2026-02-28,137,137,3
10076,8092,26,8,2026-02-09,2026-02-15,2026-02-15,1130,1130,12
10077,8093,50,8,2026-02-10,2026-02-20,2026-02-21,7,7,0
10078,8094,45,7,2026-02-18,2026-02-24,2026-02-27,9,9,0
10079,8094,45,7,2026-02-14,2026-02-24,2026-02-27,9,9,0
10080,8095,30,7,2026-02-06,2026-02-10,2026-02-13,10,10,0
10081,8096,35,10,2026-02-10,2026-02-11,2026-02-14,13,13,0
10082,8097,46,10,2026-02-15,2026-02-28,2026-03-01,27,27,1
10083,8098,18,10,2026-02-08,2026-02-08,2026-02-08,21,21,0
10084,8099,1,8,2026-02-12,2026-02-13,2026-02-15,1292,1292,8
10085,8100,19,8,2026-02-06,2026-02-07,2026-02-07,21,21,1
10086,8101,42,5,2026-02-11,2026-02-16,2026-02-16,190,190,5
10087,8102,48,8,2026-02-13,2026-02-28,2026-03-01,20,20,0
10088,8103,39,7,2026-02-08,2026-02-09,2026-02-09,4,4,0
10089,8104,30,7,2026-02-09,2026-02-10,2026-02-13,99,99,1
10090,8105,21,1,2026-02-11,2026-02-11,2026-02-09,146,146,4
10091,8106,43,1,2026-02-07,2026-02-12,2026-02-12,34,34,1
10092,8107,23,1,2026-02-13,2026-02-13,2026-02-13,7,7,0
10093,8108,47,6,2026-02-18,2026-02-22,2026-02-24,162,162,5
10094,8109,50,6,2026-02-15,2026-02-20,2026-02-21,5,5,0
10095,8109,50,6,2026-02-10,2026-02-20,2026-02-21,7,7,0
10096,8110,28,6,2026-02-12,2026-02-20,2026-02-21,1260,1260,7
10097,8111,7,10,2026-02-18,2026-03-07,2026-03-09,125,125,1
10098,8112,5,10,2026-02-03,2026-02-18,2026-02-08,561,561,31
10099,8113,37,10,2026-02-12,2026-03-05,2026-03-05,4,4,0
10100,8114,43,9,2026-02-04,2026-02-15,2026-02-12,153,153,5
10101,8114,43,9,2026-02-06,2026-02-11,2026-02-12,64,64,1
10102,8114,43,9,2026-02-04,2026-02-10,2026-02-12,84,84,1
10103,8115,28,9,2026-02-10,2026-02-19,2026-02-21,7,7,0
10104,8115,28,9,2026-02-05,2026-02-18,2026-02-21,4,4,0
10105,8115,28,9,2026-02-11,2026-02-18,2026-02-21,3,3,0
10106,8116,24,2,2026-02-12,2026-02-22,2026-02-24,173,173,2
10107,8116,24,2,2026-02-15,2026-02-24,2026-02-24,352,352,4
10108,8117,30,2,2026-02-06,2026-02-11,2026-02-13,23,23,0
10109,8118,44,1,2026-02-15,2026-02-23,2026-02-23,4,4,0
10110,8118,44,1,2026-02-11,2026-02-21,2026-02-23,2,2,0
10111,8119,48,1,2026-02-17,2026-03-01,2026-03-01,24,24,0
10112,8120,23,1,2026-02-06,2026-02-11,2026-02-13,97,97,4
10113,8120,23,1,2026-02-13,2026-02-13,2026-02-13,96,96,9
10114,8120,23,1,2026-02-09,2026-02-11,2026-02-13,118,118,10
10115,8121,43,1,2026-02-08,2026-02-10,2026-02-12,447,447,11
10116,8122,35,1,2026-02-09,2026-02-12,2026-02-14,17,17,0
10117,8123,2,1,2026-02-13,2026-02-20,2026-02-20,354,354,9
10118,8124,25,2,2026-02-08,2026-02-08,2026-02-11,57,57,0
10119,8124,25,2,2026-02-06,2026-02-11,2026-02-11,15,15,0
10120,8124,25,2,2026-02-08,2026-02-11,2026-02-11,28,28,1
10121,8125,21,2,2026-02-04,2026-02-08,2026-02-10,12,12,0
10122,8126,6,2,2026-02-14,2026-02-20,2026-02-22,43,43,0
10123,8127,8,10,2026-02-09,2026-02-13,2026-02-13,368,368,11
10124,8128,10,10,2026-02-12,2026-02-28,2026-03-01,67,67,1
10125,8129,40,10,2026-02-16,2026-02-23,2026-02-26,77,77,0
10126,8130,23,10,2026-02-06,2026-02-13,2026-02-14,325,325,12
10127,8130,23,10,2026-02-04,2026-02-14,2026-02-14,310,310,18
10128,8131,39,2,2026-02-10,2026-02-10,2026-02-10,127,127,2
10129,8132,30,2,2026-02-05,2026-02-12,2026-02-14,31,31,0
10130,8133,10,2,2026-02-18,2026-02-26,2026-03-01,1026,1026,10
10131,8134,28,2,2026-02-12,2026-02-22,2026-02-22,24,24,0
10132,8135,2,2,2026-02-09,2026-02-22,2026-02-21,251,251,1
10133,8136,3,1,2026-02-18,2026-03-08,2026-03-10,29,29,0
10134,8137,37,1,2026-02-19,2026-03-05,2026-03-06,357,357,6
10135,8138,24,6,2026-02-17,2026-02-25,2026-02-25,36,36,0
10136,8139,39,6,2026-02-11,2026-02-11,2026-02-10,528,528,14
10137,8140,17,6,2026-02-13,2026-02-13,2026-02-15,3,3,0
10138,8141,13,6,2026-02-10,2026-02-15,2026-02-16,375,375,4
10139,8142,22,6,2026-02-07,2026-02-07,2026-02-09,12,12,0
10140,8143,2,7,2026-02-16,2026-02-21,2026-02-21,93,93,2
10141,8144,25,8,2026-02-10,2026-02-22,2026-02-11,279,279,2
10142,8145,16,8,2026-02-04,2026-02-09,2026-02-10,5,5,0
10143,8145,16,8,2026-02-08,2026-02-10,2026-02-10,6,6,0
10144,8146,43,8,2026-02-05,2026-02-10,2026-02-13,27,27,0
10145,8147,18,8,2026-02-04,2026-02-18,2026-02-09,7,7,0
10146,8147,18,8,2026-02-07,2026-02-07,2026-02-09,7,7,0
10147,8148,8,8,2026-02-08,2026-02-11,2026-02-14,197,197,4
10148,8149,7,3,2026-02-18,2026-03-08,2026-03-11,574,574,3
10149,8150,14,3,2026-02-08,2026-02-15,2026-02-17,8,8,0
10150,8150,14,3,2026-02-11,2026-02-17,2026-02-17,6,6,0
10151,8151,48,3,2026-02-17,2026-03-02,2026-03-03,52,52,4
10152,8152,5,3,2026-02-07,2026-02-07,2026-02-10,116,116,3
10153,8152,5,3,2026-02-08,2026-02-08,2026-02-10,129,129,3
10154,8153,13,5,2026-02-14,2026-02-14,2026-02-17,86,86,1
10155,8154,16,5,2026-02-06,2026-02-08,2026-02-11,33,33,0
10156,8155,19,5,2026-02-05,2026-02-08,2026-02-09,309,309,8
10157,8156,12,7,2026-02-11,2026-02-21,2026-02-23,201,201,4
10158,8156,12,7,2026-02-13,2026-02-22,2026-02-23,510,510,8
10159,8157,31,7,2026-02-21,2026-03-05,2026-03-08,172,172,4
10160,8158,17,6,2026-02-14,2026-02-14,2026-02-16,116,116,14
10161,8159,42,6,2026-02-11,2026-02-16,2026-02-18,135,135,4
10162,8160,18,1,2026-02-06,2026-02-15,2026-02-10,43,43,2
10163,8161,2,1,2026-02-16,2026-02-20,2026-02-22,8,8,0
10164,8162,47,9,2026-02-17,2026-02-28,2026-02-27,42,42,1
10165,8163,26,7,2026-02-07,2026-02-19,2026-02-18,76,76,3
10166,8164,35,7,2026-02-09,2026-02-17,2026-02-17,72,72,0
10167,8165,9,7,2026-02-16,2026-02-23,2026-02-25,123,123,2
10168,8165,9,7,2026-02-15,2026-02-22,2026-02-25,91,91,1
10169,8166,29,7,2026-02-17,2026-02-26,2026-03-01,63,63,1
10170,8167,40,1,2026-02-11,2026-02-25,2026-02-28,18,18,0
10171,8168,17,10,2026-02-11,2026-02-23,2026-02-17,322,322,34
10172,8169,3,10,2026-02-21,2026-03-11,2026-03-12,251,251,8
10173,8170,1,8,2026-02-11,2026-02-16,2026-02-18,12,12,0
10174,8171,22,8,2026-02-06,2026-02-10,2026-02-11,73,73,1
10175,8172,37,7,2026-02-23,2026-03-08,2026-03-08,63,63,2
10176,8173,7,6,2026-02-21,2026-03-09,2026-03-12,30,30,0
10177,8174,12,6,2026-02-19,2026-02-24,2026-02-24,40,40,0
10178,8175,38,7,2026-02-06,2026-02-17,2026-02-10,408,408,12
10179,8176,42,7,2026-02-14,2026-02-18,2026-02-19,27,27,1
10180,8177,21,1,2026-02-13,2026-02-13,2026-02-12,12,12,0
10181,8178,42,1,2026-02-06,2026-02-23,2026-02-19,37,37,1
10182,8178,42,1,2026-02-16,2026-02-19,2026-02-19,68,68,3
10183,8179,45,4,2026-02-17,2026-03-02,2026-03-03,692,692,3
10184,8179,45,4,2026-02-18,2026-03-01,2026-03-03,432,432,1
10185,8180,43,4,2026-02-07,2026-02-13,2026-02-16,538,538,17
10186,8181,18,4,2026-02-09,2026-02-11,2026-02-12,37,37,1
10187,8182,17,4,2026-02-13,2026-02-15,2026-02-18,23,23,2
10188,8183,45,4,2026-02-21,2026-03-02,2026-03-03,10,10,0
10189,8184,27,6,2026-02-14,2026-02-19,2026-02-19,114,114,1
10190,8185,40,6,2026-02-16,2026-03-04,2026-03-01,47,47,0
10191,8186,25,6,2026-02-07,2026-02-12,2026-02-14,378,378,1
10192,8186,25,6,2026-02-10,2026-02-13,2026-02-14,282,282,4
10193,8186,25,6,2026-02-07,2026-02-12,2026-02-14,433,433,2
10194,8187,45,6,2026-02-18,2026-03-01,2026-03-03,45,45,0
10195,8188,35,6,2026-02-13,2026-02-18,2026-02-18,148,148,2
10196,8189,8,9,2026-02-07,2026-02-25,2026-02-16,676,676,9
10197,8190,20,8,2026-02-07,2026-02-10,2026-02-12,11,11,0
10198,8191,20,8,2026-02-11,2026-02-11,2026-02-12,5,5,0
10199,8192,22,8,2026-02-07,2026-02-12,2026-02-12,23,23,1
10200,8193,2,9,2026-02-14,2026-03-05,2026-02-24,1285,1285,39
10201,8194,28,9,2026-02-15,2026-02-25,2026-02-25,858,858,8
10202,8195,43,9,2026-02-08,2026-02-16,2026-02-16,316,316,11
10203,8196,43,9,2026-02-12,2026-02-15,2026-02-16,41,41,1
10204,8196,43,9,2026-02-07,2026-02-27,2026-02-16,56,56,0
10205,8197,35,9,2026-02-15,2026-02-17,2026-02-18,129,129,3
10206,8198,19,6,2026-02-07,2026-02-11,2026-02-11,489,489,1
10207,8199,47,6,2026-02-12,2026-02-27,2026-02-28,19,19,1
10208,8200,4,6,2026-02-16,2026-02-26,2026-02-28,8,8,0
10209,8200,4,6,2026-02-21,2026-02-25,2026-02-28,13,13,0
10210,8201,11,1,2026-02-10,2026-02-16,2026-02-19,577,577,18
10211,8202,18,9,2026-02-07,2026-02-18,2026-02-12,8,8,0
10212,8203,37,8,2026-02-16,2026-03-09,2026-03-09,174,174,1
10213,8204,18,8,2026-02-07,2026-02-12,2026-02-12,286,286,7
10214,8205,25,8,2026-02-13,2026-02-14,2026-02-14,21,21,0
10215,8206,22,9,2026-02-07,2026-02-09,2026-02-12,5,5,0
10216,8207,4,9,2026-02-12,2026-03-01,2026-02-28,580,580,11
10217,8208,5,9,2026-02-12,2026-02-21,2026-02-12,107,107,5
10218,8209,28,9,2026-02-12,2026-02-23,2026-02-25,504,504,4
10219,8210,30,8,2026-02-13,2026-02-18,2026-02-18,555,555,3
10220,8211,14,8,2026-02-10,2026-02-19,2026-02-20,315,315,1
10221,8212,17,8,2026-02-11,2026-02-17,2026-02-19,8,8,0
10222,8213,5,8,2026-02-11,2026-02-11,2026-02-13,121,121,0
10223,8214,35,3,2026-02-10,2026-02-16,2026-02-19,10,10,0
10224,8215,17,3,2026-02-12,2026-02-17,2026-02-19,562,562,80
10225,8216,18,3,2026-02-08,2026-02-12,2026-02-13,5,5,0
10226,8216,18,3,2026-02-09,2026-02-16,2026-02-13,10,10,0
10227,8217,39,3,2026-02-09,2026-02-12,2026-02-14,36,36,1
10228,8218,7,3,2026-02-25,2026-03-13,2026-03-14,122,122,1
10229,8219,11,9,2026-02-19,2026-02-19,2026-02-21,5,5,0
10230,8220,40,9,2026-02-17,2026-02-28,2026-03-03,11,11,0
10231,8221,16,8,2026-02-10,2026-02-16,2026-02-16,504,504,2
10232,8222,20,8,2026-02-10,2026-02-12,2026-02-15,175,175,2
10233,8223,6,8,2026-02-16,2026-02-27,2026-02-28,11,11,0
10234,8223,6,8,2026-02-16,2026-02-28,2026-02-28,20,20,0
10235,8224,4,8,2026-02-18,2026-03-03,2026-03-03,46,46,1
10236,8225,5,8,2026-02-10,2026-02-14,2026-02-15,77,77,2
10237,8226,4,8,2026-02-25,2026-03-02,2026-03-03,14,14,0
10238,8227,44,1,2026-02-20,2026-03-01,2026-03-02,17,17,0
10239,8228,25,1,2026-02-12,2026-02-15,2026-02-17,26,26,0
10240,8229,20,10,2026-02-18,2026-02-18,2026-02-15,1191,1191,19
10241,8230,33,10,2026-02-16,2026-03-04,2026-03-07,2,2,0
10242,8230,33,10,2026-02-24,2026-03-07,2026-03-07,3,3,0
10243,8231,2,10,2026-02-15,2026-02-25,2026-02-27,315,315,3
10244,8231,2,10,2026-02-15,2026-02-26,2026-02-27,136,136,0
10245,8231,2,10,2026-02-10,2026-02-24,2026-02-27,80,80,0
10246,8232,43,2,2026-02-13,2026-02-17,2026-02-19,106,106,3
10247,8233,18,2,2026-02-10,2026-02-13,2026-02-15,184,184,6
10248,8233,18,2,2026-02-14,2026-02-14,2026-02-15,208,208,7
10249,8234,27,6,2026-02-19,2026-02-19,2026-02-22,14,14,0
10250,8234,27,6,2026-02-14,2026-02-22,2026-02-22,6,6,0
10251,8234,27,6,2026-02-11,2026-02-20,2026-02-22,7,7,0
10252,8235,35,6,2026-02-13,2026-02-20,2026-02-21,142,142,2
10253,8236,39,6,2026-02-10,2026-02-13,2026-02-16,10,10,0
10254,8236,39,6,2026-02-10,2026-02-16,2026-02-16,16,16,0
10255,8237,29,10,2026-02-22,2026-03-05,2026-03-05,143,143,2
10256,8238,21,10,2026-02-10,2026-02-21,2026-02-16,17,17,1
10257,8238,21,10,2026-02-10,2026-02-21,2026-02-16,38,38,1
10258,8239,20,10,2026-02-10,2026-02-13,2026-02-15,437,437,6
10259,8240,47,10,2026-02-28,2026-03-02,2026-03-03,5,5,0
10260,8241,42,4,2026-02-10,2026-02-21,2026-02-23,230,230,4
10261,8242,35,4,2026-02-11,2026-02-21,2026-02-21,618,618,4
10262,8243,8,7,2026-02-12,2026-02-19,2026-02-19,127,127,1
10263,8244,42,7,2026-02-11,2026-02-20,2026-02-23,449,449,3
10264,8245,20,7,2026-02-10,2026-02-15,2026-02-15,128,128,2
10265,8246,18,7,2026-02-12,2026-02-15,2026-02-15,549,549,9
10266,8247,10,7,2026-02-23,2026-03-04,2026-03-07,168,168,5
10267,8248,50,4,2026-02-17,2026-02-28,2026-02-28,67,67,3
10268,8248,50,4,2026-02-14,2026-02-27,2026-02-28,35,35,1
10269,8248,50,4,2026-02-15,2026-02-25,2026-02-28,36,36,2
10270,8249,25,4,2026-02-11,2026-02-17,2026-02-17,121,121,2
10271,8250,37,9,2026-02-20,2026-03-09,2026-03-12,157,157,2
10272,8251,20,2,2026-02-13,2026-02-15,2026-02-15,35,35,1
10273,8251,20,2,2026-02-11,2026-02-14,2026-02-15,24,24,1
10274,8251,20,2,2026-02-10,2026-02-15,2026-02-15,33,33,1
10275,8252,46,4,2026-02-19,2026-03-12,2026-03-08,9,9,1
10276,8252,46,4,2026-02-22,2026-03-08,2026-03-08,9,9,0
10277,8253,18,4,2026-02-10,2026-02-14,2026-02-15,39,39,1
10278,8254,9,4,2026-02-20,2026-02-28,2026-03-01,4,4,0
10279,8255,45,4,2026-02-18,2026-03-06,2026-03-06,33,33,0
10280,8256,42,4,2026-02-13,2026-02-22,2026-02-23,11,11,1
10281,8257,43,4,2026-02-20,2026-02-25,2026-02-19,6,6,0
10282,8258,30,10,2026-02-19,2026-02-19,2026-02-21,7,7,0
10283,8259,30,10,2026-02-13,2026-02-21,2026-02-21,565,565,0
10284,8260,15,9,2026-02-12,2026-02-17,2026-02-17,179,179,0
10285,8261,19,2,2026-02-11,2026-02-15,2026-02-15,5,5,0
10286,8262,43,2,2026-02-17,2026-02-19,2026-02-20,272,272,14
10287,8263,40,5,2026-02-25,2026-03-02,2026-03-05,47,47,0
10288,8264,48,5,2026-02-20,2026-03-14,2026-03-09,22,22,0
10289,8264,48,5,2026-02-22,2026-03-09,2026-03-09,43,43,2
10290,8265,36,4,2026-02-19,2026-02-21,2026-02-22,816,816,48
10291,8266,12,8,2026-02-12,2026-02-27,2026-03-01,9,9,0
10292,8267,22,8,2026-02-12,2026-02-13,2026-02-16,6,6,0
10293,8268,46,2,2026-02-19,2026-03-09,2026-03-09,111,111,6
10294,8268,46,2,2026-03-01,2026-03-08,2026-03-09,186,186,2
10295,8269,16,2,2026-02-11,2026-02-14,2026-02-17,1304,1304,8
10296,8270,31,9,2026-02-21,2026-03-12,2026-03-14,1168,1168,6
10297,8271,47,4,2026-02-24,2026-03-11,2026-03-04,33,33,2
10298,8271,47,4,2026-02-23,2026-03-02,2026-03-04,33,33,1
10299,8272,1,9,2026-02-13,2026-02-22,2026-02-23,94,94,1
10300,8273,42,9,2026-02-17,2026-02-21,2026-02-24,439,439,16
10301,8274,4,9,2026-02-21,2026-03-07,2026-03-04,647,647,1
10302,8275,32,9,2026-02-16,2026-02-16,2026-02-16,13,13,0
10303,8276,45,9,2026-02-22,2026-03-04,2026-03-07,705,705,0
10304,8277,10,9,2026-02-22,2026-03-12,2026-03-08,8,8,0
10305,8278,20,9,2026-02-12,2026-02-14,2026-02-16,121,121,2
10306,8279,9,4,2026-02-19,2026-02-28,2026-03-02,24,24,1
10307,8280,8,4,2026-02-14,2026-02-19,2026-02-20,584,584,15
10308,8281,2,4,2026-02-19,2026-02-28,2026-02-28,19,19,1
10309,8281,2,4,2026-02-16,2026-03-11,2026-02-28,37,37,0
10310,8282,26,4,2026-02-15,2026-02-20,2026-02-23,7,7,0
10311,8283,43,4,2026-02-14,2026-02-18,2026-02-20,30,30,0
10312,8284,16,4,2026-02-12,2026-02-16,2026-02-17,161,161,0
10313,8285,18,7,2026-02-13,2026-02-16,2026-02-16,51,51,0
10314,8286,17,7,2026-02-15,2026-02-22,2026-02-22,97,97,12
10315,8287,1,7,2026-02-19,2026-02-21,2026-02-23,10,10,0
10316,8288,25,7,2026-02-11,2026-02-18,2026-02-18,1001,1001,7
10317,8289,44,1,2026-02-21,2026-03-03,2026-03-03,184,184,2
10318,8289,44,1,2026-02-20,2026-03-01,2026-03-03,122,122,1
10319,8289,44,1,2026-02-22,2026-03-01,2026-03-03,197,197,2
10320,8290,8,1,2026-02-12,2026-02-18,2026-02-20,5,5,0
10321,8291,16,1,2026-02-16,2026-02-16,2026-02-17,15,15,0
10322,8292,49,3,2026-02-12,2026-02-15,2026-02-16,39,39,1
10323,8293,43,3,2026-02-12,2026-02-18,2026-02-21,208,208,11
10324,8294,20,3,2026-02-14,2026-02-16,2026-02-17,870,870,5
10325,8295,40,4,2026-02-19,2026-03-05,2026-03-06,504,504,5
10326,8296,35,4,2026-02-14,2026-02-22,2026-02-23,48,48,0
10327,8296,35,4,2026-02-15,2026-02-23,2026-02-23,48,48,1
10328,8297,39,5,2026-02-12,2026-02-21,2026-02-18,119,119,2
10329,8298,43,5,2026-02-18,2026-02-19,2026-02-21,194,194,4
10330,8299,36,5,2026-02-19,2026-03-07,2026-02-23,17,17,1
10331,8300,33,2,2026-02-19,2026-03-06,2026-03-09,63,63,0
10332,8301,46,2,2026-02-23,2026-03-10,2026-03-10,50,50,2
10333,8302,20,2,2026-02-12,2026-02-25,2026-02-17,895,895,31
10334,8303,37,3,2026-02-26,2026-03-13,2026-03-14,256,256,2
10335,8304,10,3,2026-02-21,2026-03-06,2026-03-09,220,220,12
10336,8305,30,3,2026-02-18,2026-02-21,2026-02-22,31,31,0
10337,8306,4,3,2026-02-20,2026-03-03,2026-03-05,111,111,2
10338,8307,13,3,2026-02-20,2026-02-21,2026-02-24,98,98,2
10339,8308,12,1,2026-02-17,2026-03-04,2026-03-02,5,5,0
10340,8309,18,1,2026-02-14,2026-02-16,2026-02-17,1220,1220,34
10341,8310,38,4,2026-02-20,2026-02-20,2026-02-16,86,86,4
10342,8311,20,4,2026-02-12,2026-02-22,2026-02-17,952,952,20
10343,8312,33,6,2026-02-17,2026-03-07,2026-03-09,482,482,25
10344,8312,33,6,2026-03-03,2026-03-08,2026-03-09,669,669,10
10345,8313,20,6,2026-02-14,2026-02-16,2026-02-17,622,622,12
10346,8314,19,1,2026-02-12,2026-02-14,2026-02-16,26,26,2
10347,8315,13,9,2026-02-13,2026-02-21,2026-02-24,687,687,3
10348,8316,40,2,2026-02-23,2026-03-06,2026-03-06,765,765,6
10349,8317,23,2,2026-02-13,2026-02-21,2026-02-22,74,74,2
10350,8318,9,2,2026-02-17,2026-03-02,2026-03-03,76,76,2
10351,8319,29,2,2026-02-21,2026-03-04,2026-03-07,634,634,11
10352,8319,29,2,2026-02-24,2026-03-04,2026-03-07,488,488,8
10353,8320,41,2,2026-02-17,2026-02-27,2026-03-02,32,32,2
10354,8321,11,4,2026-02-17,2026-02-22,2026-02-25,1184,1184,32
10355,8322,4,7,2026-02-21,2026-03-07,2026-03-06,9,9,0
10356,8323,31,7,2026-03-05,2026-03-22,2026-03-16,158,158,3
10357,8324,8,7,2026-02-14,2026-02-21,2026-02-22,19,19,0
10358,8325,2,4,2026-02-21,2026-02-28,2026-03-02,65,65,0
10359,8326,11,4,2026-02-16,2026-02-25,2026-02-25,215,215,6
10360,8327,18,4,2026-02-13,2026-02-16,2026-02-18,52,52,1
10361,8328,22,4,2026-02-13,2026-02-15,2026-02-18,63,63,3
10362,8329,19,7,2026-02-14,2026-02-15,2026-02-17,842,842,13
10363,8330,26,7,2026-02-18,2026-02-24,2026-02-25,301,301,5
10364,8331,33,7,2026-03-01,2026-03-07,2026-03-10,120,120,3
10365,8332,19,7,2026-02-13,2026-02-16,2026-02-17,112,112,2
10366,8333,26,9,2026-02-16,2026-02-23,2026-02-25,14,14,0
10367,8334,49,9,2026-02-16,2026-02-16,2026-02-17,10,10,0
10368,8335,30,9,2026-02-16,2026-02-22,2026-02-23,141,141,1
10369,8336,21,9,2026-02-17,2026-02-27,2026-02-19,14,14,0
10370,8337,17,9,2026-02-18,2026-02-24,2026-02-24,1072,1072,83
10371,8338,47,9,2026-02-20,2026-03-10,2026-03-06,1045,1045,52
10372,8339,36,2,2026-02-18,2026-02-24,2026-02-24,95,95,2
10373,8339,36,2,2026-02-19,2026-03-01,2026-02-24,99,99,4
10374,8340,14,5,2026-02-20,2026-02-23,2026-02-25,198,198,1
10375,8341,8,3,2026-02-16,2026-02-21,2026-02-22,50,50,0
10376,8342,11,3,2026-02-14,2026-02-22,2026-02-25,279,279,3
10377,8343,15,3,2026-02-15,2026-02-19,2026-02-19,229,229,6
10378,8344,46,3,2026-03-03,2026-03-11,2026-03-11,8,8,0
10379,8345,29,7,2026-02-22,2026-03-17,2026-03-09,25,25,0
10380,8346,32,3,2026-02-16,2026-02-17,2026-02-19,10,10,0
10381,8347,27,3,2026-02-16,2026-02-24,2026-02-26,55,55,2
10382,8348,37,3,2026-03-01,2026-03-16,2026-03-16,9,9,0
10383,8348,37,3,2026-02-27,2026-03-13,2026-03-16,18,18,1
10384,8349,41,3,2026-02-23,2026-03-01,2026-03-04,107,107,1
10385,8350,33,3,2026-02-25,2026-03-11,2026-03-11,887,887,40
10386,8351,35,8,2026-02-21,2026-03-01,2026-02-25,10,10,0
10387,8352,2,8,2026-02-23,2026-03-01,2026-03-03,26,26,0
10388,8352,2,8,2026-02-19,2026-02-28,2026-03-03,32,32,0
10389,8353,2,8,2026-02-23,2026-02-28,2026-03-03,202,202,1
10390,8353,2,8,2026-02-17,2026-03-03,2026-03-03,151,151,3
10391,8354,6,4,2026-02-25,2026-03-04,2026-03-04,14,14,0
10392,8355,17,4,2026-02-20,2026-03-02,2026-02-25,9,9,1
10393,8355,17,4,2026-02-21,2026-02-26,2026-02-25,12,12,2
10394,8356,8,1,2026-02-23,2026-02-25,2026-02-23,37,37,1
10395,8356,8,1,2026-02-16,2026-02-22,2026-02-23,57,57,1
10396,8357,16,1,2026-02-19,2026-02-19,2026-02-20,10,10,0
10397,8358,47,1,2026-02-28,2026-03-07,2026-03-07,159,159,4
10398,8359,37,5,2026-02-23,2026-03-14,2026-03-16,42,42,1
10399,8360,43,5,2026-02-14,2026-02-23,2026-02-23,6,6,0
10400,8360,43,5,2026-02-19,2026-03-02,2026-02-23,1,1,0
10401,8360,43,5,2026-02-22,2026-02-23,2026-02-23,2,2,0
10402,8361,16,1,2026-02-18,2026-02-18,2026-02-20,60,60,0
10403,8362,37,1,2026-03-05,2026-03-15,2026-03-16,1121,1121,17
10404,8363,40,1,2026-02-23,2026-03-08,2026-03-08,17,17,0
10405,8363,40,1,2026-02-25,2026-03-20,2026-03-08,7,7,0
10406,8363,40,1,2026-02-21,2026-03-06,2026-03-08,6,6,0
10407,8364,38,1,2026-02-16,2026-02-17,2026-02-18,762,762,6
10408,8365,5,1,2026-02-17,2026-03-02,2026-02-19,44,44,1
10409,8366,3,1,2026-03-05,2026-03-20,2026-03-20,55,55,3
10410,8367,2,1,2026-02-23,2026-03-01,2026-03-03,13,13,0
10411,8368,23,6,2026-02-14,2026-02-22,2026-02-24,8,8,1
10412,8369,45,6,2026-02-27,2026-03-10,2026-03-11,2,2,0
10413,8369,45,6,2026-02-27,2026-03-09,2026-03-11,4,4,0
10414,8370,45,6,2026-02-28,2026-03-09,2026-03-11,96,96,0
10415,8371,37,6,2026-03-01,2026-03-16,2026-03-17,10,10,0
10416,8372,5,9,2026-02-15,2026-02-18,2026-02-20,217,217,6
10417,8373,48,9,2026-02-25,2026-03-22,2026-03-13,37,37,1
10418,8374,3,9,2026-03-05,2026-03-21,2026-03-21,8,8,0
10419,8375,47,2,2026-02-24,2026-03-05,2026-03-08,25,25,0
10420,8376,7,2,2026-03-03,2026-03-19,2026-03-21,58,58,0
10421,8377,44,2,2026-02-26,2026-03-07,2026-03-07,10,10,0
10422,8378,36,2,2026-02-21,2026-02-25,2026-02-26,709,709,5
10423,8379,29,5,2026-02-28,2026-03-08,2026-03-10,808,808,12
10424,8380,15,3,2026-02-16,2026-02-21,2026-02-22,171,171,7
10425,8380,15,3,2026-02-20,2026-02-20,2026-02-22,270,270,0
10426,8381,15,3,2026-02-17,2026-02-20,2026-02-22,4,4,0
10427,8381,15,3,2026-02-18,2026-02-20,2026-02-22,3,3,0
10428,8382,16,3,2026-02-18,2026-02-22,2026-02-22,88,88,1
10429,8382,16,3,2026-02-16,2026-02-20,2026-02-22,94,94,1
10430,8383,43,3,2026-02-24,2026-02-25,2026-02-25,6,6,0
10431,8384,43,3,2026-02-22,2026-02-25,2026-02-25,5,5,0
10432,8385,3,9,2026-03-08,2026-03-21,2026-03-22,7,7,0
10433,8386,25,9,2026-02-22,2026-02-22,2026-02-23,114,114,4
10434,8387,35,7,2026-02-21,2026-02-24,2026-02-27,11,11,0
10435,8387,35,7,2026-02-21,2026-02-27,2026-02-27,17,17,0
10436,8388,43,7,2026-02-25,2026-02-25,2026-02-25,3,3,0
10437,8388,43,7,2026-02-21,2026-02-25,2026-02-25,4,4,0
10438,8389,16,7,2026-02-18,2026-02-19,2026-02-22,13,13,0
10439,8390,39,10,2026-02-23,2026-02-23,2026-02-23,977,977,0
10440,8391,36,10,2026-02-23,2026-02-28,2026-02-28,8,8,0
10441,8391,36,10,2026-02-18,2026-02-26,2026-02-28,7,7,0
10442,8392,25,10,2026-02-18,2026-02-24,2026-02-24,136,136,3
10443,8393,20,5,2026-02-21,2026-03-03,2026-02-22,41,41,0
10444,8394,36,5,2026-02-19,2026-02-26,2026-02-28,43,43,3
10445,8395,21,5,2026-02-19,2026-02-20,2026-02-23,17,17,1
10446,8396,41,5,2026-02-20,2026-03-04,2026-03-07,68,68,4
10447,8397,17,2,2026-02-17,2026-02-25,2026-02-28,239,239,16
10448,8397,17,2,2026-02-26,2026-02-27,2026-02-28,173,173,22
10449,8398,35,2,2026-02-25,2026-02-26,2026-02-28,509,509,4
10450,8399,18,4,2026-02-17,2026-02-20,2026-02-22,310,310,6
10451,8400,20,4,2026-02-20,2026-02-20,2026-02-22,499,499,15
10452,8401,41,4,2026-02-25,2026-03-09,2026-03-07,87,87,5
10453,8402,39,4,2026-02-18,2026-02-23,2026-02-23,12,12,0
10454,8403,44,5,2026-02-25,2026-03-06,2026-03-09,51,51,0
10455,8404,10,5,2026-03-01,2026-03-13,2026-03-14,93,93,1
10456,8405,1,5,2026-02-22,2026-02-27,2026-03-01,62,62,1
10457,8406,3,5,2026-03-07,2026-03-21,2026-03-23,15,15,0
10458,8406,3,5,2026-03-05,2026-03-23,2026-03-23,32,32,0
10459,8407,45,5,2026-02-25,2026-03-12,2026-03-13,83,83,0
10460,8408,21,6,2026-02-24,2026-02-24,2026-02-24,41,41,1
10461,8409,30,6,2026-02-18,2026-02-28,2026-02-28,247,247,1
10462,8410,39,6,2026-02-20,2026-02-22,2026-02-24,61,61,1
10463,8411,20,6,2026-02-18,2026-02-20,2026-02-23,55,55,1
10464,8412,39,8,2026-02-22,2026-02-24,2026-02-24,370,370,10
10465,8413,16,8,2026-02-22,2026-02-23,2026-02-24,1233,1233,8
10466,8414,18,3,2026-02-18,2026-02-20,2026-02-23,2,2,0
10467,8414,18,3,2026-02-23,2026-02-23,2026-02-23,2,2,0
10468,8414,18,3,2026-02-20,2026-02-21,2026-02-23,3,3,0
10469,8415,47,3,2026-02-25,2026-03-09,2026-03-11,6,6,0
10470,8416,20,8,2026-02-23,2026-02-23,2026-02-23,495,495,12
10471,8417,2,8,2026-02-23,2026-03-06,2026-03-07,12,12,0
10472,8418,15,1,2026-02-19,2026-02-28,2026-02-24,8,8,0
10473,8419,36,1,2026-02-21,2026-03-01,2026-03-01,71,71,5
10474,8419,36,1,2026-02-20,2026-02-27,2026-03-01,146,146,6
10475,8420,3,7,2026-03-09,2026-03-24,2026-03-24,32,32,3
10476,8420,3,7,2026-03-08,2026-03-27,2026-03-24,41,41,2
10477,8421,3,7,2026-03-08,2026-03-22,2026-03-24,30,30,1
10478,8422,26,7,2026-02-25,2026-02-28,2026-03-02,600,600,14
10479,8423,5,1,2026-02-20,2026-02-21,2026-02-23,8,8,1
10480,8424,14,2,2026-02-25,2026-03-01,2026-03-02,42,42,0
10481,8425,48,1,2026-03-04,2026-03-13,2026-03-16,20,20,1
10482,8426,47,3,2026-03-02,2026-03-08,2026-03-11,16,16,1
10483,8427,15,3,2026-02-21,2026-03-08,2026-02-24,371,371,18
10484,8428,36,3,2026-02-23,2026-02-28,2026-03-01,9,9,0
10485,8429,28,4,2026-03-03,2026-03-06,2026-03-08,587,587,10
10486,8430,5,10,2026-02-23,2026-02-23,2026-02-23,161,161,7
10487,8431,19,10,2026-02-21,2026-02-21,2026-02-22,8,8,0
10488,8432,20,10,2026-02-21,2026-02-21,2026-02-23,70,70,2
10489,8433,43,10,2026-02-21,2026-02-27,2026-02-27,515,515,22
10490,8434,4,10,2026-03-03,2026-03-10,2026-03-11,8,8,0
10491,8435,8,6,2026-02-21,2026-02-27,2026-02-27,6,6,0
10492,8435,8,6,2026-02-19,2026-02-25,2026-02-27,13,13,0
10493,8436,3,6,2026-02-28,2026-03-24,2026-03-24,15,15,1
10494,8437,43,9,2026-02-21,2026-03-03,2026-02-28,27,27,1
10495,8438,32,6,2026-02-21,2026-02-21,2026-02-24,24,24,0
10496,8439,27,6,2026-02-21,2026-03-01,2026-03-03,25,25,0
10497,8440,35,6,2026-02-19,2026-02-27,2026-03-02,122,122,1
10498,8441,35,10,2026-02-21,2026-02-28,2026-03-02,55,55,1
10499,8442,3,10,2026-03-09,2026-03-23,2026-03-25,30,30,1
10500,8443,37,10,2026-03-06,2026-03-20,2026-03-21,18,18,0
10501,8444,35,10,2026-02-26,2026-02-27,2026-03-02,40,40,0
10502,8445,22,10,2026-02-19,2026-02-23,2026-02-24,30,30,1
10503,8446,20,6,2026-02-19,2026-02-24,2026-02-24,6,6,0
10504,8447,25,6,2026-02-22,2026-02-24,2026-02-26,6,6,0
10505,8448,5,2,2026-02-19,2026-02-28,2026-02-24,43,43,4
10506,8449,38,2,2026-02-22,2026-02-22,2026-02-23,114,114,3
10507,8449,38,2,2026-02-20,2026-02-23,2026-02-23,256,256,10
10508,8450,19,2,2026-02-24,2026-02-24,2026-02-23,11,11,1
10509,8451,27,2,2026-03-01,2026-03-03,2026-03-03,295,295,11
10510,8451,27,2,2026-02-28,2026-03-03,2026-03-03,264,264,7
10511,8451,27,2,2026-02-20,2026-02-28,2026-03-03,202,202,5
10512,8452,44,8,2026-02-24,2026-03-18,2026-03-11,724,724,13
10513,8453,2,8,2026-03-01,2026-03-05,2026-03-08,6,6,0
10514,8454,5,5,2026-02-24,2026-03-06,2026-02-24,2,2,0
10515,8454,5,5,2026-02-19,2026-02-24,2026-02-24,1,1,0
10516,8454,5,5,2026-02-25,2026-03-06,2026-02-24,3,3,0
10517,8455,40,5,2026-02-28,2026-03-12,2026-03-13,148,148,1
10518,8456,19,1,2026-02-20,2026-03-03,2026-02-24,19,19,1
10519,8457,19,1,2026-02-20,2026-02-24,2026-02-24,1,1,0
10520,8457,19,1,2026-02-23,2026-02-23,2026-02-24,2,2,0
10521,8458,4,5,2026-03-02,2026-03-25,2026-03-13,869,869,5
10522,8459,5,9,2026-02-25,2026-03-05,2026-02-25,95,95,1
10523,8460,16,9,2026-02-24,2026-02-25,2026-02-26,285,285,1
10524,8460,16,9,2026-02-26,2026-02-26,2026-02-26,698,698,7
10525,8461,8,10,2026-02-20,2026-03-01,2026-03-01,44,44,0
10526,8461,8,10,2026-02-26,2026-03-06,2026-03-01,56,56,1
10527,8462,20,3,2026-02-24,2026-02-24,2026-02-25,209,209,3
10528,8463,10,3,2026-02-26,2026-03-17,2026-03-17,180,180,6
10529,8464,37,3,2026-03-05,2026-03-22,2026-03-22,563,563,28
10530,8464,37,3,2026-03-04,2026-03-22,2026-03-22,627,627,23
10531,8465,31,3,2026-03-03,2026-03-23,2026-03-23,53,53,0
10532,8466,20,1,2026-02-22,2026-02-22,2026-02-25,9,9,0
10533,8467,36,5,2026-02-24,2026-03-07,2026-03-03,398,398,12
10534,8468,33,5,2026-03-05,2026-03-16,2026-03-17,192,192,7
10535,8468,33,5,2026-03-02,2026-03-17,2026-03-17,293,293,11
10536,8469,42,5,2026-02-20,2026-03-03,2026-03-05,566,566,18
10537,8470,7,5,2026-03-06,2026-03-26,2026-03-26,451,451,3
10538,8470,7,5,2026-03-08,2026-03-24,2026-03-26,515,515,5
10539,8471,14,5,2026-02-23,2026-03-02,2026-03-04,25,25,0
10540,8472,19,5,2026-02-21,2026-02-22,2026-02-25,12,12,0
10541,8472,19,5,2026-02-21,2026-02-22,2026-02-25,6,6,0
10542,8472,19,5,2026-02-21,2026-03-08,2026-02-25,10,10,0
10543,8473,43,5,2026-02-28,2026-03-02,2026-03-02,91,91,0
10544,8473,43,5,2026-02-22,2026-02-28,2026-03-02,139,139,2
10545,8474,47,2,2026-03-04,2026-03-13,2026-03-14,41,41,2
10546,8475,20,4,2026-02-24,2026-03-02,2026-02-26,18,18,0
10547,8476,25,6,2026-02-27,2026-02-27,2026-02-28,1121,1121,0
10548,8477,2,6,2026-03-04,2026-03-10,2026-03-10,913,913,14
10549,8478,35,7,2026-02-26,2026-03-04,2026-03-04,1349,1349,25
10550,8479,4,7,2026-03-04,2026-03-12,2026-03-14,5,5,0
10551,8480,24,7,2026-03-07,2026-03-12,2026-03-14,35,35,0
10552,8481,25,7,2026-03-01,2026-03-01,2026-02-28,8,8,0
10553,8482,20,5,2026-02-24,2026-03-09,2026-02-26,246,246,3
10554,8483,35,5,2026-02-21,2026-03-04,2026-03-04,1086,1086,17
10555,8484,43,9,2026-02-28,2026-02-28,2026-03-02,6,6,0
10556,8485,36,9,2026-02-24,2026-03-02,2026-03-04,18,18,1
10557,8486,39,9,2026-02-23,2026-02-25,2026-02-27,656,656,8
10558,8487,10,9,2026-03-02,2026-03-21,2026-03-18,271,271,15
10559,8487,10,9,2026-03-04,2026-03-16,2026-03-18,588,588,11
10560,8488,4,9,2026-03-04,2026-03-12,2026-03-14,266,266,8
10561,8489,18,10,2026-02-28,2026-02-28,2026-02-26,4,4,0
10562,8489,18,10,2026-02-26,2026-03-01,2026-02-26,3,3,0
10563,8489,18,10,2026-02-24,2026-02-24,2026-02-26,3,3,0
10564,8490,5,10,2026-02-24,2026-03-02,2026-02-26,98,98,5
10565,8491,20,10,2026-02-25,2026-02-25,2026-02-26,503,503,16
10566,8492,38,7,2026-02-27,2026-03-06,2026-02-26,159,159,4
10567,8492,38,7,2026-03-01,2026-03-01,2026-02-26,166,166,4
10568,8492,38,7,2026-02-22,2026-02-26,2026-02-26,204,204,5
10569,8493,49,7,2026-02-23,2026-03-05,2026-02-26,238,238,7
10570,8494,43,7,2026-02-26,2026-02-28,2026-03-03,132,132,6
10571,8495,6,7,2026-02-26,2026-03-09,2026-03-12,32,32,0
10572,8495,6,7,2026-03-04,2026-03-12,2026-03-12,17,17,0
10573,8495,6,7,2026-03-02,2026-03-09,2026-03-12,40,40,0
10574,8496,36,1,2026-03-03,2026-03-04,2026-03-05,9,9,1
10575,8497,19,1,2026-02-26,2026-02-26,2026-02-26,384,384,23
10576,8498,28,1,2026-03-03,2026-03-09,2026-03-12,47,47,0
10577,8499,45,2,2026-03-05,2026-03-15,2026-03-18,12,12,0
10578,8500,18,3,2026-02-25,2026-02-26,2026-02-27,422,422,12
10579,8501,45,3,2026-03-03,2026-03-17,2026-03-18,151,151,1
10580,8501,45,3,2026-03-03,2026-03-18,2026-03-18,210,210,0
10581,8502,25,3,2026-02-28,2026-03-01,2026-03-01,441,441,5
10582,8503,30,5,2026-03-03,2026-03-03,2026-03-04,300,300,2
10583,8504,39,5,2026-03-03,2026-03-03,2026-03-01,11,11,0
10584,8505,48,4,2026-03-15,2026-03-18,2026-03-21,7,7,1
10585,8506,22,4,2026-02-25,2026-02-28,2026-02-28,8,8,0
10586,8507,27,4,2026-03-02,2026-03-07,2026-03-07,223,223,3
10587,8508,37,8,2026-03-11,2026-03-25,2026-03-25,98,98,2
10588,8508,37,8,2026-03-10,2026-03-23,2026-03-25,84,84,1
10589,8508,37,8,2026-03-08,2026-03-25,2026-03-25,108,108,1
10590,8509,26,8,2026-03-03,2026-03-04,2026-03-07,9,9,1
10591,8510,21,8,2026-02-25,2026-02-26,2026-03-01,5,5,0
10592,8511,15,5,2026-02-25,2026-02-28,2026-03-01,4,4,0
10593,8512,25,5,2026-03-02,2026-03-02,2026-03-02,635,635,8
10594,8513,2,5,2026-03-04,2026-03-12,2026-03-12,413,413,10
10595,8513,2,5,2026-02-28,2026-03-10,2026-03-12,874,874,5
10596,8514,17,5,2026-02-23,2026-03-05,2026-03-06,707,707,0
10597,8515,19,5,2026-02-23,2026-02-27,2026-02-27,107,107,6
10598,8516,45,7,2026-03-06,2026-03-17,2026-03-19,27,27,0
10599,8517,32,7,2026-02-23,2026-03-01,2026-02-28,48,48,0
10600,8518,1,6,2026-03-01,2026-03-08,2026-03-08,575,575,6
10601,8519,18,7,2026-02-24,2026-03-10,2026-03-01,10,10,0
10602,8520,41,7,2026-03-07,2026-03-11,2026-03-14,8,8,0
10603,8521,4,8,2026-03-01,2026-03-15,2026-03-17,23,23,1
10604,8522,2,8,2026-03-05,2026-03-10,2026-03-13,495,495,9
10605,8523,43,8,2026-03-04,2026-03-04,2026-03-05,178,178,4
10606,8524,39,8,2026-03-04,2026-03-04,2026-03-02,1274,1274,8
10607,8525,18,10,2026-02-25,2026-02-26,2026-03-01,20,20,0
10608,8526,30,10,2026-02-28,2026-03-05,2026-03-06,173,173,1
10609,8527,39,10,2026-02-24,2026-03-01,2026-03-02,766,766,24
10610,8528,21,10,2026-02-24,2026-03-01,2026-03-02,210,210,7
10611,8529,23,10,2026-02-28,2026-03-05,2026-03-06,294,294,13
10612,8529,23,10,2026-03-02,2026-03-06,2026-03-06,295,295,7
10613,8530,25,10,2026-02-24,2026-03-01,2026-03-03,14,14,0
10614,8530,25,10,2026-02-24,2026-03-01,2026-03-03,17,17,0
10615,8531,46,3,2026-03-09,2026-04-03,2026-03-22,90,90,3
10616,8532,37,1,2026-03-06,2026-03-26,2026-03-26,209,209,1
10617,8533,43,1,2026-02-24,2026-03-02,2026-03-05,627,627,20
10618,8534,3,1,2026-03-09,2026-03-30,2026-03-30,5,5,0
10619,8535,50,7,2026-03-04,2026-03-14,2026-03-14,4,4,0
10620,8536,22,7,2026-02-26,2026-02-27,2026-03-01,209,209,5
10621,8536,22,7,2026-02-25,2026-02-28,2026-03-01,158,158,8
10622,8536,22,7,2026-02-26,2026-02-27,2026-03-01,174,174,5
10623,8537,19,7,2026-02-24,2026-02-26,2026-02-28,22,22,0
10624,8537,19,7,2026-03-02,2026-03-02,2026-02-28,29,29,1
10625,8538,20,3,2026-02-26,2026-02-27,2026-03-01,6,6,0
10626,8538,20,3,2026-02-26,2026-03-03,2026-03-01,5,5,0
10627,8539,35,3,2026-03-01,2026-03-04,2026-03-07,12,12,0
10628,8540,1,3,2026-02-27,2026-03-06,2026-03-08,276,276,4
10629,8541,39,7,2026-03-01,2026-03-01,2026-03-02,268,268,4
10630,8542,1,7,2026-02-25,2026-03-06,2026-03-08,3,3,0
10631,8542,1,7,2026-03-02,2026-03-07,2026-03-08,5,5,0
10632,8543,5,7,2026-02-24,2026-02-28,2026-03-01,10,10,0
10633,8544,10,7,2026-03-06,2026-03-18,2026-03-21,159,159,5
10634,8544,10,7,2026-03-09,2026-03-21,2026-03-21,170,170,2
10635,8544,10,7,2026-03-10,2026-03-20,2026-03-21,163,163,6
10636,8545,11,7,2026-03-03,2026-03-08,2026-03-08,877,877,9
10637,8546,32,7,2026-02-25,2026-02-27,2026-03-01,83,83,0
10638,8547,36,7,2026-03-03,2026-03-06,2026-03-07,14,14,1
10639,8548,28,5,2026-03-09,2026-03-18,2026-03-14,531,531,9
10640,8549,8,5,2026-03-02,2026-03-04,2026-03-05,416,416,0
10641,8550,17,10,2026-02-28,2026-03-04,2026-03-07,6,6,1
10642,8551,26,10,2026-03-01,2026-03-06,2026-03-08,8,8,0
10643,8552,37,10,2026-03-14,2026-03-25,2026-03-26,46,46,0
10644,8553,16,10,2026-03-01,2026-03-01,2026-03-02,294,294,0
10645,8554,27,10,2026-02-28,2026-03-08,2026-03-08,52,52,0
10646,8555,18,10,2026-02-26,2026-03-01,2026-03-01,24,24,1
10647,8556,15,2,2026-02-28,2026-03-13,2026-03-02,30,30,1
10648,8557,48,2,2026-03-09,2026-03-22,2026-03-22,4,4,0
10649,8557,48,2,2026-03-11,2026-03-19,2026-03-22,2,2,0
10650,8557,48,2,2026-03-10,2026-03-22,2026-03-22,2,2,0
10651,8558,21,2,2026-02-24,2026-03-02,2026-03-02,21,21,1
10652,8558,21,2,2026-03-02,2026-03-02,2026-03-02,11,11,1
10653,8558,21,2,2026-02-24,2026-03-09,2026-03-02,11,11,0
10654,8559,47,2,2026-03-02,2026-03-15,2026-03-17,53,53,1
10655,8560,16,4,2026-02-24,2026-03-02,2026-03-02,757,757,5
10656,8561,25,4,2026-02-24,2026-03-02,2026-03-03,450,450,9
10657,8562,10,4,2026-03-03,2026-03-20,2026-03-21,272,272,9
10658,8563,42,4,2026-03-01,2026-03-09,2026-03-09,572,572,5
10659,8564,8,4,2026-02-28,2026-03-04,2026-03-05,7,7,0
10660,8565,18,4,2026-02-28,2026-02-28,2026-03-01,120,120,4
10661,8565,18,4,2026-02-25,2026-03-01,2026-03-01,205,205,3
10662,8566,43,7,2026-02-26,2026-03-02,2026-03-05,73,73,4
10663,8567,11,7,2026-03-01,2026-03-08,2026-03-08,9,9,0
10664,8568,41,2,2026-03-04,2026-03-14,2026-03-15,8,8,0
10665,8569,36,6,2026-02-25,2026-03-19,2026-03-08,601,601,22
10666,8570,11,6,2026-03-02,2026-03-07,2026-03-09,510,510,24
10667,8571,30,6,2026-02-25,2026-03-04,2026-03-07,63,63,1
10668,8572,5,6,2026-02-28,2026-03-08,2026-03-02,903,903,30
10669,8573,20,6,2026-02-25,2026-03-02,2026-03-02,54,54,2
10670,8574,29,1,2026-03-05,2026-03-17,2026-03-20,1174,1174,15
10671,8575,36,1,2026-02-26,2026-03-08,2026-03-08,213,213,10
10672,8575,36,1,2026-03-04,2026-03-06,2026-03-08,111,111,0
10673,8575,36,1,2026-03-01,2026-03-06,2026-03-08,126,126,5
10674,8576,43,1,2026-03-03,2026-03-06,2026-03-06,298,298,9
10675,8576,43,1,2026-02-26,2026-03-05,2026-03-06,340,340,8
10676,8577,20,1,2026-02-26,2026-02-28,2026-03-02,10,10,0
10677,8578,6,2,2026-03-07,2026-03-14,2026-03-15,3,3,0
10678,8578,6,2,2026-03-04,2026-03-12,2026-03-15,6,6,0
10679,8579,33,4,2026-03-06,2026-03-22,2026-03-22,12,12,0
10680,8579,33,4,2026-03-14,2026-03-21,2026-03-22,9,9,0
10681,8580,30,4,2026-03-05,2026-03-07,2026-03-07,76,76,1
10682,8580,30,4,2026-03-05,2026-03-06,2026-03-07,74,74,1
10683,8581,49,4,2026-03-02,2026-03-02,2026-03-01,8,8,0
10684,8581,49,4,2026-02-28,2026-02-28,2026-03-01,11,11,1
10685,8582,35,7,2026-03-02,2026-03-05,2026-03-08,363,363,1
10686,8583,4,1,2026-03-07,2026-03-16,2026-03-18,221,221,0
10687,8584,5,7,2026-02-27,2026-02-27,2026-03-02,14,14,1
10688,8585,25,7,2026-02-27,2026-03-03,2026-03-04,62,62,1
10689,8586,43,7,2026-02-26,2026-03-03,2026-03-06,24,24,1
10690,8587,46,7,2026-03-09,2026-03-21,2026-03-23,197,197,11
10691,8588,35,4,2026-03-03,2026-03-06,2026-03-08,1411,1411,20
10692,8589,37,4,2026-03-10,2026-03-27,2026-03-27,438,438,11
10693,8590,1,6,2026-03-08,2026-03-09,2026-03-09,58,58,0
10694,8591,30,6,2026-03-03,2026-03-07,2026-03-07,7,7,0
10695,8591,30,6,2026-03-04,2026-03-07,2026-03-07,12,12,0
10696,8592,43,6,2026-03-01,2026-03-12,2026-03-06,376,376,20
10697,8593,20,6,2026-02-25,2026-02-28,2026-03-02,812,812,28
10698,8594,3,3,2026-03-15,2026-03-31,2026-03-31,35,35,1
10699,8594,3,3,2026-03-12,2026-03-31,2026-03-31,60,60,1
10700,8595,16,8,2026-02-25,2026-02-28,2026-03-03,251,251,1
10701,8596,46,8,2026-03-09,2026-03-20,2026-03-23,58,58,3
10702,8596,46,8,2026-03-10,2026-03-21,2026-03-23,74,74,1
10703,8597,12,8,2026-03-04,2026-03-27,2026-03-15,187,187,2
10704,8598,35,1,2026-03-03,2026-03-05,2026-03-08,22,22,0
10705,8599,30,5,2026-03-04,2026-03-06,2026-03-08,151,151,1
10706,8600,4,5,2026-03-08,2026-03-16,2026-03-19,86,86,3
10707,8601,32,3,2026-02-28,2026-02-28,2026-03-03,54,54,1
10708,8602,21,3,2026-02-28,2026-03-02,2026-03-04,188,188,6
10709,8602,21,3,2026-02-27,2026-03-07,2026-03-04,335,335,15
10710,8603,10,6,2026-03-08,2026-03-20,2026-03-23,11,11,0
10711,8604,25,6,2026-02-28,2026-03-02,2026-03-05,401,401,2
10712,8605,37,9,2026-03-11,2026-03-25,2026-03-28,155,155,3
10713,8606,9,9,2026-03-04,2026-03-18,2026-03-17,9,9,0
10714,8607,21,9,2026-03-03,2026-03-03,2026-03-04,353,353,7
10715,8607,21,9,2026-02-26,2026-03-01,2026-03-04,478,478,2
10716,8608,16,3,2026-03-02,2026-03-13,2026-03-04,115,115,0
10717,8609,30,3,2026-02-28,2026-03-08,2026-03-08,18,18,0
10718,8610,15,3,2026-03-01,2026-03-04,2026-03-04,3,3,0
10719,8611,42,4,2026-03-04,2026-03-09,2026-03-11,483,483,13
10720,8612,18,4,2026-03-05,2026-03-05,2026-03-03,507,507,29
10721,8612,18,4,2026-02-26,2026-03-02,2026-03-03,600,600,14
10722,8613,16,4,2026-03-04,2026-03-04,2026-03-04,496,496,9
10723,8613,16,4,2026-02-26,2026-03-01,2026-03-04,542,542,0
10724,8614,36,10,2026-03-05,2026-03-13,2026-03-09,8,8,0
10725,8615,5,10,2026-03-06,2026-03-06,2026-03-03,9,9,0
10726,8616,38,9,2026-02-28,2026-03-01,2026-03-02,511,511,16
10727,8617,13,9,2026-03-06,2026-03-07,2026-03-10,979,979,6
10728,8618,27,9,2026-03-03,2026-03-07,2026-03-10,8,8,0
10729,8619,8,1,2026-03-08,2026-03-08,2026-03-07,599,599,8
10730,8620,15,1,2026-03-04,2026-03-04,2026-03-04,3,3,0
10731,8621,12,1,2026-03-06,2026-03-15,2026-03-16,385,385,4
10732,8622,37,1,2026-03-10,2026-03-27,2026-03-28,7,7,0
10733,8623,27,1,2026-03-06,2026-03-09,2026-03-10,54,54,0
10734,8624,8,8,2026-03-03,2026-03-05,2026-03-07,502,502,7
10735,8625,35,8,2026-03-05,2026-03-14,2026-03-09,747,747,10
10736,8626,48,2,2026-03-10,2026-03-24,2026-03-25,116,116,1
10737,8626,48,2,2026-03-12,2026-03-24,2026-03-25,85,85,1
10738,8627,43,2,2026-03-02,2026-03-07,2026-03-08,9,9,0
10739,8628,23,8,2026-03-02,2026-03-09,2026-03-09,162,162,11
10740,8629,43,8,2026-03-02,2026-03-08,2026-03-08,66,66,1
10741,8630,26,8,2026-03-01,2026-03-22,2026-03-11,4,4,0
10742,8630,26,8,2026-03-08,2026-03-08,2026-03-11,4,4,0
10743,8630,26,8,2026-03-03,2026-03-10,2026-03-11,2,2,0
10744,8631,9,8,2026-03-08,2026-03-23,2026-03-18,51,51,1
10745,8632,2,8,2026-03-07,2026-03-15,2026-03-16,124,124,0
10746,8633,20,3,2026-03-01,2026-03-03,2026-03-04,10,10,0
10747,8634,10,3,2026-03-13,2026-03-24,2026-03-24,3,3,0
10748,8634,10,3,2026-03-07,2026-03-23,2026-03-24,3,3,0
10749,8634,10,3,2026-03-15,2026-03-26,2026-03-24,2,2,0
10750,8635,5,3,2026-02-28,2026-03-02,2026-03-04,7,7,0
10751,8636,16,3,2026-02-27,2026-03-03,2026-03-05,931,931,9
10752,8637,7,3,2026-03-12,2026-04-02,2026-04-02,9,9,0
10753,8637,7,3,2026-03-09,2026-04-01,2026-04-02,5,5,0
10754,8638,12,6,2026-03-08,2026-03-17,2026-03-17,8,8,0
10755,8639,23,6,2026-03-06,2026-03-07,2026-03-09,8,8,1
10756,8640,19,6,2026-03-03,2026-03-03,2026-03-03,7,7,0
10757,8641,7,1,2026-03-15,2026-04-01,2026-04-02,257,257,3
10758,8642,5,1,2026-03-03,2026-03-04,2026-03-04,147,147,8
10759,8643,17,1,2026-02-27,2026-03-08,2026-03-10,63,63,4
10760,8643,17,1,2026-03-01,2026-03-07,2026-03-10,50,50,1
10761,8644,11,1,2026-02-28,2026-03-08,2026-03-11,5,5,0
10762,8644,11,1,2026-03-01,2026-03-09,2026-03-11,9,9,0
10763,8645,3,1,2026-03-16,2026-04-11,2026-04-02,9,9,1
10764,8645,3,1,2026-03-14,2026-04-13,2026-04-02,8,8,1
10765,8646,44,1,2026-03-01,2026-03-19,2026-03-19,172,172,4
10766,8647,21,1,2026-03-04,2026-03-04,2026-03-05,294,294,7
10767,8647,21,1,2026-03-05,2026-03-06,2026-03-05,742,742,14
10768,8648,10,1,2026-03-13,2026-03-24,2026-03-24,17,17,1
10769,8649,42,1,2026-03-02,2026-03-10,2026-03-12,855,855,30
10770,8650,43,8,2026-03-05,2026-03-07,2026-03-08,46,46,2
10771,8651,50,8,2026-03-06,2026-03-16,2026-03-17,40,40,1
10772,8651,50,8,2026-03-09,2026-03-25,2026-03-17,52,52,3
10773,8652,32,10,2026-02-27,2026-03-01,2026-03-04,640,640,5
10774,8653,30,10,2026-03-04,2026-03-09,2026-03-09,1189,1189,7
10775,8654,6,10,2026-03-06,2026-03-23,2026-03-17,35,35,0
10776,8655,44,10,2026-03-01,2026-03-19,2026-03-19,3,3,0
10777,8655,44,10,2026-03-05,2026-03-16,2026-03-19,7,7,0
10778,8656,43,9,2026-03-05,2026-03-06,2026-03-08,139,139,7
10779,8656,43,9,2026-02-27,2026-03-06,2026-03-08,53,53,2
10780,8656,43,9,2026-03-08,2026-03-11,2026-03-08,89,89,5
10781,8657,43,9,2026-03-03,2026-03-06,2026-03-08,8,8,0
10782,8658,32,4,2026-02-28,2026-03-01,2026-03-04,259,259,5
10783,8659,19,4,2026-03-05,2026-03-05,2026-03-03,9,9,0
10784,8660,44,4,2026-03-06,2026-03-18,2026-03-19,1165,1165,28
10785,8661,19,4,2026-03-06,2026-03-07,2026-03-03,195,195,6
10786,8662,30,4,2026-02-28,2026-03-09,2026-03-09,13,13,0
10787,8663,25,4,2026-03-09,2026-03-09,2026-03-06,14,14,0
10788,8664,35,2,2026-03-05,2026-03-10,2026-03-10,8,8,0
10789,8665,25,2,2026-02-27,2026-03-03,2026-03-06,24,24,0
10790,8666,11,2,2026-02-28,2026-03-09,2026-03-11,492,492,9
10791,8667,36,2,2026-03-03,2026-03-19,2026-03-10,53,53,3
10792,8668,39,6,2026-03-03,2026-03-05,2026-03-06,498,498,8
10793,8669,36,6,2026-03-09,2026-03-10,2026-03-11,43,43,1
10794,8670,48,6,2026-03-08,2026-04-06,2026-03-26,4,4,0
10795,8671,14,6,2026-03-04,2026-03-10,2026-03-12,101,101,1
10796,8672,43,6,2026-03-05,2026-03-11,2026-03-09,51,51,0
10797,8673,2,1,2026-03-11,2026-03-14,2026-03-17,110,110,1
10798,8674,9,1,2026-03-07,2026-03-17,2026-03-19,799,799,21
10799,8675,49,1,2026-02-28,2026-03-04,2026-03-04,3,3,0
10800,8675,49,1,2026-03-03,2026-03-03,2026-03-04,6,6,0
10801,8676,37,1,2026-03-14,2026-03-31,2026-03-30,469,469,6
10802,8677,10,1,2026-03-05,2026-03-23,2026-03-25,7,7,0
10803,8678,41,7,2026-03-06,2026-03-18,2026-03-18,15,15,1
10804,8679,36,10,2026-02-28,2026-03-11,2026-03-11,204,204,2
10805,8680,20,10,2026-02-28,2026-03-03,2026-03-05,55,55,1
10806,8681,4,6,2026-03-14,2026-03-21,2026-03-22,4,4,0
10807,8681,4,6,2026-03-07,2026-03-21,2026-03-22,8,8,0
10808,8682,42,6,2026-03-01,2026-03-12,2026-03-14,679,679,7
10809,8683,31,6,2026-03-18,2026-04-01,2026-04-01,43,43,1
10810,8683,31,6,2026-03-14,2026-03-29,2026-04-01,84,84,1
10811,8684,30,9,2026-03-10,2026-03-10,2026-03-11,182,182,0
10812,8685,50,9,2026-03-10,2026-03-16,2026-03-19,237,237,1
10813,8685,50,9,2026-03-08,2026-03-27,2026-03-19,337,337,5
10814,8686,18,6,2026-03-02,2026-03-08,2026-03-07,6,6,0
10815,8687,26,6,2026-03-09,2026-03-11,2026-03-14,948,948,35
10816,8688,46,7,2026-03-16,2026-03-25,2026-03-28,376,376,3
10817,8689,37,8,2026-03-10,2026-03-29,2026-04-01,19,19,1
10818,8689,37,8,2026-03-16,2026-03-30,2026-04-01,33,33,1
10819,8690,43,8,2026-03-06,2026-03-23,2026-03-11,82,82,1
10820,8691,25,2,2026-03-02,2026-03-09,2026-03-09,12,12,0
10821,8692,11,2,2026-03-08,2026-03-11,2026-03-14,541,541,24
10822,8693,2,2,2026-03-14,2026-03-18,2026-03-19,52,52,0
10823,8694,37,9,2026-03-14,2026-03-31,2026-04-02,204,204,4
10824,8695,34,9,2026-03-22,2026-04-11,2026-04-06,224,224,9
10825,8696,39,9,2026-03-07,2026-03-12,2026-03-09,535,535,7
10826,8697,18,8,2026-03-03,2026-03-06,2026-03-08,10,10,0
10827,8698,41,8,2026-03-14,2026-03-21,2026-03-21,155,155,7
10828,8698,41,8,2026-03-14,2026-03-21,2026-03-21,174,174,3
10829,8699,19,8,2026-03-03,2026-03-04,2026-03-07,307,307,7
10830,8700,42,8,2026-03-05,2026-03-15,2026-03-16,1016,1016,12
10831,8701,34,8,2026-03-21,2026-04-06,2026-04-06,35,35,1
10832,8701,34,8,2026-03-19,2026-04-04,2026-04-06,58,58,2
10833,8702,9,8,2026-03-12,2026-03-19,2026-03-22,23,23,0
10834,8703,43,2,2026-03-03,2026-03-10,2026-03-12,7,7,0
10835,8704,5,2,2026-03-04,2026-03-05,2026-03-08,184,184,14
10836,8705,47,3,2026-03-09,2026-03-24,2026-03-24,157,157,3
10837,8706,18,3,2026-03-04,2026-03-07,2026-03-08,195,195,5
10838,8707,24,3,2026-03-12,2026-03-22,2026-03-24,27,27,0
10839,8708,47,8,2026-03-12,2026-03-24,2026-03-24,8,8,1
10840,8709,5,8,2026-03-04,2026-03-07,2026-03-08,112,112,5
10841,8710,36,8,2026-03-08,2026-03-19,2026-03-14,9,9,0
10842,8710,36,8,2026-03-04,2026-03-12,2026-03-14,9,9,0
10843,8711,23,8,2026-03-08,2026-03-11,2026-03-13,185,185,10
10844,8712,46,7,2026-03-19,2026-04-08,2026-03-29,25,25,1
10845,8713,18,4,2026-03-05,2026-03-15,2026-03-08,204,204,5
10846,8714,20,4,2026-03-04,2026-03-05,2026-03-08,59,59,2
10847,8715,7,4,2026-03-17,2026-04-05,2026-04-06,11,11,0
10848,8716,25,4,2026-03-03,2026-03-10,2026-03-10,541,541,14
10849,8717,1,3,2026-03-06,2026-03-13,2026-03-15,5,5,0
10850,8718,3,3,2026-03-22,2026-04-04,2026-04-06,453,453,21
10851,8719,19,7,2026-03-03,2026-03-04,2026-03-07,54,54,0
10852,8720,8,7,2026-03-09,2026-03-12,2026-03-12,371,371,3
10853,8720,8,7,2026-03-03,2026-03-09,2026-03-12,152,152,2
10854,8720,8,7,2026-03-07,2026-03-19,2026-03-12,116,116,3
10855,8721,31,7,2026-03-17,2026-04-02,2026-04-03,543,543,6
10856,8722,25,7,2026-03-07,2026-03-10,2026-03-10,53,53,1
10857,8723,5,7,2026-03-03,2026-03-16,2026-03-08,100,100,6
10858,8723,5,7,2026-03-03,2026-03-08,2026-03-08,67,67,5
10859,8724,8,10,2026-03-06,2026-03-11,2026-03-12,214,214,0
10860,8724,8,10,2026-03-09,2026-03-14,2026-03-12,568,568,2
10861,8725,1,2,2026-03-10,2026-03-14,2026-03-15,146,146,3
10862,8726,45,2,2026-03-14,2026-03-27,2026-03-27,29,29,0
10863,8727,44,2,2026-03-09,2026-03-22,2026-03-23,261,261,5
10864,8728,21,2,2026-03-03,2026-03-08,2026-03-09,300,300,9
10865,8729,19,10,2026-03-08,2026-03-08,2026-03-07,42,42,2
10866,8730,5,10,2026-03-08,2026-03-08,2026-03-08,56,56,2
10867,8731,17,10,2026-03-08,2026-03-11,2026-03-14,21,21,1
10868,8732,25,10,2026-03-08,2026-03-09,2026-03-10,58,58,1
10869,8732,25,10,2026-03-11,2026-03-11,2026-03-10,66,66,1
10870,8733,45,10,2026-03-17,2026-03-26,2026-03-27,46,46,0
10871,8734,14,9,2026-03-07,2026-03-15,2026-03-15,373,373,2
10872,8735,8,4,2026-03-04,2026-03-10,2026-03-12,11,11,0
10873,8736,20,1,2026-03-05,2026-03-08,2026-03-09,480,480,7
10874,8737,45,1,2026-03-14,2026-03-27,2026-03-28,31,31,0
10875,8738,11,3,2026-03-06,2026-03-14,2026-03-16,9,9,0
10876,8739,47,3,2026-03-19,2026-04-01,2026-03-25,10,10,0
10877,8740,43,3,2026-03-09,2026-03-11,2026-03-13,44,44,0
10878,8741,26,3,2026-03-09,2026-03-16,2026-03-16,8,8,0
10879,8742,20,3,2026-03-05,2026-03-07,2026-03-09,8,8,0
10880,8743,39,6,2026-03-04,2026-03-08,2026-03-10,10,10,0
10881,8744,1,6,2026-03-16,2026-03-16,2026-03-16,14,14,0
10882,8744,1,6,2026-03-10,2026-03-16,2026-03-16,12,12,0
10883,8745,43,6,2026-03-05,2026-03-10,2026-03-13,171,171,1
10884,8746,2,1,2026-03-11,2026-03-19,2026-03-21,556,556,3
10885,8747,25,1,2026-03-05,2026-03-11,2026-03-11,440,440,0
10886,8747,25,1,2026-03-08,2026-03-10,2026-03-11,414,414,2
10887,8748,44,1,2026-03-17,2026-03-23,2026-03-24,9,9,0
10888,8749,10,3,2026-03-16,2026-03-27,2026-03-29,475,475,8
10889,8750,15,3,2026-03-04,2026-03-08,2026-03-10,80,80,4
10890,8751,17,3,2026-03-08,2026-03-12,2026-03-15,538,538,41
10891,8752,3,3,2026-03-21,2026-04-17,2026-04-07,802,802,24
10892,8753,14,3,2026-03-04,2026-03-15,2026-03-16,32,32,0
10893,8754,19,2,2026-03-09,2026-03-09,2026-03-08,218,218,8
10894,8755,43,2,2026-03-06,2026-03-12,2026-03-13,482,482,0
10895,8756,15,2,2026-03-06,2026-03-08,2026-03-10,72,72,2
10896,8757,20,2,2026-03-04,2026-03-07,2026-03-09,44,44,1
10897,8757,20,2,2026-03-12,2026-03-12,2026-03-09,16,16,0
10898,8757,20,2,2026-03-08,2026-03-17,2026-03-09,28,28,1
10899,8758,38,2,2026-03-04,2026-03-07,2026-03-08,39,39,1
10900,8759,30,2,2026-03-05,2026-03-14,2026-03-14,21,21,0
10901,8760,18,7,2026-03-07,2026-03-07,2026-03-09,37,37,1
10902,8761,5,7,2026-03-10,2026-03-15,2026-03-09,445,445,24
10903,8762,50,7,2026-03-12,2026-03-21,2026-03-22,445,445,14
10904,8763,2,10,2026-03-12,2026-03-20,2026-03-21,816,816,9
10905,8764,10,3,2026-03-13,2026-03-29,2026-03-29,43,43,1
10906,8765,16,3,2026-03-06,2026-03-10,2026-03-10,233,233,2
10907,8766,21,3,2026-03-06,2026-03-09,2026-03-10,607,607,27
10908,8767,37,3,2026-03-21,2026-04-03,2026-04-03,101,101,1
10909,8767,37,3,2026-03-16,2026-04-01,2026-04-03,107,107,2
10910,8768,17,3,2026-03-12,2026-03-15,2026-03-15,127,127,18
10911,8769,49,3,2026-03-07,2026-03-08,2026-03-08,68,68,1
10912,8770,39,3,2026-03-11,2026-03-11,2026-03-10,7,7,0
10913,8771,23,9,2026-03-09,2026-03-15,2026-03-15,25,25,1
10914,8772,30,9,2026-03-07,2026-03-12,2026-03-15,1495,1495,11
10915,8773,40,9,2026-03-19,2026-03-26,2026-03-27,338,338,0
10916,8773,40,9,2026-03-20,2026-03-25,2026-03-27,306,306,4
10917,8774,16,9,2026-03-10,2026-03-10,2026-03-11,16,16,0
10918,8775,23,3,2026-03-13,2026-03-19,2026-03-15,4,4,0
10919,8776,44,2,2026-03-19,2026-03-25,2026-03-25,201,201,0
10920,8776,44,2,2026-03-16,2026-03-24,2026-03-25,98,98,1
10921,8776,44,2,2026-03-10,2026-03-23,2026-03-25,116,116,2
10922,8777,18,2,2026-03-05,2026-03-07,2026-03-10,289,289,4
10923,8778,3,2,2026-03-21,2026-04-05,2026-04-08,158,158,8
10924,8779,36,2,2026-03-11,2026-03-15,2026-03-16,278,278,5
10925,8780,45,2,2026-03-17,2026-03-28,2026-03-29,52,52,0
10926,8781,19,2,2026-03-07,2026-03-07,2026-03-09,54,54,0
10927,8782,46,2,2026-03-18,2026-03-29,2026-03-31,9,9,0
10928,8782,46,2,2026-03-16,2026-04-12,2026-03-31,7,7,0
10929,8783,8,3,2026-03-06,2026-03-13,2026-03-14,8,8,0
10930,8784,35,3,2026-03-09,2026-03-13,2026-03-16,64,64,0
10931,8785,43,8,2026-03-10,2026-03-22,2026-03-14,14,14,0
10932,8785,43,8,2026-03-05,2026-03-12,2026-03-14,12,12,0
10933,8786,38,8,2026-03-13,2026-03-13,2026-03-09,321,321,6
10934,8786,38,8,2026-03-09,2026-03-09,2026-03-09,686,686,26
10935,8787,16,8,2026-03-07,2026-03-08,2026-03-11,1554,1554,2
10936,8788,36,8,2026-03-05,2026-03-13,2026-03-16,157,157,4
10937,8788,36,8,2026-03-05,2026-03-13,2026-03-16,112,112,6
10938,8788,36,8,2026-03-12,2026-03-15,2026-03-16,159,159,5
10939,8789,23,8,2026-03-16,2026-03-25,2026-03-15,133,133,3
10940,8789,23,8,2026-03-05,2026-03-14,2026-03-15,212,212,10
10941,8790,48,9,2026-03-19,2026-03-30,2026-03-31,34,34,1
10942,8791,36,9,2026-03-05,2026-03-15,2026-03-16,13,13,1
10943,8792,1,6,2026-03-11,2026-03-16,2026-03-17,4,4,0
10944,8792,1,6,2026-03-15,2026-03-15,2026-03-17,6,6,0
10945,8793,29,6,2026-03-08,2026-03-26,2026-03-28,233,233,2
10946,8794,30,7,2026-03-08,2026-03-12,2026-03-15,634,634,3
10947,8795,35,7,2026-03-05,2026-03-15,2026-03-16,77,77,1
10948,8796,20,7,2026-03-05,2026-03-08,2026-03-10,30,30,1
10949,8797,36,7,2026-03-12,2026-03-13,2026-03-16,8,8,0
10950,8798,25,7,2026-03-05,2026-03-09,2026-03-12,7,7,0
10951,8799,20,7,2026-03-06,2026-03-07,2026-03-10,5,5,0
10952,8800,3,1,2026-03-20,2026-04-07,2026-04-08,279,279,6
10953,8800,3,1,2026-03-24,2026-04-08,2026-04-08,205,205,9
10954,8800,3,1,2026-03-21,2026-04-08,2026-04-08,387,387,16
10955,8801,5,1,2026-03-05,2026-03-08,2026-03-10,10,10,1
10956,8802,4,1,2026-03-12,2026-03-25,2026-03-26,21,21,0
10957,8803,8,1,2026-03-13,2026-03-14,2026-03-14,54,54,1
10958,8804,32,8,2026-03-09,2026-03-09,2026-03-10,35,35,0
10959,8805,19,8,2026-03-06,2026-03-09,2026-03-09,508,508,21
10960,8806,5,5,2026-03-07,2026-03-16,2026-03-10,191,191,18
10961,8807,45,5,2026-03-14,2026-03-29,2026-03-29,18,18,0
10962,8808,16,5,2026-03-06,2026-03-11,2026-03-11,28,28,0
10963,8809,50,5,2026-03-15,2026-03-20,2026-03-23,494,494,16
10964,8810,20,10,2026-03-12,2026-03-12,2026-03-10,193,193,0
10965,8811,24,10,2026-03-11,2026-03-26,2026-03-26,26,26,0
10966,8812,25,10,2026-03-07,2026-03-12,2026-03-12,29,29,1
10967,8813,28,2,2026-03-09,2026-03-23,2026-03-23,76,76,0
10968,8814,21,9,2026-03-08,2026-03-14,2026-03-12,316,316,6
10969,8815,41,9,2026-03-17,2026-03-31,2026-03-24,114,114,7
10970,8816,43,1,2026-03-11,2026-03-15,2026-03-15,260,260,4
10971,8817,46,1,2026-03-17,2026-03-31,2026-04-01,9,9,1
10972,8818,18,2,2026-03-06,2026-03-10,2026-03-11,326,326,8
10973,8819,25,6,2026-03-10,2026-03-13,2026-03-13,9,9,0
10974,8820,8,6,2026-03-09,2026-03-14,2026-03-15,449,449,0
10975,8821,21,6,2026-03-08,2026-03-09,2026-03-12,64,64,1
10976,8822,43,6,2026-03-10,2026-03-15,2026-03-15,19,19,0
10977,8823,39,10,2026-03-06,2026-03-11,2026-03-12,2,2,0
10978,8823,39,10,2026-03-06,2026-03-10,2026-03-12,6,6,0
10979,8824,43,10,2026-03-06,2026-03-15,2026-03-15,115,115,3
10980,8825,2,2,2026-03-15,2026-03-23,2026-03-23,132,132,2
10981,8826,21,8,2026-03-12,2026-03-12,2026-03-12,45,45,1
10982,8827,5,8,2026-03-07,2026-03-12,2026-03-11,47,47,1
10983,8828,1,10,2026-03-14,2026-03-18,2026-03-18,4,4,0
10984,8828,1,10,2026-03-07,2026-03-17,2026-03-18,7,7,0
10985,8829,36,10,2026-03-08,2026-03-16,2026-03-17,155,155,6
10986,8830,4,10,2026-03-12,2026-03-29,2026-03-27,4,4,0
10987,8830,4,10,2026-03-14,2026-03-26,2026-03-27,8,8,0
10988,8831,20,9,2026-03-13,2026-03-13,2026-03-11,6,6,0
10989,8832,18,9,2026-03-14,2026-03-14,2026-03-11,1066,1066,10
10990,8833,48,9,2026-03-16,2026-04-04,2026-04-01,19,19,1
10991,8833,48,9,2026-03-17,2026-03-31,2026-04-01,17,17,1
10992,8833,48,9,2026-03-21,2026-04-01,2026-04-01,19,19,1
10993,8834,20,1,2026-03-08,2026-03-08,2026-03-11,5,5,0
10994,8834,20,1,2026-03-11,2026-03-11,2026-03-11,3,3,0
10995,8835,39,1,2026-03-09,2026-03-11,2026-03-12,1090,1090,20
10996,8836,50,8,2026-03-12,2026-03-23,2026-03-24,24,24,0
10997,8836,50,8,2026-03-16,2026-03-21,2026-03-24,30,30,1
10998,8837,19,8,2026-03-06,2026-03-09,2026-03-10,40,40,1
10999,8838,12,8,2026-03-13,2026-03-22,2026-03-24,8,8,0
11000,8839,50,3,2026-03-13,2026-04-03,2026-03-24,48,48,2
11001,8840,5,3,2026-03-08,2026-03-16,2026-03-11,102,102,3
11002,8841,20,3,2026-03-09,2026-03-09,2026-03-11,26,26,1
11003,8842,36,9,2026-03-06,2026-03-16,2026-03-17,69,69,3
11004,8842,36,9,2026-03-13,2026-03-16,2026-03-17,48,48,2
11005,8843,36,9,2026-03-06,2026-03-17,2026-03-17,2,2,0
11006,8843,36,9,2026-03-14,2026-03-14,2026-03-17,2,2,0
11007,8844,19,9,2026-03-06,2026-03-11,2026-03-10,313,313,4
11008,8845,30,9,2026-03-16,2026-03-16,2026-03-16,120,120,1
11009,8846,44,9,2026-03-16,2026-03-23,2026-03-26,522,522,10
11010,8846,44,9,2026-03-13,2026-03-25,2026-03-26,427,427,4
11011,8847,40,9,2026-03-15,2026-03-28,2026-03-28,70,70,1
11012,8847,40,9,2026-03-15,2026-03-25,2026-03-28,78,78,1
11013,8848,12,9,2026-03-18,2026-03-24,2026-03-24,6,6,0
11014,8848,12,9,2026-03-15,2026-03-21,2026-03-24,10,10,0
11015,8849,45,7,2026-03-17,2026-03-29,2026-03-31,4,4,0
11016,8849,45,7,2026-03-17,2026-03-30,2026-03-31,5,5,0
11017,8849,45,7,2026-03-18,2026-03-28,2026-03-31,3,3,0
11018,8850,45,7,2026-03-18,2026-03-31,2026-03-31,578,578,2
11019,8851,35,7,2026-03-10,2026-03-17,2026-03-18,216,216,2
11020,8852,28,7,2026-03-19,2026-03-25,2026-03-25,107,107,1
11021,8853,36,7,2026-03-09,2026-03-16,2026-03-18,237,237,10
11022,8854,12,6,2026-03-16,2026-03-24,2026-03-25,6,6,0
11023,8854,12,6,2026-03-15,2026-03-23,2026-03-25,5,5,0
11024,8854,12,6,2026-03-15,2026-03-24,2026-03-25,3,3,0
11025,8855,43,6,2026-03-07,2026-03-21,2026-03-16,12,12,1
11026,8856,23,6,2026-03-12,2026-03-16,2026-03-17,7,7,0
11027,8857,43,7,2026-03-15,2026-03-15,2026-03-16,40,40,1
11028,8858,45,7,2026-03-22,2026-03-30,2026-03-31,337,337,1
11029,8858,45,7,2026-03-21,2026-03-29,2026-03-31,463,463,1
11030,8859,18,7,2026-03-07,2026-03-09,2026-03-12,563,563,7
11031,8860,18,10,2026-03-11,2026-03-12,2026-03-12,7,7,0
11032,8861,42,10,2026-03-12,2026-03-18,2026-03-20,103,103,2
11033,8862,39,10,2026-03-07,2026-03-12,2026-03-13,565,565,13
11034,8862,39,10,2026-03-07,2026-03-13,2026-03-13,432,432,9
11035,8863,16,10,2026-03-12,2026-03-13,2026-03-13,268,268,3
11036,8864,19,2,2026-03-09,2026-03-11,2026-03-11,24,24,1
11037,8864,19,2,2026-03-08,2026-03-09,2026-03-11,40,40,1
11038,8865,19,2,2026-03-11,2026-03-11,2026-03-11,14,14,0
11039,8866,16,2,2026-03-09,2026-03-10,2026-03-13,6,6,0
11040,8866,16,2,2026-03-10,2026-03-12,2026-03-13,8,8,0
11041,8867,21,2,2026-03-07,2026-03-13,2026-03-13,17,17,1
11042,8868,35,6,2026-03-12,2026-03-16,2026-03-18,198,198,3
11043,8868,35,6,2026-03-09,2026-03-18,2026-03-18,441,441,4
11044,8869,32,1,2026-03-07,2026-03-09,2026-03-12,481,481,5
11045,8870,5,3,2026-03-09,2026-03-10,2026-03-12,739,739,33
11046,8871,22,3,2026-03-10,2026-03-12,2026-03-12,58,58,3
11047,8871,22,3,2026-03-07,2026-03-12,2026-03-12,41,41,1
11048,8872,13,3,2026-03-10,2026-03-20,2026-03-20,848,848,18
11049,8873,39,3,2026-03-08,2026-03-13,2026-03-14,72,72,0
11050,8874,20,8,2026-03-12,2026-03-14,2026-03-14,73,73,0
11051,8875,3,8,2026-03-26,2026-04-12,2026-04-12,19,19,0
11052,8876,35,8,2026-03-09,2026-03-18,2026-03-20,12,12,0
11053,8877,29,8,2026-03-22,2026-03-30,2026-04-01,37,37,0
11054,8878,15,8,2026-03-16,2026-03-16,2026-03-15,9,9,0
11055,8879,18,8,2026-03-09,2026-03-22,2026-03-14,5,5,0
11056,8880,35,8,2026-03-16,2026-03-20,2026-03-20,272,272,2
11057,8881,8,7,2026-03-16,2026-03-17,2026-03-18,4,4,0
11058,8881,8,7,2026-03-12,2026-03-16,2026-03-18,4,4,0
11059,8882,22,7,2026-03-12,2026-03-14,2026-03-14,192,192,2
11060,8883,30,7,2026-03-10,2026-03-17,2026-03-19,20,20,0
11061,8884,36,7,2026-03-15,2026-03-17,2026-03-20,625,625,26
11062,8885,8,1,2026-03-14,2026-03-17,2026-03-18,24,24,0
11063,8886,30,1,2026-03-13,2026-03-16,2026-03-19,2,2,0
11064,8886,30,1,2026-03-14,2026-03-17,2026-03-19,2,2,0
11065,8886,30,1,2026-03-11,2026-03-17,2026-03-19,1,1,0
11066,8887,14,7,2026-03-18,2026-03-19,2026-03-21,57,57,0
11067,8888,8,7,2026-03-09,2026-03-17,2026-03-18,6,6,0
11068,8889,47,7,2026-03-20,2026-03-30,2026-03-30,398,398,11
11069,8890,30,9,2026-03-13,2026-03-20,2026-03-20,28,28,0
11070,8891,11,9,2026-03-12,2026-03-22,2026-03-22,7,7,0
11071,8891,11,9,2026-03-15,2026-03-21,2026-03-22,14,14,0
11072,8892,43,7,2026-03-18,2026-03-21,2026-03-19,447,447,8
11073,8893,19,7,2026-03-11,2026-03-21,2026-03-14,105,105,2
11074,8894,23,8,2026-03-18,2026-04-01,2026-03-20,417,417,14
11075,8895,33,5,2026-03-20,2026-04-03,2026-04-04,5,5,0
11076,8895,33,5,2026-03-19,2026-04-03,2026-04-04,4,4,0
11077,8895,33,5,2026-03-17,2026-04-05,2026-04-04,3,3,0
11078,8896,20,5,2026-03-10,2026-03-13,2026-03-15,258,258,5
11079,8897,2,5,2026-03-18,2026-03-25,2026-03-27,535,535,8
11080,8898,12,6,2026-03-20,2026-03-25,2026-03-28,66,66,2
11081,8899,43,6,2026-03-13,2026-03-18,2026-03-19,3,3,0
11082,8899,43,6,2026-03-16,2026-03-24,2026-03-19,2,2,0
11083,8900,31,6,2026-03-22,2026-04-08,2026-04-10,13,13,0
11084,8901,43,1,2026-03-14,2026-03-19,2026-03-19,581,581,10
11085,8901,43,1,2026-03-13,2026-03-16,2026-03-19,243,243,3
11086,8901,43,1,2026-03-18,2026-03-18,2026-03-19,246,246,1
11087,8902,39,4,2026-03-17,2026-03-17,2026-03-16,607,607,6
11088,8903,12,4,2026-03-20,2026-03-26,2026-03-28,1070,1070,6
11089,8904,39,9,2026-03-18,2026-03-18,2026-03-16,2,2,0
11090,8904,39,9,2026-03-10,2026-03-16,2026-03-16,4,4,0
11091,8905,10,2,2026-03-16,2026-04-04,2026-04-04,10,10,0
11092,8906,22,2,2026-03-15,2026-03-15,2026-03-15,566,566,24
11093,8907,30,2,2026-03-15,2026-03-19,2026-03-20,12,12,0
11094,8908,11,10,2026-03-13,2026-03-21,2026-03-22,211,211,2
11095,8909,45,10,2026-03-18,2026-04-15,2026-04-03,270,270,1
11096,8910,21,6,2026-03-10,2026-03-16,2026-03-16,7,7,0
11097,8911,16,6,2026-03-10,2026-03-15,2026-03-16,456,456,1
11098,8911,16,6,2026-03-10,2026-03-17,2026-03-16,722,722,8
11099,8912,17,6,2026-03-14,2026-04-01,2026-03-21,24,24,2
11100,8913,8,6,2026-03-14,2026-03-19,2026-03-19,11,11,0
11101,8914,26,6,2026-03-17,2026-03-21,2026-03-22,11,11,0
11102,8915,39,6,2026-03-10,2026-03-15,2026-03-16,653,653,8
11103,8916,12,6,2026-03-20,2026-03-28,2026-03-28,107,107,1
11104,8917,11,7,2026-03-21,2026-03-21,2026-03-22,19,19,1
11105,8918,28,7,2026-03-14,2026-03-26,2026-03-28,10,10,0
11106,8919,45,5,2026-03-21,2026-04-01,2026-04-03,19,19,0
11107,8920,23,5,2026-03-17,2026-03-18,2026-03-21,38,38,2
11108,8920,23,5,2026-03-13,2026-03-21,2026-03-21,32,32,2
11109,8920,23,5,2026-03-12,2026-03-19,2026-03-21,37,37,2
11110,8921,17,5,2026-03-18,2026-03-21,2026-03-22,426,426,31
11111,8922,3,5,2026-03-28,2026-04-11,2026-04-14,496,496,16
11112,8923,26,6,2026-03-14,2026-03-23,2026-03-23,86,86,2
11113,8924,43,6,2026-03-15,2026-03-19,2026-03-20,651,651,20
11114,8925,41,1,2026-03-23,2026-03-27,2026-03-29,78,78,1
11115,8926,13,8,2026-03-15,2026-03-20,2026-03-23,6,6,0
11116,8927,45,8,2026-03-25,2026-04-01,2026-04-04,182,182,1
11117,8928,36,8,2026-03-12,2026-03-19,2026-03-22,12,12,0
11118,8929,42,7,2026-03-15,2026-03-22,2026-03-24,90,90,4
11119,8930,17,7,2026-03-14,2026-03-25,2026-03-22,7,7,1
11120,8931,41,1,2026-03-20,2026-03-28,2026-03-29,83,83,5
11121,8932,27,1,2026-03-16,2026-03-22,2026-03-23,10,10,0
11122,8933,37,1,2026-03-27,2026-04-10,2026-04-10,23,23,0
11123,8934,8,1,2026-03-11,2026-03-18,2026-03-20,376,376,8
11124,8935,45,1,2026-03-24,2026-04-01,2026-04-04,6,6,0
11125,8936,18,8,2026-03-11,2026-03-15,2026-03-16,331,331,12
11126,8937,12,8,2026-03-19,2026-03-27,2026-03-29,6,6,0
11127,8938,37,4,2026-03-18,2026-04-08,2026-04-10,42,42,1
11128,8939,40,4,2026-03-24,2026-03-30,2026-04-02,8,8,0
11129,8940,30,4,2026-03-14,2026-03-21,2026-03-21,1127,1127,9
11130,8941,46,1,2026-03-24,2026-04-06,2026-04-06,86,86,6
11131,8942,40,7,2026-03-21,2026-04-10,2026-04-02,114,114,1
11132,8943,46,7,2026-03-27,2026-04-04,2026-04-06,15,15,1
11133,8944,12,7,2026-03-26,2026-03-28,2026-03-29,179,179,5
11134,8945,8,7,2026-03-11,2026-03-17,2026-03-20,13,13,0
11135,8946,7,7,2026-03-23,2026-04-11,2026-04-14,19,19,0
11136,8946,7,7,2026-04-05,2026-04-13,2026-04-14,8,8,0
11137,8946,7,7,2026-03-26,2026-04-12,2026-04-14,8,8,0
11138,8947,26,7,2026-03-15,2026-03-22,2026-03-23,573,573,6
11139,8948,4,7,2026-03-23,2026-03-30,2026-04-01,15,15,0
11140,8949,27,2,2026-03-18,2026-04-03,2026-03-23,6,6,0
11141,8949,27,2,2026-03-16,2026-03-23,2026-03-23,6,6,0
11142,8950,10,2,2026-03-19,2026-04-05,2026-04-05,377,377,0
11143,8950,10,2,2026-03-22,2026-04-02,2026-04-05,774,774,31
11144,8951,1,2,2026-03-19,2026-03-23,2026-03-23,169,169,2
11145,8951,1,2,2026-03-15,2026-03-30,2026-03-23,64,64,1
11146,8951,1,2,2026-03-20,2026-03-20,2026-03-23,60,60,0
11147,8952,20,8,2026-03-12,2026-03-14,2026-03-17,83,83,0
11148,8953,20,8,2026-03-12,2026-03-17,2026-03-17,26,26,0
11149,8954,5,3,2026-03-12,2026-03-17,2026-03-17,173,173,3
11150,8955,43,3,2026-03-12,2026-03-20,2026-03-21,656,656,5
11151,8956,2,7,2026-03-15,2026-03-27,2026-03-29,72,72,1
11152,8957,22,7,2026-03-19,2026-03-19,2026-03-17,21,21,1
11153,8957,22,7,2026-03-13,2026-03-14,2026-03-17,26,26,1
11154,8958,7,8,2026-03-29,2026-04-13,2026-04-15,245,245,0
11155,8959,45,8,2026-03-21,2026-04-05,2026-04-05,401,401,0
11156,8959,45,8,2026-03-15,2026-04-03,2026-04-05,840,840,4
11157,8960,17,8,2026-03-12,2026-03-20,2026-03-23,14,14,2
11158,8960,17,8,2026-03-19,2026-03-21,2026-03-23,17,17,2
11159,8961,30,8,2026-03-18,2026-03-21,2026-03-22,10,10,0
11160,8962,20,8,2026-03-14,2026-03-16,2026-03-17,115,115,0
11161,8963,44,8,2026-03-16,2026-03-29,2026-04-01,66,66,1
11162,8964,36,1,2026-03-22,2026-03-22,2026-03-23,161,161,5
11163,8965,38,1,2026-03-14,2026-03-25,2026-03-16,213,213,2
11164,8966,2,1,2026-03-22,2026-03-26,2026-03-29,30,30,0
11165,8967,14,1,2026-03-17,2026-03-23,2026-03-24,258,258,0
11166,8968,41,1,2026-03-23,2026-03-27,2026-03-30,6,6,0
11167,8969,30,1,2026-03-15,2026-03-21,2026-03-22,1330,1330,7
11168,8970,40,1,2026-03-19,2026-03-31,2026-04-03,82,82,1
11169,8970,40,1,2026-03-20,2026-04-03,2026-04-03,134,134,2
11170,8971,38,1,2026-03-12,2026-03-16,2026-03-16,22,22,1
11171,8972,9,1,2026-03-21,2026-03-29,2026-03-31,178,178,6
11172,8973,46,3,2026-03-20,2026-04-07,2026-04-07,43,43,1
11173,8974,23,3,2026-03-19,2026-03-26,2026-03-22,10,10,0
11174,8975,5,3,2026-03-13,2026-03-17,2026-03-17,9,9,0
11175,8976,43,3,2026-03-16,2026-03-20,2026-03-21,5,5,0
11176,8976,43,3,2026-03-20,2026-03-20,2026-03-21,6,6,0
11177,8977,28,3,2026-03-22,2026-04-04,2026-03-30,38,38,1
11178,8977,28,3,2026-03-19,2026-03-30,2026-03-30,40,40,0
11179,8978,30,3,2026-03-14,2026-03-22,2026-03-22,44,44,0
11180,8979,41,3,2026-03-25,2026-04-02,2026-03-30,31,31,1
11181,8979,41,3,2026-03-26,2026-03-30,2026-03-30,46,46,0
11182,8980,35,6,2026-03-14,2026-03-20,2026-03-23,241,241,1
11183,8981,29,6,2026-03-21,2026-04-01,2026-04-04,19,19,1
11184,8981,29,6,2026-03-22,2026-04-04,2026-04-04,15,15,0
11185,8981,29,6,2026-03-26,2026-04-03,2026-04-04,10,10,0
11186,8982,21,6,2026-03-12,2026-03-26,2026-03-18,74,74,2
11187,8983,4,6,2026-03-26,2026-03-31,2026-04-02,1200,1200,40
11188,8984,12,6,2026-03-22,2026-03-28,2026-03-30,89,89,1
11189,8985,18,10,2026-03-13,2026-03-15,2026-03-18,136,136,4
11190,8986,36,10,2026-03-18,2026-03-22,2026-03-24,16,16,1
11191,8987,20,9,2026-03-15,2026-03-15,2026-03-18,50,50,1
11192,8988,44,9,2026-03-18,2026-03-30,2026-04-02,50,50,0
11193,8989,21,9,2026-03-17,2026-03-23,2026-03-19,10,10,0
11194,8990,17,5,2026-03-21,2026-03-24,2026-03-24,54,54,7
11195,8991,35,5,2026-03-14,2026-03-24,2026-03-24,9,9,0
11196,8992,20,5,2026-03-14,2026-03-16,2026-03-18,35,35,0
11197,8993,42,5,2026-03-17,2026-04-05,2026-03-26,47,47,1
11198,8994,43,5,2026-03-18,2026-03-31,2026-03-22,183,183,1
11199,8995,25,8,2026-03-13,2026-03-20,2026-03-20,15,15,0
11200,8996,20,8,2026-03-17,2026-03-18,2026-03-18,120,120,4
11201,8997,36,6,2026-03-18,2026-03-21,2026-03-24,7,7,0
11202,8997,36,6,2026-03-20,2026-03-21,2026-03-24,6,6,0
11203,8998,8,6,2026-03-14,2026-03-20,2026-03-22,43,43,0
11204,8999,35,6,2026-03-21,2026-03-24,2026-03-24,726,726,2
11205,9000,4,6,2026-03-22,2026-04-01,2026-04-03,22,22,1
11206,9001,42,4,2026-03-20,2026-04-05,2026-03-26,291,291,0
11207,9001,42,4,2026-03-18,2026-03-28,2026-03-26,87,87,0
11208,9001,42,4,2026-03-20,2026-03-26,2026-03-26,170,170,6
11209,9002,16,4,2026-03-16,2026-03-16,2026-03-19,129,129,2
11210,9003,39,5,2026-03-15,2026-03-18,2026-03-19,9,9,0
11211,9004,40,5,2026-03-26,2026-04-09,2026-04-04,25,25,0
11212,9005,26,5,2026-03-20,2026-03-24,2026-03-25,86,86,2
11213,9006,39,5,2026-03-14,2026-03-16,2026-03-19,396,396,5
11214,9007,43,5,2026-03-20,2026-03-28,2026-03-22,513,513,27
11215,9008,35,9,2026-03-16,2026-03-21,2026-03-24,9,9,0
11216,9009,29,9,2026-03-19,2026-04-02,2026-04-05,50,50,1
11217,9010,42,9,2026-03-16,2026-03-29,2026-03-26,41,41,2
11218,9011,50,6,2026-03-22,2026-03-31,2026-03-31,656,656,18
11219,9012,42,6,2026-03-16,2026-03-23,2026-03-26,258,258,0
11220,9013,46,6,2026-03-26,2026-04-06,2026-04-08,88,88,4
11221,9013,46,6,2026-03-22,2026-04-07,2026-04-08,106,106,3
11222,9014,8,6,2026-03-21,2026-03-21,2026-03-22,18,18,0
11223,9015,2,6,2026-03-23,2026-03-27,2026-03-30,292,292,6
11224,9016,3,6,2026-03-30,2026-04-14,2026-04-16,58,58,1
11225,9017,49,1,2026-03-19,2026-03-19,2026-03-17,1030,1030,33
11226,9018,19,1,2026-03-14,2026-03-15,2026-03-17,15,15,1
11227,9019,39,1,2026-03-15,2026-03-18,2026-03-19,28,28,1
11228,9020,2,1,2026-03-24,2026-03-28,2026-03-30,80,80,1
11229,9021,28,1,2026-03-22,2026-03-31,2026-03-31,6,6,0
11230,9021,28,1,2026-03-23,2026-03-28,2026-03-31,4,4,0
11231,9021,28,1,2026-03-21,2026-03-28,2026-03-31,3,3,0
11232,9022,18,1,2026-03-16,2026-03-17,2026-03-18,29,29,0
11233,9022,18,1,2026-03-16,2026-03-16,2026-03-18,17,17,0
11234,9022,18,1,2026-03-14,2026-03-17,2026-03-18,24,24,0
11235,9023,40,1,2026-03-24,2026-04-02,2026-04-04,743,743,10
11236,9024,16,10,2026-03-14,2026-03-19,2026-03-19,15,15,0
11237,9025,7,1,2026-03-23,2026-04-15,2026-04-17,235,235,5
11238,9025,7,1,2026-03-30,2026-04-15,2026-04-17,165,165,2
11239,9025,7,1,2026-03-24,2026-04-15,2026-04-17,179,179,1
11240,9026,17,9,2026-03-17,2026-03-31,2026-03-25,301,301,21
11241,9027,15,1,2026-03-19,2026-03-23,2026-03-20,194,194,4
11242,9028,18,1,2026-03-17,2026-03-17,2026-03-19,40,40,0
11243,9029,26,1,2026-03-17,2026-03-26,2026-03-26,47,47,1
11244,9030,44,1,2026-03-25,2026-04-01,2026-04-03,109,109,0
11245,9030,44,1,2026-03-24,2026-04-01,2026-04-03,145,145,1
11246,9031,40,4,2026-03-28,2026-04-04,2026-04-05,132,132,2
11247,9032,30,4,2026-03-19,2026-03-24,2026-03-24,492,492,3
11248,9033,31,4,2026-03-26,2026-04-13,2026-04-14,20,20,0
11249,9034,2,4,2026-03-23,2026-03-31,2026-03-31,43,43,1
11250,9035,43,4,2026-03-15,2026-03-22,2026-03-23,13,13,1
11251,9035,43,4,2026-03-21,2026-03-21,2026-03-23,22,22,1
11252,9036,23,9,2026-03-19,2026-03-25,2026-03-24,148,148,11
11253,9037,2,9,2026-03-17,2026-03-31,2026-03-31,115,115,4
11254,9038,9,7,2026-03-22,2026-04-02,2026-04-02,31,31,0
11255,9038,9,7,2026-03-19,2026-04-11,2026-04-02,70,70,0
11256,9039,25,3,2026-03-15,2026-03-21,2026-03-21,473,473,5
11257,9040,15,3,2026-03-17,2026-03-20,2026-03-20,411,411,17
11258,9041,35,3,2026-03-17,2026-03-23,2026-03-25,1271,1271,24
11259,9042,44,5,2026-03-23,2026-03-31,2026-04-03,250,250,4
11260,9043,14,5,2026-03-21,2026-03-26,2026-03-26,16,16,0
11261,9043,14,5,2026-03-14,2026-03-26,2026-03-26,14,14,0
11262,9044,18,1,2026-03-17,2026-03-17,2026-03-19,72,72,1
11263,9045,20,1,2026-03-16,2026-03-16,2026-03-19,267,267,7
11264,9046,9,6,2026-03-24,2026-04-02,2026-04-02,150,150,4
11265,9047,43,6,2026-03-17,2026-03-23,2026-03-23,42,42,2
11266,9048,23,7,2026-03-20,2026-03-22,2026-03-24,139,139,3
11267,9049,17,7,2026-03-24,2026-03-25,2026-03-25,832,832,51
11268,9050,32,7,2026-03-14,2026-03-22,2026-03-19,1130,1130,12
11269,9051,16,7,2026-03-16,2026-03-18,2026-03-20,506,506,3
11270,9052,5,1,2026-03-21,2026-03-25,2026-03-20,35,35,2
11271,9053,12,1,2026-03-30,2026-04-11,2026-04-02,203,203,2
11272,9054,25,1,2026-03-18,2026-03-22,2026-03-22,206,206,5
11273,9055,47,1,2026-03-25,2026-04-04,2026-04-05,26,26,1
11274,9055,47,1,2026-03-22,2026-04-14,2026-04-05,10,10,1
11275,9055,47,1,2026-03-26,2026-04-03,2026-04-05,12,12,0
11276,9056,6,1,2026-03-24,2026-04-02,2026-04-02,415,415,3
11277,9057,44,1,2026-03-23,2026-04-02,2026-04-04,135,135,3
11278,9057,44,1,2026-03-24,2026-04-03,2026-04-04,123,123,1
11279,9058,41,1,2026-03-22,2026-04-02,2026-04-02,62,62,1
11280,9059,32,1,2026-03-18,2026-03-18,2026-03-20,64,64,1
11281,9059,32,1,2026-03-18,2026-03-18,2026-03-20,71,71,0
11282,9060,45,7,2026-03-24,2026-04-08,2026-04-08,269,269,1
11283,9061,11,9,2026-03-18,2026-03-27,2026-03-27,343,343,9
11284,9062,16,9,2026-03-21,2026-03-21,2026-03-21,526,526,3
11285,9063,16,1,2026-03-20,2026-03-20,2026-03-21,32,32,0
11286,9063,16,1,2026-03-17,2026-03-20,2026-03-21,19,19,0
11287,9063,16,1,2026-03-19,2026-03-19,2026-03-21,22,22,0
11288,9064,21,1,2026-03-18,2026-03-20,2026-03-21,22,22,1
11289,9065,27,4,2026-03-22,2026-03-25,2026-03-28,802,802,11
11290,9066,36,6,2026-03-20,2026-03-27,2026-03-27,9,9,0
11291,9067,43,6,2026-03-23,2026-03-24,2026-03-25,837,837,46
11292,9068,42,7,2026-03-23,2026-03-27,2026-03-29,859,859,30
11293,9069,42,7,2026-03-28,2026-03-28,2026-03-29,421,421,5
11294,9070,29,7,2026-03-30,2026-04-06,2026-04-08,543,543,8
11295,9071,41,4,2026-03-28,2026-04-13,2026-04-03,510,510,25
11296,9072,31,4,2026-03-31,2026-04-15,2026-04-16,19,19,0
11297,9073,3,4,2026-04-04,2026-04-17,2026-04-19,8,8,0
11298,9074,9,4,2026-03-30,2026-04-08,2026-04-04,13,13,0
11299,9075,27,6,2026-03-19,2026-03-27,2026-03-28,12,12,0
11300,9076,8,4,2026-03-19,2026-03-25,2026-03-25,21,21,0
11301,9077,47,4,2026-03-26,2026-04-09,2026-04-06,77,77,4
11302,9078,11,1,2026-03-26,2026-03-28,2026-03-29,411,411,9
11303,9079,26,1,2026-03-24,2026-03-28,2026-03-29,33,33,0
11304,9080,6,1,2026-03-19,2026-04-03,2026-04-04,725,725,1
11305,9081,39,1,2026-03-17,2026-04-04,2026-03-23,463,463,1
11306,9082,4,1,2026-03-22,2026-04-06,2026-04-07,4,4,0
11307,9083,2,2,2026-03-27,2026-04-02,2026-04-03,76,76,0
11308,9084,19,2,2026-03-17,2026-03-21,2026-03-21,516,516,24
11309,9085,29,2,2026-03-27,2026-04-08,2026-04-09,260,260,0
11310,9086,42,1,2026-03-22,2026-03-30,2026-03-30,669,669,15
11311,9087,43,1,2026-03-23,2026-03-26,2026-03-26,592,592,26
11312,9088,3,1,2026-03-31,2026-04-27,2026-04-20,6,6,0
11313,9089,39,1,2026-03-17,2026-03-23,2026-03-23,11,11,0
11314,9090,9,1,2026-03-27,2026-04-03,2026-04-05,223,223,6
11315,9090,9,1,2026-03-25,2026-04-07,2026-04-05,428,428,9
11316,9091,20,1,2026-03-17,2026-03-19,2026-03-22,2,2,0
11317,9091,20,1,2026-03-17,2026-03-20,2026-03-22,3,3,0
11318,9092,35,3,2026-03-23,2026-03-28,2026-03-28,70,70,0
11319,9093,30,3,2026-03-22,2026-03-27,2026-03-27,113,113,1
11320,9094,8,3,2026-03-26,2026-03-26,2026-03-26,6,6,0
11321,9095,32,3,2026-03-20,2026-03-20,2026-03-22,652,652,1
11322,9096,43,3,2026-03-17,2026-03-23,2026-03-26,6,6,0
11323,9097,36,4,2026-03-23,2026-03-31,2026-03-28,6,6,0
11324,9098,44,4,2026-03-26,2026-04-05,2026-04-06,152,152,1
11325,9099,24,4,2026-03-30,2026-04-05,2026-04-07,9,9,0
11326,9100,27,1,2026-03-19,2026-03-27,2026-03-29,38,38,0
11327,9100,27,1,2026-03-22,2026-03-26,2026-03-29,81,81,1
11328,9101,39,1,2026-03-20,2026-03-20,2026-03-23,57,57,1
11329,9102,17,1,2026-03-17,2026-03-26,2026-03-28,35,35,0
11330,9102,17,1,2026-03-23,2026-03-28,2026-03-28,46,46,7
11331,9103,24,3,2026-03-27,2026-04-08,2026-04-08,21,21,0
11332,9103,24,3,2026-03-27,2026-04-07,2026-04-08,16,16,0
11333,9104,40,3,2026-03-26,2026-04-09,2026-04-09,92,92,1
11334,9105,20,8,2026-03-26,2026-03-26,2026-03-23,10,10,0
11335,9106,10,8,2026-04-01,2026-04-12,2026-04-12,6,6,0
11336,9107,34,8,2026-04-07,2026-04-21,2026-04-21,102,102,2
11337,9108,18,3,2026-03-20,2026-03-25,2026-03-23,178,178,10
11338,9109,39,3,2026-03-18,2026-03-21,2026-03-24,259,259,1
11339,9110,47,1,2026-03-28,2026-04-09,2026-04-08,432,432,11
11340,9111,18,1,2026-03-18,2026-03-21,2026-03-23,26,26,1
11341,9112,30,2,2026-03-24,2026-03-27,2026-03-28,34,34,0
11342,9113,10,2,2026-04-01,2026-04-12,2026-04-12,29,29,1
11343,9114,35,2,2026-03-18,2026-03-29,2026-03-29,63,63,1
11344,9115,44,6,2026-03-31,2026-04-07,2026-04-07,350,350,2
11345,9116,2,6,2026-03-27,2026-04-02,2026-04-04,142,142,1
11346,9117,36,7,2026-03-24,2026-04-05,2026-03-29,9,9,0
11347,9118,35,7,2026-03-28,2026-03-28,2026-03-29,1122,1122,20
11348,9119,23,7,2026-03-18,2026-04-08,2026-03-28,88,88,4
11349,9120,3,7,2026-04-02,2026-04-18,2026-04-21,77,77,3
11350,9121,11,7,2026-03-19,2026-03-29,2026-03-30,413,413,1
11351,9122,18,7,2026-03-18,2026-03-22,2026-03-23,994,994,35
11352,9123,2,7,2026-04-02,2026-04-03,2026-04-04,21,21,0
11353,9124,45,1,2026-04-01,2026-04-08,2026-04-11,25,25,0
11354,9125,39,1,2026-03-18,2026-03-22,2026-03-24,455,455,8
11355,9125,39,1,2026-03-22,2026-03-22,2026-03-24,480,480,6
11356,9126,44,1,2026-03-27,2026-04-07,2026-04-07,239,239,4
11357,9126,44,1,2026-03-23,2026-04-06,2026-04-07,59,59,1
11358,9126,44,1,2026-03-28,2026-04-04,2026-04-07,102,102,1
11359,9127,35,1,2026-03-25,2026-03-26,2026-03-29,41,41,0
11360,9127,35,1,2026-03-21,2026-03-28,2026-03-29,10,10,0
11361,9127,35,1,2026-03-27,2026-03-28,2026-03-29,19,19,0
11362,9128,17,1,2026-03-27,2026-03-30,2026-03-29,218,218,24
11363,9129,47,1,2026-03-29,2026-04-20,2026-04-08,75,75,4
11364,9130,42,1,2026-03-19,2026-03-29,2026-03-31,914,914,34
11365,9131,17,10,2026-03-25,2026-03-27,2026-03-29,6,6,0
11366,9132,37,10,2026-04-04,2026-04-14,2026-04-17,332,332,9
11367,9133,25,7,2026-03-23,2026-04-06,2026-03-25,46,46,1
11368,9134,48,9,2026-03-29,2026-04-18,2026-04-13,151,151,5
11369,9135,16,9,2026-03-18,2026-03-22,2026-03-24,3,3,0
11370,9135,16,9,2026-03-19,2026-03-23,2026-03-24,8,8,0
11371,9136,3,9,2026-04-04,2026-04-20,2026-04-21,7,7,0
11372,9137,22,8,2026-03-19,2026-03-20,2026-03-23,751,751,11
11373,9138,18,8,2026-03-22,2026-03-23,2026-03-23,322,322,11
11374,9139,2,7,2026-03-24,2026-04-05,2026-04-05,59,59,1
11375,9140,44,7,2026-03-26,2026-04-08,2026-04-08,10,10,0
11376,9141,44,7,2026-03-24,2026-04-05,2026-04-08,241,241,1
11377,9141,44,7,2026-03-25,2026-04-08,2026-04-08,203,203,4
11378,9142,23,8,2026-03-25,2026-03-27,2026-03-29,40,40,2
11379,9143,43,8,2026-03-23,2026-03-28,2026-03-28,9,9,0
11380,9143,43,8,2026-03-19,2026-03-27,2026-03-28,10,10,0
11381,9144,1,8,2026-03-21,2026-03-28,2026-03-31,6,6,0
11382,9145,43,8,2026-03-24,2026-03-25,2026-03-28,962,962,0
11383,9146,10,8,2026-03-31,2026-04-11,2026-04-13,45,45,2
11384,9146,10,8,2026-03-30,2026-04-12,2026-04-13,35,35,0
11385,9147,15,8,2026-03-19,2026-04-04,2026-03-25,457,457,7
11386,9148,42,8,2026-03-26,2026-03-31,2026-04-01,12,12,0
11387,9149,42,8,2026-03-19,2026-03-31,2026-04-01,19,19,0
11388,9150,29,4,2026-03-29,2026-04-09,2026-04-11,301,301,3
11389,9151,5,3,2026-03-19,2026-03-24,2026-03-24,39,39,3
11390,9151,5,3,2026-03-19,2026-03-24,2026-03-24,33,33,2
11391,9152,16,3,2026-03-23,2026-03-24,2026-03-25,1360,1360,1
11392,9153,43,7,2026-03-26,2026-03-26,2026-03-28,19,19,0
11393,9154,16,7,2026-03-19,2026-03-23,2026-03-25,129,129,0
11394,9155,29,7,2026-04-03,2026-04-11,2026-04-11,196,196,2
11395,9155,29,7,2026-03-27,2026-04-10,2026-04-11,98,98,0
11396,9155,29,7,2026-03-31,2026-04-08,2026-04-11,116,116,0
11397,9156,30,9,2026-03-19,2026-03-27,2026-03-29,120,120,0
11398,9157,8,9,2026-03-22,2026-03-26,2026-03-28,5,5,0
11399,9158,42,9,2026-03-19,2026-03-30,2026-04-01,7,7,0
11400,9158,42,9,2026-03-24,2026-03-29,2026-04-01,5,5,0
11401,9159,28,9,2026-03-22,2026-04-05,2026-04-06,195,195,3
11402,9159,28,9,2026-03-30,2026-04-03,2026-04-06,277,277,4
11403,9160,7,9,2026-03-31,2026-04-21,2026-04-22,126,126,2
11404,9161,21,9,2026-03-19,2026-03-22,2026-03-25,28,28,1
11405,9162,7,1,2026-04-07,2026-04-21,2026-04-22,592,592,1
11406,9163,30,1,2026-03-26,2026-03-28,2026-03-29,15,15,0
11407,9164,24,1,2026-03-24,2026-04-08,2026-04-09,495,495,6
11408,9165,46,4,2026-04-03,2026-04-11,2026-04-14,67,67,3
11409,9166,32,4,2026-03-25,2026-03-25,2026-03-24,38,38,0
11410,9166,32,4,2026-03-21,2026-03-23,2026-03-24,30,30,0
11411,9167,19,4,2026-03-19,2026-03-23,2026-03-23,78,78,1
11412,9167,19,4,2026-03-19,2026-03-23,2026-03-23,136,136,4
11413,9168,43,4,2026-03-20,2026-03-27,2026-03-28,188,188,6
11414,9169,1,4,2026-03-26,2026-03-31,2026-03-31,628,628,16
11415,9170,18,4,2026-03-24,2026-03-24,2026-03-24,102,102,2
11416,9171,23,4,2026-03-25,2026-03-29,2026-03-29,159,159,3
11417,9172,39,2,2026-03-20,2026-03-26,2026-03-26,507,507,11
11418,9173,20,1,2026-03-20,2026-03-23,2026-03-25,538,538,12
11419,9174,18,1,2026-03-20,2026-03-23,2026-03-25,8,8,0
11420,9174,18,1,2026-03-28,2026-03-28,2026-03-25,7,7,0
11421,9175,30,1,2026-03-23,2026-03-28,2026-03-30,270,270,2
11422,9175,30,1,2026-03-26,2026-03-27,2026-03-30,218,218,2
11423,9176,36,1,2026-03-28,2026-03-29,2026-03-31,15,15,0
11424,9176,36,1,2026-03-24,2026-03-28,2026-03-31,28,28,1
11425,9177,8,1,2026-03-27,2026-03-29,2026-03-29,329,329,9
11426,9178,42,1,2026-03-30,2026-03-31,2026-04-02,259,259,4
11427,9178,42,1,2026-03-30,2026-03-31,2026-04-02,448,448,25
11428,9179,17,6,2026-03-31,2026-03-31,2026-03-31,272,272,50
11429,9179,17,6,2026-03-29,2026-03-30,2026-03-31,337,337,7
11430,9180,30,6,2026-03-22,2026-03-30,2026-03-30,44,44,0
11431,9180,30,6,2026-03-21,2026-03-28,2026-03-30,43,43,0
11432,9180,30,6,2026-03-24,2026-03-30,2026-03-30,43,43,0
11433,9181,8,6,2026-03-20,2026-03-28,2026-03-29,105,105,0
11434,9182,47,6,2026-03-28,2026-04-07,2026-04-10,24,24,0
11435,9183,15,6,2026-03-26,2026-03-28,2026-03-26,61,61,2
11436,9184,30,5,2026-03-23,2026-03-28,2026-03-30,27,27,0
11437,9184,30,5,2026-03-25,2026-03-29,2026-03-30,37,37,0
11438,9185,14,5,2026-03-26,2026-03-30,2026-04-01,728,728,2
11439,9186,20,5,2026-03-20,2026-03-23,2026-03-25,62,62,1
11440,9187,21,5,2026-03-25,2026-04-04,2026-03-26,83,83,3
11441,9188,36,5,2026-03-26,2026-03-30,2026-03-31,84,84,2
11442,9189,9,5,2026-03-25,2026-04-06,2026-04-08,12,12,0
11443,9189,9,5,2026-03-28,2026-04-08,2026-04-08,21,21,0
11444,9190,18,9,2026-03-24,2026-03-27,2026-03-25,2,2,0
11445,9190,18,9,2026-03-20,2026-03-25,2026-03-25,5,5,0
11446,9191,5,4,2026-03-24,2026-03-27,2026-03-25,40,40,2
11447,9191,5,4,2026-03-22,2026-04-01,2026-03-25,18,18,0
11448,9191,5,4,2026-03-21,2026-03-22,2026-03-25,24,24,1
11449,9192,15,4,2026-03-23,2026-03-25,2026-03-26,5,5,0
11450,9193,16,9,2026-03-20,2026-03-25,2026-03-26,187,187,1
11451,9193,16,9,2026-03-21,2026-03-25,2026-03-26,317,317,2
11452,9194,45,9,2026-04-04,2026-04-12,2026-04-13,304,304,2
11453,9195,16,9,2026-03-22,2026-03-26,2026-03-26,9,9,0
11454,9196,41,8,2026-03-27,2026-04-07,2026-04-07,10,10,1
11455,9196,41,8,2026-03-27,2026-04-11,2026-04-07,7,7,0
11456,9196,41,8,2026-03-28,2026-04-04,2026-04-07,13,13,1
11457,9197,30,7,2026-03-23,2026-03-27,2026-03-30,43,43,0
11458,9198,46,4,2026-03-29,2026-04-15,2026-04-15,366,366,16
11459,9199,32,10,2026-03-29,2026-03-29,2026-03-25,15,15,0
11460,9200,10,7,2026-03-31,2026-04-22,2026-04-14,19,19,1
11461,9201,15,7,2026-03-25,2026-03-25,2026-03-26,68,68,2
11462,9202,35,1,2026-03-26,2026-03-28,2026-03-31,425,425,5
11463,9203,42,1,2026-03-28,2026-03-30,2026-04-02,13,13,0
11464,9204,12,2,2026-03-31,2026-04-10,2026-04-08,266,266,5
11465,9205,43,1,2026-03-24,2026-03-28,2026-03-30,18,18,0
11466,9206,15,1,2026-03-27,2026-03-27,2026-03-27,78,78,4
11467,9206,15,1,2026-03-25,2026-03-25,2026-03-27,148,148,0
11468,9207,22,1,2026-03-26,2026-03-26,2026-03-26,350,350,20
11469,9208,4,1,2026-03-31,2026-04-09,2026-04-11,8,8,0
11470,9208,4,1,2026-04-03,2026-04-11,2026-04-11,6,6,0
11471,9209,3,1,2026-04-02,2026-05-02,2026-04-24,70,70,4
11472,9210,48,8,2026-04-04,2026-04-16,2026-04-16,294,294,11
11473,9211,11,8,2026-03-23,2026-03-31,2026-04-02,8,8,0
11474,9212,40,8,2026-04-02,2026-04-12,2026-04-12,602,602,8
11475,9212,40,8,2026-03-29,2026-04-09,2026-04-12,441,441,4
11476,9213,16,1,2026-03-26,2026-03-26,2026-03-27,8,8,0
11477,9214,19,1,2026-03-30,2026-03-30,2026-03-25,7,7,0
11478,9215,43,1,2026-03-26,2026-03-27,2026-03-30,5,5,0
11479,9215,43,1,2026-03-28,2026-03-28,2026-03-30,6,6,0
11480,9216,35,1,2026-03-27,2026-03-30,2026-04-01,61,61,0
11481,9217,32,1,2026-03-21,2026-03-23,2026-03-26,7,7,0
11482,9218,25,1,2026-03-27,2026-03-27,2026-03-28,1240,1240,13
11483,9219,45,2,2026-03-30,2026-04-11,2026-04-14,542,542,5
11484,9220,47,7,2026-03-31,2026-04-09,2026-04-11,13,13,0
11485,9220,47,7,2026-03-31,2026-04-10,2026-04-11,8,8,0
11486,9221,29,7,2026-04-03,2026-04-11,2026-04-13,92,92,2
11487,9222,20,7,2026-03-23,2026-03-26,2026-03-26,11,11,0
11488,9223,3,5,2026-04-09,2026-04-21,2026-04-24,42,42,0
11489,9223,3,5,2026-04-04,2026-04-23,2026-04-24,57,57,2
11490,9224,50,5,2026-04-01,2026-04-05,2026-04-08,16,16,0
11491,9224,50,5,2026-04-01,2026-04-05,2026-04-08,9,9,0
11492,9224,50,5,2026-03-28,2026-04-05,2026-04-08,8,8,0
11493,9225,41,10,2026-03-30,2026-04-08,2026-04-08,723,723,59
11494,9226,27,9,2026-03-25,2026-04-05,2026-04-02,1193,1193,0
11495,9227,36,2,2026-03-25,2026-03-30,2026-04-01,10,10,0
11496,9228,11,2,2026-03-27,2026-04-01,2026-04-02,98,98,2
11497,9229,35,2,2026-03-26,2026-03-31,2026-04-01,136,136,3
11498,9230,39,2,2026-03-30,2026-03-30,2026-03-27,12,12,0
11499,9230,39,2,2026-03-21,2026-03-24,2026-03-27,15,15,0
11500,9231,48,2,2026-04-02,2026-04-13,2026-04-16,79,79,5
11501,9232,16,2,2026-03-21,2026-03-24,2026-03-27,63,63,0
11502,9233,26,2,2026-03-22,2026-04-04,2026-04-02,13,13,0
11503,9234,45,10,2026-03-26,2026-04-11,2026-04-14,73,73,0
11504,9235,5,10,2026-03-21,2026-03-23,2026-03-26,121,121,3
11505,9236,5,8,2026-03-22,2026-03-24,2026-03-26,343,343,17
11506,9237,19,8,2026-03-21,2026-03-25,2026-03-25,42,42,3
11507,9238,42,8,2026-03-23,2026-04-02,2026-04-03,31,31,0
11508,9238,42,8,2026-03-27,2026-04-02,2026-04-03,26,26,0
11509,9239,36,8,2026-03-22,2026-04-08,2026-04-01,55,55,2
11510,9240,4,8,2026-04-03,2026-04-20,2026-04-11,283,283,5
11511,9241,1,8,2026-03-21,2026-04-02,2026-04-02,254,254,2
11512,9242,8,8,2026-03-27,2026-03-28,2026-03-30,14,14,0
11513,9243,42,8,2026-03-25,2026-04-14,2026-04-03,8,8,0
11514,9244,39,10,2026-03-23,2026-03-24,2026-03-27,11,11,0
11515,9244,39,10,2026-03-21,2026-03-26,2026-03-27,8,8,0
11516,9245,6,1,2026-03-29,2026-04-08,2026-04-09,22,22,0
11517,9246,20,9,2026-03-23,2026-03-27,2026-03-27,875,875,15
11518,9247,44,9,2026-03-26,2026-04-10,2026-04-11,621,621,0
11519,9248,45,9,2026-03-28,2026-04-15,2026-04-15,4,4,0
11520,9248,45,9,2026-04-06,2026-04-14,2026-04-15,5,5,0
11521,9249,39,9,2026-03-22,2026-03-25,2026-03-28,745,745,17
11522,9250,47,8,2026-03-30,2026-04-09,2026-04-12,32,32,2
11523,9251,30,8,2026-03-22,2026-03-29,2026-04-01,4,4,0
11524,9251,30,8,2026-03-25,2026-03-29,2026-04-01,3,3,0
11525,9251,30,8,2026-03-30,2026-04-01,2026-04-01,7,7,0
11526,9252,2,1,2026-03-29,2026-04-06,2026-04-09,170,170,5
11527,9252,2,1,2026-03-31,2026-04-08,2026-04-09,379,379,7
11528,9253,10,1,2026-04-01,2026-04-29,2026-04-17,6,6,0
11529,9254,7,1,2026-04-10,2026-04-24,2026-04-26,476,476,12
11530,9255,30,1,2026-03-25,2026-03-30,2026-04-02,374,374,3
11531,9255,30,1,2026-03-30,2026-03-31,2026-04-02,679,679,3
11532,9256,43,6,2026-03-27,2026-03-30,2026-04-01,259,259,12
11533,9257,5,6,2026-03-26,2026-03-27,2026-03-28,1,1,0
11534,9257,5,6,2026-03-26,2026-03-27,2026-03-28,2,2,0
11535,9258,43,6,2026-03-30,2026-03-30,2026-04-01,7,7,0
11536,9258,43,6,2026-03-23,2026-04-01,2026-04-01,8,8,0
11537,9259,7,6,2026-04-10,2026-04-24,2026-04-26,62,62,1
11538,9260,23,6,2026-03-30,2026-04-07,2026-04-02,50,50,4
11539,9260,23,6,2026-03-27,2026-03-30,2026-04-02,36,36,2
11540,9261,35,6,2026-03-27,2026-04-02,2026-04-03,784,784,10
11541,9262,2,6,2026-03-31,2026-04-09,2026-04-09,37,37,0
11542,9263,43,6,2026-03-28,2026-03-31,2026-04-01,88,88,5
11543,9264,18,3,2026-03-23,2026-03-26,2026-03-28,611,611,0
11544,9265,44,3,2026-03-28,2026-04-09,2026-04-12,94,94,1
11545,9266,7,3,2026-04-06,2026-04-26,2026-04-26,6,6,0
11546,9267,43,3,2026-03-26,2026-03-31,2026-04-01,10,10,0
11547,9267,43,3,2026-03-26,2026-03-30,2026-04-01,10,10,0
11548,9268,17,3,2026-03-23,2026-04-01,2026-04-03,136,136,0
11549,9269,12,7,2026-04-03,2026-04-10,2026-04-10,9,9,0
11550,9270,47,7,2026-04-04,2026-04-13,2026-04-13,15,15,1
11551,9271,8,7,2026-04-02,2026-04-02,2026-04-01,175,175,1
11552,9272,30,7,2026-03-27,2026-03-30,2026-04-02,390,390,5
11553,9273,36,1,2026-03-29,2026-04-14,2026-04-03,88,88,6
11554,9274,18,1,2026-03-25,2026-03-29,2026-03-28,90,90,3
11555,9275,37,1,2026-03-31,2026-05-04,2026-04-22,4,4,0
11556,9276,19,1,2026-03-23,2026-03-24,2026-03-27,171,171,4
11557,9277,42,1,2026-03-30,2026-04-16,2026-04-05,6,6,0
11558,9278,35,1,2026-03-24,2026-04-03,2026-04-03,405,405,1
11559,9279,48,1,2026-04-02,2026-04-25,2026-04-18,54,54,1
11560,9280,36,1,2026-03-29,2026-04-02,2026-04-03,840,840,19
11561,9281,40,3,2026-04-02,2026-04-12,2026-04-14,4,4,0
11562,9281,40,3,2026-04-02,2026-04-11,2026-04-14,5,5,0
11563,9282,17,3,2026-03-27,2026-04-02,2026-04-03,12,12,1
11564,9282,17,3,2026-03-29,2026-03-31,2026-04-03,23,23,3
11565,9283,13,3,2026-03-24,2026-04-01,2026-04-04,16,16,0
11566,9284,25,3,2026-03-28,2026-03-28,2026-03-30,55,55,1
11567,9285,49,7,2026-03-23,2026-03-30,2026-03-27,94,94,1
11568,9286,20,5,2026-03-23,2026-04-09,2026-03-28,8,8,0
11569,9287,35,5,2026-04-01,2026-04-01,2026-04-03,25,25,0
11570,9288,15,5,2026-03-23,2026-03-26,2026-03-29,39,39,4
11571,9288,15,5,2026-03-23,2026-03-29,2026-03-29,68,68,4
11572,9289,41,5,2026-03-30,2026-04-21,2026-04-10,10,10,0
11573,9289,41,5,2026-03-29,2026-04-08,2026-04-10,23,23,3
11574,9290,46,5,2026-04-04,2026-04-17,2026-04-18,468,468,21
11575,9291,21,5,2026-03-23,2026-03-28,2026-03-29,539,539,9
11576,9292,48,5,2026-04-04,2026-04-18,2026-04-18,219,219,2
11577,9293,26,10,2026-03-31,2026-04-06,2026-04-04,16,16,1
11578,9294,41,10,2026-04-03,2026-04-10,2026-04-10,813,813,38
11579,9295,8,10,2026-03-25,2026-03-30,2026-04-01,5,5,0
11580,9296,31,10,2026-04-10,2026-04-23,2026-04-23,493,493,0
11581,9297,37,6,2026-04-08,2026-04-21,2026-04-23,124,124,1
11582,9297,37,6,2026-04-05,2026-04-21,2026-04-23,98,98,1
11583,9298,29,6,2026-04-07,2026-04-15,2026-04-16,124,124,2
11584,9299,11,6,2026-03-24,2026-04-05,2026-04-05,9,9,0
11585,9300,38,8,2026-03-29,2026-03-29,2026-03-28,126,126,7
11586,9300,38,8,2026-03-24,2026-03-25,2026-03-28,156,156,1
11587,9301,37,8,2026-04-09,2026-05-04,2026-04-23,54,54,0
11588,9302,30,8,2026-03-30,2026-04-03,2026-04-03,127,127,1
11589,9303,28,8,2026-04-02,2026-04-09,2026-04-11,27,27,0
11590,9304,12,8,2026-03-27,2026-04-09,2026-04-11,193,193,0
11591,9304,12,8,2026-04-05,2026-04-10,2026-04-11,264,264,6
11592,9305,37,8,2026-04-10,2026-04-23,2026-04-23,120,120,2
11593,9306,17,5,2026-03-24,2026-04-04,2026-04-04,46,46,4
11594,9307,15,6,2026-03-31,2026-03-31,2026-03-30,57,57,2
11595,9307,15,6,2026-03-30,2026-03-30,2026-03-30,44,44,3
11596,9308,20,6,2026-03-28,2026-03-28,2026-03-29,180,180,0
11597,9309,43,9,2026-03-24,2026-04-02,2026-04-02,435,435,14
11598,9310,30,9,2026-03-26,2026-04-02,2026-04-03,70,70,1
11599,9311,32,9,2026-03-24,2026-04-01,2026-03-29,100,100,0
11600,9311,32,9,2026-03-26,2026-03-29,2026-03-29,154,154,0
11601,9312,39,9,2026-03-26,2026-03-30,2026-03-30,881,881,19
11602,9313,11,5,2026-03-30,2026-04-04,2026-04-05,95,95,3
11603,9314,50,9,2026-03-29,2026-04-08,2026-04-11,8,8,0
11604,9314,50,9,2026-04-01,2026-04-09,2026-04-11,5,5,0
11605,9314,50,9,2026-04-06,2026-04-09,2026-04-11,5,5,0
11606,9315,44,10,2026-04-06,2026-04-11,2026-04-13,8,8,0
11607,9315,44,10,2026-04-02,2026-04-12,2026-04-13,12,12,0
11608,9316,39,10,2026-03-29,2026-03-29,2026-03-30,14,14,0
11609,9317,31,10,2026-04-05,2026-04-24,2026-04-24,62,62,0
11610,9318,9,10,2026-04-04,2026-04-11,2026-04-12,5,5,0
11611,9319,21,8,2026-03-28,2026-03-28,2026-03-30,39,39,2
11612,9320,10,8,2026-04-01,2026-04-18,2026-04-18,7,7,0
11613,9321,11,8,2026-03-27,2026-04-04,2026-04-05,24,24,1
11614,9322,14,2,2026-03-25,2026-04-02,2026-04-05,192,192,0
11615,9323,33,7,2026-04-03,2026-04-17,2026-04-18,11,11,0
11616,9324,20,7,2026-03-27,2026-03-28,2026-03-29,297,297,3
11617,9325,42,7,2026-03-29,2026-04-05,2026-04-06,285,285,13
11618,9325,42,7,2026-03-29,2026-04-04,2026-04-06,225,225,0
11619,9326,37,5,2026-04-14,2026-04-23,2026-04-24,38,38,1
11620,9327,33,5,2026-04-05,2026-04-18,2026-04-19,11,11,0
11621,9328,20,5,2026-03-29,2026-03-29,2026-03-30,10,10,0
11622,9329,7,5,2026-04-13,2026-04-28,2026-04-28,10,10,0
11623,9330,7,5,2026-04-11,2026-04-25,2026-04-28,7,7,0
11624,9331,16,5,2026-03-25,2026-04-07,2026-03-31,818,818,12
11625,9332,44,2,2026-03-31,2026-04-13,2026-04-14,11,11,0
11626,9332,44,2,2026-04-04,2026-04-12,2026-04-14,13,13,0
11627,9333,5,2,2026-03-30,2026-03-30,2026-03-30,19,19,2
11628,9334,16,2,2026-03-28,2026-03-30,2026-03-31,29,29,0
11629,9335,17,2,2026-03-31,2026-04-15,2026-04-05,429,429,3
11630,9335,17,2,2026-03-27,2026-04-10,2026-04-05,621,621,50
11631,9336,39,2,2026-03-30,2026-03-31,2026-03-31,128,128,2
11632,9337,7,2,2026-04-08,2026-04-27,2026-04-28,4,4,0
11633,9337,7,2,2026-04-08,2026-04-27,2026-04-28,3,3,0
11634,9338,2,2,2026-03-30,2026-04-22,2026-04-11,67,67,0
11635,9339,33,10,2026-04-07,2026-04-17,2026-04-19,7,7,0
11636,9339,33,10,2026-04-08,2026-04-18,2026-04-19,8,8,0
11637,9340,43,10,2026-03-28,2026-03-31,2026-04-03,8,8,0
11638,9341,25,10,2026-03-29,2026-04-04,2026-04-01,28,28,1
11639,9342,23,8,2026-03-28,2026-04-15,2026-04-04,916,916,23
11640,9343,32,8,2026-03-25,2026-03-30,2026-03-30,63,63,1
11641,9344,48,1,2026-04-08,2026-04-29,2026-04-20,193,193,6
11642,9345,41,1,2026-04-02,2026-04-10,2026-04-12,61,61,4
11643,9346,35,1,2026-03-29,2026-04-05,2026-04-05,60,60,1
11644,9347,7,6,2026-04-15,2026-04-28,2026-04-29,110,110,2
11645,9347,7,6,2026-04-14,2026-04-27,2026-04-29,157,157,1
11646,9348,25,6,2026-03-26,2026-04-06,2026-04-02,22,22,0
11647,9349,20,6,2026-03-30,2026-04-06,2026-03-31,506,506,11
11648,9350,20,6,2026-03-31,2026-04-09,2026-03-31,11,11,0
11649,9351,47,2,2026-04-06,2026-04-14,2026-04-16,13,13,1
11650,9352,22,2,2026-03-28,2026-03-30,2026-03-31,335,335,19
11651,9353,19,2,2026-03-26,2026-03-27,2026-03-30,364,364,12
11652,9354,4,9,2026-04-05,2026-04-14,2026-04-16,146,146,3
11653,9355,41,9,2026-03-29,2026-04-12,2026-04-13,27,27,1
11654,9356,16,9,2026-03-26,2026-03-31,2026-04-01,141,141,1
11655,9357,27,3,2026-03-26,2026-04-07,2026-04-07,131,131,3
11656,9358,15,3,2026-04-01,2026-04-07,2026-04-01,35,35,2
11657,9359,6,3,2026-04-03,2026-04-11,2026-04-13,28,28,0
11658,9360,7,3,2026-04-05,2026-05-06,2026-04-29,10,10,0
11659,9361,43,3,2026-03-30,2026-04-01,2026-04-04,286,286,9
11660,9362,32,6,2026-03-26,2026-03-29,2026-03-31,116,116,0
11661,9362,32,6,2026-03-28,2026-03-30,2026-03-31,71,71,2
11662,9362,32,6,2026-03-26,2026-03-30,2026-03-31,64,64,0
11663,9363,46,6,2026-04-06,2026-04-19,2026-04-21,3,3,0
11664,9364,5,6,2026-03-26,2026-04-12,2026-03-31,312,312,16
11665,9364,5,6,2026-03-26,2026-03-31,2026-03-31,357,357,11
11666,9365,8,7,2026-03-29,2026-04-02,2026-04-04,32,32,1
11667,9366,25,7,2026-03-31,2026-03-31,2026-04-02,42,42,0
11668,9367,8,7,2026-03-31,2026-04-03,2026-04-04,39,39,1
11669,9367,8,7,2026-04-01,2026-04-03,2026-04-04,26,26,1
11670,9368,33,7,2026-04-09,2026-04-17,2026-04-20,58,58,2
11671,9369,32,7,2026-03-26,2026-03-29,2026-03-31,124,124,2
11672,9370,21,7,2026-03-29,2026-04-01,2026-04-02,542,542,16
11673,9371,15,7,2026-04-03,2026-04-03,2026-04-02,7,7,0
11674,9372,35,7,2026-04-04,2026-04-04,2026-04-07,11,11,0
11675,9373,28,3,2026-04-10,2026-04-13,2026-04-14,350,350,7
11676,9374,30,3,2026-03-31,2026-04-05,2026-04-06,36,36,0
11677,9374,30,3,2026-03-27,2026-04-03,2026-04-06,29,29,0
11678,9375,2,3,2026-03-29,2026-04-10,2026-04-13,1138,1138,11
11679,9376,39,3,2026-03-28,2026-04-02,2026-04-02,90,90,1
11680,9377,20,3,2026-03-27,2026-03-31,2026-04-01,6,6,0
11681,9378,10,8,2026-04-11,2026-04-18,2026-04-21,725,725,16
11682,9379,50,8,2026-04-02,2026-04-24,2026-04-14,8,8,0
11683,9380,1,8,2026-04-03,2026-04-08,2026-04-08,1022,1022,3
11684,9381,30,5,2026-03-29,2026-04-05,2026-04-06,532,532,2
11685,9382,27,5,2026-03-31,2026-04-07,2026-04-08,141,141,4
11686,9382,27,5,2026-04-05,2026-04-05,2026-04-08,287,287,2
11687,9383,1,4,2026-04-03,2026-04-06,2026-04-08,9,9,0
11688,9384,45,7,2026-04-05,2026-04-17,2026-04-20,435,435,2
11689,9384,45,7,2026-04-04,2026-04-17,2026-04-20,380,380,1
11690,9385,41,7,2026-03-31,2026-04-18,2026-04-14,203,203,9
11691,9385,41,7,2026-04-08,2026-04-13,2026-04-14,270,270,23
11692,9385,41,7,2026-04-06,2026-04-23,2026-04-14,218,218,20
11693,9386,35,9,2026-03-31,2026-04-07,2026-04-07,20,20,0
11694,9387,13,1,2026-04-01,2026-04-18,2026-04-08,428,428,9
11695,9388,3,1,2026-04-18,2026-04-30,2026-04-30,3,3,0
11696,9388,3,1,2026-04-13,2026-04-27,2026-04-30,4,4,0
11697,9388,3,1,2026-04-15,2026-04-28,2026-04-30,3,3,0
11698,9389,45,1,2026-04-08,2026-04-18,2026-04-20,880,880,1
11699,9390,23,1,2026-03-31,2026-04-03,2026-04-06,17,17,1
11700,9391,17,1,2026-03-30,2026-04-06,2026-04-07,206,206,20
11701,9391,17,1,2026-04-01,2026-04-04,2026-04-07,498,498,41
11702,9392,14,1,2026-03-30,2026-04-05,2026-04-08,506,506,3
11703,9393,8,1,2026-03-29,2026-04-04,2026-04-05,236,236,4
11704,9394,40,1,2026-04-13,2026-04-16,2026-04-18,99,99,1
11705,9395,50,1,2026-04-07,2026-04-12,2026-04-14,73,73,1
11706,9396,29,1,2026-04-06,2026-04-19,2026-04-19,105,105,3
11707,9397,4,1,2026-04-02,2026-04-20,2026-04-17,8,8,0
11708,9398,6,1,2026-04-06,2026-04-12,2026-04-14,72,72,0
11709,9399,28,2,2026-04-06,2026-04-12,2026-04-15,12,12,0
11710,9400,44,2,2026-04-07,2026-04-17,2026-04-17,68,68,1
11711,9401,19,9,2026-03-28,2026-03-31,2026-04-01,2,2,0
11712,9401,19,9,2026-04-01,2026-04-01,2026-04-01,3,3,0
11713,9402,40,9,2026-04-04,2026-04-18,2026-04-19,469,469,4
11714,9402,40,9,2026-04-05,2026-04-18,2026-04-19,424,424,1
11715,9403,12,9,2026-04-06,2026-04-15,2026-04-15,1136,1136,3
11716,9404,1,5,2026-03-30,2026-04-06,2026-04-09,6,6,0
11717,9405,17,5,2026-04-02,2026-04-08,2026-04-08,57,57,6
11718,9406,18,5,2026-04-04,2026-04-04,2026-04-02,4,4,0
11719,9407,5,5,2026-03-31,2026-04-01,2026-04-02,77,77,2
11720,9408,18,5,2026-03-30,2026-04-02,2026-04-02,2,2,0
11721,9408,18,5,2026-03-29,2026-03-30,2026-04-02,3,3,0
11722,9409,28,5,2026-04-03,2026-04-23,2026-04-15,1293,1293,20
11723,9410,32,5,2026-04-01,2026-04-01,2026-04-02,290,290,1
11724,9410,32,5,2026-03-28,2026-03-31,2026-04-02,424,424,4
11725,9411,22,5,2026-04-08,2026-04-08,2026-04-02,380,380,13
11726,9412,35,5,2026-04-02,2026-04-08,2026-04-08,552,552,3
11727,9412,35,5,2026-03-28,2026-04-06,2026-04-08,147,147,2
11728,9412,35,5,2026-03-31,2026-04-09,2026-04-08,263,263,2
11729,9413,22,5,2026-03-28,2026-04-02,2026-04-02,9,9,0
11730,9414,39,2,2026-03-30,2026-04-01,2026-04-03,116,116,1
11731,9415,41,2,2026-04-05,2026-04-14,2026-04-15,48,48,4
11732,9416,50,2,2026-04-05,2026-04-12,2026-04-15,97,97,3
11733,9417,36,2,2026-03-30,2026-04-19,2026-04-08,47,47,2
11734,9417,36,2,2026-04-01,2026-04-08,2026-04-08,16,16,0
11735,9417,36,2,2026-04-08,2026-04-10,2026-04-08,37,37,1
11736,9418,36,2,2026-03-28,2026-04-06,2026-04-08,1010,1010,55
11737,9419,2,4,2026-04-08,2026-04-13,2026-04-14,471,471,6
11738,9420,5,4,2026-03-30,2026-04-02,2026-04-02,84,84,3
11739,9421,20,4,2026-03-28,2026-03-30,2026-04-02,54,54,2
11740,9422,44,10,2026-04-01,2026-04-14,2026-04-17,604,604,6
11741,9423,22,10,2026-04-01,2026-04-01,2026-04-02,9,9,0
11742,9424,27,10,2026-03-30,2026-04-07,2026-04-09,239,239,3
11743,9425,1,8,2026-03-31,2026-04-07,2026-04-09,52,52,0
11744,9426,13,8,2026-04-02,2026-04-07,2026-04-09,5,5,0
11745,9427,18,8,2026-03-29,2026-03-30,2026-04-02,228,228,8
11746,9428,16,8,2026-03-31,2026-04-01,2026-04-03,146,146,2
11747,9429,23,3,2026-04-07,2026-04-14,2026-04-07,96,96,6
11748,9430,49,9,2026-03-30,2026-03-30,2026-04-01,11,11,0
11749,9431,18,9,2026-04-01,2026-04-01,2026-04-02,27,27,2
11750,9432,28,9,2026-04-07,2026-04-13,2026-04-15,208,208,2
11751,9433,13,9,2026-04-03,2026-04-06,2026-04-09,735,735,10
11752,9434,41,3,2026-04-06,2026-04-19,2026-04-15,49,49,3
11753,9435,18,4,2026-04-02,2026-04-02,2026-04-03,39,39,1
11754,9436,36,4,2026-04-03,2026-04-06,2026-04-09,20,20,1
11755,9437,40,4,2026-04-12,2026-04-19,2026-04-20,193,193,2
11756,9438,18,4,2026-04-01,2026-04-01,2026-04-03,10,10,0
11757,9439,37,9,2026-04-15,2026-05-01,2026-04-28,60,60,1
11758,9440,11,9,2026-04-07,2026-04-10,2026-04-10,5,5,0
11759,9441,20,9,2026-04-04,2026-04-05,2026-04-03,46,46,0
11760,9441,20,9,2026-03-30,2026-04-01,2026-04-03,59,59,1
11761,9442,18,9,2026-03-29,2026-03-31,2026-04-03,193,193,4
11762,9443,36,9,2026-03-29,2026-04-06,2026-04-09,58,58,3
11763,9444,20,2,2026-04-02,2026-04-03,2026-04-03,105,105,5
11764,9445,19,2,2026-03-29,2026-04-01,2026-04-02,5,5,0
11765,9446,30,2,2026-04-08,2026-04-09,2026-04-08,195,195,2
11766,9447,45,2,2026-04-08,2026-04-20,2026-04-22,39,39,0
11767,9448,7,8,2026-04-12,2026-05-02,2026-05-02,897,897,13
11768,9449,18,2,2026-03-30,2026-04-01,2026-04-04,24,24,0
11769,9450,20,8,2026-04-04,2026-04-04,2026-04-05,85,85,1
11770,9451,8,4,2026-04-06,2026-04-06,2026-04-09,134,134,1
11771,9452,5,4,2026-04-09,2026-04-09,2026-04-05,395,395,20
11772,9453,35,4,2026-04-06,2026-04-08,2026-04-11,10,10,0
11773,9454,15,4,2026-04-10,2026-04-10,2026-04-06,58,58,3
11774,9455,47,3,2026-04-14,2026-04-21,2026-04-21,33,33,1
11775,9456,19,9,2026-03-31,2026-04-03,2026-04-04,253,253,9
11776,9457,39,2,2026-03-31,2026-04-04,2026-04-06,7,7,0
11777,9458,11,2,2026-04-02,2026-04-11,2026-04-12,1065,1065,26
11778,9459,16,2,2026-04-01,2026-04-05,2026-04-06,11,11,0
11779,9460,7,2,2026-04-16,2026-05-04,2026-05-04,12,12,0
11780,9461,18,1,2026-03-31,2026-04-04,2026-04-05,21,21,1
11781,9462,44,1,2026-04-11,2026-04-20,2026-04-20,7,7,0
11782,9463,50,8,2026-04-10,2026-04-18,2026-04-18,71,71,3
11783,9464,45,8,2026-04-14,2026-04-21,2026-04-24,7,7,0
11784,9465,44,8,2026-04-09,2026-04-19,2026-04-20,949,949,9
11785,9466,43,8,2026-04-05,2026-04-06,2026-04-09,69,69,3
11786,9467,42,8,2026-04-07,2026-04-24,2026-04-13,118,118,4
11787,9468,23,8,2026-04-08,2026-04-10,2026-04-10,64,64,6
11788,9469,15,8,2026-04-03,2026-04-05,2026-04-06,47,47,1
11789,9470,46,8,2026-04-14,2026-04-24,2026-04-26,37,37,1
11790,9471,16,9,2026-04-05,2026-04-09,2026-04-06,261,261,2
11791,9472,15,9,2026-04-03,2026-04-04,2026-04-06,32,32,3
11792,9473,13,9,2026-04-03,2026-04-12,2026-04-12,391,391,9
11793,9474,15,7,2026-04-06,2026-04-06,2026-04-06,7,7,0
11794,9475,16,7,2026-04-01,2026-04-04,2026-04-06,214,214,2
11795,9476,39,7,2026-04-08,2026-04-08,2026-04-06,31,31,0
11796,9477,9,7,2026-04-05,2026-04-16,2026-04-19,113,113,2
11797,9478,35,7,2026-04-09,2026-04-11,2026-04-11,660,660,13
11798,9479,19,3,2026-04-05,2026-04-05,2026-04-04,54,54,2
11799,9480,37,3,2026-04-11,2026-04-30,2026-04-30,508,508,14
11800,9481,17,3,2026-04-06,2026-04-11,2026-04-11,94,94,5
11801,9482,40,3,2026-04-09,2026-04-20,2026-04-22,9,9,0
11802,9483,14,3,2026-04-04,2026-04-10,2026-04-12,9,9,0
11803,9484,15,3,2026-04-01,2026-04-05,2026-04-07,10,10,0
11804,9485,25,7,2026-04-09,2026-04-09,2026-04-08,102,102,2
11805,9486,16,7,2026-04-01,2026-04-04,2026-04-07,13,13,0
11806,9487,46,7,2026-04-17,2026-04-27,2026-04-27,160,160,9
11807,9488,39,10,2026-04-01,2026-04-04,2026-04-07,100,100,2
11808,9489,40,10,2026-04-10,2026-04-21,2026-04-23,64,64,1
11809,9490,2,10,2026-04-09,2026-04-15,2026-04-18,195,195,2
11810,9490,2,10,2026-04-09,2026-04-15,2026-04-18,379,379,9
11811,9491,43,9,2026-04-01,2026-04-09,2026-04-10,300,300,7
11812,9491,43,9,2026-04-05,2026-04-10,2026-04-10,251,251,2
11813,9492,29,7,2026-04-13,2026-04-21,2026-04-24,695,695,9
11814,9493,14,7,2026-04-11,2026-04-11,2026-04-13,54,54,0
11815,9494,12,7,2026-04-08,2026-04-19,2026-04-19,11,11,0
11816,9495,3,7,2026-04-11,2026-05-02,2026-05-05,143,143,0
11817,9496,1,9,2026-04-07,2026-04-12,2026-04-13,27,27,0
11818,9496,1,9,2026-04-04,2026-04-11,2026-04-13,13,13,0
11819,9496,1,9,2026-04-04,2026-04-14,2026-04-13,26,26,0
11820,9497,43,9,2026-04-01,2026-04-10,2026-04-10,333,333,19
11821,9498,26,9,2026-04-10,2026-04-10,2026-04-13,21,21,0
11822,9499,21,5,2026-04-03,2026-04-07,2026-04-07,19,19,1
11823,9500,42,5,2026-04-04,2026-04-13,2026-04-14,44,44,2
11824,9501,20,8,2026-04-01,2026-04-04,2026-04-06,4,4,0
11825,9501,20,8,2026-04-01,2026-04-04,2026-04-06,7,7,0
11826,9502,37,8,2026-04-16,2026-04-30,2026-05-01,68,68,2
11827,9503,44,8,2026-04-12,2026-04-20,2026-04-21,209,209,1
11828,9504,5,8,2026-04-01,2026-04-16,2026-04-06,77,77,0
11829,9505,25,8,2026-04-08,2026-04-08,2026-04-08,133,133,4
11830,9506,17,8,2026-04-11,2026-04-13,2026-04-12,900,900,0
11831,9507,25,8,2026-04-01,2026-04-05,2026-04-08,28,28,1
11832,9508,19,8,2026-04-03,2026-04-04,2026-04-05,92,92,3
11833,9508,19,8,2026-04-01,2026-04-05,2026-04-05,119,119,2
11834,9509,8,1,2026-04-06,2026-04-08,2026-04-10,100,100,2
11835,9510,25,1,2026-04-04,2026-04-05,2026-04-08,17,17,0
11836,9511,44,8,2026-04-13,2026-04-21,2026-04-21,12,12,0
11837,9512,37,8,2026-04-13,2026-04-28,2026-05-01,312,312,9
11838,9512,37,8,2026-04-15,2026-04-28,2026-05-01,141,141,3
11839,9512,37,8,2026-04-12,2026-04-28,2026-05-01,97,97,1
11840,9513,2,8,2026-04-06,2026-04-15,2026-04-18,500,500,9
11841,9514,2,8,2026-04-06,2026-04-15,2026-04-18,22,22,0
11842,9515,50,8,2026-04-10,2026-04-19,2026-04-19,415,415,6
11843,9516,11,2,2026-04-05,2026-04-12,2026-04-13,34,34,0
11844,9517,44,2,2026-04-08,2026-04-20,2026-04-21,802,802,15
11845,9518,36,2,2026-04-04,2026-04-11,2026-04-12,47,47,2
11846,9519,42,9,2026-04-07,2026-04-14,2026-04-14,10,10,0
11847,9520,39,9,2026-04-02,2026-04-05,2026-04-07,1178,1178,12
11848,9521,20,9,2026-04-02,2026-04-04,2026-04-06,12,12,0
11849,9522,46,9,2026-04-19,2026-04-26,2026-04-27,56,56,4
11850,9523,36,9,2026-04-04,2026-04-15,2026-04-12,477,477,29
11851,9524,14,10,2026-04-02,2026-04-11,2026-04-13,399,399,1
11852,9525,46,10,2026-04-13,2026-04-25,2026-04-27,665,665,45
11853,9526,19,1,2026-04-01,2026-04-05,2026-04-05,762,762,29
11854,9527,40,1,2026-04-13,2026-04-20,2026-04-23,494,494,3
11855,9528,44,1,2026-04-10,2026-04-19,2026-04-21,7,7,0
11856,9528,44,1,2026-04-12,2026-04-19,2026-04-21,8,8,0
11857,9529,43,1,2026-04-03,2026-04-08,2026-04-10,228,228,8
11858,9530,8,5,2026-04-07,2026-04-08,2026-04-10,986,986,20
11859,9531,19,5,2026-04-02,2026-04-04,2026-04-05,14,14,1
11860,9532,25,5,2026-04-06,2026-04-07,2026-04-08,9,9,0
11861,9533,5,5,2026-04-01,2026-04-05,2026-04-06,122,122,3
11862,9534,2,9,2026-04-06,2026-04-17,2026-04-19,67,67,1
11863,9534,2,9,2026-04-10,2026-04-18,2026-04-19,32,32,1
11864,9534,2,9,2026-04-13,2026-04-29,2026-04-19,27,27,0
11865,9535,2,9,2026-04-08,2026-04-17,2026-04-19,137,137,2
11866,9536,22,9,2026-04-03,2026-04-18,2026-04-07,35,35,1
11867,9537,43,4,2026-04-07,2026-04-16,2026-04-11,8,8,0
11868,9537,43,4,2026-04-05,2026-04-08,2026-04-11,14,14,1
11869,9538,13,4,2026-04-02,2026-04-12,2026-04-14,463,463,8
11870,9539,16,4,2026-04-08,2026-04-08,2026-04-08,17,17,0
11871,9540,3,6,2026-04-12,2026-05-03,2026-05-06,6,6,0
11872,9540,3,6,2026-04-18,2026-05-12,2026-05-06,7,7,0
11873,9541,30,6,2026-04-05,2026-04-11,2026-04-12,467,467,2
11874,9542,49,6,2026-04-09,2026-04-13,2026-04-06,443,443,9
11875,9542,49,6,2026-04-07,2026-04-07,2026-04-06,600,600,0
11876,9543,14,6,2026-04-06,2026-04-14,2026-04-14,30,30,0
11877,9544,20,8,2026-04-06,2026-04-07,2026-04-07,12,12,0
11878,9545,45,2,2026-04-08,2026-04-26,2026-04-26,1316,1316,2
11879,9546,18,2,2026-04-02,2026-04-11,2026-04-07,90,90,0
11880,9547,3,2,2026-04-15,2026-05-05,2026-05-06,5,5,0
11881,9548,31,2,2026-04-16,2026-05-11,2026-05-03,706,706,16
11882,9549,2,3,2026-04-06,2026-04-18,2026-04-19,24,24,0
11883,9550,30,3,2026-04-07,2026-04-12,2026-04-12,43,43,0
11884,9551,26,3,2026-04-10,2026-04-20,2026-04-14,253,253,6
11885,9551,26,3,2026-04-10,2026-04-14,2026-04-14,225,225,0
11886,9552,40,10,2026-04-07,2026-04-21,2026-04-24,1055,1055,8
11887,9553,45,2,2026-04-14,2026-04-24,2026-04-26,6,6,0
11888,9554,36,2,2026-04-03,2026-04-11,2026-04-13,19,19,0
11889,9555,41,2,2026-04-09,2026-04-17,2026-04-20,144,144,10
11890,9555,41,2,2026-04-11,2026-04-18,2026-04-20,79,79,7
11891,9555,41,2,2026-04-14,2026-04-20,2026-04-20,73,73,4
11892,9556,37,2,2026-04-19,2026-04-30,2026-05-02,2,2,0
11893,9556,37,2,2026-04-18,2026-04-29,2026-05-02,3,3,0
11894,9557,30,8,2026-04-08,2026-04-10,2026-04-12,205,205,0
11895,9557,30,8,2026-04-04,2026-04-11,2026-04-12,396,396,2
11896,9558,15,8,2026-04-06,2026-04-06,2026-04-08,10,10,0
11897,9559,48,2,2026-04-14,2026-04-28,2026-04-28,428,428,0
11898,9560,40,2,2026-04-09,2026-04-21,2026-04-24,13,13,0
11899,9561,50,9,2026-04-13,2026-04-20,2026-04-20,129,129,4
11900,9562,43,9,2026-04-11,2026-04-23,2026-04-11,172,172,9
11901,9563,16,9,2026-04-05,2026-04-05,2026-04-08,76,76,1
11902,9564,19,2,2026-04-04,2026-04-04,2026-04-06,201,201,12
11903,9565,25,2,2026-04-03,2026-04-07,2026-04-09,5,5,0
11904,9566,25,2,2026-04-06,2026-04-21,2026-04-09,44,44,1
11905,9567,9,2,2026-04-09,2026-04-21,2026-04-21,262,262,5
11906,9567,9,2,2026-04-11,2026-04-22,2026-04-21,317,317,4
11907,9568,43,2,2026-04-02,2026-04-10,2026-04-11,113,113,0
11908,9569,16,2,2026-04-05,2026-04-08,2026-04-08,36,36,0
11909,9570,17,1,2026-04-12,2026-04-12,2026-04-14,127,127,19
11910,9570,17,1,2026-04-10,2026-04-12,2026-04-14,127,127,5
11911,9570,17,1,2026-04-08,2026-04-12,2026-04-14,98,98,17
11912,9571,32,1,2026-04-05,2026-04-07,2026-04-08,319,319,2
11913,9572,41,1,2026-04-07,2026-04-20,2026-04-21,401,401,8
11914,9573,5,2,2026-04-03,2026-04-07,2026-04-08,10,10,0
11915,9574,39,2,2026-04-06,2026-04-07,2026-04-09,338,338,0
11916,9574,39,2,2026-04-06,2026-04-09,2026-04-09,314,314,5
11917,9575,43,9,2026-04-05,2026-04-11,2026-04-12,49,49,1
11918,9576,45,9,2026-04-14,2026-04-24,2026-04-27,3,3,0
11919,9576,45,9,2026-04-17,2026-04-24,2026-04-27,5,5,0
11920,9577,1,9,2026-04-07,2026-04-14,2026-04-15,69,69,1
11921,9578,48,9,2026-04-10,2026-05-11,2026-04-29,478,478,20
11922,9579,41,9,2026-04-15,2026-05-02,2026-04-21,405,405,18
11923,9580,28,9,2026-04-08,2026-04-21,2026-04-21,19,19,0
11924,9581,36,7,2026-04-03,2026-04-13,2026-04-14,86,86,2
11925,9582,27,7,2026-04-03,2026-04-13,2026-04-15,7,7,0
11926,9583,15,7,2026-04-08,2026-04-20,2026-04-09,9,9,0
11927,9584,21,7,2026-04-03,2026-04-06,2026-04-09,4,4,0
11928,9584,21,7,2026-04-09,2026-04-10,2026-04-09,5,5,0
11929,9585,11,7,2026-04-06,2026-04-13,2026-04-15,860,860,19
11930,9586,17,1,2026-04-05,2026-04-12,2026-04-14,527,527,36
11931,9587,19,1,2026-04-03,2026-04-05,2026-04-07,5,5,0
11932,9587,19,1,2026-04-04,2026-04-04,2026-04-07,5,5,0
11933,9588,4,1,2026-04-11,2026-04-22,2026-04-24,12,12,0
11934,9589,30,8,2026-04-06,2026-04-11,2026-04-13,5,5,0
11935,9589,30,8,2026-04-09,2026-04-12,2026-04-13,4,4,0
11936,9589,30,8,2026-04-04,2026-04-13,2026-04-13,2,2,0
11937,9590,5,8,2026-04-05,2026-04-07,2026-04-08,147,147,4
11938,9591,8,8,2026-04-03,2026-04-12,2026-04-12,143,143,1
11939,9591,8,8,2026-04-03,2026-04-22,2026-04-12,90,90,0
11940,9591,8,8,2026-04-08,2026-04-12,2026-04-12,126,126,3
11941,9592,42,7,2026-04-08,2026-04-16,2026-04-16,2,2,0
11942,9592,42,7,2026-04-07,2026-04-22,2026-04-16,2,2,0
11943,9592,42,7,2026-04-07,2026-04-16,2026-04-16,2,2,0
11944,9593,35,7,2026-04-05,2026-04-13,2026-04-14,10,10,0
11945,9594,39,7,2026-04-04,2026-04-20,2026-04-09,62,62,1
11946,9595,49,7,2026-04-05,2026-04-07,2026-04-07,188,188,1
11947,9596,25,2,2026-04-06,2026-04-07,2026-04-10,1071,1071,22
11948,9597,47,2,2026-04-13,2026-04-21,2026-04-24,4,4,0
11949,9598,8,2,2026-04-10,2026-04-11,2026-04-12,4,4,0
11950,9599,24,4,2026-04-12,2026-04-22,2026-04-24,173,173,3
11951,9600,29,3,2026-04-13,2026-04-26,2026-04-26,572,572,4
11952,9601,2,3,2026-04-09,2026-04-17,2026-04-20,168,168,3
11953,9602,43,3,2026-04-07,2026-04-12,2026-04-12,99,99,2
11954,9603,23,8,2026-04-03,2026-04-11,2026-04-13,176,176,12
11955,9604,1,8,2026-04-08,2026-04-12,2026-04-15,4,4,0
11956,9604,1,8,2026-04-11,2026-04-12,2026-04-15,5,5,0
11957,9605,6,8,2026-04-11,2026-04-20,2026-04-21,301,301,2
11958,9605,6,8,2026-04-10,2026-04-19,2026-04-21,261,261,1
11959,9606,7,8,2026-04-14,2026-05-05,2026-05-07,15,15,0
11960,9607,35,8,2026-04-08,2026-04-11,2026-04-14,12,12,0
11961,9608,22,6,2026-04-03,2026-04-07,2026-04-08,342,342,10
11962,9609,4,6,2026-04-13,2026-04-22,2026-04-24,96,96,2
11963,9610,5,6,2026-04-03,2026-04-07,2026-04-08,178,178,12
11964,9610,5,6,2026-04-05,2026-04-09,2026-04-08,217,217,17
11965,9611,22,6,2026-04-04,2026-04-05,2026-04-08,19,19,1
11966,9612,42,6,2026-04-08,2026-04-26,2026-04-16,20,20,1
11967,9612,42,6,2026-04-08,2026-04-16,2026-04-16,13,13,0
11968,9612,42,6,2026-04-04,2026-04-27,2026-04-16,14,14,0
11969,9613,41,10,2026-04-08,2026-04-23,2026-04-22,921,921,30
11970,9614,45,10,2026-04-14,2026-04-27,2026-04-28,305,305,1
11971,9614,45,10,2026-04-20,2026-04-27,2026-04-28,249,249,0
11972,9615,39,10,2026-04-04,2026-04-08,2026-04-10,21,21,0
11973,9615,39,10,2026-04-09,2026-04-09,2026-04-10,27,27,0
11974,9616,8,6,2026-04-04,2026-04-11,2026-04-13,66,66,1
11975,9616,8,6,2026-04-10,2026-04-10,2026-04-13,116,116,0
11976,9617,49,6,2026-04-05,2026-04-12,2026-04-08,1030,1030,20
11977,9618,30,9,2026-04-16,2026-04-16,2026-04-14,17,17,0
11978,9619,7,7,2026-04-19,2026-05-08,2026-05-08,66,66,1
11979,9619,7,7,2026-04-19,2026-05-06,2026-05-08,77,77,1
11980,9620,22,7,2026-04-07,2026-04-09,2026-04-09,7,7,0
11981,9621,19,7,2026-04-04,2026-04-07,2026-04-08,518,518,6
11982,9622,16,7,2026-04-05,2026-04-09,2026-04-10,69,69,0
11983,9622,16,7,2026-04-05,2026-04-07,2026-04-10,149,149,2
11984,9623,48,7,2026-04-18,2026-04-27,2026-04-30,137,137,6
11985,9624,15,2,2026-04-11,2026-04-11,2026-04-10,17,17,1
11986,9625,9,2,2026-04-08,2026-04-20,2026-04-23,1223,1223,26
11987,9626,9,2,2026-04-15,2026-04-21,2026-04-23,47,47,0
11988,9627,14,4,2026-04-07,2026-04-13,2026-04-16,13,13,0
11989,9628,36,4,2026-04-09,2026-04-18,2026-04-15,2,2,0
11990,9628,36,4,2026-04-09,2026-04-13,2026-04-15,2,2,0
11991,9629,41,4,2026-04-09,2026-04-22,2026-04-22,333,333,20
11992,9630,17,4,2026-04-11,2026-04-14,2026-04-15,35,35,2
11993,9631,43,4,2026-04-07,2026-04-12,2026-04-13,44,44,0
11994,9632,6,5,2026-04-09,2026-04-21,2026-04-22,62,62,0
11995,9633,45,3,2026-04-22,2026-04-28,2026-04-28,39,39,0
11996,9634,30,3,2026-04-06,2026-04-12,2026-04-14,5,5,0
11997,9634,30,3,2026-04-10,2026-04-12,2026-04-14,5,5,0
11998,9635,2,8,2026-04-13,2026-04-21,2026-04-21,625,625,17
11999,9636,38,8,2026-04-07,2026-04-12,2026-04-08,259,259,5
12000,9637,4,8,2026-04-15,2026-04-24,2026-04-25,39,39,1
12001,9638,21,2,2026-04-04,2026-04-08,2026-04-10,970,970,0
12002,9639,25,1,2026-04-09,2026-04-18,2026-04-11,11,11,0
12003,9639,25,1,2026-04-08,2026-04-08,2026-04-11,17,17,0
12004,9640,17,1,2026-04-13,2026-04-13,2026-04-15,103,103,15
12005,9641,24,1,2026-04-13,2026-04-22,2026-04-25,543,543,7
12006,9642,15,1,2026-04-09,2026-04-09,2026-04-10,36,36,1
12007,9643,42,4,2026-04-11,2026-04-16,2026-04-17,918,918,10
12008,9644,9,4,2026-04-10,2026-04-21,2026-04-23,72,72,2
12009,9645,10,4,2026-04-25,2026-04-26,2026-04-29,20,20,1
12010,9646,16,5,2026-04-06,2026-04-10,2026-04-10,299,299,2
12011,9647,2,5,2026-04-06,2026-04-19,2026-04-21,107,107,1
12012,9648,30,5,2026-04-07,2026-04-13,2026-04-14,840,840,4
12013,9649,30,1,2026-04-08,2026-04-14,2026-04-15,63,63,0
12014,9650,12,7,2026-04-08,2026-04-22,2026-04-23,249,249,4
12015,9650,12,7,2026-04-12,2026-04-21,2026-04-23,223,223,2
12016,9651,50,7,2026-04-15,2026-04-23,2026-04-23,5,5,0
12017,9652,42,9,2026-04-09,2026-04-18,2026-04-18,487,487,0
12018,9653,3,9,2026-04-19,2026-05-08,2026-05-09,316,316,8
12019,9654,21,6,2026-04-09,2026-04-10,2026-04-12,22,22,0
12020,9655,36,5,2026-04-11,2026-04-15,2026-04-17,8,8,0
12021,9655,36,5,2026-04-13,2026-04-28,2026-04-17,11,11,0
12022,9656,20,5,2026-04-06,2026-04-10,2026-04-11,10,10,0
12023,9657,25,8,2026-04-10,2026-04-11,2026-04-14,24,24,1
12024,9658,47,8,2026-04-15,2026-04-26,2026-04-28,4,4,0
12025,9659,18,8,2026-04-08,2026-04-09,2026-04-12,8,8,0
12026,9660,45,8,2026-04-20,2026-05-01,2026-05-01,14,14,0
12027,9661,1,8,2026-04-18,2026-04-18,2026-04-19,248,248,4
12028,9662,29,8,2026-04-18,2026-04-27,2026-04-30,266,266,2
12029,9663,19,8,2026-04-11,2026-04-14,2026-04-11,617,617,5
12030,9664,16,6,2026-04-11,2026-04-13,2026-04-13,12,12,0
12031,9665,1,6,2026-04-11,2026-04-19,2026-04-19,36,36,1
12032,9666,47,3,2026-04-19,2026-04-26,2026-04-28,4,4,0
12033,9666,47,3,2026-04-15,2026-05-05,2026-04-28,2,2,0
12034,9666,47,3,2026-04-14,2026-04-27,2026-04-28,1,1,0
12035,9667,30,3,2026-04-10,2026-04-14,2026-04-17,10,10,0
12036,9668,24,6,2026-04-14,2026-04-28,2026-04-28,9,9,0
12037,9669,16,6,2026-04-14,2026-04-14,2026-04-13,398,398,2
12038,9670,18,2,2026-04-07,2026-04-13,2026-04-12,935,935,8
12039,9671,15,2,2026-04-07,2026-04-12,2026-04-13,538,538,2
12040,9671,15,2,2026-04-07,2026-04-13,2026-04-13,471,471,32
12041,9672,21,10,2026-04-07,2026-04-10,2026-04-13,5,5,0
12042,9673,11,10,2026-04-15,2026-04-19,2026-04-19,682,682,15
12043,9673,11,10,2026-04-08,2026-04-16,2026-04-19,222,222,5
12044,9673,11,10,2026-04-12,2026-04-16,2026-04-19,239,239,0
12045,9674,22,5,2026-04-07,2026-04-24,2026-04-12,914,914,16
12046,9675,30,5,2026-04-12,2026-04-14,2026-04-17,8,8,0
12047,9676,13,5,2026-04-09,2026-04-16,2026-04-19,85,85,1
12048,9677,41,5,2026-04-17,2026-05-04,2026-04-25,101,101,5
12049,9678,9,4,2026-04-15,2026-04-24,2026-04-26,135,135,3
12050,9679,16,2,2026-04-15,2026-04-15,2026-04-13,125,125,1
12051,9680,1,8,2026-04-11,2026-04-19,2026-04-19,18,18,0
12052,9681,23,8,2026-04-07,2026-04-17,2026-04-17,5,5,0
12053,9681,23,8,2026-04-09,2026-04-17,2026-04-17,4,4,0
12054,9682,30,7,2026-04-07,2026-04-14,2026-04-17,340,340,4
12055,9683,21,7,2026-04-10,2026-04-22,2026-04-13,45,45,0
12056,9684,28,1,2026-04-10,2026-04-25,2026-04-25,66,66,1
12057,9685,36,1,2026-04-10,2026-04-25,2026-04-18,27,27,1
12058,9685,36,1,2026-04-15,2026-04-23,2026-04-18,38,38,1
12059,9686,16,1,2026-04-12,2026-04-12,2026-04-13,11,11,0
12060,9687,30,1,2026-04-15,2026-04-17,2026-04-17,146,146,1
12061,9687,30,1,2026-04-12,2026-04-15,2026-04-17,323,323,0
12062,9688,42,1,2026-04-09,2026-04-18,2026-04-20,448,448,13
12063,9689,35,1,2026-04-10,2026-04-18,2026-04-18,111,111,0
12064,9690,7,1,2026-04-24,2026-05-09,2026-05-11,22,22,0
12065,9690,7,1,2026-04-17,2026-05-08,2026-05-11,16,16,0
12066,9691,17,7,2026-04-08,2026-04-16,2026-04-18,24,24,3
12067,9692,35,7,2026-04-10,2026-04-20,2026-04-18,500,500,7
12068,9693,2,7,2026-04-18,2026-04-21,2026-04-24,55,55,1
12069,9694,10,7,2026-04-22,2026-05-01,2026-05-02,20,20,1
12070,9695,9,6,2026-04-19,2026-04-23,2026-04-26,4,4,0
12071,9695,9,6,2026-04-14,2026-04-23,2026-04-26,7,7,0
12072,9696,35,6,2026-04-09,2026-04-16,2026-04-18,44,44,1
12073,9697,8,6,2026-04-10,2026-04-15,2026-04-16,535,535,10
12074,9698,18,1,2026-04-08,2026-04-12,2026-04-13,516,516,14
12075,9699,50,1,2026-04-19,2026-04-25,2026-04-26,41,41,1
12076,9700,12,1,2026-04-12,2026-04-23,2026-04-26,23,23,0
12077,9701,28,5,2026-04-14,2026-04-23,2026-04-26,115,115,2
12078,9702,16,5,2026-04-09,2026-04-12,2026-04-14,642,642,5
12079,9703,35,5,2026-04-14,2026-04-16,2026-04-19,43,43,0
12080,9704,36,1,2026-04-17,2026-04-17,2026-04-19,10,10,1
12081,9705,17,1,2026-04-09,2026-04-17,2026-04-19,29,29,1
12082,9706,20,1,2026-04-08,2026-04-18,2026-04-13,826,826,16
12083,9707,13,9,2026-04-17,2026-04-19,2026-04-20,682,682,15
12084,9708,35,9,2026-04-12,2026-04-17,2026-04-19,156,156,3
12085,9709,33,9,2026-04-21,2026-05-01,2026-05-03,49,49,2
12086,9709,33,9,2026-04-15,2026-04-30,2026-05-03,49,49,1
12087,9710,34,9,2026-04-24,2026-05-10,2026-05-12,392,392,0
12088,9711,36,9,2026-04-14,2026-04-16,2026-04-19,32,32,1
12089,9712,15,7,2026-04-09,2026-04-13,2026-04-14,17,17,0
12090,9712,15,7,2026-04-08,2026-04-13,2026-04-14,16,16,1
12091,9713,26,7,2026-04-15,2026-04-19,2026-04-20,134,134,2
12092,9713,26,7,2026-04-15,2026-04-21,2026-04-20,104,104,4
12093,9714,43,7,2026-04-09,2026-04-23,2026-04-17,35,35,2
12094,9715,40,8,2026-04-23,2026-05-05,2026-04-30,203,203,2
12095,9716,19,2,2026-04-09,2026-04-11,2026-04-12,213,213,19
12096,9717,7,7,2026-04-28,2026-05-09,2026-05-12,73,73,1
12097,9718,3,7,2026-04-27,2026-05-19,2026-05-12,18,18,1
12098,9719,9,2,2026-04-14,2026-04-27,2026-04-27,213,213,7
12099,9720,24,9,2026-04-19,2026-04-28,2026-04-29,128,128,3
12100,9721,10,9,2026-04-19,2026-04-30,2026-05-03,36,36,1
12101,9721,10,9,2026-04-17,2026-04-30,2026-05-03,24,24,1
12102,9722,32,9,2026-04-14,2026-04-14,2026-04-13,12,12,0
12103,9723,43,7,2026-04-11,2026-04-17,2026-04-17,65,65,3
12104,9724,44,7,2026-04-20,2026-04-26,2026-04-28,46,46,1
12105,9725,15,4,2026-04-11,2026-04-15,2026-04-15,4,4,0
12106,9726,42,4,2026-04-13,2026-04-21,2026-04-22,90,90,7
12107,9727,42,2,2026-04-11,2026-04-22,2026-04-22,103,103,4
12108,9728,43,2,2026-04-17,2026-04-18,2026-04-18,853,853,20
12109,9729,15,2,2026-04-10,2026-04-13,2026-04-15,9,9,1
12110,9729,15,2,2026-04-09,2026-04-15,2026-04-15,8,8,1
12111,9730,35,2,2026-04-15,2026-04-20,2026-04-20,55,55,1
12112,9730,35,2,2026-04-19,2026-04-20,2026-04-20,129,129,1
12113,9731,48,2,2026-04-19,2026-05-03,2026-05-05,5,5,0
12114,9732,44,2,2026-04-12,2026-04-26,2026-04-29,11,11,0
12115,9733,42,1,2026-04-13,2026-04-20,2026-04-22,310,310,19
12116,9734,16,1,2026-04-09,2026-04-14,2026-04-15,234,234,2
12117,9734,16,1,2026-04-10,2026-04-13,2026-04-15,302,302,2
12118,9735,2,1,2026-04-16,2026-04-26,2026-04-26,10,10,0
12119,9736,49,1,2026-04-10,2026-04-10,2026-04-13,6,6,0
12120,9737,11,1,2026-04-15,2026-04-20,2026-04-21,13,13,0
12121,9738,15,1,2026-04-13,2026-04-15,2026-04-15,11,11,0
12122,9738,15,1,2026-04-13,2026-04-14,2026-04-15,22,22,1
12123,9739,39,1,2026-04-11,2026-04-12,2026-04-15,134,134,3
12124,9740,39,1,2026-04-11,2026-04-13,2026-04-15,24,24,0
12125,9741,3,8,2026-04-23,2026-05-12,2026-05-13,236,236,18
12126,9742,18,8,2026-04-10,2026-04-14,2026-04-14,311,311,7
12127,9743,42,8,2026-04-15,2026-04-22,2026-04-22,2,2,0
12128,9743,42,8,2026-04-14,2026-04-19,2026-04-22,5,5,0
12129,9744,11,8,2026-04-15,2026-04-25,2026-04-21,93,93,1
12130,9745,8,10,2026-04-13,2026-04-16,2026-04-18,143,143,2
12131,9745,8,10,2026-04-12,2026-04-17,2026-04-18,113,113,3
12132,9746,2,10,2026-04-20,2026-04-25,2026-04-26,28,28,0
12133,9747,8,10,2026-04-09,2026-04-15,2026-04-18,7,7,0
12134,9748,1,10,2026-04-17,2026-04-30,2026-04-21,6,6,0
12135,9748,1,10,2026-04-15,2026-04-20,2026-04-21,4,4,0
12136,9749,35,10,2026-04-15,2026-04-20,2026-04-20,47,47,0
12137,9750,42,8,2026-04-19,2026-04-19,2026-04-22,52,52,2
12138,9751,36,8,2026-04-09,2026-05-01,2026-04-20,154,154,3
12139,9751,36,8,2026-04-14,2026-04-18,2026-04-20,213,213,8
12140,9752,20,8,2026-04-09,2026-04-14,2026-04-14,257,257,3
12141,9753,38,2,2026-04-09,2026-04-13,2026-04-13,8,8,0
12142,9754,41,9,2026-04-20,2026-05-09,2026-04-27,20,20,2
12143,9754,41,9,2026-04-19,2026-04-28,2026-04-27,16,16,0
12144,9755,17,9,2026-04-18,2026-04-18,2026-04-20,893,893,66
12145,9756,42,7,2026-04-16,2026-04-20,2026-04-22,9,9,0
12146,9756,42,7,2026-04-09,2026-04-27,2026-04-22,12,12,0
12147,9757,33,7,2026-04-18,2026-05-03,2026-05-04,124,124,2
12148,9758,41,9,2026-04-19,2026-04-26,2026-04-27,2,2,0
12149,9759,1,9,2026-04-15,2026-04-18,2026-04-21,8,8,0
12150,9760,4,9,2026-04-20,2026-04-30,2026-04-30,66,66,1
12151,9761,3,8,2026-05-01,2026-05-10,2026-05-13,7,7,0
12152,9762,17,8,2026-04-13,2026-04-20,2026-04-20,160,160,19
12153,9763,49,9,2026-04-10,2026-04-26,2026-04-14,115,115,1
12154,9764,16,9,2026-04-10,2026-04-14,2026-04-16,27,27,0
12155,9765,8,9,2026-04-15,2026-04-16,2026-04-19,8,8,0
12156,9766,24,9,2026-04-18,2026-04-30,2026-05-01,3,3,0
12157,9766,24,9,2026-04-16,2026-04-30,2026-05-01,3,3,0
12158,9767,19,9,2026-04-10,2026-04-25,2026-04-14,445,445,6
12159,9768,25,1,2026-04-14,2026-04-17,2026-04-17,10,10,0
12160,9769,28,1,2026-04-17,2026-04-26,2026-04-28,47,47,1
12161,9770,10,2,2026-04-16,2026-05-03,2026-05-05,9,9,0
12162,9771,36,2,2026-04-15,2026-04-20,2026-04-21,35,35,1
12163,9772,11,2,2026-04-16,2026-04-21,2026-04-22,35,35,1
12164,9772,11,2,2026-04-13,2026-04-21,2026-04-22,38,38,0
12165,9773,49,2,2026-04-10,2026-04-14,2026-04-14,25,25,1
12166,9773,49,2,2026-04-10,2026-04-14,2026-04-14,32,32,0
12167,9774,21,10,2026-04-15,2026-04-16,2026-04-16,79,79,4
12168,9775,1,10,2026-04-10,2026-04-20,2026-04-22,360,360,1
12169,9775,1,10,2026-04-15,2026-04-21,2026-04-22,498,498,10
12170,9776,47,10,2026-04-15,2026-05-01,2026-05-01,415,415,10
12171,9777,10,9,2026-04-19,2026-05-05,2026-05-05,9,9,0
12172,9778,29,9,2026-04-23,2026-05-10,2026-05-03,54,54,1
12173,9779,28,7,2026-04-19,2026-04-25,2026-04-28,57,57,1
12174,9780,5,7,2026-04-12,2026-04-12,2026-04-15,376,376,17
12175,9781,9,8,2026-04-20,2026-04-28,2026-04-29,11,11,0
12176,9782,1,8,2026-04-18,2026-04-21,2026-04-22,48,48,1
12177,9783,12,8,2026-04-19,2026-04-26,2026-04-28,145,145,3
12178,9784,13,5,2026-04-14,2026-05-02,2026-04-22,3,3,0
12179,9784,13,5,2026-04-15,2026-04-20,2026-04-22,3,3,0
12180,9784,13,5,2026-04-16,2026-04-21,2026-04-22,2,2,0
12181,9785,10,5,2026-04-24,2026-05-03,2026-05-05,5,5,0
12182,9786,31,5,2026-04-24,2026-05-08,2026-05-11,9,9,0
12183,9787,48,3,2026-04-22,2026-05-06,2026-05-06,8,8,0
12184,9788,31,1,2026-04-25,2026-05-09,2026-05-11,392,392,10
12185,9789,37,1,2026-04-25,2026-05-08,2026-05-10,569,569,9
12186,9790,20,1,2026-04-11,2026-04-15,2026-04-16,39,39,1
12187,9791,47,9,2026-04-19,2026-05-02,2026-05-02,253,253,8
12188,9792,22,2,2026-04-17,2026-04-19,2026-04-16,111,111,3
12189,9793,44,2,2026-04-21,2026-04-29,2026-05-01,325,325,2
12190,9793,44,2,2026-04-25,2026-04-29,2026-05-01,207,207,2
12191,9793,44,2,2026-04-25,2026-04-29,2026-05-01,136,136,1
12192,9794,41,1,2026-04-19,2026-04-27,2026-04-29,15,15,1
12193,9795,2,1,2026-04-20,2026-04-27,2026-04-28,444,444,8
12194,9795,2,1,2026-04-14,2026-04-26,2026-04-28,504,504,13
12195,9796,10,1,2026-04-28,2026-05-05,2026-05-06,122,122,2
12196,9797,1,10,2026-04-11,2026-04-20,2026-04-23,4,4,0
12197,9797,1,10,2026-04-18,2026-04-20,2026-04-23,6,6,0
12198,9798,30,10,2026-04-15,2026-04-20,2026-04-21,5,5,0
12199,9799,39,10,2026-04-11,2026-04-16,2026-04-17,102,102,2
12200,9800,30,8,2026-04-20,2026-04-20,2026-04-21,277,277,1
12201,9801,36,8,2026-04-14,2026-04-20,2026-04-22,5,5,0
12202,9801,36,8,2026-04-12,2026-04-20,2026-04-22,13,13,0
12203,9802,16,8,2026-04-11,2026-04-15,2026-04-17,13,13,0
12204,9802,16,8,2026-04-11,2026-04-14,2026-04-17,14,14,0
12205,9803,13,10,2026-04-11,2026-04-20,2026-04-23,1043,1043,22
12206,9804,37,2,2026-04-19,2026-05-11,2026-05-11,55,55,1
12207,9805,28,2,2026-04-17,2026-04-29,2026-04-29,122,122,2
12208,9806,20,2,2026-04-11,2026-04-16,2026-04-16,48,48,1
12209,9807,25,6,2026-04-13,2026-04-16,2026-04-18,31,31,1
12210,9808,38,6,2026-04-12,2026-04-24,2026-04-15,811,811,32
12211,9809,44,1,2026-04-19,2026-04-29,2026-05-01,1069,1069,10
12212,9810,15,1,2026-04-13,2026-04-15,2026-04-17,19,19,1
12213,9811,21,1,2026-04-11,2026-04-17,2026-04-17,13,13,0
12214,9812,17,3,2026-04-18,2026-04-22,2026-04-22,8,8,1
12215,9813,10,3,2026-04-25,2026-05-06,2026-05-06,191,191,0
12216,9814,43,3,2026-04-12,2026-04-19,2026-04-20,28,28,0
12217,9814,43,3,2026-04-14,2026-04-18,2026-04-20,15,15,1
12218,9814,43,3,2026-04-18,2026-04-18,2026-04-20,30,30,1
12219,9815,30,3,2026-04-14,2026-04-18,2026-04-21,4,4,0
12220,9815,30,3,2026-04-16,2026-04-18,2026-04-21,9,9,0
12221,9816,28,3,2026-04-13,2026-04-29,2026-04-29,16,16,0
12222,9817,47,3,2026-04-15,2026-05-01,2026-05-02,313,313,16
12223,9817,47,3,2026-04-16,2026-05-12,2026-05-02,565,565,31
12224,9818,16,3,2026-04-19,2026-04-19,2026-04-17,1161,1161,19
12225,9819,20,1,2026-04-16,2026-04-16,2026-04-16,12,12,0
12226,9820,47,1,2026-04-23,2026-04-30,2026-05-02,86,86,5
12227,9821,31,6,2026-04-27,2026-05-10,2026-05-12,73,73,3
12228,9822,19,6,2026-04-11,2026-04-13,2026-04-15,33,33,1
12229,9823,30,6,2026-04-12,2026-04-20,2026-04-21,26,26,0
12230,9824,21,1,2026-04-12,2026-04-15,2026-04-17,18,18,1
12231,9825,32,1,2026-04-11,2026-04-16,2026-04-16,65,65,1
12232,9825,32,1,2026-04-13,2026-04-14,2026-04-16,77,77,1
12233,9826,17,1,2026-04-16,2026-04-22,2026-04-22,4,4,0
12234,9827,37,1,2026-04-26,2026-05-09,2026-05-11,1098,1098,10
12235,9828,30,1,2026-04-12,2026-04-19,2026-04-21,387,387,1
12236,9828,30,1,2026-04-16,2026-04-19,2026-04-21,247,247,1
12237,9829,50,1,2026-04-19,2026-04-26,2026-04-29,32,32,0
12238,9830,35,1,2026-04-15,2026-05-03,2026-04-22,24,24,0
12239,9831,44,1,2026-04-20,2026-04-29,2026-05-01,1084,1084,19
12240,9832,11,3,2026-04-18,2026-04-22,2026-04-23,13,13,0
12241,9833,30,3,2026-04-21,2026-04-21,2026-04-21,151,151,1
12242,9833,30,3,2026-04-16,2026-04-20,2026-04-21,105,105,0
12243,9834,35,2,2026-04-19,2026-04-19,2026-04-22,707,707,14
12244,9835,43,2,2026-04-14,2026-04-17,2026-04-20,4,4,0
12245,9836,21,2,2026-04-13,2026-04-17,2026-04-17,263,263,5
12246,9837,20,2,2026-04-13,2026-04-16,2026-04-16,47,47,2
12247,9838,46,2,2026-04-24,2026-05-04,2026-05-07,41,41,1
12248,9838,46,2,2026-04-21,2026-05-06,2026-05-07,38,38,0
12249,9839,11,2,2026-04-15,2026-04-22,2026-04-23,22,22,0
12250,9840,36,6,2026-04-20,2026-04-22,2026-04-23,502,502,14
12251,9841,37,6,2026-04-27,2026-05-09,2026-05-12,111,111,4
12252,9842,25,6,2026-04-13,2026-04-19,2026-04-19,60,60,1
12253,9843,8,9,2026-04-17,2026-04-26,2026-04-21,49,49,1
12254,9844,39,9,2026-04-16,2026-04-17,2026-04-18,50,50,1
12255,9845,47,9,2026-04-23,2026-05-01,2026-05-03,75,75,1
12256,9846,5,1,2026-04-12,2026-04-17,2026-04-17,573,573,0
12257,9847,43,1,2026-04-20,2026-04-20,2026-04-21,193,193,0
12258,9848,42,1,2026-04-19,2026-05-02,2026-04-25,68,68,3
12259,9849,48,1,2026-04-27,2026-05-05,2026-05-08,10,10,0
12260,9850,11,1,2026-04-20,2026-04-23,2026-04-25,240,240,6
12261,9850,11,1,2026-04-23,2026-04-24,2026-04-25,318,318,16
12262,9851,30,4,2026-04-17,2026-04-21,2026-04-23,224,224,2
12263,9852,43,6,2026-04-21,2026-04-28,2026-04-22,83,83,2
12264,9853,30,6,2026-04-15,2026-04-21,2026-04-23,865,865,3
12265,9854,28,6,2026-04-20,2026-04-28,2026-05-01,120,120,1
12266,9855,18,2,2026-04-14,2026-04-19,2026-04-19,41,41,2
12267,9856,45,2,2026-04-25,2026-05-08,2026-05-08,13,13,0
12268,9857,29,2,2026-04-24,2026-05-06,2026-05-07,16,16,0
12269,9858,15,2,2026-04-14,2026-04-18,2026-04-20,59,59,0
12270,9859,17,10,2026-04-14,2026-05-01,2026-04-25,11,11,2
12271,9860,19,10,2026-04-14,2026-04-16,2026-04-18,1003,1003,48
12272,9861,25,10,2026-04-22,2026-05-03,2026-04-21,6,6,0
12273,9862,1,10,2026-04-21,2026-04-26,2026-04-26,14,14,0
12274,9862,1,10,2026-04-18,2026-04-26,2026-04-26,12,12,0
12275,9863,25,10,2026-04-21,2026-04-21,2026-04-21,44,44,1
12276,9864,47,10,2026-04-26,2026-05-03,2026-05-05,33,33,0
12277,9865,7,10,2026-04-27,2026-05-16,2026-05-18,139,139,0
12278,9866,5,10,2026-04-14,2026-04-17,2026-04-19,10,10,1
12279,9867,50,6,2026-04-20,2026-05-01,2026-05-02,79,79,4
12280,9868,40,6,2026-04-28,2026-05-03,2026-05-06,12,12,0
12281,9869,43,6,2026-04-21,2026-04-22,2026-04-23,210,210,1
12282,9870,2,6,2026-04-19,2026-04-30,2026-05-01,17,17,0
12283,9870,2,6,2026-04-19,2026-05-01,2026-05-01,27,27,0
12284,9871,2,6,2026-04-21,2026-05-01,2026-05-01,377,377,3
12285,9871,2,6,2026-04-20,2026-04-29,2026-05-01,307,307,3
12286,9872,43,10,2026-04-18,2026-04-23,2026-04-23,15,15,0
12287,9873,5,10,2026-04-15,2026-04-25,2026-04-19,58,58,3
12288,9874,39,10,2026-04-15,2026-04-20,2026-04-20,915,915,8
12289,9875,41,7,2026-04-22,2026-05-02,2026-05-02,850,850,57
12290,9876,30,7,2026-04-20,2026-04-22,2026-04-24,26,26,0
12291,9877,7,7,2026-05-03,2026-05-17,2026-05-18,17,17,0
12292,9878,28,7,2026-04-25,2026-04-29,2026-05-02,10,10,0
12293,9879,1,10,2026-04-18,2026-04-26,2026-04-26,268,268,4
12294,9879,1,10,2026-04-24,2026-04-25,2026-04-26,270,270,5
12295,9880,17,10,2026-04-17,2026-04-25,2026-04-25,12,12,0
12296,9880,17,10,2026-04-20,2026-04-24,2026-04-25,5,5,0
12297,9880,17,10,2026-04-17,2026-04-24,2026-04-25,7,7,1
12298,9881,25,10,2026-04-14,2026-04-19,2026-04-21,1115,1115,27
12299,9882,19,10,2026-04-20,2026-04-20,2026-04-18,31,31,2
12300,9882,19,10,2026-04-16,2026-04-17,2026-04-18,39,39,0
12301,9883,6,10,2026-04-25,2026-04-29,2026-05-02,106,106,0
12302,9884,27,1,2026-04-16,2026-04-23,2026-04-26,18,18,0
12303,9884,27,1,2026-04-23,2026-04-25,2026-04-26,20,20,0
12304,9884,27,1,2026-04-17,2026-04-23,2026-04-26,18,18,1
12305,9885,46,1,2026-04-28,2026-05-07,2026-05-10,9,9,0
12306,9886,44,1,2026-04-22,2026-05-04,2026-05-04,974,974,21
12307,9887,47,1,2026-04-22,2026-05-02,2026-05-05,297,297,3
12308,9888,39,2,2026-04-14,2026-04-18,2026-04-20,29,29,1
12309,9889,11,8,2026-04-20,2026-04-26,2026-04-26,894,894,15
12310,9890,50,8,2026-04-26,2026-05-01,2026-05-02,581,581,26
12311,9891,43,8,2026-04-16,2026-04-30,2026-04-23,91,91,4
12312,9892,17,8,2026-04-15,2026-04-29,2026-04-25,10,10,2
12313,9893,30,8,2026-04-17,2026-04-24,2026-04-24,677,677,2
12314,9894,16,8,2026-04-14,2026-04-18,2026-04-20,10,10,0
12315,9894,16,8,2026-04-14,2026-04-20,2026-04-20,11,11,0
12316,9895,3,8,2026-05-03,2026-05-15,2026-05-18,60,60,2
12317,9896,45,8,2026-04-28,2026-05-07,2026-05-08,13,13,0
12318,9897,5,3,2026-04-14,2026-04-16,2026-04-19,98,98,6
12319,9898,47,3,2026-04-25,2026-05-02,2026-05-05,4,4,0
12320,9899,44,3,2026-04-25,2026-05-02,2026-05-04,258,258,0
12321,9900,2,5,2026-04-22,2026-04-29,2026-05-01,26,26,1
12322,9900,2,5,2026-04-23,2026-04-28,2026-05-01,23,23,0
12323,9901,40,5,2026-04-20,2026-05-05,2026-05-06,1022,1022,7
12324,9902,26,10,2026-04-19,2026-04-25,2026-04-26,450,450,13
12325,9903,15,10,2026-04-22,2026-04-22,2026-04-20,68,68,2
12326,9904,44,10,2026-04-26,2026-05-02,2026-05-04,274,274,3
12327,9905,30,10,2026-04-14,2026-04-24,2026-04-24,155,155,1
12328,9906,2,10,2026-04-18,2026-04-30,2026-05-01,217,217,4
12329,9907,40,7,2026-04-23,2026-05-06,2026-05-06,18,18,0
12330,9908,17,7,2026-04-22,2026-05-01,2026-04-25,578,578,68
12331,9909,35,7,2026-04-14,2026-04-23,2026-04-25,6,6,0
12332,9910,42,8,2026-04-22,2026-04-26,2026-04-28,178,178,6
12333,9911,47,8,2026-04-26,2026-05-06,2026-05-06,173,173,9
12334,9912,3,8,2026-05-01,2026-05-16,2026-05-19,31,31,1
12335,9913,9,5,2026-04-20,2026-05-01,2026-05-04,831,831,6
12336,9914,43,3,2026-04-22,2026-04-22,2026-04-24,20,20,1
12337,9915,35,3,2026-04-22,2026-04-24,2026-04-26,487,487,4
12338,9915,35,3,2026-04-22,2026-04-25,2026-04-26,750,750,2
12339,9916,13,3,2026-04-18,2026-04-26,2026-04-27,18,18,1
12340,9917,14,2,2026-04-23,2026-04-25,2026-04-27,8,8,0
12341,9918,43,2,2026-04-20,2026-04-22,2026-04-24,7,7,0
12342,9918,43,2,2026-04-22,2026-04-23,2026-04-24,4,4,0
12343,9918,43,2,2026-04-15,2026-04-23,2026-04-24,2,2,0
12344,9919,9,10,2026-04-18,2026-05-04,2026-05-04,25,25,1
12345,9920,18,10,2026-04-15,2026-04-20,2026-04-20,9,9,0
12346,9921,1,10,2026-04-22,2026-04-24,2026-04-27,61,61,1
12347,9922,37,9,2026-04-25,2026-05-15,2026-05-15,214,214,6
12348,9923,22,9,2026-04-15,2026-04-19,2026-04-20,149,149,5
12349,9924,1,2,2026-04-16,2026-04-27,2026-04-27,10,10,0
12350,9925,5,2,2026-04-18,2026-04-20,2026-04-20,90,90,4
12351,9926,39,1,2026-04-17,2026-04-21,2026-04-21,336,336,3
12352,9926,39,1,2026-04-21,2026-04-23,2026-04-21,504,504,11
12353,9927,4,1,2026-04-16,2026-05-08,2026-05-06,56,56,0
12354,9928,36,1,2026-04-20,2026-04-24,2026-04-26,75,75,1
12355,9929,23,10,2026-04-20,2026-04-25,2026-04-25,8,8,0
12356,9930,21,10,2026-04-16,2026-04-18,2026-04-21,826,826,27
12357,9931,37,10,2026-05-01,2026-05-14,2026-05-15,81,81,2
12358,9931,37,10,2026-04-30,2026-05-15,2026-05-15,130,130,3
12359,9932,43,10,2026-04-15,2026-04-22,2026-04-24,111,111,0
12360,9933,25,2,2026-04-15,2026-04-22,2026-04-22,19,19,0
12361,9934,42,2,2026-04-15,2026-04-26,2026-04-28,14,14,1
12362,9935,35,2,2026-04-24,2026-04-26,2026-04-26,135,135,1
12363,9936,9,2,2026-04-23,2026-05-04,2026-05-04,52,52,0
12364,9937,10,2,2026-04-22,2026-05-09,2026-05-10,240,240,8
12365,9937,10,2,2026-04-23,2026-05-10,2026-05-10,158,158,3
12366,9938,38,2,2026-04-15,2026-04-18,2026-04-19,230,230,2
12367,9938,38,2,2026-04-20,2026-04-20,2026-04-19,439,439,15
12368,9939,5,2,2026-04-15,2026-04-30,2026-04-20,43,43,4
12369,9940,49,2,2026-04-15,2026-04-18,2026-04-19,321,321,3
12370,9940,49,2,2026-04-22,2026-04-22,2026-04-19,617,617,24
12371,9941,20,2,2026-04-15,2026-04-25,2026-04-20,23,23,0
12372,9942,50,6,2026-04-23,2026-05-02,2026-05-03,6,6,0
12373,9942,50,6,2026-04-22,2026-04-30,2026-05-03,14,14,0
12374,9943,12,6,2026-04-29,2026-05-03,2026-05-03,136,136,4
12375,9944,16,6,2026-04-19,2026-04-21,2026-04-21,149,149,1
12376,9945,18,6,2026-04-15,2026-04-17,2026-04-20,243,243,4
12377,9946,45,6,2026-04-26,2026-05-09,2026-05-10,590,590,2
12378,9947,39,6,2026-04-16,2026-04-19,2026-04-22,640,640,1
12379,9948,13,6,2026-04-20,2026-04-27,2026-04-28,9,9,0
12380,9949,26,2,2026-04-16,2026-04-30,2026-04-28,87,87,3
12381,9950,19,2,2026-04-16,2026-04-18,2026-04-20,86,86,1
12382,9951,9,4,2026-04-25,2026-05-17,2026-05-05,695,695,6
12383,9952,42,4,2026-04-20,2026-04-26,2026-04-29,569,569,16
12384,9953,19,4,2026-04-21,2026-04-21,2026-04-20,30,30,1
12385,9954,37,4,2026-05-04,2026-05-15,2026-05-16,247,247,5
12386,9955,40,3,2026-04-24,2026-05-06,2026-05-08,14,14,0
12387,9956,16,3,2026-04-16,2026-04-20,2026-04-22,25,25,0
12388,9956,16,3,2026-04-17,2026-04-19,2026-04-22,40,40,0
12389,9957,22,3,2026-04-19,2026-04-19,2026-04-21,177,177,0
12390,9958,47,3,2026-04-29,2026-05-11,2026-05-07,13,13,0
12391,9959,36,10,2026-04-21,2026-04-24,2026-04-27,85,85,3
12392,9959,36,10,2026-04-23,2026-04-25,2026-04-27,100,100,2
12393,9960,36,10,2026-04-16,2026-04-26,2026-04-27,464,464,13
12394,9961,33,10,2026-04-22,2026-05-11,2026-05-11,595,595,19
12395,9962,22,10,2026-04-19,2026-04-19,2026-04-21,430,430,2
12396,9963,16,10,2026-04-24,2026-04-24,2026-04-22,8,8,0
12397,9964,45,4,2026-04-29,2026-05-08,2026-05-10,1060,1060,5
12398,9965,5,4,2026-04-24,2026-04-24,2026-04-21,37,37,0
12399,9965,5,4,2026-04-18,2026-04-19,2026-04-21,36,36,1
12400,9966,20,4,2026-04-16,2026-04-19,2026-04-21,36,36,1
12401,9966,20,4,2026-04-17,2026-04-21,2026-04-21,33,33,1
12402,9967,30,10,2026-04-25,2026-04-25,2026-04-26,11,11,0
12403,9968,41,10,2026-04-22,2026-05-03,2026-05-04,71,71,4
12404,9969,25,10,2026-04-16,2026-04-21,2026-04-23,52,52,1
12405,9969,25,10,2026-04-20,2026-05-05,2026-04-23,52,52,0
12406,9969,25,10,2026-04-19,2026-04-23,2026-04-23,44,44,1
12407,9970,8,10,2026-04-21,2026-04-24,2026-04-25,92,92,0
12408,9971,30,10,2026-04-18,2026-04-26,2026-04-26,10,10,0
12409,9972,36,4,2026-04-23,2026-04-25,2026-04-27,12,12,0
12410,9973,43,4,2026-04-20,2026-04-22,2026-04-25,339,339,9
12411,9974,30,4,2026-04-22,2026-04-24,2026-04-26,50,50,1
12412,9975,44,7,2026-04-22,2026-05-05,2026-05-06,348,348,8
12413,9976,37,8,2026-04-25,2026-05-16,2026-05-16,231,231,3
12414,9977,35,5,2026-04-23,2026-04-27,2026-04-27,686,686,10
12415,9978,47,5,2026-04-30,2026-05-07,2026-05-07,704,704,24
12416,9979,14,1,2026-04-17,2026-04-26,2026-04-28,10,10,0
12417,9980,43,8,2026-04-16,2026-04-23,2026-04-25,1091,1091,24
12418,9981,50,8,2026-04-27,2026-05-10,2026-05-04,253,253,6
12419,9982,47,6,2026-04-23,2026-05-07,2026-05-07,119,119,8
12420,9982,47,6,2026-04-26,2026-05-04,2026-05-07,103,103,8
12421,9983,20,6,2026-04-20,2026-04-20,2026-04-21,6,6,0
12422,9984,43,6,2026-04-17,2026-04-22,2026-04-25,10,10,1
12423,9985,1,6,2026-04-20,2026-05-04,2026-04-28,1165,1165,10
12424,9986,26,5,2026-04-22,2026-04-28,2026-04-28,297,297,7
12425,9986,26,5,2026-04-23,2026-05-06,2026-04-28,246,246,8
12426,9987,39,5,2026-04-17,2026-04-22,2026-04-22,13,13,0
12427,9988,44,10,2026-04-24,2026-05-17,2026-05-06,84,84,1
12428,9989,23,10,2026-04-20,2026-04-26,2026-04-26,183,183,7
12429,9990,31,3,2026-05-03,2026-05-28,2026-05-17,102,102,3
12430,9990,31,3,2026-05-06,2026-05-16,2026-05-17,85,85,1
12431,9990,31,3,2026-04-29,2026-05-16,2026-05-17,129,129,3
12432,9991,2,3,2026-04-23,2026-04-30,2026-05-03,61,61,0
12433,9992,47,3,2026-04-24,2026-05-05,2026-05-07,467,467,16
12434,9993,40,3,2026-04-28,2026-05-05,2026-05-08,786,786,2
12435,9994,30,3,2026-04-23,2026-04-26,2026-04-26,68,68,0
12436,9995,25,3,2026-04-19,2026-04-20,2026-04-23,65,65,0
12437,9996,8,6,2026-04-18,2026-04-24,2026-04-26,11,11,0
12438,9997,32,1,2026-04-21,2026-04-22,2026-04-22,59,59,1
12439,9997,32,1,2026-04-26,2026-04-26,2026-04-22,41,41,1
12440,9998,41,1,2026-04-23,2026-05-04,2026-05-05,23,23,1
12441,9999,35,1,2026-04-20,2026-04-26,2026-04-28,61,61,1
12442,10000,24,8,2026-04-28,2026-05-05,2026-05-08,59,59,1
12443,10000,24,8,2026-04-25,2026-05-08,2026-05-08,114,114,2
12444,10001,11,8,2026-04-21,2026-05-11,2026-04-29,9,9,0
12445,10001,11,8,2026-04-20,2026-04-28,2026-04-29,5,5,0
12446,10001,11,8,2026-04-25,2026-04-26,2026-04-29,9,9,0
12447,10002,18,8,2026-04-22,2026-04-22,2026-04-22,542,542,13
12448,10002,18,8,2026-04-19,2026-04-21,2026-04-22,484,484,8
12449,10003,50,5,2026-04-27,2026-05-02,2026-05-05,13,13,1
12450,10004,21,4,2026-04-19,2026-04-22,2026-04-23,489,489,0
12451,10005,18,4,2026-04-19,2026-04-19,2026-04-22,223,223,6
12452,10006,25,4,2026-04-21,2026-04-24,2026-04-24,982,982,8
12453,10007,42,4,2026-04-20,2026-04-27,2026-04-30,176,176,7
12454,10008,7,4,2026-05-03,2026-05-21,2026-05-21,49,49,1
12455,10009,39,9,2026-04-17,2026-04-21,2026-04-23,7,7,0
12456,10010,21,9,2026-04-20,2026-04-23,2026-04-23,402,402,16
12457,10011,28,9,2026-04-27,2026-05-05,2026-05-05,565,565,13
12458,10012,21,1,2026-04-17,2026-04-20,2026-04-23,9,9,0
12459,10013,39,9,2026-04-17,2026-04-21,2026-04-23,388,388,3
12460,10014,44,9,2026-04-25,2026-05-06,2026-05-07,24,24,0
12461,10014,44,9,2026-04-24,2026-05-06,2026-05-07,10,10,0
12462,10014,44,9,2026-04-29,2026-05-05,2026-05-07,8,8,0
12463,10015,30,9,2026-04-20,2026-04-27,2026-04-27,64,64,0
12464,10016,35,9,2026-04-18,2026-04-27,2026-04-28,28,28,0
12465,10017,5,9,2026-04-17,2026-04-20,2026-04-22,268,268,19
12466,10018,45,5,2026-05-02,2026-05-12,2026-05-12,904,904,3
12467,10019,20,5,2026-04-23,2026-04-23,2026-04-23,22,22,1
12468,10019,20,5,2026-04-18,2026-04-21,2026-04-23,8,8,0
12469,10019,20,5,2026-04-20,2026-04-21,2026-04-23,18,18,0
12470,10020,46,5,2026-04-30,2026-05-11,2026-05-14,438,438,22
12471,10021,39,5,2026-04-20,2026-04-21,2026-04-24,10,10,0
12472,10022,43,5,2026-04-21,2026-05-05,2026-04-27,374,374,15
12473,10023,33,1,2026-04-29,2026-05-11,2026-05-13,7,7,0
12474,10023,33,1,2026-05-01,2026-05-14,2026-05-13,5,5,0
12475,10024,16,1,2026-04-18,2026-04-22,2026-04-24,130,130,0
12476,10025,18,1,2026-04-18,2026-04-23,2026-04-23,1054,1054,0
12477,10026,33,1,2026-05-03,2026-05-12,2026-05-13,9,9,0
12478,10027,28,1,2026-04-27,2026-05-06,2026-05-06,9,9,0
12479,10028,8,8,2026-04-25,2026-04-25,2026-04-27,41,41,0
12480,10029,50,8,2026-04-23,2026-05-07,2026-05-06,73,73,0
12481,10030,48,8,2026-04-29,2026-05-12,2026-05-14,7,7,0
12482,10031,39,8,2026-04-19,2026-04-24,2026-04-24,4,4,0
12483,10031,39,8,2026-04-25,2026-05-01,2026-04-24,5,5,0
12484,10032,43,8,2026-04-22,2026-04-29,2026-04-27,170,170,11
12485,10033,10,4,2026-05-06,2026-05-10,2026-05-13,194,194,7
12486,10034,17,4,2026-04-23,2026-04-28,2026-04-29,5,5,0
12487,10034,17,4,2026-04-22,2026-04-28,2026-04-29,8,8,1
12488,10035,45,1,2026-04-27,2026-05-10,2026-05-12,667,667,0
12489,10035,45,1,2026-04-28,2026-05-10,2026-05-12,502,502,1
12490,10036,40,1,2026-04-26,2026-05-10,2026-05-10,14,14,0
12491,10037,39,3,2026-04-18,2026-04-22,2026-04-24,5,5,0
12492,10038,46,3,2026-05-01,2026-05-22,2026-05-14,45,45,0
12493,10039,20,3,2026-04-23,2026-04-23,2026-04-23,7,7,0
12494,10040,45,3,2026-04-28,2026-05-11,2026-05-12,375,375,1
12495,10041,45,9,2026-04-28,2026-05-09,2026-05-12,80,80,0
12496,10042,2,9,2026-04-26,2026-05-03,2026-05-05,64,64,1
12497,10043,41,9,2026-04-29,2026-05-08,2026-05-06,11,11,0
12498,10043,41,9,2026-04-29,2026-05-06,2026-05-06,6,6,1
12499,10043,41,9,2026-04-26,2026-05-12,2026-05-06,3,3,0
12500,10044,35,9,2026-04-18,2026-04-27,2026-04-29,711,711,8
12501,10045,18,9,2026-04-21,2026-04-22,2026-04-23,7,7,0
12502,10045,18,9,2026-04-20,2026-05-02,2026-04-23,5,5,0
12503,10046,17,9,2026-04-22,2026-05-04,2026-04-29,8,8,1
12504,10047,2,9,2026-04-26,2026-05-02,2026-05-05,76,76,2
12505,10048,20,9,2026-04-21,2026-04-24,2026-04-23,66,66,3
12506,10049,35,9,2026-04-21,2026-04-28,2026-04-29,14,14,0
12507,10049,35,9,2026-04-19,2026-04-29,2026-04-29,13,13,0
12508,10050,14,9,2026-04-19,2026-04-29,2026-04-30,187,187,1
12509,10051,45,9,2026-04-30,2026-05-12,2026-05-12,77,77,0
12510,10051,45,9,2026-04-28,2026-05-10,2026-05-12,47,47,0
12511,10052,41,9,2026-04-25,2026-05-04,2026-05-06,72,72,4
12512,10053,2,9,2026-04-26,2026-05-03,2026-05-05,110,110,1
12513,10054,17,9,2026-04-30,2026-04-30,2026-04-29,21,21,1
12514,10055,18,5,2026-04-18,2026-04-20,2026-04-23,20,20,0
12515,10056,43,7,2026-04-24,2026-04-27,2026-04-28,45,45,1
12516,10057,39,7,2026-04-27,2026-04-27,2026-04-25,68,68,2
12517,10058,25,7,2026-04-23,2026-04-25,2026-04-26,756,756,0
12518,10059,1,7,2026-04-26,2026-05-05,2026-05-01,2,2,0
12519,10059,1,7,2026-04-21,2026-04-29,2026-05-01,1,1,0
12520,10059,1,7,2026-04-25,2026-05-01,2026-05-01,2,2,0
12521,10060,4,7,2026-04-29,2026-05-09,2026-05-10,801,801,33
12522,10061,39,6,2026-04-19,2026-04-25,2026-04-25,44,44,1
12523,10062,11,6,2026-04-23,2026-04-29,2026-05-01,8,8,0
12524,10063,24,6,2026-04-29,2026-05-10,2026-05-10,172,172,3
12525,10064,7,6,2026-05-06,2026-05-20,2026-05-23,2,2,0
12526,10064,7,6,2026-05-07,2026-05-21,2026-05-23,3,3,0
12527,10065,35,6,2026-04-27,2026-04-30,2026-04-30,970,970,0
12528,10066,39,9,2026-04-23,2026-04-25,2026-04-26,49,49,1
12529,10067,8,9,2026-04-20,2026-04-26,2026-04-29,10,10,0
12530,10068,21,9,2026-04-22,2026-04-25,2026-04-26,270,270,5
12531,10068,21,9,2026-04-20,2026-04-25,2026-04-26,345,345,6
12532,10069,33,2,2026-04-25,2026-05-14,2026-05-15,378,378,10
12533,10070,13,2,2026-04-22,2026-04-30,2026-05-02,68,68,1
12534,10071,41,7,2026-04-26,2026-05-06,2026-05-08,9,9,0
12535,10071,41,7,2026-04-22,2026-05-06,2026-05-08,8,8,0
12536,10072,4,7,2026-05-01,2026-05-10,2026-05-11,9,9,0
12537,10073,19,2,2026-04-21,2026-04-22,2026-04-24,18,18,1
12538,10074,38,2,2026-04-20,2026-04-22,2026-04-24,6,6,0
12539,10075,21,2,2026-04-27,2026-04-27,2026-04-26,5,5,0
12540,10076,40,3,2026-04-27,2026-05-22,2026-05-12,72,72,1
12541,10077,23,3,2026-04-29,2026-04-29,2026-04-30,30,30,1
12542,10078,39,10,2026-04-21,2026-04-23,2026-04-26,5,5,0
12543,10078,39,10,2026-04-20,2026-04-26,2026-04-26,2,2,0
12544,10078,39,10,2026-04-23,2026-04-24,2026-04-26,2,2,0
12545,10079,30,10,2026-04-21,2026-04-29,2026-04-30,176,176,1
12546,10079,30,10,2026-04-20,2026-04-28,2026-04-30,133,133,0
12547,10080,42,10,2026-04-23,2026-05-02,2026-05-03,43,43,1
12548,10081,41,1,2026-04-29,2026-05-11,2026-05-08,251,251,14
12549,10082,30,1,2026-04-26,2026-04-28,2026-04-30,20,20,0
12550,10083,36,1,2026-04-24,2026-04-28,2026-05-01,809,809,49
12551,10084,8,5,2026-04-22,2026-04-28,2026-04-30,110,110,0
12552,10084,8,5,2026-04-26,2026-04-30,2026-04-30,48,48,1
12553,10084,8,5,2026-04-22,2026-04-27,2026-04-30,80,80,2
12554,10085,28,5,2026-04-26,2026-05-07,2026-05-09,1155,1155,11
12555,10086,18,5,2026-04-22,2026-04-24,2026-04-26,190,190,5
12556,10087,30,6,2026-04-26,2026-05-01,2026-05-01,10,10,0
12557,10088,43,6,2026-04-24,2026-04-29,2026-04-30,22,22,1
12558,10088,43,6,2026-04-21,2026-04-30,2026-04-30,22,22,0
12559,10089,39,6,2026-04-25,2026-04-26,2026-04-27,49,49,0
12560,10090,2,6,2026-04-24,2026-05-06,2026-05-08,128,128,1
12561,10091,33,5,2026-05-04,2026-05-13,2026-05-16,18,18,1
12562,10092,12,5,2026-04-30,2026-05-20,2026-05-09,130,130,2
12563,10092,12,5,2026-04-28,2026-05-09,2026-05-09,72,72,3
12564,10092,12,5,2026-05-01,2026-05-09,2026-05-09,91,91,1
12565,10093,30,5,2026-04-28,2026-04-30,2026-05-01,471,471,4
12566,10093,30,5,2026-04-24,2026-05-05,2026-05-01,437,437,3
12567,10094,20,5,2026-04-22,2026-04-25,2026-04-26,11,11,0
12568,10095,46,4,2026-04-30,2026-05-23,2026-05-17,377,377,6
12569,10096,39,4,2026-04-21,2026-04-24,2026-04-27,13,13,0
12570,10097,10,10,2026-05-01,2026-05-15,2026-05-16,79,79,5
12571,10098,7,10,2026-05-10,2026-05-25,2026-05-25,89,89,0
12572,10098,7,10,2026-05-06,2026-05-25,2026-05-25,60,60,1
12573,10099,22,10,2026-04-23,2026-04-23,2026-04-26,10,10,0
12574,10100,34,9,2026-05-11,2026-05-22,2026-05-25,11,11,0
12575,10101,30,9,2026-04-21,2026-04-30,2026-05-01,54,54,0
12576,10102,35,9,2026-04-29,2026-05-10,2026-05-02,33,33,1
12577,10103,4,9,2026-05-02,2026-05-15,2026-05-12,31,31,0
12578,10104,47,6,2026-05-02,2026-05-12,2026-05-12,28,28,1
12579,10105,18,6,2026-04-28,2026-04-28,2026-04-26,56,56,2
12580,10106,40,6,2026-04-30,2026-05-10,2026-05-13,164,164,0
12581,10107,45,2,2026-04-30,2026-05-13,2026-05-15,224,224,1
12582,10108,18,8,2026-04-21,2026-04-25,2026-04-26,101,101,2
12583,10109,26,8,2026-04-21,2026-05-02,2026-05-03,422,422,2
12584,10110,48,7,2026-05-02,2026-05-15,2026-05-17,939,939,26
12585,10111,40,7,2026-04-29,2026-05-10,2026-05-13,1385,1385,19
12586,10112,14,7,2026-04-25,2026-05-01,2026-05-03,29,29,0
12587,10113,45,7,2026-05-01,2026-05-13,2026-05-15,733,733,3
12588,10114,2,7,2026-04-28,2026-05-07,2026-05-08,13,13,0
12589,10115,8,4,2026-04-23,2026-04-30,2026-05-01,80,80,0
12590,10116,43,4,2026-04-24,2026-05-01,2026-05-01,9,9,0
12591,10117,30,4,2026-04-29,2026-04-30,2026-05-02,27,27,0
12592,10118,30,4,2026-04-25,2026-05-01,2026-05-02,5,5,0
12593,10119,18,3,2026-04-28,2026-04-28,2026-04-27,5,5,0
12594,10120,42,3,2026-05-02,2026-05-05,2026-05-05,452,452,23
12595,10121,39,3,2026-04-22,2026-04-28,2026-04-28,13,13,0
12596,10122,43,1,2026-04-28,2026-05-08,2026-05-01,142,142,5
12597,10123,15,1,2026-04-23,2026-04-25,2026-04-28,42,42,2
12598,10124,35,3,2026-04-23,2026-05-14,2026-05-03,26,26,0
12599,10124,35,3,2026-04-25,2026-05-03,2026-05-03,35,35,0
12600,10125,30,3,2026-04-30,2026-04-30,2026-05-02,979,979,6
12601,10126,28,6,2026-04-28,2026-05-09,2026-05-10,23,23,0
12602,10126,28,6,2026-04-28,2026-05-07,2026-05-10,24,24,0
12603,10127,3,6,2026-05-09,2026-06-05,2026-05-26,40,40,2
12604,10128,50,6,2026-04-30,2026-05-16,2026-05-10,53,53,0
12605,10129,1,10,2026-04-27,2026-05-04,2026-05-04,17,17,0
12606,10130,20,10,2026-04-28,2026-04-28,2026-04-27,143,143,2
12607,10131,38,1,2026-04-22,2026-04-27,2026-04-26,207,207,10
12608,10132,40,1,2026-04-29,2026-05-11,2026-05-14,40,40,0
12609,10133,27,6,2026-04-26,2026-05-08,2026-05-05,15,15,0
12610,10134,14,6,2026-05-01,2026-05-05,2026-05-05,73,73,0
12611,10135,22,2,2026-04-28,2026-04-28,2026-04-28,45,45,2
12612,10135,22,2,2026-04-23,2026-04-25,2026-04-28,42,42,2
12613,10136,10,2,2026-05-09,2026-05-26,2026-05-18,23,23,1
12614,10137,37,2,2026-05-03,2026-05-21,2026-05-23,191,191,2
12615,10138,47,7,2026-04-29,2026-05-13,2026-05-14,134,134,6
12616,10138,47,7,2026-05-04,2026-05-11,2026-05-14,116,116,7
12617,10138,47,7,2026-05-05,2026-05-12,2026-05-14,113,113,5
12618,10139,40,7,2026-05-02,2026-05-12,2026-05-15,23,23,0
12619,10140,50,10,2026-04-29,2026-05-14,2026-05-11,141,141,4
12620,10141,25,10,2026-04-27,2026-04-27,2026-04-30,56,56,1
12621,10142,29,10,2026-05-02,2026-05-16,2026-05-16,53,53,0
12622,10143,17,4,2026-04-28,2026-05-02,2026-05-04,23,23,1
12623,10143,17,4,2026-04-26,2026-05-02,2026-05-04,16,16,2
12624,10144,22,5,2026-04-28,2026-05-03,2026-04-28,11,11,0
12625,10145,3,5,2026-05-12,2026-05-27,2026-05-27,39,39,0
12626,10145,3,5,2026-05-10,2026-05-25,2026-05-27,58,58,5
12627,10146,13,5,2026-04-27,2026-05-02,2026-05-05,79,79,2
12628,10147,22,4,2026-04-23,2026-04-28,2026-04-28,81,81,3
12629,10148,25,4,2026-04-23,2026-04-28,2026-04-30,134,134,3
12630,10149,10,4,2026-04-30,2026-05-15,2026-05-18,5,5,0
12631,10150,19,2,2026-04-24,2026-04-25,2026-04-28,69,69,4
12632,10150,19,2,2026-04-24,2026-04-25,2026-04-28,44,44,1
12633,10150,19,2,2026-04-24,2026-04-25,2026-04-28,42,42,1
12634,10151,7,4,2026-05-11,2026-05-28,2026-05-28,49,49,0
12635,10152,36,4,2026-04-28,2026-05-02,2026-05-05,9,9,0
12636,10153,38,4,2026-04-24,2026-05-03,2026-04-28,80,80,1
12637,10153,38,4,2026-05-02,2026-05-02,2026-04-28,113,113,1
12638,10154,40,4,2026-05-11,2026-05-14,2026-05-16,149,149,2
12639,10155,41,6,2026-05-02,2026-05-21,2026-05-12,95,95,6
12640,10156,43,5,2026-04-29,2026-05-03,2026-05-03,87,87,1
12641,10156,43,5,2026-04-26,2026-05-03,2026-05-03,121,121,6
12642,10157,13,5,2026-05-01,2026-05-05,2026-05-06,130,130,2
12643,10158,17,4,2026-05-01,2026-05-03,2026-05-05,163,163,13
12644,10159,16,4,2026-04-27,2026-04-28,2026-04-30,1154,1154,3
12645,10160,45,4,2026-05-04,2026-05-16,2026-05-18,317,317,1
12646,10160,45,4,2026-05-07,2026-05-17,2026-05-18,749,749,2
12647,10161,36,4,2026-05-04,2026-05-04,2026-05-05,7,7,0
12648,10162,33,4,2026-05-05,2026-05-18,2026-05-19,30,30,1
12649,10163,8,4,2026-04-27,2026-05-07,2026-05-03,438,438,7
12650,10164,43,4,2026-04-27,2026-05-02,2026-05-03,618,618,22
12651,10165,21,4,2026-04-29,2026-04-29,2026-04-30,54,54,1
12652,10166,39,6,2026-04-24,2026-04-27,2026-04-30,24,24,0
12653,10167,30,6,2026-04-30,2026-05-01,2026-05-04,236,236,0
12654,10167,30,6,2026-04-27,2026-05-04,2026-05-04,448,448,0
12655,10168,6,6,2026-05-03,2026-05-10,2026-05-12,626,626,1
12656,10169,1,6,2026-05-05,2026-05-06,2026-05-06,453,453,3
12657,10170,31,6,2026-05-05,2026-05-22,2026-05-25,113,113,3
12658,10170,31,6,2026-05-10,2026-05-25,2026-05-25,84,84,0
12659,10170,31,6,2026-05-08,2026-05-22,2026-05-25,82,82,3
12660,10171,11,6,2026-04-27,2026-05-05,2026-05-06,49,49,1
12661,10172,47,2,2026-05-02,2026-05-12,2026-05-15,475,475,14
12662,10173,45,2,2026-04-29,2026-05-17,2026-05-18,7,7,0
12663,10174,42,2,2026-04-27,2026-05-09,2026-05-07,14,14,0
12664,10175,20,2,2026-04-27,2026-04-28,2026-04-29,164,164,6
12665,10175,20,2,2026-04-26,2026-04-28,2026-04-29,173,173,3
12666,10175,20,2,2026-04-24,2026-04-28,2026-04-29,247,247,11
12667,10176,32,2,2026-04-24,2026-04-28,2026-04-29,35,35,1
12668,10177,32,1,2026-04-27,2026-04-27,2026-04-29,302,302,0
12669,10177,32,1,2026-04-27,2026-04-27,2026-04-29,106,106,2
12670,10177,32,1,2026-04-24,2026-04-29,2026-04-29,151,151,1
12671,10178,11,10,2026-04-30,2026-05-03,2026-05-06,197,197,2
12672,10179,39,10,2026-04-27,2026-04-28,2026-04-30,110,110,3
12673,10180,2,5,2026-05-06,2026-05-08,2026-05-11,143,143,3
12674,10181,26,5,2026-04-30,2026-05-06,2026-05-06,8,8,0
12675,10182,23,9,2026-04-24,2026-05-05,2026-05-04,72,72,6
12676,10183,39,8,2026-04-25,2026-05-01,2026-05-01,116,116,2
12677,10184,44,8,2026-04-28,2026-05-12,2026-05-15,17,17,0
12678,10185,23,10,2026-04-26,2026-05-02,2026-05-05,25,25,1
12679,10186,39,10,2026-04-28,2026-05-13,2026-05-01,395,395,3
12680,10187,35,1,2026-05-05,2026-05-05,2026-05-06,214,214,2
12681,10187,35,1,2026-04-30,2026-05-03,2026-05-06,331,331,6
12682,10188,18,1,2026-04-27,2026-04-30,2026-04-30,102,102,2
12683,10189,20,1,2026-04-27,2026-04-30,2026-04-30,9,9,0
12684,10190,48,1,2026-05-09,2026-05-18,2026-05-21,626,626,20
12685,10191,24,1,2026-05-02,2026-05-16,2026-05-16,182,182,3
12686,10192,1,1,2026-05-02,2026-05-07,2026-05-07,97,97,2
12687,10193,19,1,2026-04-30,2026-04-30,2026-04-29,20,20,1
12688,10193,19,1,2026-04-25,2026-04-26,2026-04-29,7,7,0
12689,10193,19,1,2026-04-25,2026-04-29,2026-04-29,11,11,0
12690,10194,42,1,2026-05-02,2026-05-06,2026-05-08,218,218,6
12691,10195,1,1,2026-04-26,2026-05-05,2026-05-07,115,115,0
12692,10196,30,8,2026-04-28,2026-05-03,2026-05-05,65,65,0
12693,10197,9,8,2026-04-30,2026-05-14,2026-05-14,17,17,0
12694,10198,35,8,2026-04-30,2026-05-05,2026-05-06,366,366,1
12695,10199,5,8,2026-04-25,2026-04-27,2026-04-30,8,8,0
12696,10200,21,8,2026-04-25,2026-05-13,2026-05-01,11,11,0
12697,10200,21,8,2026-04-25,2026-04-30,2026-05-01,12,12,1
12698,10201,36,2,2026-05-01,2026-05-03,2026-05-06,7,7,0
12699,10202,27,2,2026-04-28,2026-05-06,2026-05-07,11,11,0
12700,10202,27,2,2026-04-29,2026-05-08,2026-05-07,13,13,0
12701,10203,11,5,2026-05-04,2026-05-05,2026-05-07,223,223,4
12702,10204,10,8,2026-05-10,2026-05-20,2026-05-20,238,238,0
12703,10205,30,8,2026-04-26,2026-05-04,2026-05-05,76,76,0
12704,10206,13,8,2026-04-28,2026-05-06,2026-05-07,10,10,0
12705,10207,37,8,2026-05-07,2026-05-24,2026-05-25,623,623,0
12706,10208,27,8,2026-05-05,2026-05-05,2026-05-07,875,875,13
12707,10209,35,8,2026-04-27,2026-05-03,2026-05-06,22,22,0
12708,10210,43,4,2026-04-27,2026-05-03,2026-05-04,450,450,22
12709,10211,44,4,2026-05-05,2026-05-12,2026-05-15,191,191,4
12710,10212,23,4,2026-04-27,2026-05-05,2026-05-05,222,222,15
12711,10213,3,4,2026-05-10,2026-05-30,2026-05-29,173,173,6
12712,10213,3,4,2026-05-11,2026-05-26,2026-05-29,63,63,1
12713,10213,3,4,2026-05-14,2026-05-28,2026-05-29,171,171,11
12714,10214,27,4,2026-04-29,2026-05-12,2026-05-07,8,8,0
12715,10215,20,4,2026-04-25,2026-04-29,2026-04-30,382,382,8
12716,10216,36,8,2026-05-02,2026-05-05,2026-05-06,481,481,35
12717,10217,17,8,2026-05-04,2026-05-04,2026-05-06,20,20,3
12718,10218,16,8,2026-04-27,2026-05-01,2026-05-01,267,267,2
12719,10218,16,8,2026-04-27,2026-04-28,2026-05-01,242,242,2
12720,10219,50,10,2026-05-04,2026-05-14,2026-05-14,3,3,0
12721,10219,50,10,2026-04-30,2026-05-12,2026-05-14,4,4,0
12722,10220,25,2,2026-04-29,2026-05-01,2026-05-03,12,12,0
12723,10221,26,2,2026-04-30,2026-05-08,2026-05-08,23,23,1
12724,10222,20,2,2026-04-26,2026-04-30,2026-05-01,298,298,7
12725,10223,8,2,2026-05-02,2026-05-02,2026-05-05,447,447,0
12726,10224,42,2,2026-04-29,2026-05-16,2026-05-09,11,11,1
12727,10225,41,2,2026-05-01,2026-05-13,2026-05-14,6,6,0
12728,10226,38,6,2026-04-30,2026-04-30,2026-04-30,61,61,1
12729,10227,2,6,2026-04-29,2026-05-13,2026-05-13,89,89,1
12730,10228,1,2,2026-05-05,2026-05-07,2026-05-08,24,24,0
12731,10229,3,2,2026-05-13,2026-05-30,2026-05-30,7,7,0
12732,10230,18,5,2026-04-28,2026-04-29,2026-05-02,5,5,0
12733,10230,18,5,2026-04-27,2026-05-01,2026-05-02,6,6,0
12734,10231,2,5,2026-05-06,2026-05-13,2026-05-14,128,128,4
12735,10232,1,5,2026-05-03,2026-05-06,2026-05-09,63,63,1
12736,10232,1,5,2026-05-07,2026-05-09,2026-05-09,29,29,0
12737,10232,1,5,2026-04-29,2026-05-07,2026-05-09,29,29,1
12738,10233,41,5,2026-05-04,2026-05-18,2026-05-15,72,72,1
12739,10234,21,5,2026-04-28,2026-05-01,2026-05-03,19,19,1
12740,10235,33,6,2026-05-12,2026-05-22,2026-05-22,130,130,1
12741,10236,22,6,2026-05-02,2026-05-10,2026-05-02,103,103,1
12742,10237,16,6,2026-04-27,2026-05-03,2026-05-03,455,455,5
12743,10238,30,5,2026-05-03,2026-05-08,2026-05-08,1019,1019,3
12744,10239,35,5,2026-05-09,2026-05-09,2026-05-09,149,149,1
12745,10240,25,5,2026-05-07,2026-05-07,2026-05-05,9,9,0
12746,10241,25,5,2026-05-05,2026-05-05,2026-05-05,14,14,0
12747,10241,25,5,2026-05-02,2026-05-05,2026-05-05,17,17,0
12748,10242,50,2,2026-05-07,2026-05-14,2026-05-16,408,408,17
12749,10243,47,5,2026-05-10,2026-05-19,2026-05-19,16,16,0
12750,10243,47,5,2026-05-15,2026-05-18,2026-05-19,21,21,1
12751,10244,1,5,2026-05-07,2026-05-07,2026-05-10,65,65,0
12752,10245,19,5,2026-05-02,2026-05-02,2026-05-02,170,170,10
12753,10246,39,5,2026-04-29,2026-05-02,2026-05-04,937,937,9
12754,10247,6,5,2026-05-03,2026-05-15,2026-05-16,58,58,0
12755,10248,19,4,2026-05-01,2026-05-02,2026-05-02,20,20,1
12756,10249,39,4,2026-04-28,2026-05-01,2026-05-04,17,17,0
12757,10250,20,4,2026-04-29,2026-05-01,2026-05-03,484,484,3
12758,10251,47,4,2026-05-04,2026-05-16,2026-05-19,209,209,11
12759,10252,10,4,2026-05-14,2026-05-20,2026-05-23,18,18,0
12760,10253,41,4,2026-05-03,2026-05-16,2026-05-16,68,68,1
12761,10254,36,7,2026-05-01,2026-05-08,2026-05-09,11,11,0
12762,10255,27,7,2026-04-28,2026-05-09,2026-05-10,8,8,0
12763,10256,46,7,2026-05-13,2026-05-22,2026-05-24,108,108,9
12764,10256,46,7,2026-05-10,2026-05-22,2026-05-24,98,98,4
12765,10257,41,7,2026-05-06,2026-05-14,2026-05-16,33,33,1
12766,10258,2,7,2026-05-05,2026-05-13,2026-05-15,72,72,1
12767,10259,47,5,2026-05-10,2026-05-18,2026-05-19,7,7,0
12768,10260,30,5,2026-04-28,2026-05-07,2026-05-08,42,42,0
12769,10261,9,1,2026-05-04,2026-05-14,2026-05-17,20,20,0
12770,10262,35,1,2026-05-03,2026-05-06,2026-05-09,162,162,3
12771,10263,10,1,2026-05-09,2026-06-04,2026-05-23,220,220,10
12772,10264,36,10,2026-05-04,2026-05-06,2026-05-09,99,99,4
12773,10265,7,10,2026-05-17,2026-06-10,2026-06-01,300,300,7
12774,10266,49,10,2026-04-28,2026-05-01,2026-05-02,9,9,0
12775,10267,8,10,2026-05-06,2026-05-06,2026-05-07,9,9,0
12776,10268,8,10,2026-05-01,2026-05-05,2026-05-07,13,13,0
12777,10269,18,8,2026-04-28,2026-05-03,2026-05-03,91,91,2
12778,10270,47,8,2026-05-02,2026-05-16,2026-05-19,108,108,5
12779,10270,47,8,2026-05-10,2026-05-16,2026-05-19,80,80,3
12780,10271,50,8,2026-05-09,2026-05-16,2026-05-16,18,18,1
12781,10272,11,8,2026-05-07,2026-05-10,2026-05-10,6,6,0
12782,10272,11,8,2026-05-05,2026-05-09,2026-05-10,7,7,0
12783,10273,10,8,2026-05-07,2026-05-21,2026-05-23,48,48,1
12784,10274,17,3,2026-05-01,2026-05-09,2026-05-09,723,723,81
12785,10275,20,3,2026-05-02,2026-05-02,2026-05-03,53,53,2
12786,10275,20,3,2026-04-29,2026-05-01,2026-05-03,41,41,0
12787,10276,2,3,2026-05-08,2026-05-14,2026-05-15,39,39,1
12788,10276,2,3,2026-05-04,2026-05-15,2026-05-15,61,61,1
12789,10277,39,3,2026-05-04,2026-05-04,2026-05-04,304,304,4
12790,10277,39,3,2026-04-30,2026-05-04,2026-05-04,660,660,5
12791,10278,45,3,2026-05-06,2026-05-21,2026-05-22,1378,1378,0
12792,10279,21,3,2026-04-28,2026-05-03,2026-05-04,753,753,7
12793,10280,17,5,2026-05-03,2026-05-07,2026-05-10,5,5,0
12794,10280,17,5,2026-05-04,2026-05-10,2026-05-10,3,3,0
12795,10281,41,5,2026-05-07,2026-05-15,2026-05-17,764,764,18
12796,10282,14,1,2026-05-03,2026-05-09,2026-05-11,111,111,0
12797,10283,16,1,2026-04-30,2026-05-02,2026-05-05,273,273,0
12798,10284,20,2,2026-05-02,2026-05-06,2026-05-04,1000,1000,54
12799,10285,9,2,2026-05-08,2026-05-18,2026-05-18,50,50,0
12800,10286,17,10,2026-04-29,2026-05-11,2026-05-10,9,9,2
12801,10287,47,10,2026-05-04,2026-05-25,2026-05-20,662,662,28
12802,10288,1,10,2026-05-05,2026-05-08,2026-05-11,255,255,2
12803,10288,1,10,2026-05-08,2026-05-22,2026-05-11,309,309,2
12804,10289,27,10,2026-04-30,2026-05-08,2026-05-11,1254,1254,21
12805,10290,45,10,2026-05-13,2026-05-20,2026-05-23,367,367,1
12806,10291,5,8,2026-05-02,2026-05-03,2026-05-04,147,147,0
12807,10292,1,8,2026-04-29,2026-05-10,2026-05-11,62,62,1
12808,10293,2,8,2026-05-07,2026-05-13,2026-05-16,9,9,0
12809,10293,2,8,2026-05-09,2026-05-14,2026-05-16,15,15,0
12810,10294,26,8,2026-05-01,2026-05-10,2026-05-11,8,8,0
12811,10295,19,3,2026-05-02,2026-05-02,2026-05-03,274,274,10
12812,10295,19,3,2026-04-29,2026-05-03,2026-05-03,663,663,33
12813,10296,50,3,2026-05-07,2026-05-15,2026-05-17,543,543,19
12814,10297,4,2,2026-05-09,2026-05-20,2026-05-20,5,5,0
12815,10298,20,2,2026-05-02,2026-05-04,2026-05-04,11,11,0
12816,10299,42,2,2026-05-03,2026-05-12,2026-05-12,72,72,4
12817,10300,8,2,2026-05-04,2026-05-08,2026-05-08,108,108,0
12818,10301,3,2,2026-05-16,2026-06-02,2026-06-02,5,5,0
12819,10301,3,2,2026-05-15,2026-06-07,2026-06-02,8,8,0
12820,10302,1,7,2026-05-01,2026-05-10,2026-05-11,91,91,1
12821,10303,23,7,2026-05-05,2026-05-09,2026-05-09,11,11,1
12822,10303,23,7,2026-05-01,2026-05-12,2026-05-09,23,23,1
12823,10304,2,7,2026-05-02,2026-05-15,2026-05-16,119,119,1
12824,10305,44,7,2026-05-10,2026-05-18,2026-05-19,7,7,0
12825,10305,44,7,2026-05-06,2026-05-18,2026-05-19,11,11,0
12826,10306,6,7,2026-05-07,2026-05-14,2026-05-17,855,855,3
12827,10307,20,2,2026-04-29,2026-05-01,2026-05-04,119,119,1
12828,10308,31,2,2026-05-10,2026-05-28,2026-05-30,6,6,0
12829,10309,5,7,2026-05-04,2026-05-04,2026-05-04,84,84,5
12830,10310,7,6,2026-05-17,2026-05-30,2026-06-02,554,554,10
12831,10311,35,6,2026-05-08,2026-05-08,2026-05-10,1039,1039,0
12832,10312,3,7,2026-05-14,2026-05-30,2026-06-02,85,85,4
12833,10313,41,7,2026-05-09,2026-05-14,2026-05-17,27,27,2
12834,10314,43,7,2026-05-04,2026-05-06,2026-05-08,45,45,0
12835,10315,30,7,2026-05-04,2026-05-07,2026-05-09,33,33,0
12836,10316,1,7,2026-05-05,2026-05-08,2026-05-11,49,49,1
12837,10317,21,8,2026-04-29,2026-05-03,2026-05-05,43,43,1
12838,10317,21,8,2026-04-29,2026-05-04,2026-05-05,15,15,0
12839,10317,21,8,2026-05-05,2026-05-05,2026-05-05,18,18,0
12840,10318,16,8,2026-04-30,2026-05-02,2026-05-05,5,5,0
12841,10319,2,8,2026-05-11,2026-05-17,2026-05-17,177,177,1
12842,10320,26,8,2026-05-06,2026-05-10,2026-05-12,528,528,13
12843,10321,45,8,2026-05-10,2026-05-22,2026-05-24,623,623,2
12844,10322,37,6,2026-05-12,2026-05-30,2026-05-30,46,46,0
12845,10323,30,6,2026-05-05,2026-05-08,2026-05-10,112,112,1
12846,10324,43,5,2026-05-02,2026-05-11,2026-05-09,114,114,6
12847,10325,39,5,2026-05-03,2026-05-04,2026-05-06,51,51,0
12848,10326,39,5,2026-05-01,2026-05-04,2026-05-06,444,444,5
12849,10327,43,5,2026-04-30,2026-05-06,2026-05-09,247,247,3
12850,10327,43,5,2026-05-02,2026-05-09,2026-05-09,283,283,8
12851,10328,45,7,2026-05-07,2026-05-21,2026-05-24,211,211,1
12852,10329,21,4,2026-05-01,2026-05-17,2026-05-06,8,8,1
12853,10330,10,4,2026-05-09,2026-05-25,2026-05-25,145,145,4
12854,10331,46,1,2026-05-13,2026-06-01,2026-05-26,18,18,0
12855,10331,46,1,2026-05-10,2026-05-24,2026-05-26,32,32,2
12856,10332,13,1,2026-05-02,2026-05-09,2026-05-12,234,234,6
12857,10333,2,1,2026-05-12,2026-05-14,2026-05-17,345,345,3
12858,10334,9,1,2026-05-06,2026-05-17,2026-05-19,486,486,7
12859,10335,10,6,2026-05-10,2026-05-24,2026-05-25,462,462,6
12860,10336,39,6,2026-05-05,2026-05-05,2026-05-06,61,61,1
12861,10336,39,6,2026-05-03,2026-05-05,2026-05-06,21,21,0
12862,10336,39,6,2026-05-01,2026-05-03,2026-05-06,19,19,0
12863,10337,29,6,2026-05-09,2026-05-20,2026-05-23,133,133,3
12864,10338,12,6,2026-05-05,2026-05-17,2026-05-18,999,999,9
12865,10339,30,6,2026-05-04,2026-05-08,2026-05-10,405,405,2
12866,10340,3,6,2026-05-20,2026-06-02,2026-06-03,2,2,0
12867,10340,3,6,2026-05-20,2026-05-31,2026-06-03,3,3,0
12868,10341,20,1,2026-04-30,2026-05-02,2026-05-05,21,21,0
12869,10342,32,9,2026-04-30,2026-05-03,2026-05-05,505,505,3
12870,10342,32,9,2026-05-02,2026-05-03,2026-05-05,931,931,0
12871,10343,7,9,2026-05-20,2026-06-03,2026-06-03,9,9,0
12872,10344,47,9,2026-05-05,2026-05-26,2026-05-21,57,57,4
12873,10345,14,2,2026-05-06,2026-05-09,2026-05-12,294,294,0
12874,10346,21,2,2026-05-03,2026-05-04,2026-05-06,56,56,2
12875,10347,35,2,2026-05-01,2026-05-21,2026-05-11,106,106,1
12876,10348,11,2,2026-05-04,2026-05-20,2026-05-12,60,60,2
12877,10349,29,1,2026-05-10,2026-05-21,2026-05-23,420,420,11
12878,10350,18,1,2026-05-02,2026-05-17,2026-05-05,88,88,6
12879,10350,18,1,2026-05-02,2026-05-03,2026-05-05,132,132,3
12880,10351,39,10,2026-05-04,2026-05-05,2026-05-07,408,408,8
12881,10352,39,10,2026-05-01,2026-05-04,2026-05-07,114,114,2
12882,10353,2,10,2026-05-05,2026-05-25,2026-05-18,42,42,1
12883,10353,2,10,2026-05-02,2026-05-15,2026-05-18,22,22,0
12884,10353,2,10,2026-05-10,2026-05-16,2026-05-18,41,41,0
12885,10354,45,10,2026-05-12,2026-05-25,2026-05-25,473,473,1
12886,10355,41,10,2026-05-07,2026-05-17,2026-05-19,6,6,0
12887,10356,9,5,2026-05-12,2026-05-31,2026-05-20,92,92,2
12888,10357,39,5,2026-05-03,2026-05-07,2026-05-07,106,106,4
12889,10357,39,5,2026-05-02,2026-05-06,2026-05-07,69,69,1
12890,10357,39,5,2026-05-06,2026-05-06,2026-05-07,96,96,1
12891,10358,12,5,2026-05-06,2026-05-17,2026-05-19,58,58,1
12892,10359,43,5,2026-05-06,2026-05-10,2026-05-10,34,34,0
12893,10360,16,5,2026-05-01,2026-05-04,2026-05-07,14,14,0
12894,10361,47,10,2026-05-12,2026-05-21,2026-05-22,2,2,0
12895,10361,47,10,2026-05-13,2026-05-21,2026-05-22,1,1,0
12896,10361,47,10,2026-05-08,2026-05-21,2026-05-22,1,1,0
12897,10362,8,2,2026-05-02,2026-05-10,2026-05-10,267,267,6
12898,10363,20,2,2026-05-02,2026-05-06,2026-05-06,244,244,0
12899,10363,20,2,2026-05-01,2026-05-03,2026-05-06,202,202,3
12900,10364,42,2,2026-05-06,2026-05-20,2026-05-14,179,179,3
12901,10365,30,2,2026-05-05,2026-05-09,2026-05-11,28,28,0
12902,10366,45,2,2026-05-11,2026-05-25,2026-05-25,65,65,0
12903,10367,30,2,2026-05-05,2026-05-08,2026-05-11,398,398,2
12904,10368,11,2,2026-05-08,2026-05-18,2026-05-13,20,20,0
12905,10369,1,1,2026-05-08,2026-05-12,2026-05-13,14,14,0
12906,10370,43,1,2026-05-01,2026-05-08,2026-05-10,237,237,11
12907,10370,43,1,2026-05-11,2026-05-11,2026-05-10,130,130,2
12908,10370,43,1,2026-05-02,2026-05-08,2026-05-10,126,126,5
12909,10371,35,1,2026-05-03,2026-05-11,2026-05-12,16,16,0
12910,10372,16,6,2026-05-10,2026-05-10,2026-05-07,501,501,1
12911,10373,14,6,2026-05-09,2026-05-13,2026-05-13,123,123,1
12912,10374,2,6,2026-05-08,2026-05-16,2026-05-18,1180,1180,19
12913,10375,43,6,2026-05-02,2026-05-17,2026-05-10,150,150,2
12914,10376,25,6,2026-05-03,2026-05-06,2026-05-08,309,309,6
12915,10377,1,1,2026-05-06,2026-05-11,2026-05-13,668,668,1
12916,10378,5,1,2026-05-04,2026-05-06,2026-05-06,38,38,2
12917,10379,19,3,2026-05-01,2026-05-02,2026-05-05,382,382,12
12918,10380,46,3,2026-05-18,2026-05-25,2026-05-27,12,12,1
12919,10381,19,3,2026-05-04,2026-05-04,2026-05-05,203,203,11
12920,10381,19,3,2026-05-06,2026-05-06,2026-05-05,249,249,8
12921,10382,39,9,2026-05-06,2026-05-06,2026-05-07,67,67,1
12922,10383,50,9,2026-05-07,2026-05-19,2026-05-19,229,229,0
12923,10384,43,9,2026-05-01,2026-05-11,2026-05-10,44,44,0
12924,10385,11,9,2026-05-03,2026-05-13,2026-05-13,20,20,0
12925,10386,44,7,2026-05-09,2026-05-19,2026-05-21,12,12,0
12926,10387,5,3,2026-05-04,2026-05-04,2026-05-06,9,9,1
12927,10388,7,6,2026-05-15,2026-06-04,2026-06-05,147,147,2
12928,10389,22,9,2026-05-06,2026-05-07,2026-05-07,312,312,0
12929,10389,22,9,2026-05-08,2026-05-08,2026-05-07,193,193,12
12930,10390,14,9,2026-05-10,2026-05-14,2026-05-14,30,30,0
12931,10391,25,10,2026-05-02,2026-05-07,2026-05-09,7,7,0
12932,10392,20,10,2026-05-03,2026-05-07,2026-05-07,5,5,0
12933,10393,41,10,2026-05-10,2026-05-19,2026-05-20,102,102,5
12934,10394,40,2,2026-05-13,2026-05-23,2026-05-24,20,20,0
12935,10395,25,2,2026-05-04,2026-05-09,2026-05-09,5,5,0
12936,10396,11,7,2026-05-09,2026-05-13,2026-05-14,8,8,0
12937,10397,40,7,2026-05-15,2026-05-22,2026-05-24,9,9,0
12938,10398,2,1,2026-05-11,2026-05-17,2026-05-19,711,711,9
12939,10399,36,1,2026-05-02,2026-05-13,2026-05-13,3,3,0
12940,10399,36,1,2026-05-04,2026-05-13,2026-05-13,5,5,0
12941,10400,23,1,2026-05-08,2026-05-23,2026-05-12,6,6,0
12942,10401,8,1,2026-05-07,2026-05-08,2026-05-11,43,43,0
12943,10402,6,1,2026-05-06,2026-05-18,2026-05-20,12,12,0
12944,10402,6,1,2026-05-06,2026-05-19,2026-05-20,22,22,0
12945,10403,32,4,2026-05-04,2026-05-04,2026-05-07,39,39,0
12946,10404,7,4,2026-05-21,2026-06-03,2026-06-05,12,12,0
12947,10405,35,4,2026-05-05,2026-05-12,2026-05-13,9,9,0
12948,10406,20,4,2026-05-02,2026-05-06,2026-05-07,425,425,14
12949,10407,4,4,2026-05-15,2026-05-23,2026-05-23,61,61,1
12950,10408,32,4,2026-05-02,2026-05-04,2026-05-07,136,136,2
12951,10409,37,4,2026-05-10,2026-05-30,2026-06-01,32,32,0
12952,10410,11,4,2026-05-09,2026-05-14,2026-05-14,9,9,0
12953,10411,27,2,2026-05-14,2026-05-14,2026-05-14,5,5,0
12954,10411,27,2,2026-05-04,2026-05-12,2026-05-14,4,4,0
12955,10412,12,10,2026-05-07,2026-05-17,2026-05-20,371,371,7
12956,10413,20,10,2026-05-05,2026-05-05,2026-05-07,592,592,6
12957,10414,1,5,2026-05-07,2026-05-23,2026-05-14,485,485,9
12958,10415,36,5,2026-05-10,2026-05-20,2026-05-13,141,141,5
12959,10416,47,5,2026-05-14,2026-05-23,2026-05-23,113,113,2
12960,10417,23,5,2026-05-04,2026-05-10,2026-05-12,63,63,2
12961,10418,12,5,2026-05-15,2026-05-22,2026-05-20,79,79,2
12962,10419,33,7,2026-05-06,2026-05-26,2026-05-27,77,77,1
12963,10420,33,7,2026-05-11,2026-05-24,2026-05-27,766,766,36
12964,10421,49,10,2026-05-03,2026-05-03,2026-05-06,508,508,33
12965,10422,5,8,2026-05-03,2026-05-05,2026-05-08,59,59,3
12966,10423,43,8,2026-05-11,2026-05-11,2026-05-12,483,483,3
12967,10424,30,8,2026-05-07,2026-05-13,2026-05-13,100,100,0
12968,10425,17,6,2026-05-09,2026-05-13,2026-05-14,4,4,0
12969,10425,17,6,2026-05-14,2026-05-14,2026-05-14,7,7,1
12970,10426,39,2,2026-05-09,2026-05-15,2026-05-09,394,394,10
12971,10427,36,2,2026-05-06,2026-05-18,2026-05-14,118,118,2
12972,10428,43,2,2026-05-08,2026-05-09,2026-05-12,16,16,0
12973,10428,43,2,2026-05-03,2026-05-24,2026-05-12,34,34,1
12974,10429,36,2,2026-05-06,2026-05-14,2026-05-14,152,152,3
12975,10430,28,2,2026-05-10,2026-05-19,2026-05-21,23,23,0
12976,10431,29,3,2026-05-09,2026-05-24,2026-05-26,221,221,4
12977,10432,3,3,2026-05-19,2026-06-04,2026-06-06,11,11,1
12978,10432,3,3,2026-05-17,2026-06-08,2026-06-06,9,9,1
12979,10432,3,3,2026-05-23,2026-06-05,2026-06-06,12,12,0
12980,10433,32,3,2026-05-06,2026-05-08,2026-05-08,48,48,1
12981,10434,46,3,2026-05-20,2026-05-29,2026-05-29,46,46,1
12982,10435,39,3,2026-05-09,2026-05-09,2026-05-09,183,183,2
12983,10436,23,2,2026-05-06,2026-05-13,2026-05-13,5,5,0
12984,10437,47,2,2026-05-12,2026-05-24,2026-05-24,1023,1023,40
12985,10438,30,6,2026-05-11,2026-05-12,2026-05-13,28,28,0
12986,10439,30,6,2026-05-08,2026-05-10,2026-05-13,58,58,0
12987,10440,49,6,2026-05-03,2026-05-07,2026-05-07,19,19,0
12988,10441,32,6,2026-05-07,2026-05-08,2026-05-08,200,200,3
12989,10442,41,6,2026-05-09,2026-05-20,2026-05-21,527,527,16
12990,10443,35,6,2026-05-08,2026-05-18,2026-05-14,1250,1250,21
12991,10444,11,6,2026-05-10,2026-05-14,2026-05-15,8,8,0
12992,10445,43,8,2026-05-13,2026-05-13,2026-05-13,483,483,0
12993,10446,30,8,2026-05-12,2026-05-12,2026-05-14,11,11,0
12994,10447,19,8,2026-05-04,2026-05-05,2026-05-08,19,19,1
12995,10448,43,8,2026-05-09,2026-05-11,2026-05-13,1118,1118,33
12996,10449,28,8,2026-05-06,2026-05-23,2026-05-22,11,11,0
12997,10450,8,9,2026-05-05,2026-05-13,2026-05-13,594,594,6
12998,10451,20,9,2026-05-04,2026-05-09,2026-05-09,180,180,5
12999,10452,41,9,2026-05-10,2026-05-22,2026-05-22,275,275,11
13000,10453,10,9,2026-05-11,2026-05-27,2026-05-29,24,24,1
13001,10454,18,6,2026-05-06,2026-05-09,2026-05-09,28,28,0
13002,10455,43,3,2026-05-05,2026-05-13,2026-05-14,4,4,0
13003,10455,43,3,2026-05-13,2026-05-13,2026-05-14,6,6,0
13004,10456,20,3,2026-05-05,2026-05-10,2026-05-10,52,52,1
13005,10456,20,3,2026-05-11,2026-05-11,2026-05-10,54,54,2
13006,10457,44,3,2026-05-16,2026-05-25,2026-05-25,504,504,4
13007,10458,48,3,2026-05-16,2026-05-29,2026-05-31,61,61,3
13008,10459,42,8,2026-05-13,2026-05-15,2026-05-18,379,379,2
13009,10460,21,8,2026-05-10,2026-05-10,2026-05-11,101,101,3
13010,10461,40,3,2026-05-14,2026-05-24,2026-05-27,1282,1282,6
13011,10462,30,3,2026-05-12,2026-05-13,2026-05-15,694,694,0
13012,10463,48,10,2026-05-23,2026-05-28,2026-05-31,87,87,4
13013,10464,18,10,2026-05-06,2026-05-08,2026-05-10,59,59,2
13014,10465,45,10,2026-05-18,2026-05-28,2026-05-29,21,21,0
13015,10466,40,10,2026-05-19,2026-05-27,2026-05-27,515,515,4
13016,10467,38,10,2026-05-07,2026-05-08,2026-05-09,9,9,0
13017,10468,36,10,2026-05-13,2026-05-15,2026-05-16,8,8,0
13018,10469,47,2,2026-05-14,2026-06-04,2026-05-26,330,330,9
13019,10470,12,2,2026-05-13,2026-05-20,2026-05-23,17,17,0
13020,10471,16,2,2026-05-06,2026-05-08,2026-05-11,8,8,0
13021,10472,39,2,2026-05-05,2026-05-08,2026-05-11,6,6,0
13022,10473,36,2,2026-05-15,2026-05-15,2026-05-16,567,567,21
13023,10474,19,3,2026-05-14,2026-05-14,2026-05-09,58,58,2
13024,10474,19,3,2026-05-06,2026-05-07,2026-05-09,53,53,2
13025,10475,47,3,2026-05-17,2026-05-24,2026-05-26,83,83,1
13026,10476,39,5,2026-05-11,2026-05-11,2026-05-12,10,10,0
13027,10477,29,5,2026-05-14,2026-05-28,2026-05-29,608,608,5
13028,10478,5,5,2026-05-06,2026-05-10,2026-05-11,12,12,1
13029,10478,5,5,2026-05-11,2026-05-11,2026-05-11,23,23,1
13030,10479,10,6,2026-05-19,2026-06-03,2026-05-31,6,6,0
13031,10480,50,6,2026-05-10,2026-05-23,2026-05-24,22,22,0
13032,10480,50,6,2026-05-07,2026-05-21,2026-05-24,9,9,0
13033,10480,50,6,2026-05-13,2026-05-24,2026-05-24,16,16,1
13034,10481,43,7,2026-05-14,2026-05-14,2026-05-15,4,4,0
13035,10482,3,8,2026-05-18,2026-06-06,2026-06-09,2,2,0
13036,10482,3,8,2026-05-23,2026-06-06,2026-06-09,3,3,0
13037,10483,13,8,2026-05-14,2026-05-17,2026-05-18,35,35,0
13038,10484,20,7,2026-05-06,2026-05-10,2026-05-11,55,55,2
13039,10484,20,7,2026-05-08,2026-05-08,2026-05-11,20,20,0
13040,10484,20,7,2026-05-13,2026-05-13,2026-05-11,30,30,0
13041,10485,18,8,2026-05-06,2026-05-09,2026-05-11,63,63,0
13042,10486,31,9,2026-05-19,2026-06-10,2026-06-06,90,90,2
13043,10487,5,4,2026-05-07,2026-05-14,2026-05-11,13,13,0
13044,10488,35,4,2026-05-09,2026-05-14,2026-05-17,266,266,4
13045,10488,35,4,2026-05-11,2026-05-14,2026-05-17,149,149,2
13046,10489,4,4,2026-05-11,2026-06-07,2026-05-27,24,24,1
13047,10490,22,9,2026-05-07,2026-05-08,2026-05-11,14,14,1
13048,10491,41,9,2026-05-13,2026-05-25,2026-05-25,495,495,4
13049,10492,45,9,2026-05-20,2026-05-31,2026-05-31,568,568,1
13050,10493,30,9,2026-05-09,2026-05-15,2026-05-17,29,29,0
13051,10493,30,9,2026-05-09,2026-05-17,2026-05-17,38,38,1
13052,10494,22,9,2026-05-11,2026-05-23,2026-05-12,61,61,2
13053,10495,15,9,2026-05-11,2026-05-17,2026-05-13,52,52,2
13054,10496,37,9,2026-05-24,2026-06-03,2026-06-06,22,22,1
13055,10497,16,9,2026-05-07,2026-05-13,2026-05-13,268,268,1
13056,10498,41,3,2026-05-10,2026-05-25,2026-05-25,138,138,7
13057,10499,44,3,2026-05-19,2026-05-24,2026-05-27,19,19,0
13058,10499,44,3,2026-05-15,2026-05-26,2026-05-27,16,16,0
13059,10500,20,3,2026-05-07,2026-05-12,2026-05-12,6,6,0
13060,10501,11,3,2026-05-11,2026-05-17,2026-05-19,786,786,16
13061,10502,41,8,2026-05-15,2026-05-25,2026-05-25,1,1,0
13062,10502,41,8,2026-05-15,2026-05-25,2026-05-25,1,1,0
13063,10502,41,8,2026-05-14,2026-05-25,2026-05-25,1,1,0
13064,10503,15,8,2026-05-10,2026-05-13,2026-05-13,63,63,2
13065,10504,18,8,2026-05-07,2026-05-10,2026-05-12,46,46,0
13066,10504,18,8,2026-05-09,2026-05-10,2026-05-12,83,83,2
13067,10505,8,2,2026-05-11,2026-05-25,2026-05-16,258,258,3
13068,10506,32,2,2026-05-11,2026-05-11,2026-05-12,15,15,0
13069,10507,43,2,2026-05-13,2026-05-15,2026-05-16,525,525,29
13070,10508,6,1,2026-05-11,2026-05-23,2026-05-25,108,108,0
13071,10509,30,2,2026-05-14,2026-05-15,2026-05-17,76,76,0
13072,10510,15,2,2026-05-07,2026-05-11,2026-05-13,8,8,0
13073,10511,10,1,2026-05-19,2026-06-11,2026-06-01,11,11,1
13074,10512,50,1,2026-05-14,2026-05-26,2026-05-25,41,41,1
13075,10512,50,1,2026-05-15,2026-05-22,2026-05-25,30,30,1
13076,10513,21,1,2026-05-07,2026-05-12,2026-05-13,710,710,11
13077,10514,47,2,2026-05-21,2026-05-27,2026-05-28,44,44,1
13078,10515,41,2,2026-05-20,2026-05-26,2026-05-25,469,469,7
13079,10516,11,2,2026-05-13,2026-05-19,2026-05-19,283,283,13
13080,10517,44,7,2026-05-15,2026-05-25,2026-05-27,18,18,0
13081,10518,3,7,2026-05-20,2026-06-07,2026-06-10,22,22,1
13082,10518,3,7,2026-05-23,2026-06-08,2026-06-10,18,18,1
13083,10519,9,7,2026-05-14,2026-05-23,2026-05-26,11,11,0
13084,10520,45,1,2026-05-17,2026-05-29,2026-05-31,779,779,2
13085,10521,35,1,2026-05-13,2026-05-16,2026-05-18,65,65,0
13086,10522,4,1,2026-05-16,2026-06-01,2026-05-28,1173,1173,20
13087,10523,3,1,2026-05-28,2026-06-18,2026-06-10,5,5,0
13088,10523,3,1,2026-05-22,2026-06-20,2026-06-10,6,6,0
13089,10524,22,1,2026-05-11,2026-05-11,2026-05-12,219,219,9
13090,10525,5,1,2026-05-08,2026-05-15,2026-05-12,5,5,0
13091,10526,42,1,2026-05-12,2026-05-21,2026-05-20,27,27,1
13092,10526,42,1,2026-05-11,2026-05-25,2026-05-20,28,28,2
13093,10527,41,10,2026-05-11,2026-05-25,2026-05-25,59,59,5
13094,10528,41,8,2026-05-09,2026-05-22,2026-05-25,31,31,2
13095,10529,11,5,2026-05-10,2026-05-24,2026-05-20,118,118,2
13096,10530,22,5,2026-05-10,2026-05-12,2026-05-13,18,18,0
13097,10531,27,5,2026-05-18,2026-05-18,2026-05-20,6,6,0
13098,10532,1,10,2026-05-12,2026-05-17,2026-05-20,27,27,0
13099,10532,1,10,2026-05-16,2026-05-20,2026-05-20,37,37,1
13100,10533,30,10,2026-05-18,2026-05-18,2026-05-18,8,8,0
13101,10534,9,10,2026-05-24,2026-05-25,2026-05-27,55,55,0
13102,10535,2,4,2026-05-13,2026-05-26,2026-05-25,701,701,4
13103,10536,50,4,2026-05-21,2026-05-31,2026-05-26,5,5,0
13104,10537,44,4,2026-05-14,2026-05-26,2026-05-28,6,6,0
13105,10538,30,10,2026-05-14,2026-05-18,2026-05-18,359,359,1
13106,10538,30,10,2026-05-12,2026-05-16,2026-05-18,552,552,0
13107,10539,41,10,2026-05-13,2026-05-26,2026-05-26,196,196,12
13108,10540,19,5,2026-05-08,2026-05-09,2026-05-12,5,5,0
13109,10541,22,5,2026-05-11,2026-05-11,2026-05-13,330,330,6
13110,10542,25,5,2026-05-08,2026-05-12,2026-05-15,875,875,0
13111,10543,20,2,2026-05-09,2026-05-11,2026-05-14,446,446,17
13112,10544,8,2,2026-05-12,2026-05-17,2026-05-18,3,3,0
13113,10544,8,2,2026-05-13,2026-05-17,2026-05-18,2,2,0
13114,10545,28,2,2026-05-18,2026-05-27,2026-05-27,82,82,1
13115,10546,5,2,2026-05-09,2026-05-11,2026-05-14,114,114,10
13116,10547,20,2,2026-05-09,2026-05-12,2026-05-14,159,159,4
13117,10548,3,5,2026-05-25,2026-06-11,2026-06-12,12,12,1
13118,10549,4,5,2026-05-20,2026-05-27,2026-05-30,10,10,0
13119,10550,7,5,2026-05-24,2026-06-11,2026-06-12,11,11,0
13120,10551,46,5,2026-05-20,2026-06-13,2026-06-04,46,46,4
13121,10552,38,5,2026-05-10,2026-05-13,2026-05-13,5,5,0
13122,10552,38,5,2026-05-09,2026-05-10,2026-05-13,13,13,0
13123,10553,27,5,2026-05-12,2026-05-20,2026-05-21,22,22,1
13124,10553,27,5,2026-05-16,2026-05-21,2026-05-21,33,33,1
13125,10554,6,4,2026-05-17,2026-05-24,2026-05-27,1382,1382,6
13126,10555,4,4,2026-05-20,2026-05-27,2026-05-30,5,5,0
13127,10556,10,4,2026-05-11,2026-05-31,2026-06-03,9,9,1
13128,10557,50,4,2026-05-14,2026-05-26,2026-05-27,20,20,0
13129,10558,1,6,2026-05-13,2026-05-19,2026-05-21,63,63,1
13130,10559,5,6,2026-05-10,2026-05-11,2026-05-14,884,884,21
13131,10560,40,6,2026-05-17,2026-05-30,2026-05-31,74,74,1
13132,10561,43,2,2026-05-09,2026-05-18,2026-05-18,10,10,0
13133,10561,43,2,2026-05-12,2026-05-16,2026-05-18,8,8,0
13134,10562,43,7,2026-05-16,2026-05-17,2026-05-18,8,8,0
13135,10562,43,7,2026-05-17,2026-05-18,2026-05-18,3,3,0
13136,10562,43,7,2026-05-09,2026-05-15,2026-05-18,4,4,0
13137,10563,37,7,2026-05-23,2026-06-06,2026-06-08,3,3,0
13138,10563,37,7,2026-05-22,2026-06-06,2026-06-08,2,2,0
13139,10564,21,7,2026-05-13,2026-05-14,2026-05-15,6,6,0
13140,10565,16,7,2026-05-14,2026-05-14,2026-05-15,210,210,2
13141,10565,16,7,2026-05-13,2026-05-13,2026-05-15,348,348,3
13142,10566,43,7,2026-05-10,2026-05-25,2026-05-18,109,109,4
13143,10567,1,7,2026-05-09,2026-05-25,2026-05-21,1228,1228,14
13144,10568,42,7,2026-05-16,2026-05-19,2026-05-22,7,7,0
13145,10569,14,5,2026-05-16,2026-05-21,2026-05-22,36,36,0
13146,10569,14,5,2026-05-12,2026-05-19,2026-05-22,30,30,0
13147,10570,48,5,2026-05-22,2026-06-13,2026-06-05,474,474,23
13148,10571,30,5,2026-05-11,2026-05-18,2026-05-20,47,47,0
13149,10572,8,5,2026-05-13,2026-05-17,2026-05-19,11,11,0
13150,10573,9,5,2026-05-20,2026-05-26,2026-05-29,544,544,17
13151,10574,5,8,2026-05-10,2026-05-12,2026-05-15,23,23,1
13152,10574,5,8,2026-05-10,2026-05-14,2026-05-15,29,29,2
13153,10575,27,8,2026-05-23,2026-05-23,2026-05-22,40,40,1
13154,10576,45,8,2026-05-23,2026-05-31,2026-06-03,11,11,0
13155,10577,49,8,2026-05-14,2026-05-14,2026-05-14,895,895,25
13156,10578,39,8,2026-05-12,2026-05-13,2026-05-16,199,199,2
13157,10579,30,8,2026-05-15,2026-05-20,2026-05-20,110,110,1
13158,10580,15,2,2026-05-14,2026-05-25,2026-05-17,83,83,6
13159,10581,50,2,2026-05-20,2026-06-06,2026-05-29,344,344,24
13160,10582,2,2,2026-05-22,2026-05-28,2026-05-28,539,539,6
13161,10583,30,6,2026-05-13,2026-05-20,2026-05-21,289,289,3
13162,10583,30,6,2026-05-14,2026-05-20,2026-05-21,239,239,2
13163,10584,12,6,2026-05-18,2026-05-27,2026-05-29,57,57,1
13164,10585,8,3,2026-05-18,2026-05-20,2026-05-20,484,484,6
13165,10586,11,3,2026-05-15,2026-05-20,2026-05-23,243,243,4
13166,10587,41,3,2026-05-17,2026-05-29,2026-05-29,41,41,1
13167,10588,1,3,2026-05-20,2026-05-22,2026-05-23,46,46,1
13168,10588,1,3,2026-05-19,2026-05-22,2026-05-23,53,53,0
13169,10589,28,3,2026-05-19,2026-05-26,2026-05-29,11,11,0
13170,10590,39,3,2026-05-16,2026-05-16,2026-05-17,501,501,7
13171,10590,39,3,2026-05-16,2026-05-16,2026-05-17,746,746,3
13172,10591,26,3,2026-05-14,2026-05-23,2026-05-23,684,684,33
13173,10592,30,7,2026-05-15,2026-05-19,2026-05-22,136,136,1
13174,10593,11,7,2026-05-16,2026-05-24,2026-05-24,53,53,1
13175,10594,35,7,2026-05-15,2026-05-21,2026-05-23,94,94,1
13176,10595,15,7,2026-05-12,2026-05-21,2026-05-18,10,10,0
13177,10595,15,7,2026-05-12,2026-05-28,2026-05-18,12,12,1
13178,10596,39,1,2026-05-12,2026-05-17,2026-05-18,15,15,0
13179,10597,39,1,2026-05-12,2026-05-16,2026-05-18,7,7,0
13180,10598,17,1,2026-05-12,2026-05-23,2026-05-23,3,3,0
13181,10598,17,1,2026-05-18,2026-06-01,2026-05-23,4,4,0
13182,10599,23,1,2026-05-14,2026-05-19,2026-05-22,3,3,0
13183,10599,23,1,2026-05-15,2026-05-22,2026-05-22,2,2,0
13184,10599,23,1,2026-05-13,2026-05-21,2026-05-22,3,3,0
13185,10600,36,8,2026-05-17,2026-05-23,2026-05-23,18,18,1
13186,10601,37,8,2026-05-26,2026-06-08,2026-06-11,9,9,0
13187,10602,20,8,2026-05-12,2026-05-15,2026-05-17,541,541,15
13188,10603,8,8,2026-05-14,2026-05-20,2026-05-21,11,11,0
13189,10604,39,8,2026-05-16,2026-05-17,2026-05-18,128,128,2
13190,10605,21,4,2026-05-18,2026-05-19,2026-05-19,62,62,2
13191,10606,40,2,2026-05-20,2026-06-04,2026-06-04,56,56,1
13192,10607,26,2,2026-05-15,2026-05-22,2026-05-25,10,10,0
13193,10608,1,9,2026-05-19,2026-05-24,2026-05-25,7,7,0
13194,10608,1,9,2026-05-13,2026-05-23,2026-05-25,4,4,0
13195,10609,47,9,2026-05-24,2026-06-03,2026-06-03,241,241,13
13196,10610,42,2,2026-05-25,2026-05-25,2026-05-26,12,12,0
13197,10610,42,2,2026-05-16,2026-05-26,2026-05-26,11,11,1
13198,10611,35,1,2026-05-23,2026-06-05,2026-05-24,263,263,4
13199,10612,33,1,2026-05-27,2026-06-05,2026-06-07,104,104,2
13200,10613,20,1,2026-05-13,2026-05-16,2026-05-18,15,15,1
13201,10613,20,1,2026-05-19,2026-05-19,2026-05-18,11,11,0
13202,10614,30,1,2026-05-18,2026-05-22,2026-05-23,54,54,0
13203,10615,7,1,2026-05-25,2026-06-19,2026-06-16,23,23,0
13204,10616,38,1,2026-05-19,2026-05-19,2026-05-17,1011,1011,41
13205,10617,36,9,2026-05-19,2026-05-21,2026-05-24,198,198,11
13206,10618,18,5,2026-05-17,2026-05-18,2026-05-18,373,373,11
13207,10619,25,5,2026-05-19,2026-05-19,2026-05-20,265,265,5
13208,10620,44,5,2026-05-22,2026-05-30,2026-06-02,12,12,0
13209,10621,36,5,2026-05-14,2026-05-24,2026-05-24,3,3,0
13210,10622,39,5,2026-05-17,2026-05-18,2026-05-19,132,132,3
13211,10622,39,5,2026-05-15,2026-05-16,2026-05-19,292,292,3
13212,10623,16,5,2026-05-19,2026-05-19,2026-05-19,564,564,5
13213,10623,16,5,2026-05-14,2026-05-18,2026-05-19,642,642,7
13214,10624,36,5,2026-05-14,2026-05-28,2026-05-24,16,16,0
13215,10624,36,5,2026-05-17,2026-05-21,2026-05-24,17,17,1
13216,10625,39,2,2026-05-14,2026-05-16,2026-05-19,336,336,4
13217,10626,20,2,2026-05-13,2026-05-16,2026-05-18,52,52,2
13218,10627,27,2,2026-05-21,2026-05-23,2026-05-25,13,13,0
13219,10628,43,2,2026-05-18,2026-05-20,2026-05-22,98,98,1
13220,10629,48,2,2026-05-28,2026-06-20,2026-06-08,45,45,1
13221,10630,10,2,2026-05-25,2026-06-04,2026-06-07,66,66,4
13222,10631,45,2,2026-05-24,2026-06-03,2026-06-06,1048,1048,5
13223,10632,41,10,2026-05-18,2026-05-31,2026-05-31,31,31,4
13224,10633,40,10,2026-05-15,2026-06-03,2026-06-04,25,25,0
13225,10634,1,8,2026-05-18,2026-05-22,2026-05-25,23,23,0
13226,10635,30,8,2026-05-18,2026-05-21,2026-05-23,130,130,1
13227,10636,20,8,2026-05-17,2026-05-17,2026-05-18,9,9,0
13228,10637,25,8,2026-05-20,2026-05-20,2026-05-20,7,7,0
13229,10638,41,8,2026-05-18,2026-05-29,2026-05-31,28,28,2
13230,10639,44,6,2026-05-23,2026-06-01,2026-06-02,53,53,0
13231,10640,40,3,2026-05-24,2026-06-05,2026-06-05,1502,1502,7
13232,10641,30,3,2026-05-16,2026-05-22,2026-05-24,25,25,0
13233,10642,25,3,2026-05-14,2026-05-21,2026-05-21,12,12,0
13234,10643,41,3,2026-05-26,2026-06-04,2026-06-01,5,5,0
13235,10644,20,3,2026-05-14,2026-05-18,2026-05-19,37,37,1
13236,10645,18,3,2026-05-15,2026-05-18,2026-05-19,6,6,0
13237,10646,18,3,2026-05-15,2026-05-18,2026-05-19,10,10,0
13238,10647,48,4,2026-05-30,2026-06-08,2026-06-09,32,32,1
13239,10648,44,4,2026-05-24,2026-06-01,2026-06-03,56,56,0
13240,10648,44,4,2026-05-23,2026-06-03,2026-06-03,49,49,1
13241,10649,47,4,2026-05-29,2026-06-01,2026-06-04,34,34,1
13242,10650,37,4,2026-05-29,2026-06-11,2026-06-13,234,234,5
13243,10650,37,4,2026-05-29,2026-06-12,2026-06-13,357,357,1
13244,10651,4,4,2026-05-19,2026-06-12,2026-06-04,48,48,1
13245,10652,7,3,2026-05-28,2026-06-14,2026-06-17,504,504,8
13246,10653,9,4,2026-05-23,2026-05-30,2026-06-02,17,17,0
13247,10654,30,4,2026-05-16,2026-05-22,2026-05-24,307,307,1
13248,10655,35,4,2026-05-24,2026-05-24,2026-05-25,113,113,1
13249,10655,35,4,2026-05-16,2026-05-24,2026-05-25,101,101,1
13250,10656,28,10,2026-05-19,2026-05-30,2026-06-01,24,24,0
13251,10657,6,2,2026-05-25,2026-05-31,2026-06-01,12,12,0
13252,10658,23,2,2026-05-18,2026-05-21,2026-05-24,56,56,4
13253,10658,23,2,2026-05-19,2026-05-23,2026-05-24,71,71,3
13254,10659,36,2,2026-05-15,2026-05-23,2026-05-25,950,950,10
13255,10660,36,2,2026-05-21,2026-05-23,2026-05-25,188,188,9
13256,10661,39,2,2026-05-17,2026-05-18,2026-05-20,17,17,0
13257,10661,39,2,2026-05-20,2026-05-20,2026-05-20,13,13,0
13258,10662,41,2,2026-05-25,2026-06-05,2026-06-01,7,7,0
13259,10662,41,2,2026-05-21,2026-06-10,2026-06-01,5,5,0
13260,10663,20,2,2026-05-14,2026-05-17,2026-05-19,39,39,1
13261,10664,29,2,2026-05-24,2026-06-06,2026-06-06,26,26,0
13262,10664,29,2,2026-05-21,2026-06-05,2026-06-06,39,39,0
13263,10665,41,8,2026-05-26,2026-05-29,2026-06-01,36,36,1
13264,10666,50,8,2026-05-20,2026-05-30,2026-06-01,892,892,44
13265,10667,12,8,2026-05-21,2026-06-01,2026-06-01,8,8,0
13266,10668,18,8,2026-05-16,2026-05-17,2026-05-19,11,11,0
13267,10669,12,9,2026-05-21,2026-05-31,2026-06-01,48,48,1
13268,10670,43,7,2026-05-19,2026-06-03,2026-05-23,10,10,0
13269,10671,40,7,2026-05-31,2026-06-04,2026-06-05,25,25,0
13270,10672,2,7,2026-05-19,2026-05-31,2026-05-31,1015,1015,21
13271,10673,8,7,2026-05-20,2026-05-21,2026-05-23,33,33,0
13272,10673,8,7,2026-05-19,2026-05-23,2026-05-23,32,32,0
13273,10674,16,7,2026-05-17,2026-05-18,2026-05-20,59,59,1
13274,10675,36,5,2026-05-16,2026-05-24,2026-05-26,35,35,2
13275,10676,20,5,2026-05-17,2026-05-19,2026-05-20,525,525,15
13276,10677,4,7,2026-05-25,2026-06-02,2026-06-05,133,133,2
13277,10677,4,7,2026-05-28,2026-06-05,2026-06-05,114,114,5
13278,10678,35,7,2026-05-24,2026-05-24,2026-05-26,33,33,0
13279,10679,29,1,2026-05-26,2026-06-04,2026-06-07,382,382,0
13280,10680,10,1,2026-05-28,2026-06-09,2026-06-09,104,104,2
13281,10681,10,1,2026-05-27,2026-06-07,2026-06-09,22,22,0
13282,10682,14,1,2026-05-20,2026-05-27,2026-05-27,118,118,0
13283,10683,8,1,2026-05-23,2026-05-23,2026-05-24,25,25,0
13284,10684,33,1,2026-05-25,2026-06-06,2026-06-09,16,16,0
13285,10684,33,1,2026-05-26,2026-06-06,2026-06-09,26,26,1
13286,10685,25,1,2026-05-17,2026-05-19,2026-05-22,455,455,14
13287,10686,35,1,2026-05-23,2026-05-23,2026-05-26,257,257,4
13288,10687,20,7,2026-05-17,2026-05-19,2026-05-20,1081,1081,43
13289,10688,48,7,2026-05-25,2026-06-09,2026-06-10,230,230,13
13290,10688,48,7,2026-05-27,2026-06-08,2026-06-10,297,297,9
13291,10689,15,7,2026-05-15,2026-05-21,2026-05-21,13,13,1
13292,10690,7,7,2026-06-04,2026-06-18,2026-06-18,99,99,0
13293,10691,6,7,2026-05-18,2026-06-02,2026-06-02,28,28,0
13294,10692,5,7,2026-05-18,2026-05-23,2026-05-20,18,18,1
13295,10693,21,7,2026-05-17,2026-05-21,2026-05-21,7,7,0
13296,10693,21,7,2026-05-19,2026-05-19,2026-05-21,17,17,1
13297,10694,19,8,2026-05-15,2026-05-16,2026-05-19,844,844,33
13298,10695,50,8,2026-05-23,2026-05-31,2026-06-02,315,315,12
13299,10696,10,7,2026-05-22,2026-06-09,2026-06-09,105,105,3
13300,10697,45,5,2026-05-22,2026-06-05,2026-06-08,11,11,0
13301,10698,42,5,2026-05-19,2026-05-27,2026-05-28,182,182,1
13302,10698,42,5,2026-05-24,2026-05-31,2026-05-28,188,188,8
13303,10699,8,6,2026-05-17,2026-05-21,2026-05-24,8,8,0
13304,10700,45,7,2026-05-24,2026-06-09,2026-06-09,219,219,1
13305,10701,43,7,2026-05-18,2026-05-26,2026-05-25,400,400,6
13306,10702,41,7,2026-05-25,2026-05-31,2026-06-03,3,3,0
13307,10702,41,7,2026-05-21,2026-06-14,2026-06-03,1,1,0
13308,10702,41,7,2026-05-27,2026-06-11,2026-06-03,1,1,0
13309,10703,9,2,2026-05-29,2026-06-16,2026-06-04,73,73,2
13310,10703,9,2,2026-05-24,2026-06-06,2026-06-04,47,47,1
13311,10703,9,2,2026-05-22,2026-06-04,2026-06-04,37,37,1
13312,10704,15,2,2026-05-21,2026-05-21,2026-05-22,9,9,0
13313,10705,41,10,2026-05-23,2026-06-08,2026-06-03,35,35,0
13314,10706,41,10,2026-05-25,2026-06-02,2026-06-03,304,304,6
13315,10707,48,10,2026-05-27,2026-06-14,2026-06-11,184,184,12
13316,10708,7,10,2026-06-04,2026-06-16,2026-06-19,52,52,1
13317,10708,7,10,2026-06-03,2026-06-18,2026-06-19,71,71,0
13318,10709,19,10,2026-05-18,2026-05-20,2026-05-20,427,427,23
13319,10710,16,8,2026-05-17,2026-05-21,2026-05-22,413,413,4
13320,10711,42,8,2026-05-25,2026-05-28,2026-05-29,54,54,1
13321,10712,40,7,2026-05-26,2026-06-07,2026-06-07,569,569,2
13322,10713,30,8,2026-05-19,2026-05-24,2026-05-26,12,12,0
13323,10714,43,8,2026-05-20,2026-05-28,2026-05-25,9,9,0
13324,10715,31,8,2026-06-03,2026-06-16,2026-06-16,439,439,15
13325,10716,6,8,2026-05-24,2026-05-31,2026-06-03,15,15,0
13326,10717,24,8,2026-05-28,2026-06-03,2026-06-06,5,5,0
13327,10718,11,8,2026-05-25,2026-05-27,2026-05-29,78,78,3
13328,10719,33,8,2026-05-25,2026-06-08,2026-06-11,7,7,0
13329,10720,13,8,2026-05-23,2026-05-28,2026-05-29,642,642,0
13330,10721,48,9,2026-05-31,2026-06-09,2026-06-12,91,91,3
13331,10721,48,9,2026-05-31,2026-06-14,2026-06-12,95,95,0
13332,10722,7,9,2026-06-03,2026-07-01,2026-06-20,348,348,2
13333,10723,47,9,2026-05-25,2026-06-07,2026-06-07,10,10,0
13334,10724,17,9,2026-05-19,2026-05-25,2026-05-28,21,21,0
13335,10725,44,4,2026-05-25,2026-06-05,2026-06-07,614,614,0
13336,10726,5,4,2026-05-20,2026-05-25,2026-05-23,675,675,40
13337,10727,36,4,2026-05-18,2026-05-29,2026-05-29,141,141,3
13338,10728,49,4,2026-05-19,2026-05-21,2026-05-22,219,219,9
13339,10729,8,2,2026-05-20,2026-05-24,2026-05-27,39,39,0
13340,10729,8,2,2026-05-23,2026-05-25,2026-05-27,36,36,0
13341,10730,27,2,2026-05-23,2026-05-27,2026-05-30,107,107,1
13342,10731,35,9,2026-05-21,2026-05-28,2026-05-29,207,207,2
13343,10732,3,9,2026-06-05,2026-06-20,2026-06-21,28,28,2
13344,10733,5,7,2026-05-25,2026-05-25,2026-05-24,115,115,5
13345,10734,19,7,2026-05-19,2026-05-27,2026-05-23,32,32,2
13346,10735,30,7,2026-05-23,2026-05-26,2026-05-29,46,46,0
13347,10736,36,7,2026-05-30,2026-05-30,2026-05-30,82,82,3
13348,10736,36,7,2026-05-23,2026-06-10,2026-05-30,74,74,4
13349,10737,30,6,2026-05-25,2026-05-27,2026-05-29,362,362,3
13350,10737,30,6,2026-05-20,2026-05-26,2026-05-29,638,638,5
13351,10738,11,6,2026-05-23,2026-05-28,2026-05-31,50,50,0
13352,10739,30,6,2026-05-19,2026-05-26,2026-05-29,186,186,2
13353,10740,39,10,2026-05-19,2026-05-22,2026-05-25,53,53,1
13354,10741,37,1,2026-06-11,2026-06-18,2026-06-18,11,11,0
13355,10742,36,1,2026-05-26,2026-05-28,2026-05-30,398,398,21
13356,10743,47,2,2026-05-27,2026-06-07,2026-06-09,25,25,1
13357,10743,47,2,2026-05-29,2026-06-08,2026-06-09,29,29,1
13358,10744,44,2,2026-05-26,2026-06-05,2026-06-08,25,25,0
13359,10745,17,3,2026-05-20,2026-05-28,2026-05-30,82,82,13
13360,10746,30,3,2026-05-20,2026-05-28,2026-05-29,554,554,3
13361,10746,30,3,2026-05-19,2026-05-27,2026-05-29,848,848,5
13362,10747,48,5,2026-05-29,2026-06-14,2026-06-14,185,185,2
13363,10748,20,5,2026-05-23,2026-05-23,2026-05-24,1166,1166,33
13364,10749,41,5,2026-05-27,2026-06-11,2026-06-06,136,136,10
13365,10750,47,9,2026-05-27,2026-06-16,2026-06-09,52,52,1
13366,10751,20,7,2026-05-19,2026-05-21,2026-05-24,179,179,3
13367,10752,43,7,2026-05-24,2026-05-28,2026-05-28,459,459,8
13368,10753,13,1,2026-05-25,2026-05-30,2026-05-31,147,147,3
13369,10754,16,1,2026-05-24,2026-05-24,2026-05-25,264,264,2
13370,10755,5,1,2026-05-24,2026-05-24,2026-05-24,222,222,9
13371,10755,5,1,2026-05-19,2026-05-23,2026-05-24,275,275,16
13372,10756,15,1,2026-05-21,2026-05-22,2026-05-25,20,20,0
13373,10757,40,1,2026-05-31,2026-06-10,2026-06-10,67,67,1
13374,10758,42,3,2026-05-22,2026-06-01,2026-06-01,19,19,1
13375,10759,38,3,2026-05-28,2026-05-30,2026-05-23,79,79,1
13376,10760,10,3,2026-06-01,2026-06-11,2026-06-13,17,17,1
13377,10761,8,3,2026-05-19,2026-05-27,2026-05-28,898,898,16
13378,10762,20,8,2026-05-20,2026-05-23,2026-05-25,11,11,0
13379,10763,29,8,2026-05-30,2026-06-10,2026-06-12,843,843,1
13380,10764,16,7,2026-05-20,2026-05-24,2026-05-26,18,18,0
13381,10764,16,7,2026-05-22,2026-05-26,2026-05-26,23,23,0
13382,10765,29,7,2026-05-25,2026-06-09,2026-06-12,42,42,0
13383,10765,29,7,2026-05-27,2026-06-24,2026-06-12,68,68,1
13384,10766,17,7,2026-05-28,2026-06-09,2026-05-31,8,8,0
13385,10767,20,7,2026-05-23,2026-05-24,2026-05-25,54,54,2
13386,10768,16,7,2026-05-25,2026-05-25,2026-05-26,3,3,0
13387,10768,16,7,2026-05-21,2026-05-23,2026-05-26,3,3,0
13388,10769,47,7,2026-05-27,2026-06-11,2026-06-10,935,935,3
13389,10770,15,7,2026-05-24,2026-05-24,2026-05-26,15,15,1
13390,10771,17,2,2026-05-27,2026-05-28,2026-05-31,92,92,14
13391,10772,7,9,2026-06-05,2026-06-23,2026-06-23,6,6,0
13392,10772,7,9,2026-06-02,2026-06-21,2026-06-23,7,7,0
13393,10773,30,9,2026-05-22,2026-05-27,2026-05-30,29,29,0
13394,10774,43,5,2026-05-20,2026-05-28,2026-05-29,461,461,31
13395,10775,16,5,2026-05-27,2026-05-30,2026-05-26,172,172,0
13396,10775,16,5,2026-05-23,2026-05-23,2026-05-26,160,160,1
13397,10776,20,10,2026-05-21,2026-05-22,2026-05-25,10,10,0
13398,10777,39,10,2026-05-21,2026-05-24,2026-05-26,114,114,2
13399,10778,43,10,2026-05-20,2026-05-26,2026-05-29,13,13,1
13400,10779,45,9,2026-06-02,2026-06-11,2026-06-13,1192,1192,3
13401,10780,5,6,2026-05-25,2026-05-25,2026-05-25,92,92,4
13402,10781,5,6,2026-05-23,2026-05-23,2026-05-25,5,5,0
13403,10782,20,6,2026-05-23,2026-05-25,2026-05-25,105,105,6
13404,10783,43,6,2026-05-21,2026-05-27,2026-05-29,53,53,3
13405,10784,35,10,2026-05-26,2026-05-29,2026-05-31,195,195,2
13406,10785,29,10,2026-06-02,2026-06-09,2026-06-12,31,31,0
13407,10786,25,10,2026-05-27,2026-05-27,2026-05-27,174,174,1
13408,10787,3,10,2026-06-02,2026-06-23,2026-06-23,59,59,0
13409,10788,5,8,2026-05-22,2026-05-24,2026-05-25,43,43,1
13410,10789,34,8,2026-06-05,2026-06-20,2026-06-23,44,44,1
13411,10789,34,8,2026-06-09,2026-07-02,2026-06-23,41,41,1
13412,10790,4,7,2026-05-31,2026-06-07,2026-06-10,60,60,2
13413,10790,4,7,2026-05-27,2026-06-15,2026-06-10,21,21,0
13414,10790,4,7,2026-05-28,2026-06-10,2026-06-10,23,23,0
13415,10791,14,7,2026-05-23,2026-05-30,2026-06-01,22,22,0
13416,10791,14,7,2026-05-24,2026-06-01,2026-06-01,37,37,0
13417,10792,2,7,2026-05-28,2026-06-03,2026-06-06,221,221,5
13418,10793,30,1,2026-05-26,2026-05-30,2026-05-30,12,12,0
13419,10793,30,1,2026-05-20,2026-05-30,2026-05-30,14,14,0
13420,10794,39,1,2026-05-20,2026-05-27,2026-05-26,612,612,0
13421,10795,17,8,2026-05-30,2026-05-30,2026-05-31,83,83,3
13422,10795,17,8,2026-05-28,2026-05-28,2026-05-31,98,98,4
13423,10796,18,8,2026-05-20,2026-05-23,2026-05-25,20,20,1
13424,10797,16,8,2026-05-20,2026-05-24,2026-05-26,699,699,3
13425,10798,30,3,2026-05-22,2026-05-28,2026-05-30,7,7,0
13426,10799,19,3,2026-05-20,2026-05-22,2026-05-24,147,147,2
13427,10799,19,3,2026-05-20,2026-05-23,2026-05-24,84,84,6
13428,10799,19,3,2026-05-26,2026-05-30,2026-05-24,139,139,4
13429,10800,38,3,2026-05-21,2026-05-21,2026-05-24,464,464,5
13430,10801,41,3,2026-05-28,2026-06-04,2026-06-07,2,2,0
13431,10801,41,3,2026-05-30,2026-06-04,2026-06-07,3,3,0
13432,10801,41,3,2026-05-28,2026-06-04,2026-06-07,2,2,0
13433,10802,16,3,2026-05-27,2026-05-27,2026-05-26,47,47,0
13434,10802,16,3,2026-05-25,2026-05-28,2026-05-26,94,94,1
13435,10803,37,3,2026-06-04,2026-06-18,2026-06-19,681,681,17
13436,10804,17,3,2026-05-27,2026-05-28,2026-05-31,9,9,1
13437,10805,18,3,2026-05-20,2026-05-22,2026-05-25,491,491,16
13438,10806,41,2,2026-05-26,2026-06-09,2026-06-07,344,344,9
13439,10807,43,2,2026-05-21,2026-05-29,2026-05-29,72,72,3
13440,10807,43,2,2026-05-24,2026-05-30,2026-05-29,135,135,7
13441,10808,39,2,2026-05-20,2026-05-25,2026-05-26,452,452,13
13442,10809,50,7,2026-05-30,2026-06-07,2026-06-07,96,96,4
13443,10809,50,7,2026-05-25,2026-06-05,2026-06-07,31,31,2
13444,10809,50,7,2026-05-28,2026-06-07,2026-06-07,52,52,2
13445,10810,7,7,2026-06-01,2026-06-23,2026-06-23,17,17,0
13446,10811,17,7,2026-05-28,2026-05-29,2026-05-31,163,163,14
13447,10812,41,2,2026-05-22,2026-06-19,2026-06-07,9,9,0
13448,10813,37,2,2026-06-03,2026-06-18,2026-06-19,488,488,7
13449,10814,30,2,2026-05-21,2026-05-28,2026-05-30,101,101,1
13450,10815,39,2,2026-05-20,2026-05-23,2026-05-26,767,767,17
13451,10816,7,4,2026-06-03,2026-06-21,2026-06-24,9,9,0
13452,10817,33,4,2026-06-03,2026-06-14,2026-06-15,100,100,2
13453,10818,50,4,2026-05-29,2026-06-08,2026-06-08,235,235,5
13454,10819,46,4,2026-06-06,2026-06-17,2026-06-16,14,14,1
13455,10820,36,7,2026-05-26,2026-05-30,2026-06-01,4,4,0
13456,10821,17,7,2026-05-27,2026-05-31,2026-06-01,191,191,9
13457,10822,47,7,2026-06-03,2026-06-09,2026-06-11,248,248,8
13458,10823,18,7,2026-05-26,2026-05-26,2026-05-26,226,226,0
13459,10823,18,7,2026-05-21,2026-05-24,2026-05-26,63,63,1
13460,10823,18,7,2026-05-28,2026-05-28,2026-05-26,134,134,7
13461,10824,1,8,2026-05-26,2026-06-01,2026-06-02,53,53,2
13462,10824,1,8,2026-05-21,2026-06-02,2026-06-02,94,94,1
13463,10825,19,7,2026-05-21,2026-05-22,2026-05-25,18,18,1
13464,10826,16,7,2026-05-24,2026-05-26,2026-05-27,385,385,4
13465,10827,33,7,2026-06-02,2026-06-15,2026-06-15,140,140,2
13466,10828,22,1,2026-05-23,2026-05-26,2026-05-26,246,246,9
13467,10829,8,1,2026-05-27,2026-05-29,2026-05-30,279,279,2
13468,10829,8,1,2026-05-23,2026-05-28,2026-05-30,309,309,0
13469,10829,8,1,2026-05-25,2026-05-27,2026-05-30,420,420,6
13470,10830,30,1,2026-05-28,2026-05-30,2026-05-31,616,616,7
13471,10831,50,7,2026-05-27,2026-06-05,2026-06-08,44,44,1
13472,10832,47,7,2026-06-01,2026-06-09,2026-06-11,7,7,0
13473,10833,10,7,2026-05-26,2026-06-27,2026-06-15,31,31,1
13474,10833,10,7,2026-06-03,2026-06-14,2026-06-15,18,18,0
13475,10834,25,6,2026-05-25,2026-05-26,2026-05-28,1100,1100,6
13476,10835,25,6,2026-05-23,2026-05-25,2026-05-28,47,47,1
13477,10836,23,6,2026-06-01,2026-06-10,2026-05-31,12,12,0
13478,10837,18,6,2026-05-21,2026-05-26,2026-05-26,19,19,1
13479,10837,18,6,2026-05-21,2026-05-25,2026-05-26,33,33,1
13480,10838,46,6,2026-05-29,2026-06-16,2026-06-16,660,660,11
13481,10839,38,6,2026-05-26,2026-05-26,2026-05-25,351,351,8
13482,10840,36,1,2026-05-29,2026-05-30,2026-06-01,10,10,1
13483,10841,26,1,2026-05-26,2026-06-02,2026-06-02,10,10,0
13484,10842,20,7,2026-05-22,2026-05-25,2026-05-26,381,381,12
13485,10843,30,7,2026-05-24,2026-06-11,2026-05-31,177,177,2
13486,10844,33,7,2026-06-01,2026-06-15,2026-06-15,55,55,2
13487,10844,33,7,2026-05-29,2026-06-13,2026-06-15,64,64,2
13488,10845,50,7,2026-05-31,2026-06-07,2026-06-08,46,46,1
13489,10846,7,2,2026-06-05,2026-06-22,2026-06-24,16,16,0
13490,10846,7,2,2026-06-05,2026-06-23,2026-06-24,26,26,0
13491,10847,50,3,2026-05-26,2026-06-08,2026-06-09,16,16,0
13492,10847,50,3,2026-05-31,2026-06-07,2026-06-09,8,8,0
13493,10847,50,3,2026-05-22,2026-06-07,2026-06-09,5,5,0
13494,10848,23,10,2026-05-24,2026-05-29,2026-06-01,386,386,17
13495,10849,42,10,2026-05-29,2026-06-04,2026-06-04,254,254,5
13496,10850,18,6,2026-05-24,2026-05-26,2026-05-27,205,205,4
13497,10851,23,2,2026-05-30,2026-05-30,2026-06-01,89,89,1
13498,10852,30,2,2026-05-23,2026-05-31,2026-06-01,1238,1238,2
13499,10853,30,1,2026-05-24,2026-05-31,2026-06-01,5,5,0
13500,10853,30,1,2026-05-26,2026-05-31,2026-06-01,10,10,0
13501,10854,31,1,2026-06-01,2026-06-19,2026-06-22,469,469,12
13502,10855,36,1,2026-05-26,2026-06-03,2026-06-02,338,338,15
13503,10856,43,1,2026-05-22,2026-05-30,2026-05-31,450,450,11
13504,10856,43,1,2026-05-26,2026-05-31,2026-05-31,119,119,0
13505,10856,43,1,2026-05-29,2026-05-29,2026-05-31,259,259,2
13506,10857,47,5,2026-05-31,2026-06-09,2026-06-12,415,415,8
13507,10857,47,5,2026-06-02,2026-06-11,2026-06-12,315,315,10
13508,10858,48,6,2026-06-01,2026-06-16,2026-06-17,367,367,12
13509,10858,48,6,2026-06-04,2026-06-14,2026-06-17,330,330,18
13510,10859,18,6,2026-05-22,2026-05-27,2026-05-27,2,2,0
13511,10859,18,6,2026-05-26,2026-05-26,2026-05-27,2,2,0
13512,10859,18,6,2026-05-24,2026-05-27,2026-05-27,2,2,0
13513,10860,42,6,2026-05-22,2026-06-02,2026-06-04,17,17,0
13514,10860,42,6,2026-05-31,2026-06-04,2026-06-04,24,24,1
13515,10861,1,6,2026-05-28,2026-06-02,2026-06-03,11,11,0
13516,10862,1,6,2026-05-28,2026-06-02,2026-06-03,5,5,0
13517,10862,1,6,2026-05-30,2026-06-01,2026-06-03,5,5,0
13518,10863,4,2,2026-05-28,2026-06-11,2026-06-12,66,66,0
13519,10864,19,2,2026-05-22,2026-05-25,2026-05-26,3,3,0
13520,10864,19,2,2026-05-22,2026-05-26,2026-05-26,6,6,0
13521,10865,50,3,2026-05-28,2026-06-13,2026-06-09,82,82,3
13522,10866,3,3,2026-06-11,2026-06-25,2026-06-25,6,6,0
13523,10867,45,3,2026-06-01,2026-06-12,2026-06-15,12,12,0
13524,10868,23,8,2026-05-27,2026-05-31,2026-06-01,73,73,4
13525,10868,23,8,2026-06-02,2026-06-02,2026-06-01,101,101,2
13526,10869,11,8,2026-05-29,2026-05-31,2026-06-03,1121,1121,29
13527,10870,1,8,2026-05-26,2026-06-01,2026-06-03,1038,1038,11
13528,10871,14,8,2026-05-28,2026-05-31,2026-06-03,40,40,0
13529,10872,8,8,2026-05-22,2026-05-28,2026-05-31,499,499,10
13530,10872,8,8,2026-05-26,2026-05-29,2026-05-31,586,586,11
13531,10873,19,8,2026-05-22,2026-05-29,2026-05-26,13,13,1
13532,10874,19,8,2026-05-23,2026-06-06,2026-05-26,674,674,16
13533,10875,16,2,2026-05-24,2026-05-25,2026-05-28,228,228,2
13534,10875,16,2,2026-05-23,2026-05-28,2026-05-28,167,167,1
13535,10876,9,2,2026-05-30,2026-06-07,2026-06-10,21,21,0
13536,10877,45,2,2026-06-01,2026-06-12,2026-06-15,98,98,0
13537,10878,15,8,2026-05-23,2026-05-27,2026-05-28,3,3,0
13538,10878,15,8,2026-05-28,2026-05-28,2026-05-28,5,5,0
13539,10879,36,8,2026-05-29,2026-05-31,2026-06-02,44,44,4
13540,10880,30,8,2026-05-23,2026-06-01,2026-06-01,719,719,7
13541,10881,3,8,2026-06-05,2026-06-24,2026-06-25,45,45,1
13542,10882,9,3,2026-06-06,2026-06-08,2026-06-11,216,216,0
13543,10883,11,3,2026-06-01,2026-06-04,2026-06-04,21,21,0
13544,10884,35,3,2026-05-29,2026-06-01,2026-06-03,5,5,0
13545,10884,35,3,2026-05-30,2026-06-03,2026-06-03,4,4,0
13546,10884,35,3,2026-05-28,2026-06-01,2026-06-03,4,4,0
13547,10885,36,3,2026-05-31,2026-06-01,2026-06-03,124,124,8
13548,10886,21,3,2026-05-23,2026-05-28,2026-05-29,9,9,0
13549,10887,47,1,2026-06-07,2026-06-13,2026-06-13,18,18,1
13550,10888,30,1,2026-05-29,2026-05-31,2026-06-02,196,196,1
13551,10889,36,8,2026-05-30,2026-05-31,2026-06-03,20,20,1
13552,10890,18,8,2026-05-28,2026-05-28,2026-05-28,16,16,0
13553,10891,14,8,2026-05-29,2026-06-01,2026-06-04,147,147,0
13554,10892,5,5,2026-05-24,2026-05-31,2026-05-28,33,33,1
13555,10893,14,5,2026-05-27,2026-06-01,2026-06-04,37,37,0
13556,10894,22,5,2026-05-28,2026-05-28,2026-05-28,81,81,5
13557,10894,22,5,2026-05-24,2026-05-27,2026-05-28,68,68,3
13558,10894,22,5,2026-05-27,2026-05-28,2026-05-28,70,70,1
13559,10895,40,4,2026-05-31,2026-06-12,2026-06-14,341,341,0
13560,10896,20,4,2026-05-25,2026-05-30,2026-05-28,1302,1302,27
13561,10897,23,4,2026-05-28,2026-06-12,2026-06-02,5,5,0
13562,10898,19,4,2026-05-24,2026-05-25,2026-05-27,720,720,31
13563,10899,18,8,2026-05-23,2026-05-28,2026-05-28,186,186,2
13564,10900,38,2,2026-05-30,2026-05-30,2026-05-27,515,515,16
13565,10901,30,2,2026-05-31,2026-06-02,2026-06-02,222,222,2
13566,10902,12,2,2026-06-01,2026-06-08,2026-06-10,8,8,0
13567,10903,1,2,2026-05-23,2026-06-01,2026-06-04,34,34,0
13568,10904,40,2,2026-06-03,2026-06-11,2026-06-14,94,94,1
13569,10905,9,4,2026-06-02,2026-06-10,2026-06-11,9,9,0
13570,10906,7,4,2026-06-09,2026-06-26,2026-06-26,64,64,1
13571,10907,36,4,2026-05-26,2026-06-02,2026-06-03,37,37,2
13572,10908,23,4,2026-05-25,2026-06-01,2026-06-02,65,65,5
13573,10909,50,2,2026-05-31,2026-06-21,2026-06-10,510,510,18
13574,10910,25,2,2026-05-24,2026-05-28,2026-05-30,111,111,2
13575,10911,38,2,2026-05-23,2026-05-27,2026-05-27,28,28,1
13576,10911,38,2,2026-05-23,2026-05-27,2026-05-27,24,24,1
13577,10911,38,2,2026-05-24,2026-05-25,2026-05-27,17,17,0
13578,10912,25,2,2026-05-28,2026-05-28,2026-05-30,1092,1092,7
13579,10913,22,2,2026-05-26,2026-05-27,2026-05-28,5,5,0
13580,10913,22,2,2026-05-23,2026-05-28,2026-05-28,5,5,0
13581,10913,22,2,2026-05-23,2026-05-27,2026-05-28,6,6,0
13582,10914,43,3,2026-05-24,2026-05-30,2026-06-01,4,4,0
13583,10914,43,3,2026-05-27,2026-05-29,2026-06-01,7,7,0
13584,10915,8,3,2026-05-27,2026-06-01,2026-06-01,8,8,0
13585,10916,31,3,2026-06-07,2026-06-23,2026-06-23,1258,1258,22
13586,10917,12,3,2026-06-02,2026-06-09,2026-06-10,8,8,0
13587,10917,12,3,2026-05-29,2026-06-08,2026-06-10,15,15,0
13588,10918,1,3,2026-05-25,2026-06-08,2026-06-04,48,48,2
13589,10919,45,3,2026-06-05,2026-06-15,2026-06-16,33,33,0
13590,10920,16,8,2026-05-23,2026-05-28,2026-05-29,7,7,0
13591,10920,16,8,2026-05-26,2026-05-26,2026-05-29,17,17,0
13592,10921,16,8,2026-05-26,2026-05-29,2026-05-29,39,39,0
13593,10922,30,9,2026-05-24,2026-06-11,2026-06-02,40,40,0
13594,10923,22,9,2026-05-26,2026-05-26,2026-05-28,50,50,1
13595,10924,47,9,2026-05-26,2026-06-11,2026-06-13,721,721,25
13596,10925,26,1,2026-05-25,2026-06-04,2026-06-04,198,198,7
13597,10926,24,1,2026-06-01,2026-06-12,2026-06-13,120,120,2
13598,10927,47,1,2026-05-27,2026-06-11,2026-06-13,10,10,0
13599,10928,30,8,2026-05-24,2026-05-30,2026-06-02,164,164,1
13600,10929,15,8,2026-05-29,2026-05-29,2026-05-29,3,3,0
13601,10929,15,8,2026-05-24,2026-06-03,2026-05-29,3,3,0
13602,10930,20,8,2026-05-28,2026-05-28,2026-05-28,1214,1214,22
13603,10931,29,8,2026-05-31,2026-06-15,2026-06-15,19,19,0
13604,10931,29,8,2026-06-04,2026-06-15,2026-06-15,8,8,0
13605,10931,29,8,2026-05-31,2026-06-12,2026-06-15,19,19,0
13606,10932,43,8,2026-05-28,2026-05-31,2026-06-01,26,26,0
13607,10933,9,8,2026-06-03,2026-06-13,2026-06-11,6,6,0
13608,10934,16,8,2026-05-25,2026-05-29,2026-05-29,125,125,1
13609,10935,28,8,2026-06-02,2026-06-08,2026-06-10,250,250,6
13610,10936,12,4,2026-06-04,2026-06-09,2026-06-11,77,77,1
13611,10936,12,4,2026-06-05,2026-06-08,2026-06-11,164,164,3
13612,10937,35,4,2026-05-26,2026-06-02,2026-06-04,351,351,3
13613,10937,35,4,2026-05-31,2026-06-16,2026-06-04,307,307,5
13614,10938,21,4,2026-05-24,2026-05-28,2026-05-30,434,434,22
13615,10939,8,10,2026-05-24,2026-06-02,2026-06-02,4,4,0
13616,10940,14,7,2026-05-27,2026-06-04,2026-06-05,187,187,0
13617,10940,14,7,2026-05-30,2026-06-04,2026-06-05,279,279,0
13618,10941,30,7,2026-05-30,2026-06-02,2026-06-03,62,62,0
13619,10941,30,7,2026-05-24,2026-06-02,2026-06-03,158,158,1
13620,10942,7,7,2026-06-10,2026-06-24,2026-06-27,115,115,1
13621,10943,2,7,2026-05-28,2026-06-07,2026-06-10,5,5,0
13622,10943,2,7,2026-06-02,2026-06-08,2026-06-10,11,11,0
13623,10944,25,9,2026-05-24,2026-05-29,2026-05-31,283,283,0
13624,10944,25,9,2026-05-27,2026-05-28,2026-05-31,201,201,4
13625,10945,50,4,2026-06-01,2026-06-12,2026-06-12,28,28,1
13626,10945,50,4,2026-06-05,2026-06-11,2026-06-12,29,29,2
13627,10945,50,4,2026-06-06,2026-06-20,2026-06-12,34,34,0
13628,10946,25,4,2026-05-25,2026-05-29,2026-06-01,237,237,2
13629,10947,46,4,2026-06-15,2026-06-27,2026-06-20,216,216,4
13630,10948,16,3,2026-06-01,2026-06-01,2026-05-31,3,3,0
13631,10948,16,3,2026-05-25,2026-05-31,2026-05-31,2,2,0
13632,10949,10,4,2026-06-05,2026-06-18,2026-06-19,5,5,0
13633,10949,10,4,2026-06-03,2026-06-17,2026-06-19,3,3,0
13634,10949,10,4,2026-06-02,2026-06-18,2026-06-19,5,5,0
13635,10950,15,7,2026-05-31,2026-06-01,2026-06-01,11,11,1
13636,10951,7,10,2026-06-12,2026-06-27,2026-06-29,9,9,0
13637,10952,10,9,2026-06-06,2026-06-18,2026-06-20,21,21,1
13638,10953,1,9,2026-05-29,2026-06-19,2026-06-07,498,498,8
13639,10954,28,9,2026-06-05,2026-06-12,2026-06-13,7,7,0
13640,10954,28,9,2026-05-31,2026-06-10,2026-06-13,7,7,0
13641,10954,28,9,2026-06-02,2026-06-13,2026-06-13,6,6,0
13642,10955,37,9,2026-06-09,2026-06-22,2026-06-25,12,12,0
13643,10956,10,9,2026-06-01,2026-06-20,2026-06-20,298,298,10
13644,10957,16,8,2026-05-26,2026-05-30,2026-06-01,609,609,3
13645,10958,40,8,2026-06-04,2026-06-17,2026-06-17,561,561,1
13646,10959,25,8,2026-05-29,2026-06-01,2026-06-02,12,12,0
13647,10959,25,8,2026-06-01,2026-06-01,2026-06-02,19,19,0
13648,10960,14,1,2026-06-01,2026-06-05,2026-06-07,16,16,0
13649,10961,18,1,2026-06-01,2026-06-01,2026-05-31,96,96,4
13650,10962,22,6,2026-05-27,2026-05-29,2026-05-31,91,91,3
13651,10963,2,4,2026-06-02,2026-06-11,2026-06-12,250,250,4
13652,10963,2,4,2026-06-04,2026-06-10,2026-06-12,101,101,2
13653,10963,2,4,2026-06-01,2026-06-10,2026-06-12,104,104,2
13654,10964,9,4,2026-06-03,2026-06-11,2026-06-14,42,42,0
13655,10965,25,6,2026-05-26,2026-05-31,2026-06-02,444,444,2
13656,10966,18,6,2026-05-30,2026-05-31,2026-05-31,9,9,0
13657,10967,9,4,2026-06-02,2026-06-12,2026-06-14,925,925,19
13658,10968,23,4,2026-05-26,2026-06-07,2026-06-05,55,55,1
13659,10969,36,4,2026-05-30,2026-06-03,2026-06-06,21,21,1
13660,10970,30,4,2026-06-02,2026-06-04,2026-06-05,22,22,0
13661,10970,30,4,2026-05-31,2026-06-03,2026-06-05,32,32,0
13662,10971,36,4,2026-05-30,2026-06-14,2026-06-06,12,12,1
13663,10971,36,4,2026-06-05,2026-06-05,2026-06-06,14,14,1
13664,10972,41,4,2026-06-02,2026-06-10,2026-06-13,6,6,0
13665,10973,50,6,2026-06-04,2026-06-11,2026-06-13,50,50,1
13666,10974,27,6,2026-06-01,2026-06-06,2026-06-07,7,7,0
13667,10974,27,6,2026-05-29,2026-06-05,2026-06-07,5,5,0
13668,10974,27,6,2026-05-31,2026-06-05,2026-06-07,10,10,0
13669,10975,44,6,2026-06-02,2026-06-12,2026-06-15,6,6,0
13670,10976,21,6,2026-05-26,2026-06-01,2026-06-01,24,24,0
13671,10977,44,6,2026-06-03,2026-06-12,2026-06-15,597,597,6
13672,10978,3,6,2026-06-06,2026-06-28,2026-06-29,323,323,13
13673,10979,48,4,2026-06-11,2026-06-21,2026-06-21,543,543,4
13674,10980,3,4,2026-06-12,2026-06-27,2026-06-29,438,438,29
13675,10981,40,4,2026-06-05,2026-06-14,2026-06-17,10,10,0
13676,10982,50,4,2026-06-01,2026-06-12,2026-06-13,79,79,4
13677,10982,50,4,2026-05-29,2026-06-11,2026-06-13,160,160,7
13678,10983,25,2,2026-05-30,2026-06-02,2026-06-02,122,122,4
13679,10984,40,2,2026-06-10,2026-06-17,2026-06-17,66,66,1
13680,10985,35,2,2026-05-27,2026-06-06,2026-06-06,6,6,0
13681,10986,38,2,2026-05-26,2026-05-28,2026-05-30,207,207,0
13682,10987,9,2,2026-06-07,2026-06-12,2026-06-14,69,69,3
13683,10988,39,4,2026-05-30,2026-05-31,2026-06-02,18,18,0
13684,10989,21,5,2026-05-27,2026-05-30,2026-06-02,713,713,0
13685,10990,20,5,2026-05-28,2026-05-30,2026-06-01,116,116,3
13686,10991,50,5,2026-06-05,2026-06-13,2026-06-14,25,25,1
13687,10991,50,5,2026-06-01,2026-06-14,2026-06-14,10,10,0
13688,10991,50,5,2026-06-05,2026-06-12,2026-06-14,9,9,0
13689,10992,39,5,2026-05-29,2026-06-01,2026-06-02,400,400,9
13690,10993,14,2,2026-06-01,2026-06-08,2026-06-08,6,6,0
13691,10994,39,2,2026-05-29,2026-06-06,2026-06-02,23,23,0
13692,10995,43,2,2026-05-31,2026-06-04,2026-06-05,17,17,1
13693,10996,31,2,2026-06-08,2026-06-26,2026-06-27,54,54,0
13694,10996,31,2,2026-06-12,2026-06-27,2026-06-27,41,41,2
13695,10996,31,2,2026-06-11,2026-06-24,2026-06-27,28,28,0
13696,10997,46,2,2026-05-30,2026-06-22,2026-06-22,8,8,0
13697,10998,10,2,2026-06-05,2026-06-19,2026-06-21,539,539,7
13698,10999,35,3,2026-06-03,2026-06-04,2026-06-07,57,57,1
13699,11000,8,5,2026-05-27,2026-06-05,2026-06-05,11,11,0
13700,11001,30,5,2026-05-27,2026-06-03,2026-06-06,261,261,0
13701,11002,42,10,2026-06-07,2026-06-07,2026-06-09,7,7,0
13702,11003,30,10,2026-05-30,2026-06-06,2026-06-06,6,6,0
13703,11003,30,10,2026-06-04,2026-06-06,2026-06-06,4,4,0
13704,11004,2,10,2026-06-08,2026-06-10,2026-06-13,16,16,0
13705,11005,41,2,2026-06-04,2026-06-23,2026-06-14,4,4,0
13706,11006,11,2,2026-05-29,2026-06-08,2026-06-08,467,467,14
13707,11006,11,2,2026-06-04,2026-06-06,2026-06-08,458,458,6
13708,11007,10,9,2026-06-09,2026-06-18,2026-06-21,26,26,1
13709,11008,43,9,2026-05-30,2026-06-17,2026-06-05,6,6,0
13710,11009,36,1,2026-06-01,2026-06-05,2026-06-07,6,6,0
13711,11010,30,1,2026-05-30,2026-06-05,2026-06-06,89,89,0
13712,11011,50,1,2026-06-08,2026-06-25,2026-06-14,848,848,22
13713,11012,41,9,2026-06-08,2026-06-15,2026-06-15,70,70,3
13714,11013,47,9,2026-06-08,2026-06-24,2026-06-18,606,606,26
13715,11014,9,10,2026-06-06,2026-06-13,2026-06-16,26,26,1
13716,11015,33,10,2026-06-06,2026-06-21,2026-06-22,63,63,1
13717,11016,46,9,2026-06-07,2026-06-26,2026-06-23,2,2,0
13718,11016,46,9,2026-06-08,2026-06-22,2026-06-23,3,3,0
13719,11017,19,9,2026-05-28,2026-06-12,2026-06-01,87,87,0
13720,11018,42,9,2026-06-03,2026-06-20,2026-06-10,131,131,5
13721,11019,47,9,2026-06-09,2026-06-16,2026-06-18,16,16,1
13722,11020,47,9,2026-06-01,2026-06-18,2026-06-18,226,226,8
13723,11021,43,9,2026-06-07,2026-06-07,2026-06-06,543,543,13
13724,11022,23,3,2026-06-06,2026-06-06,2026-06-07,397,397,13
13725,11023,19,8,2026-05-28,2026-05-31,2026-06-01,14,14,1
13726,11024,15,8,2026-05-28,2026-06-02,2026-06-03,152,152,0
13727,11025,50,8,2026-06-07,2026-06-12,2026-06-15,19,19,1
13728,11026,9,8,2026-06-09,2026-06-15,2026-06-16,46,46,1
13729,11027,39,4,2026-05-31,2026-05-31,2026-06-03,47,47,1
13730,11028,38,4,2026-05-29,2026-06-01,2026-06-01,256,256,9
13731,11029,47,4,2026-06-12,2026-06-16,2026-06-18,19,19,0
13732,11030,39,4,2026-05-28,2026-06-03,2026-06-03,9,9,0
13733,11031,4,4,2026-05-31,2026-06-17,2026-06-18,118,118,3
13734,11032,6,10,2026-06-06,2026-06-15,2026-06-15,26,26,0
13735,11033,28,10,2026-06-01,2026-06-14,2026-06-15,53,53,0
13736,11034,2,10,2026-06-06,2026-06-14,2026-06-14,188,188,2
13737,11034,2,10,2026-06-04,2026-06-14,2026-06-14,182,182,1
13738,11034,2,10,2026-06-06,2026-06-13,2026-06-14,217,217,4
13739,11035,50,8,2026-06-06,2026-06-26,2026-06-15,5,5,0
13740,11036,36,8,2026-05-28,2026-06-19,2026-06-08,20,20,1
13741,11037,37,8,2026-06-09,2026-06-26,2026-06-27,568,568,26
13742,11038,39,7,2026-06-01,2026-06-01,2026-06-03,65,65,1
13743,11039,38,7,2026-05-30,2026-05-31,2026-06-01,16,16,0
13744,11039,38,7,2026-05-29,2026-05-31,2026-06-01,32,32,1
13745,11040,41,5,2026-06-01,2026-06-15,2026-06-15,12,12,1
13746,11040,41,5,2026-06-01,2026-06-13,2026-06-15,7,7,1
13747,11040,41,5,2026-06-10,2026-06-14,2026-06-15,13,13,0
13748,11041,36,1,2026-06-01,2026-06-07,2026-06-08,148,148,9
13749,11042,22,1,2026-05-28,2026-06-01,2026-06-02,39,39,1
13750,11043,2,1,2026-05-31,2026-06-11,2026-06-14,42,42,1
13751,11044,26,1,2026-06-06,2026-06-09,2026-06-09,29,29,2
13752,11045,19,1,2026-05-28,2026-05-30,2026-06-01,320,320,8
13753,11046,13,1,2026-06-03,2026-06-06,2026-06-09,45,45,1
13754,11046,13,1,2026-06-04,2026-06-08,2026-06-09,69,69,1
13755,11047,1,1,2026-06-01,2026-06-08,2026-06-09,539,539,7
13756,11048,46,9,2026-06-08,2026-06-21,2026-06-23,39,39,2
13757,11049,14,9,2026-06-09,2026-06-09,2026-06-09,146,146,0
13758,11050,30,9,2026-06-02,2026-06-04,2026-06-07,736,736,7
13759,11051,2,2,2026-06-06,2026-06-14,2026-06-14,133,133,2
13760,11052,18,2,2026-05-28,2026-06-01,2026-06-02,399,399,15
13761,11052,18,2,2026-05-31,2026-05-31,2026-06-02,392,392,11
13762,11053,4,2,2026-06-06,2026-06-18,2026-06-18,829,829,0
13763,11054,21,2,2026-05-28,2026-05-31,2026-06-03,5,5,0
13764,11055,5,2,2026-06-03,2026-06-08,2026-06-02,898,898,50
13765,11056,9,2,2026-06-05,2026-06-16,2026-06-16,43,43,1
13766,11057,16,10,2026-05-29,2026-06-01,2026-06-04,12,12,0
13767,11058,21,10,2026-05-29,2026-06-03,2026-06-04,225,225,13
13768,11059,33,7,2026-06-05,2026-06-22,2026-06-23,932,932,28
13769,11060,20,7,2026-06-05,2026-06-05,2026-06-03,40,40,1
13770,11060,20,7,2026-05-29,2026-06-03,2026-06-03,82,82,2
13771,11061,30,5,2026-06-04,2026-06-05,2026-06-08,1103,1103,4
13772,11062,43,5,2026-06-03,2026-06-04,2026-06-07,60,60,3
13773,11062,43,5,2026-06-02,2026-06-06,2026-06-07,163,163,3
13774,11063,41,9,2026-06-07,2026-06-23,2026-06-16,810,810,22
13775,11064,14,9,2026-06-07,2026-06-07,2026-06-10,83,83,0
13776,11065,4,3,2026-06-09,2026-06-16,2026-06-19,45,45,1
13777,11066,17,3,2026-06-06,2026-06-20,2026-06-09,14,14,2
13778,11067,41,8,2026-06-07,2026-06-21,2026-06-16,139,139,6
13779,11068,11,8,2026-05-29,2026-06-10,2026-06-10,1202,1202,17
13780,11069,40,8,2026-06-05,2026-06-19,2026-06-20,280,280,2
13781,11070,28,5,2026-06-04,2026-06-15,2026-06-16,78,78,1
13782,11070,28,5,2026-06-03,2026-06-14,2026-06-16,136,136,1
13783,11071,45,5,2026-06-02,2026-06-22,2026-06-22,70,70,0
13784,11072,1,1,2026-06-06,2026-06-08,2026-06-10,21,21,0
13785,11073,37,1,2026-06-12,2026-06-25,2026-06-28,104,104,2
13786,11074,31,1,2026-06-11,2026-06-29,2026-06-29,54,54,2
13787,11074,31,1,2026-06-16,2026-06-28,2026-06-29,49,49,2
13788,11075,20,1,2026-06-05,2026-06-05,2026-06-04,469,469,3
13789,11076,14,1,2026-06-08,2026-06-11,2026-06-11,11,11,0
13790,11077,42,9,2026-06-02,2026-06-11,2026-06-12,573,573,11
13791,11078,30,8,2026-05-31,2026-06-07,2026-06-09,9,9,0
13792,11079,5,4,2026-06-01,2026-06-04,2026-06-04,38,38,1
13793,11080,47,4,2026-06-07,2026-06-19,2026-06-20,8,8,0
13794,11081,20,4,2026-05-31,2026-06-04,2026-06-04,7,7,0
13795,11081,20,4,2026-06-01,2026-06-01,2026-06-04,3,3,0
13796,11081,20,4,2026-06-01,2026-06-02,2026-06-04,4,4,0
13797,11082,48,2,2026-06-10,2026-06-24,2026-06-25,261,261,9
13798,11082,48,2,2026-06-14,2026-06-22,2026-06-25,167,167,3
13799,11083,36,2,2026-06-04,2026-06-10,2026-06-10,3,3,0
13800,11083,36,2,2026-06-01,2026-06-08,2026-06-10,3,3,0
13801,11084,1,2,2026-06-01,2026-06-10,2026-06-11,45,45,1
13802,11085,29,2,2026-06-05,2026-06-21,2026-06-22,658,658,11
13803,11086,20,7,2026-06-04,2026-06-04,2026-06-04,13,13,0
13804,11086,20,7,2026-05-30,2026-06-01,2026-06-04,18,18,0
13805,11087,1,7,2026-06-04,2026-06-09,2026-06-11,25,25,0
13806,11088,30,7,2026-06-06,2026-06-07,2026-06-09,447,447,3
13807,11089,20,7,2026-05-31,2026-06-04,2026-06-04,403,403,12
13808,11089,20,7,2026-05-30,2026-06-02,2026-06-04,261,261,6
13809,11089,20,7,2026-06-04,2026-06-04,2026-06-04,220,220,11
13810,11090,33,1,2026-06-11,2026-06-23,2026-06-24,22,22,0
13811,11090,33,1,2026-06-09,2026-06-21,2026-06-24,25,25,1
13812,11091,21,1,2026-06-01,2026-06-04,2026-06-05,107,107,4
13813,11092,14,10,2026-05-30,2026-06-09,2026-06-11,136,136,0
13814,11093,6,10,2026-06-07,2026-06-15,2026-06-17,19,19,0
13815,11094,11,10,2026-06-02,2026-06-08,2026-06-11,1243,1243,26
13816,11095,19,10,2026-05-30,2026-05-31,2026-06-03,41,41,3
13817,11096,36,6,2026-06-05,2026-06-22,2026-06-10,44,44,3
13818,11097,2,6,2026-06-06,2026-06-14,2026-06-16,29,29,0
13819,11098,20,6,2026-05-31,2026-06-05,2026-06-04,96,96,3
13820,11099,7,1,2026-06-14,2026-06-30,2026-07-03,32,32,0
13821,11100,39,1,2026-06-04,2026-06-04,2026-06-05,14,14,0
13822,11101,15,1,2026-05-30,2026-06-11,2026-06-05,70,70,3
13823,11102,6,10,2026-06-09,2026-06-17,2026-06-17,300,300,1
13824,11103,26,10,2026-06-07,2026-06-20,2026-06-11,26,26,2
13825,11104,36,10,2026-06-02,2026-06-10,2026-06-10,117,117,2
13826,11105,19,10,2026-05-30,2026-06-02,2026-06-03,6,6,0
13827,11106,25,7,2026-05-30,2026-06-06,2026-06-06,536,536,8
13828,11107,36,2,2026-06-04,2026-06-09,2026-06-10,88,88,6
13829,11108,30,2,2026-06-06,2026-06-08,2026-06-09,143,143,1
13830,11109,45,9,2026-06-11,2026-06-23,2026-06-23,1359,1359,3
13831,11110,39,9,2026-06-07,2026-06-07,2026-06-05,237,237,1
13832,11111,35,10,2026-06-01,2026-06-08,2026-06-10,599,599,5
13833,11112,5,10,2026-06-01,2026-06-01,2026-06-04,33,33,2
13834,11112,5,10,2026-05-30,2026-06-03,2026-06-04,17,17,1
13835,11112,5,10,2026-05-30,2026-06-04,2026-06-04,16,16,0
13836,11113,30,10,2026-06-06,2026-06-07,2026-06-09,44,44,0
13837,11113,30,10,2026-06-06,2026-06-09,2026-06-09,28,28,0
13838,11114,17,10,2026-05-31,2026-06-10,2026-06-10,313,313,36
13839,11115,37,10,2026-06-15,2026-06-27,2026-06-29,695,695,6
13840,11116,21,10,2026-06-02,2026-06-03,2026-06-05,10,10,0
13841,11117,5,10,2026-05-30,2026-06-01,2026-06-04,14,14,0
13842,11118,17,4,2026-06-06,2026-06-09,2026-06-11,171,171,23
13843,11119,42,4,2026-06-11,2026-06-11,2026-06-13,101,101,0
13844,11120,14,4,2026-06-04,2026-06-09,2026-06-12,13,13,0
13845,11121,5,4,2026-05-31,2026-06-05,2026-06-05,307,307,11
13846,11122,30,4,2026-05-31,2026-06-07,2026-06-10,37,37,0
13847,11123,1,4,2026-06-07,2026-06-09,2026-06-12,10,10,0
13848,11123,1,4,2026-06-08,2026-06-10,2026-06-12,8,8,0
13849,11123,1,4,2026-06-11,2026-06-11,2026-06-12,9,9,0
13850,11124,25,4,2026-05-31,2026-06-05,2026-06-07,19,19,0
13851,11125,25,4,2026-05-31,2026-06-05,2026-06-07,8,8,0
13852,11126,10,3,2026-06-12,2026-06-22,2026-06-25,1161,1161,24
13853,11127,41,3,2026-06-08,2026-06-16,2026-06-18,54,54,4
13854,11127,41,3,2026-06-10,2026-06-18,2026-06-18,25,25,1
13855,11127,41,3,2026-06-12,2026-06-25,2026-06-18,42,42,5
13856,11128,35,9,2026-06-04,2026-06-13,2026-06-12,105,105,2
13857,11129,43,9,2026-06-03,2026-06-08,2026-06-10,20,20,1
13858,11130,10,9,2026-06-16,2026-06-26,2026-06-26,7,7,0
13859,11131,8,9,2026-06-04,2026-06-09,2026-06-10,181,181,2
13860,11132,50,9,2026-06-09,2026-06-17,2026-06-19,627,627,17
13861,11133,4,1,2026-06-17,2026-06-23,2026-06-23,402,402,11
13862,11134,19,9,2026-06-03,2026-06-03,2026-06-06,6,6,0
13863,11135,43,9,2026-06-06,2026-06-11,2026-06-11,198,198,6
13864,11136,2,9,2026-06-12,2026-06-19,2026-06-19,8,8,0
13865,11137,17,7,2026-06-06,2026-06-10,2026-06-13,22,22,3
13866,11138,10,7,2026-06-14,2026-06-25,2026-06-27,875,875,20
13867,11139,47,6,2026-06-14,2026-06-22,2026-06-23,3,3,0
13868,11139,47,6,2026-06-11,2026-06-21,2026-06-23,1,1,0
13869,11139,47,6,2026-06-14,2026-07-01,2026-06-23,1,1,0
13870,11140,17,6,2026-06-03,2026-06-10,2026-06-13,198,198,21
13871,11141,5,2,2026-06-04,2026-06-06,2026-06-07,201,201,7
13872,11142,41,2,2026-06-12,2026-06-21,2026-06-20,10,10,0
13873,11143,4,2,2026-06-12,2026-06-20,2026-06-23,438,438,5
13874,11144,45,4,2026-06-13,2026-06-24,2026-06-26,196,196,1
13875,11145,10,4,2026-06-12,2026-06-26,2026-06-27,244,244,9
13876,11145,10,4,2026-06-13,2026-06-26,2026-06-27,322,322,14
13877,11146,34,4,2026-06-18,2026-07-03,2026-07-06,4,4,0
13878,11147,22,4,2026-06-05,2026-06-17,2026-06-07,2,2,0
13879,11147,22,4,2026-06-03,2026-06-15,2026-06-07,4,4,0
13880,11148,11,1,2026-06-06,2026-06-14,2026-06-14,826,826,10
13881,11149,3,1,2026-06-20,2026-07-06,2026-07-06,209,209,13
13882,11150,43,1,2026-06-07,2026-06-12,2026-06-11,14,14,1
13883,11150,43,1,2026-06-02,2026-06-08,2026-06-11,32,32,1
13884,11151,22,1,2026-06-02,2026-06-12,2026-06-07,39,39,1
13885,11151,22,1,2026-06-03,2026-06-04,2026-06-07,52,52,1
13886,11152,25,8,2026-06-02,2026-06-08,2026-06-09,24,24,0
13887,11153,48,8,2026-06-14,2026-06-26,2026-06-28,9,9,0
13888,11154,25,7,2026-06-03,2026-06-06,2026-06-09,470,470,0
13889,11155,48,6,2026-06-14,2026-06-28,2026-06-28,211,211,16
13890,11156,11,6,2026-06-06,2026-06-13,2026-06-14,222,222,9
13891,11157,8,6,2026-06-06,2026-06-08,2026-06-11,48,48,1
13892,11157,8,6,2026-06-06,2026-06-08,2026-06-11,80,80,1
13893,11158,23,2,2026-06-04,2026-06-09,2026-06-12,66,66,2
13894,11159,44,2,2026-06-09,2026-06-20,2026-06-22,105,105,1
13895,11160,16,2,2026-06-10,2026-06-10,2026-06-08,19,19,0
13896,11160,16,2,2026-06-02,2026-06-06,2026-06-08,33,33,0
13897,11161,10,5,2026-06-19,2026-06-24,2026-06-27,18,18,0
13898,11162,4,5,2026-06-07,2026-07-05,2026-06-23,471,471,19
13899,11163,6,5,2026-06-12,2026-06-17,2026-06-20,34,34,0
13900,11164,47,9,2026-06-08,2026-07-05,2026-06-23,4,4,0
13901,11164,47,9,2026-06-10,2026-06-20,2026-06-23,2,2,0
13902,11165,13,9,2026-06-04,2026-06-13,2026-06-14,350,350,3
13903,11166,15,9,2026-06-02,2026-06-07,2026-06-08,168,168,11
13904,11167,21,8,2026-06-03,2026-06-07,2026-06-09,128,128,2
13905,11168,40,8,2026-06-08,2026-06-22,2026-06-25,1172,1172,1
13906,11169,3,8,2026-06-23,2026-07-06,2026-07-07,96,96,2
13907,11170,19,8,2026-06-04,2026-06-05,2026-06-07,6,6,0
13908,11171,27,8,2026-06-11,2026-06-15,2026-06-15,322,322,9
13909,11172,35,2,2026-06-06,2026-06-13,2026-06-14,5,5,0
13910,11172,35,2,2026-06-09,2026-06-14,2026-06-14,9,9,0
13911,11173,36,2,2026-06-10,2026-06-14,2026-06-14,47,47,4
13912,11174,17,2,2026-06-10,2026-06-11,2026-06-14,60,60,14
13913,11175,30,2,2026-06-05,2026-06-10,2026-06-13,1032,1032,6
13914,11176,13,7,2026-06-13,2026-06-13,2026-06-15,8,8,0
13915,11177,16,7,2026-06-03,2026-06-06,2026-06-09,648,648,3
13916,11178,8,10,2026-06-04,2026-06-10,2026-06-12,107,107,1
13917,11179,10,10,2026-06-11,2026-06-27,2026-06-28,44,44,1
13918,11180,30,5,2026-06-06,2026-06-10,2026-06-13,9,9,0
13919,11181,8,5,2026-06-11,2026-06-11,2026-06-12,12,12,0
13920,11182,36,5,2026-06-04,2026-06-11,2026-06-14,12,12,0
13921,11183,3,5,2026-06-20,2026-07-07,2026-07-07,322,322,32
13922,11184,3,5,2026-06-17,2026-07-05,2026-07-07,33,33,2
13923,11184,3,5,2026-06-17,2026-07-04,2026-07-07,66,66,3
13924,11185,47,1,2026-06-13,2026-06-24,2026-06-24,4,4,0
13925,11185,47,1,2026-06-08,2026-06-23,2026-06-24,7,7,0
13926,11186,16,1,2026-06-05,2026-06-07,2026-06-09,164,164,1
13927,11187,50,9,2026-06-12,2026-06-18,2026-06-21,180,180,6
13928,11188,18,9,2026-06-06,2026-06-20,2026-06-08,722,722,26
13929,11189,43,9,2026-06-08,2026-06-12,2026-06-12,182,182,6
13930,11190,43,9,2026-06-10,2026-06-12,2026-06-12,83,83,3
13931,11191,4,9,2026-06-14,2026-07-05,2026-06-24,561,561,25
13932,11192,9,7,2026-06-08,2026-06-19,2026-06-22,174,174,4
13933,11192,9,7,2026-06-10,2026-06-20,2026-06-22,228,228,10
13934,11193,20,2,2026-06-07,2026-06-17,2026-06-08,48,48,1
13935,11194,29,2,2026-06-11,2026-06-25,2026-06-26,112,112,1
13936,11195,33,5,2026-06-13,2026-06-25,2026-06-28,235,235,6
13937,11196,10,5,2026-06-09,2026-06-27,2026-06-28,628,628,13
13938,11197,47,5,2026-06-14,2026-06-23,2026-06-24,149,149,8
13939,11198,17,4,2026-06-06,2026-06-15,2026-06-14,5,5,0
13940,11198,17,4,2026-06-10,2026-06-14,2026-06-14,2,2,0
13941,11198,17,4,2026-06-03,2026-06-14,2026-06-14,4,4,0
13942,11199,35,4,2026-06-07,2026-06-11,2026-06-14,807,807,8
13943,11200,43,4,2026-06-06,2026-06-10,2026-06-12,256,256,4
13944,11200,43,4,2026-06-05,2026-06-09,2026-06-12,261,261,11
13945,11201,3,3,2026-06-19,2026-07-08,2026-07-08,5,5,0
13946,11202,29,3,2026-06-16,2026-06-25,2026-06-27,47,47,1
13947,11202,29,3,2026-06-11,2026-06-26,2026-06-27,33,33,0
13948,11202,29,3,2026-06-16,2026-06-24,2026-06-27,28,28,0
13949,11203,30,9,2026-06-04,2026-06-13,2026-06-14,228,228,1
13950,11203,30,9,2026-06-05,2026-06-14,2026-06-14,451,451,3
13951,11204,20,9,2026-06-05,2026-06-07,2026-06-09,3,3,0
13952,11204,20,9,2026-06-11,2026-06-11,2026-06-09,7,7,0
13953,11205,39,9,2026-06-06,2026-06-10,2026-06-10,18,18,0
13954,11206,43,3,2026-06-12,2026-06-12,2026-06-13,4,4,0
13955,11207,40,3,2026-06-17,2026-07-03,2026-06-26,57,57,0
13956,11208,16,8,2026-06-04,2026-06-10,2026-06-10,64,64,0
13957,11209,23,6,2026-06-10,2026-06-11,2026-06-14,457,457,12
13958,11210,48,6,2026-06-14,2026-06-27,2026-06-30,50,50,4
13959,11211,44,6,2026-06-15,2026-06-24,2026-06-24,6,6,0
13960,11212,12,7,2026-06-12,2026-06-22,2026-06-22,64,64,0
13961,11213,48,7,2026-06-22,2026-06-27,2026-06-30,56,56,3
13962,11214,18,9,2026-06-04,2026-06-06,2026-06-09,43,43,2
13963,11215,9,9,2026-06-14,2026-07-03,2026-06-23,5,5,0
13964,11216,16,9,2026-06-10,2026-06-10,2026-06-10,23,23,0
13965,11217,15,9,2026-06-06,2026-06-08,2026-06-10,249,249,14
13966,11217,15,9,2026-06-04,2026-06-09,2026-06-10,242,242,14
13967,11218,5,9,2026-06-13,2026-06-13,2026-06-09,318,318,14
13968,11218,5,9,2026-06-05,2026-06-06,2026-06-09,177,177,11
13969,11218,5,9,2026-06-08,2026-06-08,2026-06-09,338,338,3
13970,11219,19,9,2026-06-04,2026-06-05,2026-06-08,64,64,0
13971,11219,19,9,2026-06-09,2026-06-10,2026-06-08,49,49,2
13972,11219,19,9,2026-06-05,2026-06-07,2026-06-08,98,98,2
13973,11220,43,9,2026-06-05,2026-06-11,2026-06-13,236,236,0
13974,11220,43,9,2026-06-07,2026-06-12,2026-06-13,122,122,2
13975,11220,43,9,2026-06-06,2026-06-10,2026-06-13,189,189,4
13976,11221,50,3,2026-06-09,2026-07-05,2026-06-23,7,7,0
13977,11222,20,2,2026-06-05,2026-06-08,2026-06-10,205,205,2
13978,11223,48,2,2026-06-16,2026-07-09,2026-07-01,55,55,3
13979,11224,42,2,2026-06-15,2026-06-15,2026-06-18,6,6,0
13980,11225,22,4,2026-06-10,2026-06-10,2026-06-10,35,35,1
13981,11225,22,4,2026-06-05,2026-06-10,2026-06-10,25,25,1
13982,11226,4,4,2026-06-14,2026-06-24,2026-06-26,4,4,0
13983,11227,37,9,2026-06-25,2026-07-02,2026-07-05,25,25,1
13984,11228,35,9,2026-06-14,2026-06-15,2026-06-16,698,698,8
13985,11229,24,9,2026-06-17,2026-06-25,2026-06-26,5,5,0
13986,11230,5,7,2026-06-05,2026-06-07,2026-06-10,70,70,3
13987,11231,28,7,2026-06-13,2026-06-28,2026-06-23,62,62,0
13988,11232,22,2,2026-06-05,2026-06-09,2026-06-10,994,994,41
13989,11233,30,2,2026-06-07,2026-06-15,2026-06-15,123,123,1
13990,11234,7,4,2026-06-19,2026-07-06,2026-07-09,340,340,5
13991,11235,2,4,2026-06-05,2026-06-19,2026-06-22,59,59,0
13992,11236,15,4,2026-06-12,2026-06-12,2026-06-11,7,7,0
13993,11237,20,10,2026-06-05,2026-06-07,2026-06-10,16,16,0
13994,11237,20,10,2026-06-06,2026-06-09,2026-06-10,15,15,1
13995,11237,20,10,2026-06-09,2026-06-10,2026-06-10,17,17,1
13996,11238,43,10,2026-06-06,2026-06-25,2026-06-14,117,117,0
13997,11239,1,10,2026-06-05,2026-06-17,2026-06-17,287,287,6
13998,11240,43,10,2026-06-05,2026-06-18,2026-06-14,155,155,3
13999,11241,43,3,2026-06-07,2026-06-13,2026-06-14,206,206,2
14000,11242,16,3,2026-06-05,2026-06-10,2026-06-11,80,80,1
14001,11243,36,3,2026-06-08,2026-06-24,2026-06-16,8,8,0
14002,11244,47,3,2026-06-17,2026-07-04,2026-06-26,10,10,0
14003,11245,40,3,2026-06-14,2026-06-26,2026-06-27,565,565,0
14004,11245,40,3,2026-06-11,2026-06-26,2026-06-27,921,921,6
14005,11246,47,8,2026-06-19,2026-07-08,2026-06-26,10,10,0
14006,11246,47,8,2026-06-12,2026-06-23,2026-06-26,7,7,0
14007,11247,3,8,2026-06-20,2026-07-06,2026-07-09,8,8,1
14008,11248,41,3,2026-06-15,2026-07-01,2026-06-23,94,94,4
14009,11249,30,3,2026-06-10,2026-06-14,2026-06-15,27,27,0
14010,11249,30,3,2026-06-07,2026-06-15,2026-06-15,8,8,0
14011,11249,30,3,2026-06-10,2026-06-15,2026-06-15,11,11,0
14012,11250,31,3,2026-06-20,2026-07-03,2026-07-06,12,12,0
14013,11251,50,4,2026-06-17,2026-06-27,2026-06-23,5,5,0
14014,11251,50,4,2026-06-16,2026-06-22,2026-06-23,2,2,0
14015,11251,50,4,2026-06-09,2026-06-23,2026-06-23,4,4,0
14016,11252,20,5,2026-06-05,2026-06-08,2026-06-10,278,278,9
14017,11253,13,5,2026-06-09,2026-06-14,2026-06-17,91,91,0
14018,11254,17,3,2026-06-13,2026-06-14,2026-06-17,1020,1020,117
14019,11255,44,4,2026-06-18,2026-06-23,2026-06-26,351,351,6
14020,11256,43,1,2026-06-09,2026-06-13,2026-06-15,35,35,0
14021,11257,42,1,2026-06-15,2026-06-18,2026-06-19,21,21,2
14022,11258,36,1,2026-06-14,2026-06-15,2026-06-17,487,487,13
14023,11258,36,1,2026-06-15,2026-06-17,2026-06-17,198,198,2
14024,11258,36,1,2026-06-09,2026-06-16,2026-06-17,237,237,12
14025,11259,49,1,2026-06-10,2026-06-10,2026-06-10,130,130,3
14026,11260,11,1,2026-06-10,2026-06-18,2026-06-18,6,6,0
14027,11261,12,1,2026-06-14,2026-06-22,2026-06-24,103,103,4
14028,11261,12,1,2026-06-13,2026-06-24,2026-06-24,78,78,0
14029,11262,36,1,2026-06-14,2026-06-15,2026-06-17,382,382,12
14030,11263,20,3,2026-06-07,2026-06-10,2026-06-11,20,20,0
14031,11264,5,3,2026-06-09,2026-06-09,2026-06-11,25,25,2
14032,11265,11,3,2026-06-06,2026-06-26,2026-06-18,19,19,0
14033,11265,11,3,2026-06-09,2026-06-17,2026-06-18,30,30,0
14034,11266,43,4,2026-06-06,2026-06-12,2026-06-15,179,179,6
14035,11266,43,4,2026-06-09,2026-06-14,2026-06-15,128,128,4
14036,11267,13,4,2026-06-09,2026-06-17,2026-06-18,30,30,1
14037,11268,11,4,2026-06-06,2026-06-15,2026-06-18,400,400,2
14038,11269,2,7,2026-06-14,2026-06-22,2026-06-23,934,934,22
14039,11270,30,7,2026-06-08,2026-06-15,2026-06-16,82,82,0
14040,11271,14,7,2026-06-11,2026-06-17,2026-06-18,77,77,0
14041,11272,19,1,2026-06-06,2026-06-08,2026-06-10,295,295,10
14042,11273,20,10,2026-06-09,2026-06-09,2026-06-11,294,294,13
14043,11273,20,10,2026-06-06,2026-06-10,2026-06-11,361,361,15
14044,11274,40,10,2026-06-16,2026-06-25,2026-06-28,26,26,0
14045,11275,32,10,2026-06-10,2026-06-11,2026-06-11,135,135,2
14046,11276,18,10,2026-06-09,2026-06-10,2026-06-11,231,231,7
14047,11276,18,10,2026-06-09,2026-06-11,2026-06-11,231,231,8
14048,11277,35,6,2026-06-13,2026-06-15,2026-06-17,790,790,13
14049,11278,23,3,2026-06-12,2026-06-18,2026-06-16,20,20,1
14050,11279,31,3,2026-06-18,2026-07-07,2026-07-07,2,2,0
14051,11279,31,3,2026-06-18,2026-07-12,2026-07-07,3,3,0
14052,11280,14,3,2026-06-10,2026-06-18,2026-06-18,158,158,1
14053,11281,27,3,2026-06-12,2026-06-17,2026-06-18,54,54,1
14054,11282,18,4,2026-06-07,2026-06-10,2026-06-12,104,104,4
14055,11283,18,4,2026-06-07,2026-06-12,2026-06-12,54,54,2
14056,11284,44,4,2026-06-12,2026-06-26,2026-06-27,1187,1187,0
14057,11285,7,4,2026-06-20,2026-07-09,2026-07-11,58,58,1
14058,11286,10,4,2026-06-16,2026-06-30,2026-07-02,8,8,0
14059,11287,20,10,2026-06-13,2026-06-13,2026-06-12,131,131,4
14060,11288,42,10,2026-06-14,2026-06-20,2026-06-20,249,249,5
14061,11288,42,10,2026-06-08,2026-06-20,2026-06-20,271,271,13
14062,11289,15,10,2026-06-07,2026-06-11,2026-06-13,133,133,7
14063,11290,39,4,2026-06-09,2026-06-14,2026-06-14,37,37,1
14064,11291,17,4,2026-06-17,2026-06-19,2026-06-19,31,31,5
14065,11292,5,1,2026-06-11,2026-06-11,2026-06-13,183,183,13
14066,11293,21,1,2026-06-14,2026-06-14,2026-06-14,22,22,0
14067,11293,21,1,2026-06-08,2026-06-13,2026-06-14,14,14,0
14068,11293,21,1,2026-06-12,2026-06-14,2026-06-14,10,10,0
14069,11294,7,1,2026-06-24,2026-07-10,2026-07-12,245,245,2
14070,11295,45,1,2026-06-22,2026-07-02,2026-07-02,72,72,0
14071,11296,1,1,2026-06-15,2026-06-17,2026-06-20,39,39,0
14072,11297,18,7,2026-06-09,2026-06-11,2026-06-13,10,10,0
14073,11298,2,7,2026-06-13,2026-06-22,2026-06-25,115,115,3
14074,11299,4,7,2026-06-18,2026-06-30,2026-06-29,391,391,17
14075,11299,4,7,2026-06-16,2026-06-26,2026-06-29,582,582,13
14076,11300,31,10,2026-06-21,2026-07-09,2026-07-10,214,214,3
14077,11301,28,10,2026-06-17,2026-06-25,2026-06-27,474,474,8
14078,11302,29,10,2026-06-19,2026-06-29,2026-07-02,106,106,1
14079,11303,16,10,2026-06-12,2026-06-12,2026-06-15,11,11,0
14080,11304,18,10,2026-06-13,2026-06-13,2026-06-14,41,41,2
14081,11304,18,10,2026-06-09,2026-06-11,2026-06-14,15,15,0
14082,11304,18,10,2026-06-11,2026-06-14,2026-06-14,21,21,1
14083,11305,42,8,2026-06-15,2026-06-20,2026-06-22,13,13,0
14084,11306,16,3,2026-06-10,2026-06-15,2026-06-15,123,123,1
14085,11306,16,3,2026-06-13,2026-06-14,2026-06-15,282,282,0
14086,11307,43,1,2026-06-16,2026-06-18,2026-06-18,105,105,2
14087,11308,50,1,2026-06-14,2026-06-26,2026-06-27,204,204,8
14088,11309,12,1,2026-06-19,2026-06-24,2026-06-27,376,376,7
14089,11309,12,1,2026-06-15,2026-06-27,2026-06-27,422,422,9
14090,11310,13,2,2026-06-12,2026-06-21,2026-06-21,599,599,3
14091,11311,10,2,2026-06-24,2026-07-03,2026-07-04,24,24,1
14092,11312,30,2,2026-06-10,2026-06-19,2026-06-19,95,95,0
14093,11313,45,3,2026-06-23,2026-07-02,2026-07-03,9,9,0
14094,11314,26,6,2026-06-11,2026-06-19,2026-06-21,25,25,0
14095,11315,24,6,2026-06-19,2026-06-27,2026-06-30,11,11,0
14096,11316,14,6,2026-06-20,2026-06-20,2026-06-21,346,346,1
14097,11316,14,6,2026-06-18,2026-06-20,2026-06-21,397,397,1
14098,11317,50,6,2026-06-18,2026-06-26,2026-06-27,6,6,0
14099,11318,23,6,2026-06-10,2026-06-18,2026-06-19,27,27,1
14100,11318,23,6,2026-06-15,2026-06-19,2026-06-19,59,59,2
14101,11319,20,6,2026-06-13,2026-06-14,2026-06-14,7,7,0
14102,11319,20,6,2026-06-12,2026-06-12,2026-06-14,9,9,0
14103,11320,2,6,2026-06-17,2026-06-24,2026-06-26,56,56,1
14104,11321,7,6,2026-06-27,2026-07-12,2026-07-13,89,89,2
14105,11322,15,4,2026-06-11,2026-06-14,2026-06-15,89,89,2
14106,11322,15,4,2026-06-12,2026-06-15,2026-06-15,74,74,3
14107,11322,15,4,2026-06-13,2026-06-14,2026-06-15,87,87,4
14108,11323,24,4,2026-06-16,2026-06-30,2026-06-30,12,12,0
14109,11324,9,2,2026-06-16,2026-06-25,2026-06-28,24,24,0
14110,11325,5,9,2026-06-09,2026-06-12,2026-06-14,136,136,0
14111,11325,5,9,2026-06-11,2026-06-23,2026-06-14,221,221,8
14112,11326,40,9,2026-06-20,2026-06-29,2026-07-01,6,6,0
14113,11327,25,9,2026-06-17,2026-06-17,2026-06-16,588,588,4
14114,11327,25,9,2026-06-18,2026-06-18,2026-06-16,408,408,8
14115,11328,28,9,2026-06-20,2026-06-26,2026-06-27,114,114,1
14116,11329,5,9,2026-06-11,2026-06-23,2026-06-14,156,156,0
14117,11330,39,5,2026-06-15,2026-06-25,2026-06-15,12,12,0
14118,11331,32,3,2026-06-13,2026-06-13,2026-06-14,19,19,0
14119,11332,28,3,2026-06-19,2026-06-26,2026-06-27,1212,1212,18
14120,11333,30,3,2026-06-17,2026-06-17,2026-06-19,24,24,0
14121,11334,7,3,2026-06-28,2026-07-10,2026-07-13,382,382,6
14122,11335,46,3,2026-06-19,2026-07-02,2026-07-05,10,10,0
14123,11335,46,3,2026-06-22,2026-07-04,2026-07-05,22,22,0
14124,11336,21,1,2026-06-09,2026-06-13,2026-06-15,9,9,0
14125,11337,25,1,2026-06-16,2026-06-16,2026-06-16,11,11,0
14126,11338,12,1,2026-06-17,2026-06-25,2026-06-27,6,6,0
14127,11339,25,1,2026-06-14,2026-06-18,2026-06-16,4,4,0
14128,11339,25,1,2026-06-14,2026-06-15,2026-06-16,7,7,0
14129,11340,6,6,2026-06-19,2026-06-27,2026-06-27,11,11,0
14130,11341,13,6,2026-06-11,2026-07-01,2026-06-21,24,24,0
14131,11342,27,6,2026-06-20,2026-06-21,2026-06-21,526,526,17
14132,11343,40,6,2026-06-18,2026-06-30,2026-07-01,96,96,0
14133,11344,43,6,2026-06-11,2026-06-15,2026-06-18,319,319,19
14134,11345,18,4,2026-06-10,2026-06-23,2026-06-15,402,402,15
14135,11346,19,4,2026-06-10,2026-06-12,2026-06-14,270,270,11
14136,11347,17,10,2026-06-14,2026-06-20,2026-06-21,35,35,5
14137,11348,18,10,2026-06-11,2026-06-13,2026-06-15,1110,1110,17
14138,11349,8,9,2026-06-12,2026-06-19,2026-06-19,6,6,0
14139,11350,41,9,2026-06-19,2026-07-04,2026-06-28,734,734,48
14140,11351,18,9,2026-06-10,2026-06-14,2026-06-15,10,10,0
14141,11352,35,9,2026-06-20,2026-06-20,2026-06-21,219,219,2
14142,11353,41,9,2026-06-13,2026-06-26,2026-06-28,39,39,4
14143,11354,10,7,2026-06-20,2026-07-05,2026-07-05,718,718,6
14144,11355,43,7,2026-06-10,2026-06-19,2026-06-19,46,46,2
14145,11356,18,7,2026-06-13,2026-06-26,2026-06-15,6,6,0
14146,11357,21,7,2026-06-12,2026-06-18,2026-06-16,83,83,4
14147,11358,7,7,2026-07-03,2026-07-11,2026-07-14,86,86,0
14148,11359,11,7,2026-06-17,2026-06-22,2026-06-22,35,35,1
14149,11360,30,7,2026-06-12,2026-06-18,2026-06-20,339,339,3
14150,11361,22,7,2026-06-14,2026-06-14,2026-06-15,6,6,0
14151,11362,36,7,2026-06-10,2026-06-20,2026-06-21,47,47,0
14152,11363,12,7,2026-06-20,2026-06-27,2026-06-28,110,110,2
14153,11364,37,6,2026-06-24,2026-07-08,2026-07-10,6,6,0
14154,11364,37,6,2026-06-24,2026-07-07,2026-07-10,4,4,0
14155,11365,40,5,2026-06-16,2026-07-01,2026-07-02,1318,1318,14
14156,11366,2,5,2026-06-15,2026-06-25,2026-06-27,614,614,8
14157,11367,5,7,2026-06-10,2026-06-23,2026-06-15,39,39,1
14158,11368,17,6,2026-06-15,2026-06-18,2026-06-21,177,177,18
14159,11369,40,6,2026-06-23,2026-06-30,2026-07-02,71,71,1
14160,11370,44,6,2026-06-20,2026-06-27,2026-06-30,10,10,0
14161,11371,36,6,2026-06-12,2026-06-21,2026-06-21,9,9,1
14162,11372,22,6,2026-06-15,2026-06-16,2026-06-16,40,40,1
14163,11373,2,6,2026-06-17,2026-06-26,2026-06-28,995,995,23
14164,11374,25,6,2026-06-14,2026-06-17,2026-06-18,150,150,3
14165,11375,31,6,2026-06-28,2026-07-09,2026-07-12,51,51,1
14166,11376,1,6,2026-06-14,2026-06-21,2026-06-23,353,353,5
14167,11377,36,6,2026-06-17,2026-06-21,2026-06-22,237,237,2
14168,11378,48,8,2026-06-26,2026-07-11,2026-07-07,183,183,10
14169,11379,11,8,2026-06-13,2026-06-22,2026-06-23,1123,1123,45
14170,11380,17,8,2026-06-13,2026-07-02,2026-06-22,842,842,48
14171,11381,50,8,2026-06-15,2026-06-28,2026-06-29,8,8,0
14172,11382,17,2,2026-06-11,2026-07-03,2026-06-22,369,369,20
14173,11383,11,2,2026-06-14,2026-06-23,2026-06-23,858,858,3
14174,11384,3,2,2026-06-25,2026-07-12,2026-07-15,276,276,5
14175,11385,42,1,2026-06-18,2026-06-21,2026-06-24,5,5,0
14176,11386,2,7,2026-06-17,2026-06-26,2026-06-28,48,48,1
14177,11386,2,7,2026-06-21,2026-06-27,2026-06-28,59,59,0
14178,11387,11,7,2026-06-14,2026-06-20,2026-06-23,8,8,0
14179,11388,35,7,2026-06-19,2026-06-22,2026-06-22,528,528,5
14180,11389,16,7,2026-06-13,2026-06-15,2026-06-17,20,20,0
14181,11390,1,6,2026-06-19,2026-06-21,2026-06-23,191,191,0
14182,11390,1,6,2026-06-14,2026-06-23,2026-06-23,234,234,3
14183,11391,48,6,2026-06-19,2026-07-07,2026-07-07,3,3,0
14184,11391,48,6,2026-06-22,2026-07-06,2026-07-07,5,5,0
14185,11392,11,1,2026-06-21,2026-06-23,2026-06-23,102,102,2
14186,11393,28,1,2026-06-18,2026-07-11,2026-06-29,58,58,0
14187,11394,35,1,2026-06-16,2026-06-19,2026-06-22,13,13,0
14188,11395,19,1,2026-06-17,2026-06-20,2026-06-15,72,72,4
14189,11396,45,3,2026-06-23,2026-07-04,2026-07-05,1285,1285,4
14190,11397,8,3,2026-06-11,2026-06-19,2026-06-20,404,404,5
14191,11398,18,3,2026-06-11,2026-06-14,2026-06-16,7,7,0
14192,11399,40,6,2026-06-21,2026-07-03,2026-07-03,395,395,2
14193,11400,36,6,2026-06-17,2026-06-23,2026-06-22,24,24,0
14194,11401,6,6,2026-06-13,2026-06-27,2026-06-29,29,29,0
14195,11402,44,6,2026-06-24,2026-06-28,2026-07-01,232,232,4
14196,11403,30,6,2026-06-14,2026-06-20,2026-06-21,70,70,1
14197,11404,36,1,2026-06-15,2026-06-22,2026-06-22,21,21,1
14198,11405,17,1,2026-06-16,2026-06-22,2026-06-22,4,4,0
14199,11405,17,1,2026-06-16,2026-06-19,2026-06-22,10,10,1
14200,11406,31,7,2026-06-28,2026-07-11,2026-07-12,52,52,2
14201,11407,35,7,2026-06-16,2026-06-22,2026-06-22,65,65,0
14202,11407,35,7,2026-06-14,2026-07-04,2026-06-22,59,59,1
14203,11408,2,7,2026-06-20,2026-06-27,2026-06-28,11,11,0
14204,11409,29,7,2026-06-20,2026-07-04,2026-07-04,259,259,4
14205,11410,35,7,2026-06-14,2026-06-20,2026-06-22,158,158,1
14206,11411,15,7,2026-06-12,2026-06-14,2026-06-17,50,50,0
14207,11412,9,1,2026-06-18,2026-06-27,2026-06-30,62,62,2
14208,11412,9,1,2026-06-15,2026-07-12,2026-06-30,21,21,1
14209,11412,9,1,2026-06-21,2026-06-30,2026-06-30,35,35,1
14210,11413,40,1,2026-06-25,2026-06-30,2026-07-03,41,41,0
14211,11414,35,1,2026-06-16,2026-06-22,2026-06-22,241,241,3
14212,11415,36,1,2026-06-13,2026-06-22,2026-06-22,100,100,8
14213,11416,26,1,2026-06-18,2026-06-23,2026-06-23,5,5,0
14214,11416,26,1,2026-06-14,2026-06-23,2026-06-23,8,8,0
14215,11417,44,1,2026-06-20,2026-06-30,2026-07-01,4,4,0
14216,11417,44,1,2026-06-19,2026-06-28,2026-07-01,9,9,0
14217,11418,12,1,2026-06-24,2026-06-26,2026-06-29,11,11,0
14218,11419,16,1,2026-06-15,2026-06-15,2026-06-17,30,30,0
14219,11420,25,1,2026-06-12,2026-06-16,2026-06-18,18,18,0
14220,11421,2,9,2026-06-15,2026-06-29,2026-06-29,770,770,10
14221,11422,35,6,2026-06-15,2026-06-21,2026-06-23,24,24,0
14222,11423,36,5,2026-06-14,2026-07-01,2026-06-23,5,5,0
14223,11424,32,5,2026-06-16,2026-06-17,2026-06-17,32,32,0
14224,11424,32,5,2026-06-12,2026-06-14,2026-06-17,9,9,0
14225,11424,32,5,2026-06-17,2026-06-17,2026-06-17,15,15,0
14226,11425,17,5,2026-06-20,2026-06-20,2026-06-23,966,966,124
14227,11426,37,5,2026-07-01,2026-07-10,2026-07-12,37,37,0
14228,11426,37,5,2026-06-30,2026-07-09,2026-07-12,17,17,0
14229,11426,37,5,2026-06-24,2026-07-12,2026-07-12,20,20,0
14230,11427,10,5,2026-06-23,2026-07-05,2026-07-07,24,24,1
14231,11428,14,5,2026-06-19,2026-06-21,2026-06-24,2,2,0
14232,11428,14,5,2026-06-12,2026-06-21,2026-06-24,2,2,0
14233,11428,14,5,2026-06-14,2026-06-21,2026-06-24,1,1,0
14234,11429,29,6,2026-06-21,2026-07-03,2026-07-05,146,146,2
14235,11430,15,6,2026-06-16,2026-06-24,2026-06-18,369,369,0
14236,11431,25,6,2026-06-16,2026-06-18,2026-06-19,62,62,1
14237,11432,14,6,2026-06-22,2026-06-24,2026-06-24,7,7,0
14238,11433,37,6,2026-06-23,2026-07-11,2026-07-12,19,19,1
14239,11434,28,8,2026-06-20,2026-06-28,2026-06-30,55,55,0
14240,11435,42,8,2026-06-16,2026-06-22,2026-06-25,19,19,1
14241,11436,14,10,2026-06-12,2026-06-24,2026-06-24,11,11,0
14242,11437,49,10,2026-06-12,2026-06-13,2026-06-16,7,7,0
14243,11438,42,10,2026-06-13,2026-07-03,2026-06-25,87,87,2
14244,11438,42,10,2026-06-17,2026-06-22,2026-06-25,41,41,1
14245,11438,42,10,2026-06-12,2026-06-22,2026-06-25,75,75,3
14246,11439,6,8,2026-06-26,2026-06-30,2026-06-30,1144,1144,1
14247,11440,21,8,2026-06-12,2026-06-15,2026-06-18,9,9,0
14248,11441,6,1,2026-06-19,2026-06-27,2026-06-30,8,8,0
14249,11442,45,1,2026-06-23,2026-07-06,2026-07-06,16,16,0
14250,11443,36,1,2026-06-19,2026-06-23,2026-06-23,68,68,2
14251,11444,4,7,2026-06-21,2026-07-12,2026-07-03,47,47,2
14252,11445,41,7,2026-06-19,2026-06-27,2026-06-30,154,154,3
14253,11446,20,7,2026-06-14,2026-06-14,2026-06-17,238,238,5
14254,11447,13,9,2026-06-12,2026-06-23,2026-06-24,574,574,7
14255,11448,16,9,2026-06-12,2026-06-16,2026-06-18,68,68,1
14256,11448,16,9,2026-06-12,2026-06-16,2026-06-18,70,70,0
14257,11449,12,9,2026-06-20,2026-06-27,2026-06-30,58,58,2
14258,11450,35,8,2026-06-18,2026-06-28,2026-06-23,15,15,0
14259,11451,43,8,2026-06-13,2026-06-19,2026-06-21,322,322,8
14260,11452,24,8,2026-06-25,2026-07-04,2026-07-03,25,25,1
14261,11453,43,8,2026-06-14,2026-06-21,2026-06-21,85,85,0
14262,11454,47,8,2026-06-22,2026-07-02,2026-07-03,48,48,1
14263,11455,50,5,2026-06-21,2026-06-29,2026-06-30,11,11,1
14264,11456,36,5,2026-06-14,2026-06-23,2026-06-23,7,7,0
14265,11457,40,5,2026-06-30,2026-07-15,2026-07-04,276,276,3
14266,11458,39,7,2026-06-15,2026-06-18,2026-06-18,97,97,1
14267,11459,37,7,2026-06-24,2026-07-13,2026-07-13,49,49,1
14268,11460,25,7,2026-06-13,2026-06-17,2026-06-20,17,17,0
14269,11460,25,7,2026-06-15,2026-06-17,2026-06-20,12,12,0
14270,11461,10,7,2026-06-30,2026-07-05,2026-07-08,9,9,0
14271,11462,15,9,2026-06-13,2026-06-16,2026-06-19,4,4,0
14272,11462,15,9,2026-06-13,2026-06-25,2026-06-19,4,4,0
14273,11463,19,9,2026-06-13,2026-06-17,2026-06-17,1106,1106,38
14274,11464,19,9,2026-06-15,2026-06-15,2026-06-17,152,152,7
14275,11465,36,9,2026-06-17,2026-06-22,2026-06-24,98,98,3
14276,11466,43,5,2026-06-17,2026-06-22,2026-06-22,202,202,10
14277,11467,13,5,2026-06-16,2026-06-25,2026-06-25,25,25,0
14278,11468,21,5,2026-06-15,2026-06-17,2026-06-19,214,214,9
14279,11469,18,5,2026-06-14,2026-06-15,2026-06-18,55,55,1
14280,11470,25,5,2026-06-16,2026-06-19,2026-06-20,182,182,3
14281,11471,20,1,2026-06-13,2026-06-17,2026-06-18,42,42,0
14282,11472,46,1,2026-06-26,2026-07-09,2026-07-09,13,13,0
14283,11473,29,6,2026-06-21,2026-07-11,2026-07-06,7,7,0
14284,11474,40,6,2026-06-21,2026-07-04,2026-07-05,5,5,0
14285,11474,40,6,2026-06-22,2026-07-05,2026-07-05,6,6,0
14286,11475,29,6,2026-06-19,2026-07-06,2026-07-06,129,129,1
14287,11476,12,5,2026-06-23,2026-06-29,2026-07-01,247,247,3
14288,11477,45,7,2026-06-24,2026-07-04,2026-07-07,132,132,1
14289,11478,39,9,2026-06-20,2026-06-20,2026-06-19,17,17,0
14290,11479,2,9,2026-06-21,2026-06-27,2026-06-30,4,4,0
14291,11480,46,9,2026-06-19,2026-07-09,2026-07-09,94,94,3
14292,11481,27,9,2026-06-16,2026-06-25,2026-06-25,725,725,1
14293,11482,8,9,2026-06-13,2026-06-20,2026-06-22,961,961,10
14294,11483,28,9,2026-06-21,2026-06-30,2026-07-01,340,340,5
14295,11483,28,9,2026-06-22,2026-07-01,2026-07-01,432,432,6
14296,11484,11,9,2026-06-18,2026-06-22,2026-06-25,14,14,1
14297,11485,12,2,2026-06-18,2026-06-29,2026-07-01,106,106,1
14298,11486,46,2,2026-06-28,2026-07-17,2026-07-09,22,22,1
14299,11487,16,9,2026-06-19,2026-06-19,2026-06-20,33,33,0
14300,11488,18,9,2026-06-14,2026-06-28,2026-06-19,67,67,1
14301,11488,18,9,2026-06-14,2026-06-22,2026-06-19,22,22,0
14302,11488,18,9,2026-06-16,2026-06-20,2026-06-19,20,20,0
14303,11489,20,1,2026-06-19,2026-06-19,2026-06-19,447,447,11
14304,11490,17,1,2026-06-16,2026-06-24,2026-06-25,499,499,35
14305,11491,49,1,2026-06-14,2026-06-17,2026-06-18,213,213,1
14306,11492,47,1,2026-06-21,2026-07-05,2026-07-05,165,165,6
14307,11493,20,1,2026-06-15,2026-06-16,2026-06-19,18,18,0
14308,11494,40,1,2026-06-24,2026-07-06,2026-07-07,133,133,1
14309,11495,38,1,2026-06-15,2026-06-17,2026-06-19,154,154,4
14310,11496,46,9,2026-06-29,2026-07-11,2026-07-11,15,15,0
14311,11497,28,9,2026-06-22,2026-06-30,2026-07-03,952,952,7
14312,11498,42,9,2026-06-22,2026-06-25,2026-06-28,78,78,0
14313,11499,2,9,2026-06-27,2026-07-01,2026-07-02,8,8,0
14314,11500,6,9,2026-06-27,2026-07-01,2026-07-03,160,160,0
14315,11501,21,2,2026-06-15,2026-06-19,2026-06-21,848,848,26
14316,11502,10,2,2026-06-30,2026-07-11,2026-07-11,65,65,2
14317,11503,10,1,2026-06-29,2026-07-21,2026-07-11,35,35,1
14318,11504,22,1,2026-06-16,2026-06-20,2026-06-21,112,112,2
14319,11505,44,7,2026-06-24,2026-07-04,2026-07-06,9,9,0
14320,11506,4,10,2026-06-25,2026-07-19,2026-07-07,36,36,1
14321,11507,15,1,2026-06-21,2026-06-21,2026-06-22,4,4,0
14322,11508,35,1,2026-06-16,2026-06-27,2026-06-27,213,213,2
14323,11509,35,1,2026-06-20,2026-06-26,2026-06-27,334,334,3
14324,11509,35,1,2026-06-22,2026-06-27,2026-06-27,334,334,6
14325,11510,26,8,2026-06-18,2026-06-28,2026-06-28,71,71,3
14326,11511,47,10,2026-06-29,2026-07-04,2026-07-07,6,6,0
14327,11512,43,10,2026-06-22,2026-06-25,2026-06-25,27,27,1
14328,11512,43,10,2026-06-21,2026-06-30,2026-06-25,33,33,1
14329,11513,1,10,2026-06-20,2026-06-28,2026-06-28,115,115,0
14330,11514,11,10,2026-06-20,2026-06-27,2026-06-28,6,6,0
14331,11515,43,10,2026-06-25,2026-06-25,2026-06-25,10,10,0
14332,11516,50,1,2026-06-23,2026-07-01,2026-07-04,5,5,0
14333,11517,15,1,2026-06-16,2026-06-22,2026-06-22,455,455,31
14334,11518,46,5,2026-06-29,2026-07-12,2026-07-12,43,43,2
14335,11519,41,5,2026-06-25,2026-07-11,2026-07-04,7,7,1
14336,11520,27,4,2026-06-21,2026-06-28,2026-06-28,42,42,0
14337,11520,27,4,2026-06-23,2026-06-27,2026-06-28,54,54,1
14338,11521,1,4,2026-06-20,2026-06-28,2026-06-28,6,6,0
14339,11522,25,2,2026-06-17,2026-06-24,2026-06-24,14,14,0
14340,11523,49,2,2026-06-17,2026-06-20,2026-06-21,1228,1228,21
14341,11524,19,3,2026-06-17,2026-06-22,2026-06-21,4,4,0
14342,11525,4,3,2026-06-27,2026-07-06,2026-07-08,15,15,0
14343,11526,17,7,2026-06-22,2026-06-26,2026-06-28,101,101,14
14344,11527,45,7,2026-06-29,2026-07-11,2026-07-11,9,9,0
14345,11528,8,4,2026-06-22,2026-06-24,2026-06-26,477,477,5
14346,11529,49,4,2026-06-18,2026-07-02,2026-06-21,219,219,2
14347,11530,35,4,2026-06-26,2026-06-27,2026-06-28,196,196,3
14348,11530,35,4,2026-06-25,2026-07-07,2026-06-28,336,336,3
14349,11531,39,4,2026-06-18,2026-06-21,2026-06-23,16,16,0
14350,11532,40,4,2026-06-28,2026-07-07,2026-07-09,23,23,0
14351,11533,19,4,2026-06-23,2026-06-23,2026-06-21,2,2,0
14352,11533,19,4,2026-06-17,2026-06-18,2026-06-21,1,1,0
14353,11533,19,4,2026-06-22,2026-06-22,2026-06-21,1,1,0
14354,11534,46,4,2026-06-25,2026-07-12,2026-07-13,11,11,1
14355,11535,45,3,2026-06-26,2026-07-08,2026-07-11,59,59,0
14356,11535,45,3,2026-07-05,2026-07-11,2026-07-11,87,87,0
14357,11536,46,3,2026-06-27,2026-07-11,2026-07-13,36,36,2
14358,11537,41,3,2026-06-21,2026-07-15,2026-07-05,164,164,11
14359,11538,44,3,2026-06-30,2026-07-04,2026-07-07,20,20,0
14360,11539,50,9,2026-06-28,2026-07-04,2026-07-05,291,291,2
14361,11539,50,9,2026-06-20,2026-07-05,2026-07-05,226,226,13
14362,11540,8,9,2026-06-18,2026-06-24,2026-06-26,72,72,2
14363,11540,8,9,2026-06-24,2026-06-24,2026-06-26,59,59,1
14364,11540,8,9,2026-06-17,2026-06-26,2026-06-26,82,82,0
14365,11541,43,9,2026-06-22,2026-06-26,2026-06-26,77,77,2
14366,11542,30,9,2026-06-26,2026-06-27,2026-06-27,111,111,0
14367,11543,7,6,2026-07-03,2026-07-21,2026-07-21,9,9,0
14368,11543,7,6,2026-07-02,2026-07-19,2026-07-21,9,9,0
14369,11544,8,6,2026-06-21,2026-06-25,2026-06-26,155,155,4
14370,11545,36,6,2026-06-24,2026-06-28,2026-06-28,16,16,1
14371,11545,36,6,2026-06-25,2026-06-26,2026-06-28,37,37,1
14372,11546,13,7,2026-06-20,2026-06-28,2026-06-29,5,5,0
14373,11547,3,7,2026-07-03,2026-07-20,2026-07-21,2,2,0
14374,11547,3,7,2026-06-28,2026-07-20,2026-07-21,2,2,0
14375,11548,41,10,2026-06-22,2026-07-04,2026-07-05,249,249,18
14376,11548,41,10,2026-06-20,2026-07-04,2026-07-05,615,615,37
14377,11549,42,10,2026-06-17,2026-06-28,2026-06-30,547,547,16
14378,11550,36,10,2026-06-21,2026-06-26,2026-06-28,14,14,1
14379,11551,41,10,2026-06-26,2026-07-10,2026-07-05,402,402,20
14380,11552,30,10,2026-06-20,2026-06-25,2026-06-27,24,24,0
14381,11553,47,1,2026-06-24,2026-07-07,2026-07-08,98,98,1
14382,11554,24,1,2026-06-26,2026-07-08,2026-07-08,2,2,0
14383,11554,24,1,2026-06-30,2026-07-07,2026-07-08,3,3,0
14384,11555,2,1,2026-06-26,2026-07-01,2026-07-04,79,79,1
14385,11556,40,5,2026-06-28,2026-07-09,2026-07-09,526,526,4
14386,11557,39,5,2026-06-17,2026-06-21,2026-06-23,1176,1176,7
14387,11558,40,5,2026-06-24,2026-07-08,2026-07-09,62,62,1
14388,11559,20,7,2026-06-18,2026-06-22,2026-06-22,399,399,3
14389,11560,45,4,2026-06-24,2026-07-10,2026-07-12,90,90,0
14390,11560,45,4,2026-07-05,2026-07-12,2026-07-12,183,183,1
14391,11561,5,4,2026-06-21,2026-07-03,2026-06-23,77,77,0
14392,11562,8,9,2026-06-22,2026-07-07,2026-06-27,38,38,1
14393,11562,8,9,2026-06-20,2026-06-26,2026-06-27,72,72,1
14394,11563,19,9,2026-06-19,2026-06-27,2026-06-22,189,189,2
14395,11564,2,9,2026-06-26,2026-07-05,2026-07-05,32,32,0
14396,11564,2,9,2026-06-27,2026-07-12,2026-07-05,30,30,0
14397,11565,7,9,2026-07-05,2026-07-21,2026-07-22,25,25,0
14398,11566,30,9,2026-06-19,2026-06-25,2026-06-28,5,5,0
14399,11567,43,1,2026-06-26,2026-06-26,2026-06-27,46,46,0
14400,11568,48,1,2026-06-29,2026-07-13,2026-07-14,131,131,9
14401,11569,23,1,2026-06-19,2026-06-27,2026-06-28,782,782,47
14402,11570,19,1,2026-06-19,2026-06-20,2026-06-22,214,214,8
14403,11570,19,1,2026-06-18,2026-06-19,2026-06-22,93,93,5
14404,11570,19,1,2026-06-18,2026-07-02,2026-06-22,111,111,5
14405,11571,39,7,2026-06-24,2026-06-24,2026-06-24,20,20,0
14406,11572,29,7,2026-07-03,2026-07-08,2026-07-11,280,280,4
14407,11572,29,7,2026-06-27,2026-07-10,2026-07-11,263,263,2
14408,11573,39,3,2026-06-25,2026-06-25,2026-06-24,13,13,0
14409,11573,39,3,2026-06-23,2026-06-23,2026-06-24,9,9,0
14410,11574,28,3,2026-06-25,2026-07-04,2026-07-06,510,510,4
14411,11575,30,3,2026-06-30,2026-06-30,2026-06-28,71,71,0
14412,11576,39,7,2026-06-24,2026-06-24,2026-06-24,13,13,0
14413,11577,8,7,2026-06-21,2026-06-25,2026-06-27,19,19,0
14414,11578,35,7,2026-06-23,2026-06-27,2026-06-29,11,11,0
14415,11578,35,7,2026-06-22,2026-06-26,2026-06-29,3,3,0
14416,11578,35,7,2026-06-20,2026-06-27,2026-06-29,5,5,0
14417,11579,20,7,2026-06-23,2026-06-23,2026-06-23,98,98,4
14418,11580,13,7,2026-06-23,2026-06-27,2026-06-30,9,9,0
14419,11581,31,7,2026-07-08,2026-07-19,2026-07-19,171,171,3
14420,11581,31,7,2026-07-03,2026-07-19,2026-07-19,140,140,6
14421,11582,44,8,2026-06-26,2026-07-06,2026-07-08,4,4,0
14422,11583,43,8,2026-06-25,2026-06-25,2026-06-27,569,569,2
14423,11584,20,2,2026-06-23,2026-06-23,2026-06-23,52,52,1
14424,11585,11,2,2026-06-23,2026-06-29,2026-06-30,612,612,3
14425,11586,47,2,2026-06-27,2026-07-07,2026-07-09,70,70,1
14426,11587,22,5,2026-06-19,2026-06-21,2026-06-23,337,337,20
14427,11588,22,5,2026-06-21,2026-06-21,2026-06-23,57,57,1
14428,11588,22,5,2026-06-23,2026-06-23,2026-06-23,23,23,1
14429,11588,22,5,2026-06-22,2026-06-22,2026-06-23,22,22,1
14430,11589,35,5,2026-06-28,2026-07-09,2026-06-29,407,407,3
14431,11590,37,4,2026-07-01,2026-07-16,2026-07-18,50,50,0
14432,11591,2,4,2026-06-21,2026-07-03,2026-07-05,5,5,0
14433,11591,2,4,2026-06-24,2026-07-03,2026-07-05,5,5,0
14434,11592,15,1,2026-06-19,2026-07-02,2026-06-24,10,10,0
14435,11593,37,10,2026-06-28,2026-07-16,2026-07-18,24,24,1
14436,11594,4,6,2026-06-28,2026-07-07,2026-07-09,31,31,1
14437,11595,44,6,2026-06-30,2026-07-07,2026-07-08,238,238,6
14438,11596,13,6,2026-06-22,2026-06-30,2026-06-30,9,9,0
14439,11597,47,6,2026-07-03,2026-07-11,2026-07-09,77,77,2
14440,11598,21,9,2026-06-23,2026-07-06,2026-06-24,1062,1062,35
14441,11599,36,9,2026-06-22,2026-06-28,2026-06-29,595,595,23
14442,11600,42,9,2026-06-20,2026-06-29,2026-07-01,3,3,0
14443,11600,42,9,2026-06-26,2026-07-12,2026-07-01,3,3,0
14444,11601,10,9,2026-06-28,2026-07-12,2026-07-13,287,287,11
14445,11602,44,6,2026-06-28,2026-07-05,2026-07-08,141,141,0
14446,11603,32,6,2026-06-19,2026-06-23,2026-06-23,57,57,0
14447,11604,26,6,2026-06-26,2026-07-04,2026-06-30,60,60,1
14448,11605,2,6,2026-06-30,2026-07-03,2026-07-05,23,23,0
14449,11606,19,6,2026-06-19,2026-06-22,2026-06-22,20,20,1
14450,11607,28,6,2026-06-26,2026-07-05,2026-07-06,470,470,5
14451,11608,6,6,2026-06-24,2026-07-03,2026-07-06,38,38,0
14452,11609,8,9,2026-06-22,2026-06-27,2026-06-27,20,20,0
14453,11609,8,9,2026-06-19,2026-06-25,2026-06-27,22,22,0
14454,11610,22,2,2026-06-19,2026-07-06,2026-06-24,5,5,0
14455,11611,25,2,2026-06-20,2026-06-24,2026-06-26,112,112,2
14456,11612,36,2,2026-06-22,2026-07-03,2026-06-30,72,72,2
14457,11612,36,2,2026-06-22,2026-07-04,2026-06-30,51,51,1
14458,11613,10,5,2026-06-26,2026-07-13,2026-07-14,198,198,6
14459,11614,18,5,2026-06-19,2026-07-02,2026-06-24,40,40,1
14460,11614,18,5,2026-06-20,2026-06-24,2026-06-24,22,22,1
14461,11614,18,5,2026-06-21,2026-06-23,2026-06-24,16,16,0
14462,11615,31,5,2026-07-06,2026-07-25,2026-07-20,38,38,1
14463,11615,31,5,2026-07-04,2026-07-19,2026-07-20,30,30,1
14464,11615,31,5,2026-07-02,2026-07-17,2026-07-20,48,48,1
14465,11616,17,5,2026-06-23,2026-06-27,2026-06-30,232,232,12
14466,11616,17,5,2026-06-21,2026-06-27,2026-06-30,333,333,18
14467,11617,3,5,2026-07-05,2026-07-22,2026-07-23,41,41,2
14468,11618,40,5,2026-06-27,2026-07-08,2026-07-11,26,26,0
14469,11619,12,5,2026-06-24,2026-07-07,2026-07-07,26,26,0
14470,11620,7,2,2026-07-07,2026-07-22,2026-07-23,43,43,0
14471,11621,8,2,2026-06-22,2026-06-26,2026-06-28,35,35,1
14472,11621,8,2,2026-06-27,2026-06-28,2026-06-28,64,64,1
14473,11622,4,2,2026-06-30,2026-07-14,2026-07-10,35,35,0
14474,11623,48,2,2026-07-01,2026-07-14,2026-07-15,4,4,0
14475,11624,43,10,2026-06-25,2026-06-27,2026-06-28,5,5,0
14476,11625,38,10,2026-06-21,2026-06-21,2026-06-23,60,60,1
14477,11626,44,6,2026-06-30,2026-07-09,2026-07-09,250,250,4
14478,11627,41,6,2026-06-27,2026-07-05,2026-07-07,601,601,0
14479,11628,30,6,2026-06-27,2026-06-28,2026-06-29,109,109,0
14480,11628,30,6,2026-06-20,2026-06-29,2026-06-29,81,81,0
14481,11629,12,1,2026-06-23,2026-07-04,2026-07-07,943,943,12
14482,11630,44,10,2026-06-26,2026-07-07,2026-07-09,621,621,0
14483,11631,47,4,2026-06-30,2026-07-09,2026-07-10,44,44,1
14484,11632,4,9,2026-06-30,2026-07-09,2026-07-11,496,496,14
14485,11633,18,2,2026-06-20,2026-06-23,2026-06-25,12,12,0
14486,11634,39,5,2026-06-22,2026-06-25,2026-06-26,101,101,1
14487,11635,1,5,2026-06-22,2026-07-08,2026-07-02,191,191,1
14488,11636,5,5,2026-06-20,2026-06-30,2026-06-25,7,7,0
14489,11637,48,5,2026-07-02,2026-07-16,2026-07-16,54,54,1
14490,11637,48,5,2026-06-26,2026-07-14,2026-07-16,57,57,3
14491,11637,48,5,2026-06-30,2026-07-28,2026-07-16,59,59,2
14492,11638,41,5,2026-06-30,2026-07-07,2026-07-08,6,6,0
14493,11638,41,5,2026-07-01,2026-07-18,2026-07-08,12,12,0
14494,11639,20,10,2026-06-21,2026-06-23,2026-06-25,565,565,5
14495,11640,45,3,2026-07-03,2026-07-14,2026-07-14,68,68,0
14496,11641,28,3,2026-06-20,2026-07-13,2026-07-08,442,442,1
14497,11642,21,4,2026-06-22,2026-06-23,2026-06-26,17,17,1
14498,11643,16,4,2026-06-21,2026-06-23,2026-06-26,631,631,7
14499,11644,10,2,2026-07-02,2026-07-13,2026-07-15,3,3,0
14500,11644,10,2,2026-06-29,2026-07-13,2026-07-15,3,3,0
14501,11645,35,2,2026-06-24,2026-06-30,2026-07-01,23,23,0
14502,11646,31,2,2026-07-05,2026-07-20,2026-07-21,9,9,0
14503,11647,2,3,2026-06-24,2026-07-07,2026-07-07,567,567,6
14504,11648,5,3,2026-06-25,2026-06-25,2026-06-25,420,420,25
14505,11649,12,3,2026-06-28,2026-07-06,2026-07-08,131,131,0
14506,11650,14,3,2026-06-29,2026-07-01,2026-07-02,140,140,0
14507,11651,41,6,2026-06-22,2026-07-09,2026-07-08,7,7,0
14508,11652,39,8,2026-06-20,2026-06-24,2026-06-26,754,754,5
14509,11653,2,8,2026-06-29,2026-07-05,2026-07-07,5,5,0
14510,11654,8,8,2026-06-27,2026-06-28,2026-06-29,64,64,0
14511,11655,9,8,2026-06-29,2026-07-08,2026-07-09,11,11,1
14512,11656,6,8,2026-06-30,2026-07-08,2026-07-08,26,26,0
14513,11657,41,1,2026-06-29,2026-07-07,2026-07-08,6,6,0
14514,11658,14,1,2026-06-30,2026-06-30,2026-07-02,6,6,0
14515,11658,14,1,2026-06-22,2026-07-01,2026-07-02,5,5,0
14516,11659,36,1,2026-06-20,2026-06-28,2026-07-01,4,4,0
14517,11660,37,1,2026-07-04,2026-07-20,2026-07-20,15,15,0
14518,11661,37,1,2026-07-03,2026-07-17,2026-07-20,122,122,3
14519,11661,37,1,2026-07-01,2026-07-18,2026-07-20,58,58,1
14520,11661,37,1,2026-07-06,2026-07-19,2026-07-20,39,39,0
14521,11662,15,1,2026-06-28,2026-06-28,2026-06-26,46,46,2
14522,11663,43,8,2026-06-20,2026-06-26,2026-06-29,94,94,2
14523,11664,40,8,2026-06-24,2026-07-11,2026-07-12,312,312,4
14524,11664,40,8,2026-07-06,2026-07-23,2026-07-12,311,311,4
14525,11665,10,8,2026-07-04,2026-07-12,2026-07-15,189,189,8
14526,11665,10,8,2026-07-03,2026-07-15,2026-07-15,272,272,1
14527,11666,25,8,2026-06-23,2026-06-24,2026-06-27,117,117,0
14528,11667,36,8,2026-06-20,2026-07-03,2026-07-01,25,25,0
14529,11667,36,8,2026-06-21,2026-06-28,2026-07-01,41,41,2
14530,11668,8,8,2026-06-22,2026-06-26,2026-06-29,1269,1269,37
14531,11669,18,8,2026-06-21,2026-06-22,2026-06-25,7,7,0
14532,11670,24,9,2026-06-29,2026-07-09,2026-07-11,590,590,9
14533,11671,20,9,2026-06-23,2026-06-23,2026-06-25,12,12,0
14534,11672,44,9,2026-07-01,2026-07-07,2026-07-10,15,15,0
14535,11673,45,9,2026-07-01,2026-07-12,2026-07-14,25,25,0
14536,11674,39,9,2026-06-24,2026-06-24,2026-06-26,38,38,0
14537,11675,15,5,2026-06-23,2026-06-26,2026-06-27,459,459,18
14538,11676,21,5,2026-06-21,2026-06-26,2026-06-27,48,48,1
14539,11677,30,5,2026-06-23,2026-06-28,2026-07-01,13,13,0
14540,11678,30,7,2026-06-25,2026-06-28,2026-07-01,142,142,0
14541,11679,7,7,2026-07-11,2026-07-22,2026-07-25,10,10,0
14542,11679,7,7,2026-07-07,2026-07-23,2026-07-25,13,13,0
14543,11680,17,7,2026-06-24,2026-06-29,2026-07-02,12,12,1
14544,11681,39,4,2026-06-21,2026-06-27,2026-06-27,589,589,1
14545,11682,29,4,2026-06-29,2026-07-13,2026-07-14,168,168,3
14546,11683,8,4,2026-06-29,2026-06-29,2026-06-30,46,46,0
14547,11683,8,4,2026-06-22,2026-06-28,2026-06-30,56,56,0
14548,11684,48,4,2026-07-04,2026-07-15,2026-07-17,1,1,0
14549,11684,48,4,2026-07-04,2026-07-14,2026-07-17,2,2,0
14550,11685,43,5,2026-06-21,2026-06-28,2026-06-30,45,45,3
14551,11686,3,5,2026-07-07,2026-07-24,2026-07-25,87,87,2
14552,11686,3,5,2026-07-05,2026-07-22,2026-07-25,41,41,2
14553,11686,3,5,2026-07-13,2026-07-25,2026-07-25,41,41,1
14554,11687,39,7,2026-06-26,2026-06-26,2026-06-27,207,207,2
14555,11688,4,7,2026-06-25,2026-07-10,2026-07-12,451,451,13
14556,11689,26,7,2026-06-26,2026-07-01,2026-07-03,549,549,27
14557,11690,40,7,2026-07-02,2026-07-10,2026-07-13,11,11,0
14558,11691,37,10,2026-07-03,2026-07-20,2026-07-21,29,29,1
14559,11692,19,10,2026-06-21,2026-06-24,2026-06-25,121,121,1
14560,11693,35,10,2026-06-27,2026-06-29,2026-07-02,67,67,0
14561,11694,30,1,2026-07-01,2026-07-01,2026-07-02,854,854,7
14562,11695,23,1,2026-06-23,2026-06-29,2026-07-02,40,40,2
14563,11696,12,1,2026-06-27,2026-07-10,2026-07-10,111,111,1
14564,11697,36,1,2026-06-28,2026-07-02,2026-07-03,98,98,2
14565,11698,32,5,2026-06-23,2026-07-05,2026-06-28,594,594,7
14566,11699,25,8,2026-06-26,2026-06-29,2026-06-30,168,168,3
14567,11700,12,8,2026-07-01,2026-07-11,2026-07-11,121,121,1
14568,11700,12,8,2026-06-29,2026-07-11,2026-07-11,88,88,3
14569,11701,6,1,2026-06-30,2026-07-08,2026-07-11,83,83,0
14570,11702,38,1,2026-06-24,2026-06-26,2026-06-27,25,25,0
14571,11703,28,1,2026-07-01,2026-07-11,2026-07-11,43,43,0
14572,11704,25,7,2026-06-28,2026-06-28,2026-06-30,29,29,0
14573,11705,43,7,2026-06-30,2026-07-11,2026-07-02,716,716,27
14574,11706,48,7,2026-07-12,2026-07-23,2026-07-19,3,3,0
14575,11706,48,7,2026-07-09,2026-07-25,2026-07-19,2,2,0
14576,11706,48,7,2026-07-09,2026-07-16,2026-07-19,5,5,0
14577,11707,17,7,2026-06-23,2026-07-02,2026-07-04,261,261,9
14578,11707,17,7,2026-07-01,2026-07-01,2026-07-04,241,241,18
14579,11708,13,7,2026-06-27,2026-07-02,2026-07-05,296,296,4
14580,11708,13,7,2026-06-30,2026-07-05,2026-07-05,179,179,3
14581,11708,13,7,2026-06-27,2026-07-04,2026-07-05,165,165,1
14582,11709,30,6,2026-06-29,2026-07-01,2026-07-03,170,170,1
14583,11710,46,6,2026-07-03,2026-07-26,2026-07-19,12,12,1
14584,11711,30,6,2026-06-23,2026-07-05,2026-07-03,166,166,1
14585,11712,8,2,2026-06-28,2026-06-30,2026-07-02,11,11,0
14586,11713,21,2,2026-06-30,2026-06-30,2026-06-29,6,6,0
14587,11714,41,2,2026-07-03,2026-07-11,2026-07-11,359,359,23
14588,11715,43,2,2026-07-01,2026-07-01,2026-07-02,10,10,0
14589,11716,50,2,2026-07-02,2026-07-15,2026-07-11,215,215,12
14590,11716,50,2,2026-06-28,2026-07-09,2026-07-11,191,191,7
14591,11717,5,2,2026-06-28,2026-06-28,2026-06-28,20,20,1
14592,11718,35,2,2026-06-26,2026-07-04,2026-07-04,414,414,3
14593,11718,35,2,2026-06-30,2026-07-02,2026-07-04,597,597,6
14594,11719,21,4,2026-06-26,2026-06-27,2026-06-29,372,372,19
14595,11720,13,4,2026-06-27,2026-07-05,2026-07-05,9,9,0
14596,11721,32,8,2026-06-30,2026-06-30,2026-06-29,504,504,7
14597,11722,5,8,2026-06-26,2026-06-26,2026-06-29,127,127,5
14598,11722,5,8,2026-06-29,2026-07-10,2026-06-29,234,234,7
14599,11723,10,8,2026-07-01,2026-07-19,2026-07-19,5,5,0
14600,11723,10,8,2026-07-08,2026-07-17,2026-07-19,4,4,0
14601,11724,45,8,2026-07-07,2026-07-18,2026-07-18,13,13,0
14602,11725,41,5,2026-06-29,2026-07-12,2026-07-12,229,229,13
14603,11726,27,2,2026-07-03,2026-07-04,2026-07-06,1274,1274,26
14604,11727,43,4,2026-06-24,2026-07-07,2026-07-03,210,210,6
14605,11728,2,4,2026-06-29,2026-07-08,2026-07-11,6,6,0
14606,11728,2,4,2026-07-01,2026-07-08,2026-07-11,6,6,0
14607,11729,20,4,2026-06-26,2026-06-30,2026-06-29,370,370,11
14608,11730,30,7,2026-06-30,2026-07-14,2026-07-04,4,4,0
14609,11730,30,7,2026-06-24,2026-07-03,2026-07-04,8,8,0
14610,11731,16,7,2026-06-25,2026-06-27,2026-06-30,266,266,2
14611,11732,2,10,2026-06-29,2026-07-11,2026-07-11,72,72,0
14612,11733,19,5,2026-06-25,2026-06-26,2026-06-28,18,18,1
14613,11734,3,5,2026-07-11,2026-08-04,2026-07-28,11,11,1
14614,11735,16,7,2026-06-24,2026-06-27,2026-06-30,18,18,0
14615,11736,46,7,2026-07-05,2026-07-18,2026-07-20,3,3,0
14616,11736,46,7,2026-07-06,2026-07-20,2026-07-20,6,6,0
14617,11737,2,7,2026-07-02,2026-07-09,2026-07-11,161,161,3
14618,11737,2,7,2026-07-01,2026-07-09,2026-07-11,286,286,2
14619,11738,45,5,2026-07-06,2026-07-19,2026-07-19,497,497,3
14620,11739,17,5,2026-07-05,2026-07-05,2026-07-06,21,21,1
14621,11740,6,5,2026-07-02,2026-07-13,2026-07-13,825,825,2
14622,11741,50,5,2026-07-01,2026-07-13,2026-07-13,150,150,7
14623,11742,10,5,2026-06-30,2026-07-18,2026-07-20,312,312,7
14624,11743,32,5,2026-06-25,2026-06-29,2026-06-30,238,238,1
14625,11744,20,2,2026-06-25,2026-06-27,2026-06-30,76,76,1
14626,11745,10,2,2026-07-11,2026-07-18,2026-07-20,295,295,6
14627,11746,16,1,2026-06-27,2026-07-01,2026-07-01,289,289,3
14628,11747,35,1,2026-07-04,2026-07-04,2026-07-06,71,71,1
14629,11748,25,1,2026-06-25,2026-07-01,2026-07-02,78,78,0
14630,11749,47,1,2026-07-08,2026-07-14,2026-07-16,44,44,0
14631,11750,9,2,2026-07-02,2026-07-13,2026-07-14,315,315,0
14632,11751,7,2,2026-07-09,2026-07-26,2026-07-29,28,28,1
14633,11752,37,2,2026-07-12,2026-07-23,2026-07-25,227,227,7
14634,11752,37,2,2026-07-09,2026-07-24,2026-07-25,219,219,6
14635,11753,5,9,2026-06-26,2026-07-07,2026-06-30,17,17,0
14636,11753,5,9,2026-06-26,2026-07-07,2026-06-30,23,23,1
14637,11754,10,9,2026-07-05,2026-07-17,2026-07-20,394,394,5
14638,11755,36,9,2026-06-29,2026-07-05,2026-07-06,45,45,2
14639,11756,42,9,2026-06-28,2026-07-05,2026-07-08,8,8,0
14640,11757,19,9,2026-06-25,2026-07-01,2026-06-29,79,79,3
14641,11758,43,9,2026-06-29,2026-07-01,2026-07-04,50,50,3
14642,11759,44,9,2026-07-05,2026-07-12,2026-07-15,69,69,0
14643,11760,39,9,2026-07-02,2026-07-02,2026-07-01,316,316,1
14644,11760,39,9,2026-06-26,2026-06-30,2026-07-01,296,296,3
14645,11760,39,9,2026-07-01,2026-07-01,2026-07-01,232,232,3
14646,11761,2,1,2026-06-29,2026-07-10,2026-07-12,159,159,3
14647,11762,39,1,2026-07-03,2026-07-03,2026-07-01,10,10,0
14648,11762,39,1,2026-07-01,2026-07-01,2026-07-01,7,7,0
14649,11763,25,1,2026-06-27,2026-07-01,2026-07-02,144,144,1
14650,11763,25,1,2026-06-26,2026-06-30,2026-07-02,71,71,1
14651,11763,25,1,2026-06-27,2026-07-01,2026-07-02,48,48,0
14652,11764,19,1,2026-06-27,2026-06-28,2026-06-29,5,5,0
14653,11764,19,1,2026-06-26,2026-06-26,2026-06-29,8,8,0
14654,11765,36,1,2026-06-29,2026-07-06,2026-07-06,19,19,1
14655,11766,23,10,2026-07-03,2026-07-03,2026-07-05,25,25,1
14656,11767,40,10,2026-07-08,2026-07-14,2026-07-17,400,400,7
14657,11768,37,10,2026-07-09,2026-07-23,2026-07-25,260,260,7
14658,11769,36,10,2026-06-30,2026-07-04,2026-07-06,18,18,0
14659,11770,15,2,2026-06-28,2026-06-29,2026-07-01,6,6,0
14660,11770,15,2,2026-06-30,2026-06-30,2026-07-01,11,11,0
14661,11771,37,10,2026-07-08,2026-07-23,2026-07-25,12,12,0
14662,11772,48,10,2026-07-05,2026-07-20,2026-07-21,79,79,2
14663,11773,20,3,2026-06-25,2026-06-30,2026-06-30,11,11,0
14664,11774,1,7,2026-06-30,2026-07-05,2026-07-07,123,123,2
14665,11774,1,7,2026-07-04,2026-07-06,2026-07-07,229,229,5
14666,11775,7,7,2026-07-12,2026-08-03,2026-07-29,101,101,1
14667,11776,26,6,2026-07-01,2026-07-04,2026-07-07,9,9,0
14668,11777,5,6,2026-06-25,2026-06-30,2026-06-30,6,6,0
14669,11778,16,10,2026-06-25,2026-06-28,2026-07-01,10,10,0
14670,11779,5,10,2026-06-25,2026-06-27,2026-06-30,46,46,1
14671,11780,35,6,2026-06-28,2026-07-17,2026-07-06,969,969,3
14672,11781,19,6,2026-06-25,2026-06-27,2026-06-29,78,78,2
14673,11782,30,6,2026-06-28,2026-07-03,2026-07-06,31,31,0
14674,11782,30,6,2026-06-27,2026-07-04,2026-07-06,10,10,0
14675,11782,30,6,2026-06-30,2026-07-04,2026-07-06,18,18,0
14676,11783,30,6,2026-06-29,2026-07-03,2026-07-06,6,6,0
14677,11784,43,6,2026-06-26,2026-07-03,2026-07-05,3,3,0
14678,11785,8,6,2026-06-30,2026-07-05,2026-07-05,143,143,4
14679,11786,45,3,2026-07-02,2026-07-20,2026-07-20,309,309,2
14680,11787,11,3,2026-07-05,2026-07-07,2026-07-08,19,19,0
14681,11788,46,9,2026-07-09,2026-08-01,2026-07-22,47,47,1
14682,11789,40,9,2026-07-08,2026-07-15,2026-07-18,104,104,1
14683,11790,40,3,2026-07-02,2026-07-17,2026-07-18,144,144,1
14684,11791,20,3,2026-06-27,2026-06-29,2026-07-01,39,39,1
14685,11791,20,3,2026-06-27,2026-06-28,2026-07-01,32,32,0
14686,11792,5,7,2026-06-30,2026-06-30,2026-07-01,6,6,0
14687,11792,5,7,2026-06-30,2026-07-01,2026-07-01,13,13,1
14688,11793,4,7,2026-07-06,2026-07-23,2026-07-17,514,514,25
14689,11794,11,10,2026-07-05,2026-07-07,2026-07-08,9,9,0
14690,11795,2,10,2026-06-30,2026-07-10,2026-07-13,8,8,0
14691,11795,2,10,2026-07-08,2026-07-11,2026-07-13,6,6,0
14692,11795,2,10,2026-07-03,2026-07-16,2026-07-13,11,11,0
14693,11796,13,4,2026-06-28,2026-07-08,2026-07-09,302,302,6
14694,11796,13,4,2026-06-30,2026-07-09,2026-07-09,350,350,4
14695,11797,40,4,2026-07-08,2026-07-19,2026-07-19,303,303,5
14696,11798,2,4,2026-07-03,2026-07-14,2026-07-14,6,6,0
14697,11799,12,10,2026-07-06,2026-07-15,2026-07-15,438,438,12
14698,11800,43,10,2026-07-03,2026-07-08,2026-07-06,18,18,1
14699,11801,28,10,2026-07-03,2026-07-14,2026-07-15,44,44,0
14700,11802,41,10,2026-07-05,2026-07-16,2026-07-15,279,279,4
14701,11803,7,1,2026-07-07,2026-07-29,2026-07-31,35,35,0
14702,11804,17,1,2026-07-03,2026-07-06,2026-07-08,2,2,0
14703,11804,17,1,2026-07-04,2026-07-06,2026-07-08,2,2,0
14704,11805,37,1,2026-07-06,2026-07-25,2026-07-27,25,25,0
14705,11805,37,1,2026-07-10,2026-07-28,2026-07-27,47,47,0
14706,11806,17,7,2026-07-02,2026-07-19,2026-07-08,21,21,1
14707,11807,10,9,2026-07-06,2026-07-21,2026-07-22,413,413,12
14708,11808,5,9,2026-06-29,2026-07-02,2026-07-02,487,487,12
14709,11809,27,10,2026-06-27,2026-07-07,2026-07-09,17,17,0
14710,11810,47,10,2026-07-05,2026-07-16,2026-07-18,302,302,17
14711,11811,36,10,2026-06-30,2026-07-08,2026-07-08,91,91,4
14712,11812,39,6,2026-06-28,2026-07-01,2026-07-03,14,14,0
14713,11813,23,6,2026-06-28,2026-07-04,2026-07-07,12,12,0
14714,11814,46,6,2026-07-06,2026-07-22,2026-07-23,36,36,0
14715,11815,8,4,2026-07-03,2026-07-03,2026-07-06,165,165,1
14716,11816,30,4,2026-07-03,2026-07-05,2026-07-07,1123,1123,14
14717,11817,21,4,2026-07-03,2026-07-03,2026-07-03,43,43,3
14718,11817,21,4,2026-06-27,2026-07-03,2026-07-03,16,16,1
14719,11817,21,4,2026-07-02,2026-07-02,2026-07-03,19,19,1
14720,11818,35,6,2026-06-30,2026-07-07,2026-07-08,135,135,2
14721,11819,26,6,2026-07-04,2026-07-07,2026-07-09,7,7,0
14722,11820,2,7,2026-07-05,2026-07-17,2026-07-14,95,95,0
14723,11820,2,7,2026-07-01,2026-07-11,2026-07-14,119,119,2
14724,11821,44,7,2026-07-04,2026-07-17,2026-07-17,64,64,0
14725,11822,36,4,2026-06-28,2026-07-07,2026-07-08,6,6,0
14726,11823,48,4,2026-07-08,2026-07-23,2026-07-23,41,41,2
14727,11824,43,9,2026-06-30,2026-07-05,2026-07-06,4,4,0
14728,11825,2,9,2026-07-05,2026-07-11,2026-07-14,47,47,1
14729,11826,11,10,2026-07-01,2026-07-06,2026-07-09,7,7,0
14730,11826,11,10,2026-07-03,2026-07-07,2026-07-09,15,15,0
14731,11827,2,10,2026-07-05,2026-07-13,2026-07-14,1244,1244,19
14732,11828,40,2,2026-07-14,2026-07-17,2026-07-19,108,108,1
14733,11829,10,10,2026-07-07,2026-07-29,2026-07-22,328,328,8
14734,11829,10,10,2026-07-10,2026-07-19,2026-07-22,627,627,11
14735,11830,16,10,2026-06-27,2026-06-30,2026-07-03,20,20,0
14736,11831,2,2,2026-06-30,2026-07-23,2026-07-14,925,925,17
14737,11832,35,2,2026-07-04,2026-07-07,2026-07-08,132,132,0
14738,11833,1,2,2026-07-04,2026-07-06,2026-07-09,18,18,0
14739,11834,44,2,2026-07-09,2026-07-15,2026-07-17,11,11,0
14740,11834,44,2,2026-07-07,2026-07-15,2026-07-17,11,11,0
14741,11835,28,2,2026-07-04,2026-07-12,2026-07-15,26,26,0
14742,11836,1,2,2026-07-02,2026-07-06,2026-07-09,1286,1286,6
14743,11837,2,1,2026-07-07,2026-07-14,2026-07-15,875,875,5
14744,11838,50,1,2026-07-04,2026-07-15,2026-07-16,22,22,1
14745,11839,49,1,2026-06-28,2026-07-14,2026-07-02,22,22,1
14746,11840,32,6,2026-06-28,2026-07-03,2026-07-03,12,12,0
14747,11841,36,6,2026-07-01,2026-07-07,2026-07-09,4,4,0
14748,11841,36,6,2026-07-05,2026-07-08,2026-07-09,7,7,0
14749,11842,15,6,2026-07-01,2026-07-11,2026-07-04,544,544,25
14750,11843,16,5,2026-06-28,2026-07-03,2026-07-04,33,33,0
14751,11844,34,2,2026-07-14,2026-07-30,2026-08-02,22,22,0
14752,11845,1,2,2026-07-05,2026-07-11,2026-07-11,8,8,0
14753,11846,20,2,2026-07-04,2026-07-04,2026-07-04,9,9,0
14754,11847,15,2,2026-07-03,2026-07-05,2026-07-05,36,36,3
14755,11847,15,2,2026-06-30,2026-07-04,2026-07-05,33,33,2
14756,11848,14,1,2026-07-02,2026-07-10,2026-07-11,79,79,0
14757,11849,30,10,2026-07-05,2026-07-06,2026-07-09,12,12,0
14758,11850,31,10,2026-07-15,2026-07-28,2026-07-30,259,259,0
14759,11851,47,4,2026-07-11,2026-07-20,2026-07-21,12,12,0
14760,11852,37,4,2026-07-10,2026-07-27,2026-07-30,79,79,0
14761,11853,8,4,2026-07-03,2026-07-09,2026-07-09,533,533,3
14762,11854,47,8,2026-07-16,2026-07-20,2026-07-21,68,68,1
14763,11855,39,8,2026-07-03,2026-07-03,2026-07-06,221,221,4
14764,11856,47,8,2026-07-11,2026-07-18,2026-07-21,49,49,1
14765,11857,36,8,2026-07-09,2026-07-10,2026-07-11,49,49,1
14766,11858,2,9,2026-07-10,2026-07-14,2026-07-17,77,77,2
14767,11859,45,9,2026-07-11,2026-07-23,2026-07-24,713,713,4
14768,11860,36,9,2026-07-05,2026-07-11,2026-07-11,57,57,3
14769,11861,15,5,2026-07-06,2026-07-06,2026-07-06,6,6,0
14770,11861,15,5,2026-06-30,2026-07-04,2026-07-06,14,14,1
14771,11862,38,5,2026-07-03,2026-07-03,2026-07-04,1201,1201,32
14772,11863,38,5,2026-06-30,2026-07-01,2026-07-04,2,2,0
14773,11863,38,5,2026-06-30,2026-07-04,2026-07-04,6,6,0
14774,11864,23,2,2026-07-01,2026-07-13,2026-07-10,3,3,0
14775,11864,23,2,2026-07-08,2026-07-10,2026-07-10,5,5,0
14776,11865,39,2,2026-06-30,2026-07-03,2026-07-06,68,68,1
14777,11866,39,2,2026-07-02,2026-07-06,2026-07-06,236,236,5
14778,11867,25,2,2026-07-06,2026-07-18,2026-07-07,318,318,1
14779,11868,17,2,2026-07-06,2026-07-09,2026-07-11,170,170,18
14780,11869,43,2,2026-06-30,2026-07-06,2026-07-09,10,10,0
14781,11870,39,2,2026-06-30,2026-07-05,2026-07-06,108,108,1
14782,11871,46,2,2026-07-05,2026-07-24,2026-07-26,604,604,0
14783,11872,12,2,2026-07-09,2026-07-17,2026-07-18,176,176,5
14784,11873,47,9,2026-07-06,2026-07-29,2026-07-21,100,100,0
14785,11873,47,9,2026-07-13,2026-07-20,2026-07-21,118,118,3
14786,11874,19,9,2026-07-01,2026-07-01,2026-07-04,189,189,6
14787,11875,43,1,2026-07-02,2026-07-09,2026-07-09,27,27,1
14788,11875,43,1,2026-07-03,2026-07-06,2026-07-09,63,63,3
14789,11876,10,8,2026-07-16,2026-07-24,2026-07-25,1132,1132,23
14790,11877,20,8,2026-06-30,2026-07-03,2026-07-05,11,11,0
14791,11878,42,8,2026-06-30,2026-07-18,2026-07-13,227,227,4
14792,11879,42,6,2026-07-08,2026-07-10,2026-07-13,9,9,0
14793,11880,27,9,2026-07-04,2026-07-11,2026-07-12,6,6,0
14794,11881,1,9,2026-07-02,2026-07-10,2026-07-12,5,5,0
14795,11881,1,9,2026-07-08,2026-07-12,2026-07-12,7,7,0
14796,11882,25,9,2026-07-05,2026-07-07,2026-07-07,825,825,11
14797,11883,50,9,2026-07-06,2026-07-17,2026-07-18,105,105,3
14798,11884,47,9,2026-07-13,2026-07-21,2026-07-21,45,45,2
14799,11885,41,9,2026-07-13,2026-07-15,2026-07-18,21,21,1
14800,11886,34,3,2026-07-18,2026-08-04,2026-08-04,154,154,1
14801,11887,18,3,2026-07-03,2026-07-05,2026-07-06,13,13,0
14802,11888,6,3,2026-07-15,2026-07-19,2026-07-19,11,11,0
14803,11888,6,3,2026-07-09,2026-07-19,2026-07-19,18,18,0
14804,11889,42,4,2026-07-01,2026-07-13,2026-07-14,556,556,17
14805,11890,43,4,2026-07-04,2026-07-21,2026-07-10,35,35,2
14806,11890,43,4,2026-07-04,2026-07-09,2026-07-10,46,46,2
14807,11891,18,4,2026-07-02,2026-07-04,2026-07-06,14,14,0
14808,11892,16,4,2026-07-02,2026-07-06,2026-07-07,24,24,0
14809,11892,16,4,2026-07-01,2026-07-06,2026-07-07,20,20,0
14810,11893,17,4,2026-07-04,2026-07-24,2026-07-12,69,69,0
14811,11894,27,7,2026-07-08,2026-07-13,2026-07-13,17,17,1
14812,11894,27,7,2026-07-07,2026-07-15,2026-07-13,30,30,1
14813,11895,36,4,2026-07-06,2026-07-19,2026-07-12,7,7,0
14814,11896,42,4,2026-07-15,2026-07-15,2026-07-14,5,5,0
14815,11897,15,4,2026-07-02,2026-07-06,2026-07-07,147,147,6
14816,11897,15,4,2026-07-01,2026-07-05,2026-07-07,64,64,2
14817,11897,15,4,2026-07-06,2026-07-06,2026-07-07,58,58,1
14818,11898,37,4,2026-07-17,2026-07-29,2026-07-31,165,165,4
14819,11898,37,4,2026-07-13,2026-07-28,2026-07-31,283,283,6
14820,11899,41,2,2026-07-11,2026-07-31,2026-07-19,21,21,1
14821,11900,19,2,2026-07-01,2026-07-17,2026-07-05,1066,1066,9
14822,11901,47,2,2026-07-10,2026-08-03,2026-07-22,7,7,0
14823,11902,16,2,2026-07-10,2026-07-10,2026-07-07,884,884,4
14824,11903,21,2,2026-07-03,2026-07-07,2026-07-07,2,2,0
14825,11903,21,2,2026-07-02,2026-07-07,2026-07-07,2,2,0
14826,11904,10,2,2026-07-16,2026-07-26,2026-07-26,444,444,14
14827,11905,15,2,2026-07-03,2026-07-04,2026-07-07,607,607,39
14828,11906,5,9,2026-07-04,2026-07-05,2026-07-06,86,86,6
14829,11907,12,9,2026-07-10,2026-07-18,2026-07-19,276,276,2
14830,11908,35,9,2026-07-07,2026-07-12,2026-07-12,94,94,1
14831,11909,8,9,2026-07-04,2026-07-14,2026-07-10,263,263,2
14832,11910,44,9,2026-07-11,2026-07-19,2026-07-21,27,27,0
14833,11911,29,9,2026-07-09,2026-07-23,2026-07-24,50,50,1
14834,11912,3,5,2026-07-18,2026-08-01,2026-08-04,45,45,0
14835,11912,3,5,2026-07-20,2026-08-09,2026-08-04,16,16,1
14836,11912,3,5,2026-07-23,2026-08-03,2026-08-04,18,18,0
14837,11913,16,5,2026-07-10,2026-07-10,2026-07-07,8,8,0
14838,11914,50,4,2026-07-13,2026-07-20,2026-07-19,5,5,0
14839,11915,43,1,2026-07-03,2026-07-09,2026-07-10,648,648,12
14840,11916,5,1,2026-07-01,2026-07-03,2026-07-06,4,4,0
14841,11916,5,1,2026-07-01,2026-07-06,2026-07-06,1,1,0
14842,11916,5,1,2026-07-01,2026-07-03,2026-07-06,2,2,0
14843,11917,25,1,2026-07-02,2026-07-08,2026-07-08,11,11,0
14844,11918,23,1,2026-07-04,2026-07-11,2026-07-11,2,2,0
14845,11918,23,1,2026-07-03,2026-07-18,2026-07-11,1,1,0
14846,11918,23,1,2026-07-08,2026-07-08,2026-07-11,1,1,0
14847,11919,37,1,2026-07-14,2026-07-30,2026-07-31,27,27,0
14848,11919,37,1,2026-07-15,2026-07-28,2026-07-31,19,19,1
14849,11920,35,1,2026-07-03,2026-07-10,2026-07-12,60,60,1
14850,11920,35,1,2026-07-04,2026-07-12,2026-07-12,27,27,0
14851,11920,35,1,2026-07-08,2026-07-11,2026-07-12,53,53,0
14852,11921,30,1,2026-07-02,2026-07-09,2026-07-11,55,55,0
14853,11922,47,6,2026-07-10,2026-07-22,2026-07-22,11,11,1
14854,11922,47,6,2026-07-10,2026-07-20,2026-07-22,8,8,0
14855,11923,1,6,2026-07-10,2026-07-11,2026-07-13,82,82,1
14856,11924,29,8,2026-07-07,2026-07-22,2026-07-24,489,489,3
14857,11925,39,8,2026-07-01,2026-07-07,2026-07-07,351,351,7
14858,11926,41,8,2026-07-14,2026-07-26,2026-07-19,5,5,0
14859,11927,33,5,2026-07-12,2026-08-05,2026-07-26,94,94,0
14860,11927,33,5,2026-07-14,2026-07-26,2026-07-26,87,87,1
14861,11928,31,5,2026-07-10,2026-07-31,2026-08-01,25,25,1
14862,11929,46,5,2026-07-12,2026-07-29,2026-07-27,25,25,1
14863,11930,48,9,2026-07-18,2026-07-27,2026-07-27,828,828,28
14864,11931,17,9,2026-07-06,2026-07-10,2026-07-12,260,260,17
14865,11932,23,9,2026-07-08,2026-07-18,2026-07-11,4,4,0
14866,11933,1,9,2026-07-06,2026-07-11,2026-07-13,14,14,0
14867,11934,12,9,2026-07-10,2026-07-18,2026-07-19,103,103,2
14868,11935,17,2,2026-07-12,2026-07-12,2026-07-13,10,10,0
14869,11936,16,2,2026-07-02,2026-07-05,2026-07-08,425,425,3
14870,11937,27,6,2026-07-11,2026-07-14,2026-07-14,99,99,1
14871,11937,27,6,2026-07-12,2026-07-12,2026-07-14,150,150,4
14872,11938,33,5,2026-07-10,2026-08-03,2026-07-27,12,12,0
14873,11939,29,5,2026-07-05,2026-07-24,2026-07-25,11,11,0
14874,11940,30,5,2026-07-09,2026-07-12,2026-07-12,13,13,0
14875,11941,32,8,2026-07-02,2026-07-05,2026-07-07,127,127,1
14876,11942,33,8,2026-07-10,2026-07-25,2026-07-27,477,477,15
14877,11943,44,8,2026-07-12,2026-07-20,2026-07-22,1044,1044,23
14878,11944,38,8,2026-07-05,2026-07-05,2026-07-06,108,108,0
14879,11944,38,8,2026-07-10,2026-07-10,2026-07-06,38,38,1
14880,11944,38,8,2026-07-02,2026-07-05,2026-07-06,44,44,0
14881,11945,39,8,2026-07-03,2026-07-05,2026-07-08,1276,1276,34
14882,11946,43,8,2026-07-05,2026-07-10,2026-07-11,22,22,0
14883,11947,39,8,2026-07-08,2026-07-08,2026-07-08,20,20,0
14884,11948,37,8,2026-07-16,2026-07-30,2026-08-01,106,106,2
14885,11949,12,8,2026-07-09,2026-07-20,2026-07-20,8,8,0
14886,11949,12,8,2026-07-09,2026-07-19,2026-07-20,11,11,0
14887,11950,20,8,2026-07-02,2026-07-14,2026-07-07,2,2,0
14888,11950,20,8,2026-07-02,2026-07-07,2026-07-07,2,2,0
14889,11950,20,8,2026-07-02,2026-07-06,2026-07-07,1,1,0
14890,11951,25,7,2026-07-06,2026-07-06,2026-07-09,138,138,3
14891,11952,10,7,2026-07-15,2026-07-24,2026-07-27,91,91,3
14892,11952,10,7,2026-07-11,2026-07-26,2026-07-27,186,186,9
14893,11953,35,7,2026-07-09,2026-07-13,2026-07-13,14,14,0
14894,11954,43,2,2026-07-07,2026-07-11,2026-07-11,197,197,10
14895,11955,30,2,2026-07-03,2026-07-11,2026-07-12,7,7,0
14896,11956,23,2,2026-07-02,2026-07-22,2026-07-12,591,591,11
14897,11957,43,9,2026-07-10,2026-07-16,2026-07-12,5,5,0
14898,11957,43,9,2026-07-08,2026-07-16,2026-07-12,5,5,0
14899,11958,42,9,2026-07-05,2026-07-15,2026-07-16,186,186,3
14900,11959,22,1,2026-07-06,2026-07-06,2026-07-08,130,130,5
14901,11959,22,1,2026-07-05,2026-07-06,2026-07-08,53,53,2
14902,11959,22,1,2026-07-07,2026-07-16,2026-07-08,75,75,2
14903,11960,41,1,2026-07-11,2026-07-19,2026-07-21,5,5,0
14904,11961,40,1,2026-07-16,2026-07-24,2026-07-25,605,605,6
14905,11962,16,1,2026-07-08,2026-07-08,2026-07-09,62,62,0
14906,11963,17,1,2026-07-16,2026-07-16,2026-07-14,178,178,22
14907,11964,13,2,2026-07-09,2026-07-15,2026-07-15,10,10,0
14908,11965,43,2,2026-07-07,2026-07-11,2026-07-12,6,6,0
14909,11966,39,2,2026-07-03,2026-07-09,2026-07-09,13,13,0
14910,11967,40,7,2026-07-12,2026-07-23,2026-07-25,12,12,0
14911,11967,40,7,2026-07-11,2026-07-22,2026-07-25,16,16,0
14912,11968,41,7,2026-07-17,2026-07-18,2026-07-21,37,37,1
14913,11969,9,7,2026-07-11,2026-07-22,2026-07-22,260,260,5
14914,11970,48,7,2026-07-20,2026-07-26,2026-07-29,337,337,14
14915,11970,48,7,2026-07-17,2026-07-29,2026-07-29,425,425,13
14916,11971,23,6,2026-07-05,2026-07-13,2026-07-13,89,89,5
14917,11972,3,6,2026-07-19,2026-08-03,2026-08-06,25,25,2
14918,11973,48,1,2026-07-14,2026-07-29,2026-07-29,135,135,6
14919,11974,6,1,2026-07-08,2026-07-19,2026-07-21,31,31,0
14920,11975,30,1,2026-07-04,2026-07-12,2026-07-13,5,5,0
14921,11976,1,1,2026-07-04,2026-07-13,2026-07-15,10,10,0
14922,11977,30,9,2026-07-07,2026-07-12,2026-07-13,268,268,1
14923,11978,20,7,2026-07-04,2026-07-16,2026-07-08,8,8,0
14924,11979,47,7,2026-07-13,2026-07-22,2026-07-24,67,67,1
14925,11980,6,7,2026-07-14,2026-07-20,2026-07-21,66,66,0
14926,11981,18,7,2026-07-03,2026-07-06,2026-07-08,197,197,2
14927,11982,17,1,2026-07-06,2026-07-16,2026-07-14,2,2,0
14928,11982,17,1,2026-07-07,2026-07-23,2026-07-14,6,6,0
14929,11983,45,1,2026-07-14,2026-07-26,2026-07-27,87,87,0
14930,11984,20,4,2026-07-05,2026-07-14,2026-07-08,471,471,23
14931,11985,39,4,2026-07-03,2026-07-06,2026-07-09,5,5,0
14932,11986,41,4,2026-07-14,2026-07-18,2026-07-21,57,57,4
14933,11987,31,4,2026-07-15,2026-07-31,2026-08-03,11,11,0
14934,11988,19,10,2026-07-05,2026-07-05,2026-07-07,524,524,35
14935,11989,35,10,2026-07-09,2026-07-14,2026-07-14,6,6,0
14936,11989,35,10,2026-07-16,2026-07-16,2026-07-14,6,6,0
14937,11990,2,10,2026-07-04,2026-07-17,2026-07-20,531,531,11
14938,11991,2,10,2026-07-15,2026-07-18,2026-07-20,2,2,0
14939,11991,2,10,2026-07-07,2026-07-18,2026-07-20,3,3,0
14940,11992,8,9,2026-07-11,2026-07-12,2026-07-13,66,66,0
14941,11993,39,9,2026-07-09,2026-07-09,2026-07-10,794,794,12
14942,11994,25,9,2026-07-07,2026-07-08,2026-07-11,701,701,17
14943,11995,26,9,2026-07-13,2026-07-15,2026-07-16,5,5,0
14944,11995,26,9,2026-07-08,2026-07-13,2026-07-16,4,4,0
14945,11996,17,9,2026-07-13,2026-07-13,2026-07-15,7,7,1
14946,11997,22,3,2026-07-05,2026-07-09,2026-07-09,37,37,1
14947,11998,42,3,2026-07-13,2026-07-14,2026-07-17,19,19,1
14948,11999,37,3,2026-07-14,2026-08-02,2026-08-03,31,31,0
14949,12000,30,9,2026-07-09,2026-07-14,2026-07-14,13,13,0
14950,12001,8,9,2026-07-07,2026-07-13,2026-07-13,150,150,3
14951,12002,23,9,2026-07-10,2026-07-12,2026-07-14,128,128,1
14952,12003,36,9,2026-07-10,2026-07-18,2026-07-15,13,13,1
14953,12004,40,9,2026-07-16,2026-07-23,2026-07-26,9,9,0
14954,12005,49,2,2026-07-06,2026-07-06,2026-07-08,46,46,2
14955,12006,43,8,2026-07-14,2026-07-14,2026-07-13,8,8,0
14956,12006,43,8,2026-07-12,2026-07-12,2026-07-13,11,11,1
14957,12007,11,8,2026-07-05,2026-07-16,2026-07-16,12,12,0
14958,12007,11,8,2026-07-12,2026-07-15,2026-07-16,10,10,0
14959,12008,8,8,2026-07-11,2026-07-11,2026-07-13,10,10,0
14960,12009,20,8,2026-07-06,2026-07-08,2026-07-09,945,945,15
14961,12010,42,9,2026-07-15,2026-07-16,2026-07-17,6,6,0
14962,12011,40,9,2026-07-18,2026-07-25,2026-07-26,125,125,1
14963,12012,20,9,2026-07-06,2026-07-06,2026-07-09,42,42,0
14964,12013,40,1,2026-07-11,2026-07-26,2026-07-26,26,26,0
14965,12014,46,1,2026-07-15,2026-07-30,2026-07-30,450,450,23
14966,12014,46,1,2026-07-15,2026-07-30,2026-07-30,365,365,9
14967,12015,15,1,2026-07-04,2026-07-10,2026-07-10,17,17,0
14968,12016,35,1,2026-07-06,2026-07-12,2026-07-15,685,685,12
14969,12017,32,1,2026-07-05,2026-07-09,2026-07-09,5,5,0
14970,12018,2,7,2026-07-09,2026-07-18,2026-07-21,43,43,1
14971,12018,2,7,2026-07-09,2026-07-19,2026-07-21,64,64,1
14972,12019,30,7,2026-07-11,2026-07-12,2026-07-14,32,32,0
14973,12020,43,7,2026-07-09,2026-07-12,2026-07-13,34,34,0
14974,12021,44,7,2026-07-09,2026-08-05,2026-07-24,53,53,1
14975,12022,41,7,2026-07-15,2026-07-21,2026-07-22,313,313,4
14976,12023,46,8,2026-07-14,2026-07-29,2026-07-30,19,19,1
14977,12024,19,8,2026-07-09,2026-07-16,2026-07-08,30,30,1
14978,12025,20,8,2026-07-08,2026-07-08,2026-07-09,946,946,10
14979,12026,2,8,2026-07-07,2026-07-19,2026-07-21,12,12,0
14980,12027,13,8,2026-07-08,2026-07-16,2026-07-16,408,408,7
14981,12028,21,8,2026-07-04,2026-07-07,2026-07-10,14,14,1
14982,12029,19,8,2026-07-04,2026-07-06,2026-07-08,505,505,18
14983,12029,19,8,2026-07-08,2026-07-08,2026-07-08,405,405,7
14984,12030,42,8,2026-07-11,2026-07-17,2026-07-17,214,214,3
14985,12031,15,7,2026-07-11,2026-07-11,2026-07-10,161,161,10
14986,12032,30,7,2026-07-04,2026-07-14,2026-07-14,53,53,0
14987,12033,42,6,2026-07-12,2026-07-16,2026-07-17,118,118,4
14988,12034,46,6,2026-07-18,2026-07-28,2026-07-30,808,808,37
14989,12035,15,6,2026-07-08,2026-07-09,2026-07-10,18,18,1
14990,12035,15,6,2026-07-04,2026-07-21,2026-07-10,27,27,1
14991,12036,16,6,2026-07-08,2026-07-08,2026-07-10,91,91,0
14992,12036,16,6,2026-07-10,2026-07-10,2026-07-10,161,161,0
14993,12037,12,4,2026-07-10,2026-07-24,2026-07-22,81,81,2
14994,12038,35,7,2026-07-10,2026-07-13,2026-07-15,537,537,5
14995,12038,35,7,2026-07-07,2026-07-12,2026-07-15,368,368,8
14996,12039,30,7,2026-07-09,2026-07-14,2026-07-14,1273,1273,0
14997,12040,3,7,2026-07-22,2026-08-12,2026-08-07,71,71,2
14998,12041,43,7,2026-07-07,2026-07-11,2026-07-13,19,19,0
14999,12042,3,7,2026-07-18,2026-08-08,2026-08-07,296,296,14
15000,12043,39,7,2026-07-04,2026-07-09,2026-07-10,862,862,2
15001,12044,25,7,2026-07-05,2026-07-09,2026-07-11,71,71,2
15002,12045,8,9,2026-07-07,2026-07-11,2026-07-13,1170,1170,5
15003,12046,12,9,2026-07-18,2026-07-19,2026-07-22,7,7,0
15004,12046,12,9,2026-07-12,2026-07-22,2026-07-22,6,6,0
15005,12047,38,9,2026-07-04,2026-07-07,2026-07-08,48,48,1
15006,12048,37,9,2026-07-19,2026-08-10,2026-08-03,454,454,10
15007,12049,30,10,2026-07-07,2026-07-20,2026-07-14,558,558,7
15008,12050,11,10,2026-07-11,2026-07-16,2026-07-16,27,27,1
15009,12050,11,10,2026-07-11,2026-07-16,2026-07-16,55,55,1
15010,12051,46,2,2026-07-21,2026-07-29,2026-07-31,146,146,9
15011,12052,6,2,2026-07-14,2026-07-21,2026-07-23,94,94,0
15012,12053,6,2,2026-07-15,2026-07-23,2026-07-23,7,7,0
15013,12053,6,2,2026-07-10,2026-07-22,2026-07-23,14,14,0
15014,12054,40,2,2026-07-12,2026-07-24,2026-07-27,534,534,8
15015,12055,41,2,2026-07-12,2026-07-20,2026-07-23,12,12,1
15016,12056,37,2,2026-07-22,2026-08-01,2026-08-04,134,134,4
15017,12057,26,2,2026-07-13,2026-07-17,2026-07-17,361,361,10
15018,12058,32,9,2026-07-05,2026-07-07,2026-07-10,89,89,0
15019,12059,9,9,2026-07-16,2026-07-24,2026-07-24,218,218,6
15020,12060,6,8,2026-07-18,2026-07-20,2026-07-23,836,836,0
15021,12061,4,8,2026-07-18,2026-07-29,2026-07-26,108,108,2
15022,12062,40,8,2026-07-15,2026-07-25,2026-07-27,138,138,1
15023,12063,36,7,2026-07-09,2026-07-16,2026-07-16,372,372,16
15024,12063,36,7,2026-07-10,2026-07-14,2026-07-16,290,290,3
15025,12063,36,7,2026-07-05,2026-07-14,2026-07-16,233,233,9
15026,12064,17,7,2026-07-05,2026-07-14,2026-07-16,495,495,42
15027,12065,41,7,2026-07-21,2026-07-23,2026-07-23,2,2,0
15028,12065,41,7,2026-07-18,2026-07-23,2026-07-23,2,2,0
15029,12065,41,7,2026-07-18,2026-07-25,2026-07-23,2,2,0
15030,12066,1,7,2026-07-06,2026-07-17,2026-07-17,261,261,2
15031,12066,1,7,2026-07-13,2026-07-14,2026-07-17,407,407,5
15032,12067,6,7,2026-07-15,2026-07-21,2026-07-23,40,40,0
15033,12068,30,7,2026-07-15,2026-07-15,2026-07-15,23,23,0
15034,12069,19,7,2026-07-05,2026-07-06,2026-07-09,76,76,3
15035,12070,15,2,2026-07-06,2026-07-09,2026-07-12,173,173,5
15036,12071,15,2,2026-07-09,2026-07-09,2026-07-12,38,38,1
15037,12071,15,2,2026-07-09,2026-07-11,2026-07-12,46,46,3
15038,12072,49,2,2026-07-06,2026-07-09,2026-07-10,83,83,2
15039,12073,4,2,2026-07-11,2026-08-06,2026-07-28,28,28,1
15040,12073,4,2,2026-07-18,2026-07-27,2026-07-28,63,63,2
15041,12074,9,9,2026-07-20,2026-07-24,2026-07-26,9,9,0
15042,12075,50,2,2026-07-13,2026-07-25,2026-07-25,954,954,18
15043,12076,42,2,2026-07-14,2026-07-18,2026-07-20,55,55,1
15044,12077,37,2,2026-07-19,2026-08-04,2026-08-06,505,505,6
15045,12078,1,8,2026-07-18,2026-07-19,2026-07-19,35,35,0
15046,12079,42,7,2026-07-12,2026-07-19,2026-07-20,387,387,21
15047,12079,42,7,2026-07-11,2026-07-20,2026-07-20,295,295,0
15048,12080,44,7,2026-07-16,2026-07-29,2026-07-27,131,131,1
15049,12081,20,7,2026-07-10,2026-07-10,2026-07-12,167,167,3
15050,12082,43,7,2026-07-16,2026-07-16,2026-07-16,59,59,3
15051,12083,7,4,2026-07-22,2026-08-22,2026-08-10,76,76,1
15052,12084,23,4,2026-07-13,2026-07-27,2026-07-17,78,78,5
15053,12085,43,8,2026-07-12,2026-07-15,2026-07-16,42,42,1
15054,12086,4,8,2026-07-16,2026-07-26,2026-07-28,152,152,6
15055,12086,4,8,2026-07-19,2026-07-27,2026-07-28,69,69,3
15056,12086,4,8,2026-07-19,2026-07-26,2026-07-28,75,75,4
15057,12087,25,9,2026-07-07,2026-07-13,2026-07-14,8,8,0
15058,12088,14,2,2026-07-13,2026-07-16,2026-07-19,553,553,1
15059,12089,30,2,2026-07-09,2026-07-15,2026-07-17,27,27,0
15060,12090,42,5,2026-07-15,2026-07-17,2026-07-20,588,588,10
15061,12091,28,5,2026-07-12,2026-08-04,2026-07-25,601,601,14
15062,12092,11,5,2026-07-11,2026-07-19,2026-07-19,108,108,2
15063,12093,5,5,2026-07-08,2026-07-18,2026-07-12,262,262,9
15064,12094,50,5,2026-07-12,2026-07-25,2026-07-25,52,52,1
15065,12095,8,7,2026-07-09,2026-07-15,2026-07-16,91,91,1
15066,12096,17,7,2026-07-12,2026-07-15,2026-07-18,2,2,0
15067,12096,17,7,2026-07-07,2026-07-16,2026-07-18,1,1,0
15068,12096,17,7,2026-07-07,2026-07-15,2026-07-18,2,2,0
15069,12097,23,7,2026-07-16,2026-07-16,2026-07-17,93,93,4
15070,12098,30,7,2026-07-07,2026-07-17,2026-07-17,10,10,0
15071,12099,33,7,2026-07-17,2026-08-05,2026-08-01,168,168,2
15072,12100,48,1,2026-07-21,2026-08-04,2026-08-02,121,121,3
15073,12100,48,1,2026-07-21,2026-08-02,2026-08-02,299,299,9
15074,12101,10,1,2026-07-17,2026-07-30,2026-08-01,573,573,0
15075,12102,3,1,2026-07-24,2026-08-15,2026-08-10,80,80,3
15076,12103,36,1,2026-07-16,2026-07-21,2026-07-18,18,18,0
15077,12104,30,2,2026-07-07,2026-07-16,2026-07-17,345,345,3
15078,12105,18,2,2026-07-07,2026-07-11,2026-07-12,44,44,1
15079,12105,18,2,2026-07-15,2026-07-15,2026-07-12,42,42,1
15080,12106,11,1,2026-07-16,2026-07-23,2026-07-19,1029,1029,36
15081,12107,19,6,2026-07-15,2026-07-15,2026-07-12,170,170,3
15082,12108,27,3,2026-07-16,2026-07-19,2026-07-20,789,789,16
15083,12109,42,2,2026-07-11,2026-07-19,2026-07-21,10,10,0
15084,12110,40,2,2026-07-17,2026-07-28,2026-07-30,13,13,0
15085,12111,9,2,2026-07-18,2026-07-25,2026-07-27,1244,1244,31
15086,12112,45,9,2026-07-18,2026-07-31,2026-08-01,130,130,1
15087,12113,40,9,2026-07-20,2026-07-27,2026-07-30,30,30,0
15088,12114,21,8,2026-07-14,2026-07-25,2026-07-14,337,337,9
15089,12115,45,8,2026-07-21,2026-07-30,2026-08-01,165,165,1
15090,12115,45,8,2026-07-18,2026-07-30,2026-08-01,340,340,1
15091,12116,48,8,2026-07-15,2026-08-03,2026-08-03,30,30,1
15092,12117,39,8,2026-07-10,2026-07-13,2026-07-14,550,550,12
15093,12118,10,8,2026-07-18,2026-07-31,2026-08-02,14,14,1
15094,12119,5,3,2026-07-08,2026-07-10,2026-07-13,16,16,2
15095,12120,18,3,2026-07-08,2026-07-10,2026-07-13,211,211,1
15096,12121,37,3,2026-07-21,2026-08-07,2026-08-07,659,659,8
15097,12122,14,7,2026-07-14,2026-07-18,2026-07-20,4,4,0
15098,12122,14,7,2026-07-11,2026-07-18,2026-07-20,7,7,0
15099,12123,43,7,2026-07-15,2026-07-19,2026-07-17,37,37,2
15100,12124,41,4,2026-07-19,2026-07-26,2026-07-26,82,82,6
15101,12125,17,9,2026-07-13,2026-07-17,2026-07-20,9,9,1
15102,12126,39,9,2026-07-13,2026-07-15,2026-07-15,113,113,2
15103,12127,12,7,2026-07-18,2026-07-27,2026-07-27,18,18,0
15104,12127,12,7,2026-07-19,2026-07-25,2026-07-27,19,19,0
15105,12128,28,7,2026-07-17,2026-07-27,2026-07-27,42,42,0
15106,12129,10,7,2026-07-19,2026-08-02,2026-08-03,426,426,14
15107,12130,23,7,2026-07-09,2026-07-16,2026-07-19,248,248,7
15108,12131,17,2,2026-07-13,2026-07-18,2026-07-20,670,670,66
15109,12132,5,2,2026-07-10,2026-07-14,2026-07-14,36,36,3
15110,12132,5,2,2026-07-09,2026-07-14,2026-07-14,23,23,2
15111,12132,5,2,2026-07-11,2026-07-21,2026-07-14,43,43,2
15112,12133,42,2,2026-07-14,2026-07-22,2026-07-22,354,354,8
15113,12134,10,2,2026-07-22,2026-08-02,2026-08-03,157,157,3
15114,12135,42,2,2026-07-13,2026-07-26,2026-07-22,286,286,14
15115,12136,11,2,2026-07-12,2026-07-20,2026-07-21,223,223,5
15116,12137,15,8,2026-07-10,2026-07-13,2026-07-15,429,429,15
15117,12138,2,8,2026-07-12,2026-07-24,2026-07-26,10,10,0
15118,12139,10,8,2026-07-20,2026-08-01,2026-08-03,547,547,16
15119,12139,10,8,2026-07-24,2026-08-03,2026-08-03,212,212,17
15120,12139,10,8,2026-07-18,2026-08-01,2026-08-03,226,226,7
15121,12140,48,2,2026-07-18,2026-08-05,2026-08-04,7,7,0
15122,12141,8,2,2026-07-09,2026-07-18,2026-07-18,429,429,0
15123,12142,30,2,2026-07-16,2026-07-31,2026-07-19,651,651,4
15124,12143,32,2,2026-07-11,2026-07-11,2026-07-14,314,314,2
15125,12144,41,2,2026-07-20,2026-07-29,2026-07-27,9,9,0
15126,12145,32,2,2026-07-17,2026-07-17,2026-07-14,14,14,0
15127,12146,36,4,2026-07-13,2026-07-22,2026-07-20,366,366,12
15128,12147,16,4,2026-07-11,2026-07-12,2026-07-15,39,39,0
15129,12148,23,10,2026-07-10,2026-07-16,2026-07-19,399,399,8
15130,12149,30,10,2026-07-09,2026-07-19,2026-07-19,223,223,0
15131,12150,20,10,2026-07-11,2026-07-11,2026-07-14,12,12,0
15132,12150,20,10,2026-07-09,2026-07-11,2026-07-14,8,8,0
15133,12151,39,6,2026-07-11,2026-07-12,2026-07-15,284,284,2
15134,12152,23,6,2026-07-12,2026-07-17,2026-07-19,49,49,2
15135,12152,23,6,2026-07-11,2026-07-19,2026-07-19,43,43,0
15136,12153,18,6,2026-07-11,2026-07-11,2026-07-14,25,25,0
15137,12154,21,8,2026-07-09,2026-07-15,2026-07-15,63,63,4
15138,12155,15,8,2026-07-09,2026-07-15,2026-07-15,55,55,1
15139,12156,30,8,2026-07-13,2026-07-19,2026-07-19,107,107,1
15140,12157,35,1,2026-07-12,2026-08-02,2026-07-21,11,11,0
15141,12158,30,1,2026-07-18,2026-07-18,2026-07-20,1090,1090,2
15142,12159,35,1,2026-07-16,2026-07-19,2026-07-21,449,449,4
15143,12160,5,2,2026-07-16,2026-07-21,2026-07-15,45,45,3
15144,12161,19,2,2026-07-14,2026-07-14,2026-07-14,17,17,1
15145,12162,47,10,2026-07-18,2026-07-30,2026-07-31,53,53,2
15146,12163,32,10,2026-07-16,2026-07-16,2026-07-15,55,55,1
15147,12163,32,10,2026-07-15,2026-07-15,2026-07-15,60,60,0
15148,12164,19,10,2026-07-15,2026-07-15,2026-07-14,35,35,1
15149,12165,30,10,2026-07-10,2026-07-17,2026-07-20,271,271,2
15150,12166,15,4,2026-07-14,2026-07-14,2026-07-16,19,19,1
15151,12166,15,4,2026-07-10,2026-07-16,2026-07-16,12,12,0
15152,12166,15,4,2026-07-13,2026-07-16,2026-07-16,21,21,1
15153,12167,35,4,2026-07-10,2026-07-20,2026-07-21,32,32,0
15154,12168,5,4,2026-07-12,2026-07-22,2026-07-15,10,10,0
15155,12169,36,9,2026-07-16,2026-07-24,2026-07-21,330,330,12
15156,12169,36,9,2026-07-11,2026-07-18,2026-07-21,210,210,7
15157,12170,37,9,2026-07-24,2026-08-09,2026-08-09,15,15,1
15158,12171,30,9,2026-07-13,2026-07-24,2026-07-20,167,167,0
15159,12171,30,9,2026-07-18,2026-07-18,2026-07-20,91,91,0
15160,12171,30,9,2026-07-14,2026-07-20,2026-07-20,209,209,1
15161,12172,46,9,2026-07-22,2026-08-04,2026-08-05,73,73,4
15162,12173,15,10,2026-07-16,2026-07-23,2026-07-16,48,48,2
15163,12174,25,10,2026-07-10,2026-07-15,2026-07-17,1133,1133,17
15164,12175,36,4,2026-07-21,2026-07-21,2026-07-21,11,11,1
15165,12176,20,4,2026-07-12,2026-07-13,2026-07-15,48,48,1
15166,12177,29,4,2026-07-19,2026-07-31,2026-08-02,413,413,1
15167,12178,43,4,2026-07-15,2026-07-16,2026-07-19,735,735,29
15168,12179,9,4,2026-07-18,2026-07-28,2026-07-29,81,81,0
15169,12180,37,4,2026-07-28,2026-08-08,2026-08-09,6,6,0
15170,12181,27,4,2026-07-15,2026-07-19,2026-07-22,1359,1359,39
15171,12182,43,4,2026-07-13,2026-07-26,2026-07-19,224,224,6
15172,12183,40,4,2026-07-18,2026-08-01,2026-08-01,46,46,0
15173,12184,48,4,2026-07-20,2026-08-05,2026-08-05,98,98,4
15174,12185,9,4,2026-07-21,2026-07-29,2026-07-29,997,997,37
15175,12186,17,7,2026-07-14,2026-07-31,2026-07-21,9,9,1
15176,12187,48,7,2026-07-20,2026-08-04,2026-08-05,11,11,1
15177,12188,15,7,2026-07-12,2026-07-13,2026-07-16,11,11,0
15178,12189,50,3,2026-07-16,2026-08-01,2026-07-28,62,62,4
15179,12190,15,1,2026-07-10,2026-07-21,2026-07-16,16,16,0
15180,12191,44,1,2026-07-18,2026-07-29,2026-07-30,121,121,1
15181,12191,44,1,2026-07-19,2026-07-30,2026-07-30,154,154,1
15182,12192,29,1,2026-07-27,2026-07-31,2026-08-02,70,70,1
15183,12193,17,10,2026-07-19,2026-07-21,2026-07-22,11,11,1
15184,12194,11,10,2026-07-15,2026-07-31,2026-07-23,21,21,0
15185,12195,12,10,2026-07-14,2026-07-28,2026-07-29,232,232,2
15186,12195,12,10,2026-07-16,2026-07-29,2026-07-29,147,147,3
15187,12195,12,10,2026-07-14,2026-07-27,2026-07-29,222,222,4
15188,12196,16,10,2026-07-11,2026-07-16,2026-07-17,28,28,0
15189,12197,36,10,2026-07-13,2026-07-19,2026-07-22,87,87,3
15190,12198,50,10,2026-07-21,2026-07-26,2026-07-29,35,35,1
15191,12198,50,10,2026-07-23,2026-07-29,2026-07-29,36,36,2
15192,12198,50,10,2026-07-20,2026-07-28,2026-07-29,27,27,1
15193,12199,48,10,2026-07-21,2026-08-05,2026-08-06,97,97,3
15194,12200,20,8,2026-07-16,2026-07-16,2026-07-16,980,980,19
15195,12201,48,8,2026-07-21,2026-08-04,2026-08-06,68,68,1
15196,12202,12,10,2026-07-25,2026-07-31,2026-07-29,270,270,4
15197,12203,16,10,2026-07-11,2026-07-15,2026-07-17,519,519,5
15198,12204,39,5,2026-07-11,2026-07-14,2026-07-17,111,111,0
15199,12205,27,5,2026-07-19,2026-07-22,2026-07-23,27,27,0
15200,12206,25,5,2026-07-17,2026-07-17,2026-07-18,199,199,1
15201,12207,10,5,2026-07-25,2026-08-05,2026-08-05,19,19,1
15202,12207,10,5,2026-07-26,2026-08-05,2026-08-05,34,34,0
15203,12208,29,8,2026-07-21,2026-08-02,2026-08-03,18,18,1
15204,12209,50,8,2026-07-14,2026-07-28,2026-07-29,184,184,5
15205,12210,30,5,2026-07-12,2026-07-18,2026-07-21,55,55,1
15206,12211,49,5,2026-07-11,2026-07-14,2026-07-15,407,407,11
15207,12212,6,5,2026-07-14,2026-07-27,2026-07-29,9,9,0
15208,12213,8,5,2026-07-16,2026-07-19,2026-07-20,188,188,2
15209,12213,8,5,2026-07-12,2026-07-17,2026-07-20,66,66,1
15210,12213,8,5,2026-07-17,2026-07-17,2026-07-20,142,142,3
15211,12214,1,5,2026-07-16,2026-07-21,2026-07-23,21,21,0
15212,12215,19,5,2026-07-12,2026-07-15,2026-07-15,160,160,2
15213,12216,43,1,2026-07-17,2026-07-18,2026-07-20,90,90,3
15214,12217,27,8,2026-07-15,2026-07-21,2026-07-23,12,12,0
15215,12218,37,7,2026-07-26,2026-08-09,2026-08-10,130,130,1
15216,12219,2,10,2026-07-23,2026-08-05,2026-07-28,38,38,1
15217,12220,23,10,2026-07-12,2026-07-18,2026-07-21,27,27,2
15218,12221,49,6,2026-07-12,2026-07-14,2026-07-16,45,45,2
15219,12222,8,9,2026-07-16,2026-07-28,2026-07-21,45,45,0
15220,12223,20,9,2026-07-12,2026-07-21,2026-07-17,226,226,4
15221,12224,46,6,2026-07-28,2026-08-18,2026-08-08,754,754,36
15222,12225,19,6,2026-07-17,2026-07-17,2026-07-17,493,493,25
15223,12226,38,6,2026-07-13,2026-07-16,2026-07-17,284,284,4
15224,12226,38,6,2026-07-17,2026-07-17,2026-07-17,251,251,8
15225,12227,46,6,2026-07-28,2026-08-08,2026-08-08,92,92,4
15226,12228,25,4,2026-07-15,2026-07-17,2026-07-20,55,55,1
15227,12229,40,4,2026-07-24,2026-08-03,2026-08-04,1018,1018,2
15228,12230,10,1,2026-07-27,2026-08-06,2026-08-07,5,5,0
15229,12231,49,1,2026-07-13,2026-07-15,2026-07-17,456,456,11
15230,12232,15,5,2026-07-14,2026-07-18,2026-07-20,585,585,29
15231,12233,6,5,2026-07-18,2026-07-31,2026-08-01,679,679,3
15232,12234,27,8,2026-07-20,2026-07-23,2026-07-26,262,262,5
15233,12234,27,8,2026-07-20,2026-07-24,2026-07-26,482,482,4
15234,12235,10,8,2026-07-22,2026-08-07,2026-08-08,49,49,2
15235,12235,10,8,2026-07-22,2026-08-07,2026-08-08,119,119,1
15236,12236,44,5,2026-07-19,2026-07-31,2026-08-03,470,470,7
15237,12236,44,5,2026-07-24,2026-08-03,2026-08-03,350,350,0
15238,12237,12,5,2026-07-26,2026-07-30,2026-08-01,3,3,0
15239,12237,12,5,2026-07-15,2026-07-30,2026-08-01,2,2,0
15240,12237,12,5,2026-07-21,2026-07-31,2026-08-01,2,2,0
15241,12238,20,5,2026-07-14,2026-07-19,2026-07-19,33,33,1
15242,12238,20,5,2026-07-22,2026-07-22,2026-07-19,46,46,0
15243,12239,8,5,2026-07-16,2026-07-20,2026-07-23,1003,1003,10
15244,12240,39,5,2026-07-15,2026-07-18,2026-07-20,33,33,1
15245,12241,20,3,2026-07-18,2026-07-18,2026-07-19,909,909,16
15246,12242,19,3,2026-07-14,2026-07-18,2026-07-18,82,82,2
15247,12243,35,3,2026-07-18,2026-07-22,2026-07-25,63,63,1
15248,12244,23,6,2026-07-17,2026-07-22,2026-07-24,94,94,6
15249,12244,23,6,2026-07-16,2026-08-03,2026-07-24,155,155,11
15250,12245,37,6,2026-07-31,2026-08-12,2026-08-13,14,14,0
15251,12245,37,6,2026-07-27,2026-08-12,2026-08-13,24,24,0
15252,12246,4,7,2026-07-30,2026-08-02,2026-08-04,542,542,13
15253,12247,36,3,2026-07-14,2026-07-23,2026-07-25,4,4,0
15254,12247,36,3,2026-07-17,2026-07-23,2026-07-25,2,2,0
15255,12247,36,3,2026-07-23,2026-07-23,2026-07-25,2,2,0
15256,12248,17,3,2026-07-14,2026-07-24,2026-07-25,6,6,0
15257,12249,15,2,2026-07-20,2026-07-20,2026-07-20,502,502,4
15258,12249,15,2,2026-07-16,2026-07-20,2026-07-20,438,438,12
15259,12250,43,2,2026-07-23,2026-07-23,2026-07-23,153,153,7
15260,12250,43,2,2026-07-14,2026-07-20,2026-07-23,140,140,0
15261,12251,30,2,2026-07-20,2026-07-22,2026-07-24,12,12,0
15262,12252,35,8,2026-07-21,2026-07-24,2026-07-25,315,315,3
15263,12253,42,8,2026-07-17,2026-07-27,2026-07-27,4,4,0
15264,12254,16,9,2026-07-15,2026-07-19,2026-07-20,37,37,0
15265,12254,16,9,2026-07-16,2026-07-19,2026-07-20,78,78,1
15266,12255,4,9,2026-07-24,2026-08-04,2026-08-04,20,20,1
15267,12256,40,9,2026-07-26,2026-08-03,2026-08-05,9,9,0
15268,12256,40,9,2026-07-23,2026-08-04,2026-08-05,16,16,0
15269,12257,30,9,2026-07-15,2026-08-05,2026-07-25,89,89,0
15270,12258,36,9,2026-07-18,2026-07-25,2026-07-26,39,39,1
15271,12259,6,9,2026-07-20,2026-08-01,2026-08-02,873,873,5
15272,12260,48,9,2026-08-04,2026-08-16,2026-08-10,5,5,0
15273,12261,10,9,2026-07-17,2026-08-09,2026-08-09,200,200,12
15274,12262,1,9,2026-07-17,2026-07-25,2026-07-27,22,22,0
15275,12263,43,1,2026-07-22,2026-07-23,2026-07-24,14,14,1
15276,12264,11,1,2026-07-17,2026-07-27,2026-07-27,23,23,1
15277,12265,47,1,2026-07-20,2026-08-03,2026-08-05,8,8,0
15278,12266,6,2,2026-07-27,2026-08-01,2026-08-02,58,58,0
15279,12267,4,2,2026-07-26,2026-08-02,2026-08-05,55,55,2
15280,12267,4,2,2026-07-26,2026-08-15,2026-08-05,124,124,2
15281,12268,25,2,2026-07-15,2026-07-19,2026-07-22,95,95,2
15282,12269,38,6,2026-07-15,2026-07-19,2026-07-19,12,12,0
15283,12269,38,6,2026-07-15,2026-07-17,2026-07-19,12,12,1
15284,12270,20,2,2026-07-15,2026-07-20,2026-07-20,23,23,0
15285,12271,50,2,2026-07-23,2026-08-04,2026-08-02,75,75,2
15286,12272,43,2,2026-07-19,2026-07-21,2026-07-24,184,184,5
15287,12273,16,2,2026-07-18,2026-07-21,2026-07-21,279,279,4
15288,12274,10,2,2026-08-02,2026-08-11,2026-08-09,40,40,1
15289,12275,32,2,2026-07-20,2026-07-20,2026-07-20,187,187,1
15290,12276,5,2,2026-07-17,2026-07-19,2026-07-20,19,19,0
15291,12277,25,1,2026-07-17,2026-07-21,2026-07-22,224,224,1
15292,12278,25,7,2026-07-24,2026-07-24,2026-07-22,46,46,1
15293,12279,16,3,2026-07-20,2026-07-22,2026-07-22,84,84,1
15294,12280,43,3,2026-07-22,2026-07-23,2026-07-25,41,41,0
15295,12281,11,6,2026-07-20,2026-07-25,2026-07-28,795,795,14
15296,12282,22,1,2026-07-16,2026-07-21,2026-07-21,40,40,0
15297,12282,22,1,2026-07-17,2026-07-18,2026-07-21,14,14,0
15298,12282,22,1,2026-07-17,2026-07-19,2026-07-21,26,26,0
15299,12283,19,1,2026-07-16,2026-07-19,2026-07-20,2,2,0
15300,12283,19,1,2026-07-18,2026-07-18,2026-07-20,3,3,0
15301,12284,27,1,2026-07-21,2026-07-25,2026-07-28,1058,1058,8
15302,12285,10,1,2026-07-21,2026-08-08,2026-08-10,136,136,0
15303,12286,46,1,2026-07-22,2026-08-13,2026-08-11,11,11,1
15304,12287,30,10,2026-07-22,2026-07-24,2026-07-26,463,463,0
15305,12288,30,4,2026-07-22,2026-07-24,2026-07-26,50,50,0
15306,12288,30,4,2026-07-16,2026-07-23,2026-07-26,87,87,1
15307,12289,29,4,2026-07-28,2026-08-06,2026-08-08,7,7,0
15308,12290,32,4,2026-07-18,2026-07-21,2026-07-21,13,13,0
15309,12291,45,8,2026-07-28,2026-08-06,2026-08-09,542,542,2
15310,12292,21,8,2026-07-22,2026-07-22,2026-07-22,347,347,13
15311,12293,21,8,2026-07-22,2026-07-22,2026-07-22,52,52,1
15312,12294,47,6,2026-07-25,2026-08-14,2026-08-06,34,34,2
15313,12295,28,5,2026-07-18,2026-08-03,2026-08-03,470,470,13
15314,12296,5,5,2026-07-22,2026-07-22,2026-07-21,4,4,0
15315,12296,5,5,2026-07-16,2026-07-29,2026-07-21,7,7,0
15316,12297,47,5,2026-07-25,2026-08-15,2026-08-06,21,21,1
15317,12298,16,5,2026-07-24,2026-07-24,2026-07-22,137,137,1
15318,12299,1,6,2026-07-21,2026-07-29,2026-07-28,235,235,4
15319,12300,8,8,2026-07-19,2026-07-23,2026-07-25,8,8,0
15320,12301,33,8,2026-07-27,2026-08-07,2026-08-10,11,11,0
15321,12302,8,7,2026-07-22,2026-07-24,2026-07-25,5,5,0
15322,12303,18,7,2026-07-21,2026-07-21,2026-07-21,59,59,1
15323,12304,43,7,2026-07-16,2026-07-24,2026-07-25,15,15,0
15324,12305,41,7,2026-07-21,2026-08-01,2026-08-03,15,15,1
15325,12306,15,7,2026-07-17,2026-07-20,2026-07-22,415,415,16
15326,12307,39,7,2026-07-19,2026-07-19,2026-07-22,255,255,2
15327,12307,39,7,2026-07-19,2026-07-21,2026-07-22,192,192,3
15328,12308,42,7,2026-07-16,2026-07-26,2026-07-29,13,13,1
15329,12309,38,2,2026-07-16,2026-07-20,2026-07-20,85,85,3
15330,12310,28,10,2026-07-24,2026-08-03,2026-08-03,245,245,3
15331,12311,1,10,2026-07-22,2026-07-28,2026-07-28,6,6,0
15332,12312,32,10,2026-07-16,2026-07-21,2026-07-21,1108,1108,4
15333,12313,2,10,2026-07-24,2026-08-02,2026-08-02,203,203,2
15334,12314,2,10,2026-07-21,2026-07-30,2026-08-02,11,11,0
15335,12314,2,10,2026-07-24,2026-08-06,2026-08-02,11,11,0
15336,12315,31,10,2026-08-01,2026-08-14,2026-08-16,24,24,0
15337,12316,20,10,2026-07-23,2026-07-23,2026-07-21,51,51,1
15338,12317,20,6,2026-07-19,2026-07-19,2026-07-21,60,60,1
15339,12318,12,6,2026-07-27,2026-08-02,2026-08-03,196,196,5
15340,12319,5,6,2026-07-16,2026-07-30,2026-07-21,157,157,8
15341,12319,5,6,2026-07-19,2026-07-20,2026-07-21,144,144,12
15342,12320,21,6,2026-07-16,2026-07-21,2026-07-22,10,10,0
15343,12320,21,6,2026-07-20,2026-07-21,2026-07-22,4,4,0
15344,12320,21,6,2026-07-17,2026-07-29,2026-07-22,4,4,0
15345,12321,43,6,2026-07-24,2026-07-25,2026-07-25,46,46,0
15346,12322,42,6,2026-07-19,2026-07-27,2026-07-29,19,19,0
15347,12323,4,6,2026-07-25,2026-08-06,2026-08-06,395,395,9
15348,12324,41,7,2026-07-20,2026-08-06,2026-08-03,153,153,7
15349,12324,41,7,2026-07-27,2026-08-01,2026-08-03,56,56,5
15350,12324,41,7,2026-07-29,2026-07-31,2026-08-03,139,139,9
15351,12325,23,7,2026-07-25,2026-07-25,2026-07-26,4,4,0
15352,12326,20,7,2026-07-16,2026-07-21,2026-07-21,1042,1042,41
15353,12327,36,7,2026-07-18,2026-07-26,2026-07-27,4,4,0
15354,12327,36,7,2026-07-24,2026-07-27,2026-07-27,1,1,0
15355,12327,36,7,2026-07-18,2026-08-05,2026-07-27,1,1,0
15356,12328,43,5,2026-07-25,2026-07-25,2026-07-26,88,88,2
15357,12329,5,5,2026-07-17,2026-07-25,2026-07-22,65,65,5
15358,12330,46,3,2026-07-26,2026-08-19,2026-08-12,61,61,3
15359,12330,46,3,2026-07-25,2026-08-12,2026-08-12,60,60,1
15360,12330,46,3,2026-07-30,2026-08-14,2026-08-12,46,46,0
15361,12331,23,3,2026-07-21,2026-07-31,2026-07-27,4,4,0
15362,12332,44,3,2026-07-23,2026-08-06,2026-08-06,9,9,0
15363,12332,44,3,2026-07-29,2026-08-12,2026-08-06,4,4,0
15364,12332,44,3,2026-07-27,2026-08-03,2026-08-06,5,5,0
15365,12333,19,3,2026-07-20,2026-07-20,2026-07-21,125,125,5
15366,12333,19,3,2026-07-18,2026-07-19,2026-07-21,181,181,3
15367,12333,19,3,2026-07-19,2026-07-21,2026-07-21,116,116,5
15368,12334,8,3,2026-07-24,2026-07-24,2026-07-26,237,237,3
15369,12335,33,3,2026-07-29,2026-08-15,2026-08-11,270,270,9
15370,12335,33,3,2026-07-29,2026-08-08,2026-08-11,296,296,0
15371,12336,35,3,2026-07-18,2026-07-27,2026-07-28,97,97,1
15372,12337,42,7,2026-07-20,2026-07-27,2026-07-30,265,265,4
15373,12338,11,7,2026-07-22,2026-07-29,2026-07-29,18,18,1
15374,12339,20,6,2026-07-17,2026-07-24,2026-07-22,542,542,14
15375,12340,44,6,2026-07-24,2026-08-05,2026-08-06,538,538,8
15376,12341,25,6,2026-07-18,2026-07-23,2026-07-24,84,84,2
15377,12342,3,6,2026-08-03,2026-08-17,2026-08-20,8,8,0
15378,12343,11,6,2026-07-20,2026-08-02,2026-07-29,21,21,0
15379,12344,42,6,2026-07-25,2026-07-28,2026-07-30,480,480,0
15380,12345,9,6,2026-07-23,2026-08-02,2026-08-05,223,223,3
15381,12346,9,6,2026-07-23,2026-08-02,2026-08-05,507,507,0
15382,12347,9,10,2026-08-01,2026-08-04,2026-08-05,11,11,0
15383,12348,50,10,2026-07-27,2026-08-08,2026-08-04,850,850,2
15384,12349,40,10,2026-07-27,2026-08-06,2026-08-08,349,349,5
15385,12349,40,10,2026-07-31,2026-08-06,2026-08-08,202,202,1
15386,12350,30,10,2026-07-19,2026-07-26,2026-07-27,11,11,0
15387,12351,39,8,2026-07-20,2026-07-23,2026-07-23,122,122,2
15388,12352,2,8,2026-07-26,2026-08-03,2026-08-03,270,270,2
15389,12353,27,8,2026-07-20,2026-07-28,2026-07-29,15,15,0
15390,12354,29,6,2026-07-25,2026-08-06,2026-08-09,1037,1037,7
15391,12355,2,5,2026-07-20,2026-08-02,2026-08-04,66,66,1
15392,12356,13,5,2026-07-19,2026-07-28,2026-07-30,17,17,0
15393,12357,23,5,2026-07-20,2026-07-28,2026-07-28,7,7,0
15394,12358,20,9,2026-07-20,2026-07-23,2026-07-23,87,87,1
15395,12359,20,9,2026-07-24,2026-07-24,2026-07-23,423,423,9
15396,12359,20,9,2026-07-23,2026-07-23,2026-07-23,725,725,22
15397,12360,30,3,2026-07-24,2026-07-27,2026-07-28,180,180,1
15398,12361,44,3,2026-07-28,2026-08-04,2026-08-07,99,99,2
15399,12362,16,2,2026-07-18,2026-07-21,2026-07-24,483,483,7
15400,12363,1,2,2026-07-24,2026-07-28,2026-07-30,712,712,7
15401,12364,11,5,2026-07-20,2026-07-30,2026-07-30,10,10,0
15402,12365,30,5,2026-07-28,2026-07-28,2026-07-28,229,229,0
15403,12366,30,5,2026-07-19,2026-07-25,2026-07-28,122,122,1
15404,12367,38,4,2026-07-21,2026-07-31,2026-07-22,117,117,2
15405,12368,47,4,2026-07-26,2026-08-06,2026-08-08,12,12,0
15406,12369,22,4,2026-07-18,2026-07-22,2026-07-23,329,329,6
15407,12370,21,4,2026-07-19,2026-07-24,2026-07-24,13,13,0
15408,12370,21,4,2026-07-18,2026-07-24,2026-07-24,23,23,1
15409,12371,10,4,2026-07-27,2026-08-09,2026-08-12,870,870,20
15410,12372,2,1,2026-07-26,2026-08-08,2026-08-04,8,8,0
15411,12373,3,1,2026-08-07,2026-08-21,2026-08-21,69,69,5
15412,12373,3,1,2026-08-02,2026-08-20,2026-08-21,47,47,1
15413,12373,3,1,2026-08-03,2026-08-18,2026-08-21,59,59,4
15414,12374,39,1,2026-07-18,2026-07-22,2026-07-24,7,7,0
15415,12375,1,1,2026-07-18,2026-07-28,2026-07-30,1253,1253,5
15416,12376,5,1,2026-07-18,2026-07-23,2026-07-23,80,80,5
15417,12376,5,1,2026-07-19,2026-07-21,2026-07-23,94,94,6
15418,12377,38,1,2026-07-18,2026-07-21,2026-07-22,443,443,6
15419,12378,4,2,2026-08-02,2026-08-15,2026-08-08,89,89,1
15420,12378,4,2,2026-07-22,2026-08-06,2026-08-08,95,95,3
15421,12379,43,2,2026-07-19,2026-07-25,2026-07-27,19,19,0
15422,12380,40,2,2026-07-26,2026-08-06,2026-08-09,278,278,1
15423,12381,18,7,2026-07-19,2026-08-01,2026-07-23,26,26,1
15424,12382,20,7,2026-07-18,2026-07-21,2026-07-23,227,227,4
15425,12383,5,7,2026-07-21,2026-07-23,2026-07-23,11,11,0
15426,12384,30,7,2026-07-20,2026-07-25,2026-07-28,57,57,1
15427,12385,18,7,2026-07-18,2026-07-21,2026-07-23,752,752,15
15428,12386,35,7,2026-07-21,2026-07-28,2026-07-29,436,436,7
15429,12387,2,7,2026-07-31,2026-08-03,2026-08-04,53,53,0
15430,12388,30,8,2026-07-25,2026-07-29,2026-07-29,11,11,0
15431,12389,36,8,2026-07-19,2026-07-30,2026-07-30,142,142,5
15432,12390,44,10,2026-07-30,2026-08-08,2026-08-08,266,266,5
15433,12391,37,10,2026-07-27,2026-08-17,2026-08-18,49,49,0
15434,12392,40,6,2026-07-31,2026-08-08,2026-08-10,321,321,3
15435,12393,28,6,2026-07-24,2026-08-04,2026-08-06,118,118,1
15436,12394,30,6,2026-07-24,2026-07-29,2026-07-29,533,533,1
15437,12395,23,6,2026-07-30,2026-07-30,2026-07-29,599,599,29
15438,12396,1,10,2026-07-19,2026-07-30,2026-07-31,242,242,0
15439,12397,6,10,2026-07-26,2026-08-03,2026-08-06,70,70,0
15440,12398,43,10,2026-07-24,2026-07-26,2026-07-28,40,40,0
15441,12399,6,6,2026-07-25,2026-08-04,2026-08-07,23,23,0
15442,12399,6,6,2026-07-24,2026-08-05,2026-08-07,13,13,0
15443,12399,6,6,2026-07-25,2026-08-04,2026-08-07,31,31,0
15444,12400,5,6,2026-07-25,2026-07-25,2026-07-25,134,134,12
15445,12401,22,7,2026-07-21,2026-07-24,2026-07-26,238,238,12
15446,12402,7,7,2026-08-04,2026-09-03,2026-08-24,190,190,2
15447,12403,34,5,2026-08-07,2026-08-24,2026-08-24,245,245,3
15448,12404,33,5,2026-07-30,2026-08-14,2026-08-15,1145,1145,27
15449,12405,10,5,2026-07-30,2026-08-26,2026-08-15,618,618,0
15450,12406,29,5,2026-08-04,2026-08-10,2026-08-13,37,37,0
15451,12407,2,5,2026-07-29,2026-08-08,2026-08-07,534,534,11
15452,12408,41,5,2026-07-28,2026-08-17,2026-08-08,2,2,0
15453,12408,41,5,2026-07-31,2026-08-05,2026-08-08,4,4,0
15454,12409,50,7,2026-07-29,2026-08-07,2026-08-08,7,7,0
15455,12410,41,7,2026-07-31,2026-08-12,2026-08-08,769,769,33
15456,12411,43,1,2026-07-22,2026-07-30,2026-07-30,366,366,0
15457,12412,36,1,2026-07-22,2026-08-01,2026-08-01,7,7,0
15458,12412,36,1,2026-07-31,2026-08-11,2026-08-01,12,12,0
15459,12413,27,9,2026-07-29,2026-08-01,2026-08-02,17,17,0
15460,12414,10,5,2026-07-29,2026-08-12,2026-08-15,153,153,4
15461,12414,10,5,2026-07-28,2026-08-13,2026-08-15,163,163,6
15462,12415,36,5,2026-07-29,2026-08-01,2026-08-01,18,18,1
15463,12416,25,5,2026-07-28,2026-07-28,2026-07-28,12,12,0
15464,12417,30,5,2026-07-25,2026-07-29,2026-07-31,26,26,0
15465,12417,30,5,2026-07-22,2026-07-29,2026-07-31,31,31,0
15466,12418,18,2,2026-07-25,2026-07-26,2026-07-27,650,650,4
15467,12418,18,2,2026-07-22,2026-07-25,2026-07-27,217,217,3
15468,12418,18,2,2026-07-27,2026-07-27,2026-07-27,239,239,0
15469,12419,30,6,2026-07-24,2026-08-01,2026-08-01,439,439,5
15470,12420,30,6,2026-07-22,2026-07-30,2026-08-01,1381,1381,7
15471,12421,11,6,2026-07-23,2026-08-01,2026-08-03,953,953,10
15472,12422,9,2,2026-07-31,2026-08-07,2026-08-10,1119,1119,22
15473,12423,35,2,2026-07-30,2026-07-31,2026-08-02,12,12,0
15474,12423,35,2,2026-08-02,2026-08-02,2026-08-02,14,14,0
15475,12424,16,2,2026-07-22,2026-07-27,2026-07-28,4,4,0
15476,12424,16,2,2026-07-23,2026-07-28,2026-07-28,3,3,0
15477,12424,16,2,2026-07-24,2026-07-26,2026-07-28,3,3,0
15478,12425,11,4,2026-07-25,2026-08-02,2026-08-03,49,49,1
15479,12425,11,4,2026-07-27,2026-08-01,2026-08-03,49,49,2
15480,12426,37,2,2026-08-04,2026-08-20,2026-08-21,8,8,0
15481,12426,37,2,2026-08-03,2026-08-20,2026-08-21,6,6,0
15482,12426,37,2,2026-08-03,2026-08-18,2026-08-21,9,9,0
15483,12427,39,3,2026-07-22,2026-07-27,2026-07-28,33,33,0
15484,12428,10,7,2026-08-02,2026-08-16,2026-08-16,14,14,0
15485,12429,48,7,2026-08-01,2026-08-27,2026-08-17,130,130,4
15486,12429,48,7,2026-08-06,2026-08-15,2026-08-17,54,54,2
15487,12429,48,7,2026-08-02,2026-08-21,2026-08-17,53,53,3
15488,12430,7,7,2026-08-05,2026-08-22,2026-08-25,902,902,6
15489,12431,23,6,2026-07-27,2026-08-03,2026-08-01,7,7,0
15490,12432,17,6,2026-07-25,2026-08-01,2026-08-02,1135,1135,106
15491,12433,35,6,2026-07-28,2026-08-02,2026-08-02,11,11,0
15492,12434,17,6,2026-07-29,2026-08-04,2026-08-02,42,42,4
15493,12434,17,6,2026-07-30,2026-07-31,2026-08-02,74,74,9
15494,12435,29,3,2026-08-04,2026-08-14,2026-08-14,615,615,10
15495,12436,50,3,2026-08-03,2026-08-08,2026-08-09,902,902,40
15496,12437,2,3,2026-08-01,2026-08-07,2026-08-08,13,13,0
15497,12438,35,3,2026-07-27,2026-08-01,2026-08-02,11,11,0
15498,12438,35,3,2026-07-29,2026-08-01,2026-08-02,12,12,0
15499,12438,35,3,2026-07-25,2026-08-01,2026-08-02,12,12,0
15500,12439,18,3,2026-07-24,2026-07-26,2026-07-27,11,11,1
15501,12440,16,7,2026-07-28,2026-07-28,2026-07-28,625,625,6
15502,12441,30,7,2026-07-24,2026-08-01,2026-08-01,11,11,0
15503,12442,4,7,2026-07-28,2026-08-10,2026-08-12,467,467,8
15504,12443,25,7,2026-07-27,2026-07-27,2026-07-29,313,313,6
15505,12444,41,7,2026-08-03,2026-08-08,2026-08-09,14,14,1
15506,12445,2,6,2026-07-27,2026-08-09,2026-08-09,30,30,0
15507,12446,18,6,2026-07-28,2026-07-28,2026-07-28,18,18,1
15508,12447,37,6,2026-08-05,2026-08-19,2026-08-22,88,88,2
15509,12447,37,6,2026-08-12,2026-08-22,2026-08-22,173,173,2
15510,12448,33,6,2026-08-02,2026-08-15,2026-08-17,824,824,10
15511,12449,5,7,2026-07-29,2026-07-29,2026-07-28,171,171,10
15512,12450,1,1,2026-07-30,2026-08-03,2026-08-04,41,41,1
15513,12451,15,1,2026-07-23,2026-07-26,2026-07-29,1092,1092,58
15514,12452,45,1,2026-07-31,2026-08-13,2026-08-16,28,28,0
15515,12453,15,7,2026-07-23,2026-07-28,2026-07-29,22,22,1
15516,12454,48,7,2026-08-07,2026-08-18,2026-08-18,113,113,1
15517,12454,48,7,2026-08-03,2026-08-26,2026-08-18,234,234,6
15518,12455,35,7,2026-07-29,2026-08-02,2026-08-03,4,4,0
15519,12455,35,7,2026-07-26,2026-08-01,2026-08-03,7,7,0
15520,12456,17,7,2026-07-30,2026-07-31,2026-08-03,209,209,18
15521,12457,30,10,2026-07-31,2026-07-31,2026-08-02,5,5,0
15522,12458,33,10,2026-08-03,2026-08-15,2026-08-17,81,81,2
15523,12459,35,7,2026-08-04,2026-08-04,2026-08-04,10,10,0
15524,12460,25,6,2026-07-26,2026-07-29,2026-07-31,6,6,0
15525,12461,5,6,2026-07-24,2026-07-27,2026-07-29,718,718,65
15526,12462,39,6,2026-07-24,2026-07-27,2026-07-30,7,7,0
15527,12463,32,4,2026-07-30,2026-07-30,2026-07-29,262,262,2
15528,12464,28,1,2026-07-31,2026-08-08,2026-08-11,1281,1281,18
15529,12465,19,1,2026-07-24,2026-07-28,2026-07-28,136,136,6
15530,12465,19,1,2026-07-24,2026-07-27,2026-07-28,165,165,5
15531,12466,29,10,2026-08-08,2026-08-16,2026-08-16,62,62,1
15532,12467,15,10,2026-07-27,2026-07-27,2026-07-30,6,6,0
15533,12468,1,6,2026-08-02,2026-08-05,2026-08-05,32,32,0
15534,12469,24,5,2026-08-04,2026-08-13,2026-08-14,24,24,1
15535,12470,12,5,2026-07-29,2026-08-10,2026-08-11,16,16,0
15536,12471,38,5,2026-07-30,2026-08-01,2026-07-28,131,131,2
15537,12471,38,5,2026-07-27,2026-08-04,2026-07-28,45,45,0
15538,12471,38,5,2026-07-24,2026-07-26,2026-07-28,53,53,1
15539,12472,19,5,2026-07-25,2026-08-02,2026-07-28,17,17,1
15540,12472,19,5,2026-07-26,2026-07-26,2026-07-28,32,32,0
15541,12473,1,5,2026-07-27,2026-08-03,2026-08-05,5,5,0
15542,12473,1,5,2026-07-30,2026-08-05,2026-08-05,8,8,0
15543,12474,42,5,2026-08-02,2026-08-05,2026-08-06,5,5,0
15544,12475,32,5,2026-07-26,2026-08-03,2026-07-29,19,19,0
15545,12475,32,5,2026-07-26,2026-07-28,2026-07-29,16,16,0
15546,12475,32,5,2026-07-24,2026-07-29,2026-07-29,14,14,0
15547,12476,20,7,2026-07-27,2026-08-03,2026-07-29,32,32,0
15548,12477,16,7,2026-07-24,2026-08-10,2026-07-30,15,15,0
15549,12478,23,7,2026-07-29,2026-07-31,2026-08-03,3,3,0
15550,12478,23,7,2026-07-29,2026-07-31,2026-08-03,2,2,0
15551,12478,23,7,2026-07-26,2026-08-04,2026-08-03,2,2,0
15552,12479,2,7,2026-07-30,2026-08-07,2026-08-10,376,376,3
15553,12480,24,7,2026-08-04,2026-08-12,2026-08-14,57,57,1
15554,12481,20,2,2026-07-28,2026-07-28,2026-07-30,7,7,0
15555,12481,20,2,2026-07-29,2026-07-29,2026-07-30,5,5,0
15556,12481,20,2,2026-07-27,2026-07-27,2026-07-30,11,11,0
15557,12482,39,2,2026-07-28,2026-07-30,2026-07-31,8,8,0
15558,12483,4,9,2026-08-03,2026-08-14,2026-08-15,55,55,1
15559,12484,11,9,2026-07-27,2026-08-04,2026-08-06,197,197,7
15560,12485,35,2,2026-07-28,2026-08-05,2026-08-05,217,217,3
15561,12485,35,2,2026-08-01,2026-08-03,2026-08-05,462,462,4
15562,12486,2,8,2026-08-04,2026-08-09,2026-08-11,12,12,0
15563,12487,5,8,2026-07-25,2026-07-29,2026-07-30,435,435,11
15564,12488,38,8,2026-07-25,2026-07-28,2026-07-29,46,46,1
15565,12488,38,8,2026-07-30,2026-08-03,2026-07-29,40,40,1
15566,12489,37,1,2026-08-07,2026-08-24,2026-08-24,182,182,1
15567,12490,43,1,2026-08-02,2026-08-02,2026-08-03,554,554,26
15568,12491,23,1,2026-07-28,2026-08-04,2026-08-04,13,13,0
15569,12492,39,9,2026-07-27,2026-07-30,2026-07-31,250,250,7
15570,12492,39,9,2026-07-30,2026-07-30,2026-07-31,286,286,3
15571,12493,43,9,2026-07-28,2026-08-09,2026-08-03,107,107,5
15572,12494,12,9,2026-08-01,2026-08-20,2026-08-12,336,336,2
15573,12495,15,1,2026-07-25,2026-07-30,2026-07-31,206,206,0
15574,12496,17,1,2026-08-01,2026-08-04,2026-08-05,402,402,11
15575,12497,17,10,2026-07-29,2026-08-04,2026-08-05,54,54,6
15576,12497,17,10,2026-07-29,2026-08-05,2026-08-05,30,30,3
15577,12497,17,10,2026-07-31,2026-08-03,2026-08-05,45,45,1
15578,12498,41,10,2026-08-06,2026-08-16,2026-08-12,401,401,8
15579,12499,21,10,2026-07-27,2026-07-30,2026-07-31,279,279,23
15580,12500,20,5,2026-08-02,2026-08-05,2026-07-30,10,10,0
15581,12501,11,5,2026-08-03,2026-08-05,2026-08-06,11,11,0
15582,12502,24,5,2026-08-04,2026-08-13,2026-08-16,97,97,0
15583,12503,11,5,2026-08-03,2026-08-09,2026-08-07,479,479,7
15584,12504,47,5,2026-08-05,2026-08-14,2026-08-16,364,364,20
15585,12505,27,5,2026-08-03,2026-08-05,2026-08-07,226,226,4
15586,12506,49,5,2026-07-31,2026-07-31,2026-07-30,129,129,4
15587,12507,10,5,2026-08-08,2026-08-20,2026-08-20,54,54,1
15588,12507,10,5,2026-08-12,2026-08-18,2026-08-20,44,44,1
15589,12507,10,5,2026-08-06,2026-08-20,2026-08-20,43,43,1
15590,12508,27,1,2026-08-01,2026-08-06,2026-08-08,209,209,6
15591,12509,30,1,2026-08-02,2026-08-13,2026-08-06,254,254,3
15592,12510,4,5,2026-08-04,2026-08-16,2026-08-17,53,53,1
15593,12511,10,5,2026-08-10,2026-09-01,2026-08-21,6,6,0
15594,12512,29,9,2026-08-04,2026-08-19,2026-08-19,392,392,3
15595,12513,37,9,2026-08-05,2026-08-24,2026-08-26,186,186,4
15596,12513,37,9,2026-08-10,2026-08-24,2026-08-26,261,261,0
15597,12513,37,9,2026-08-04,2026-08-25,2026-08-26,169,169,2
15598,12514,3,9,2026-08-13,2026-08-28,2026-08-30,24,24,0
15599,12515,46,8,2026-08-09,2026-08-26,2026-08-22,12,12,0
15600,12516,36,8,2026-08-03,2026-08-04,2026-08-07,47,47,1
15601,12517,21,8,2026-07-27,2026-08-01,2026-08-02,33,33,2
15602,12517,21,8,2026-07-30,2026-08-07,2026-08-02,35,35,1
15603,12517,21,8,2026-07-27,2026-08-06,2026-08-02,40,40,2
15604,12518,43,8,2026-07-27,2026-08-05,2026-08-05,27,27,1
15605,12519,38,10,2026-08-01,2026-08-10,2026-07-31,360,360,11
15606,12520,39,10,2026-07-28,2026-08-01,2026-08-03,12,12,0
15607,12521,4,10,2026-08-06,2026-08-16,2026-08-18,6,6,0
15608,12521,4,10,2026-08-06,2026-08-17,2026-08-18,10,10,0
15609,12522,26,10,2026-08-02,2026-08-07,2026-08-09,13,13,0
15610,12523,42,10,2026-08-02,2026-08-08,2026-08-10,464,464,30
15611,12524,8,10,2026-07-31,2026-08-06,2026-08-06,333,333,10
15612,12525,42,2,2026-07-30,2026-08-22,2026-08-10,79,79,2
15613,12526,36,2,2026-08-02,2026-08-05,2026-08-08,41,41,2
15614,12527,8,2,2026-08-01,2026-08-04,2026-08-06,18,18,0
15615,12527,8,2,2026-08-02,2026-08-03,2026-08-06,19,19,0
15616,12528,32,1,2026-07-30,2026-08-01,2026-08-02,1287,1287,0
15617,12529,1,1,2026-08-04,2026-08-06,2026-08-09,54,54,1
15618,12529,1,1,2026-08-03,2026-08-09,2026-08-09,103,103,0
15619,12530,30,1,2026-08-06,2026-08-07,2026-08-07,14,14,0
15620,12531,43,1,2026-08-01,2026-08-03,2026-08-06,212,212,2
15621,12532,39,1,2026-07-28,2026-08-02,2026-08-03,8,8,0
15622,12533,10,5,2026-08-07,2026-08-20,2026-08-22,12,12,0
15623,12534,39,5,2026-07-29,2026-08-02,2026-08-03,134,134,4
15624,12535,6,9,2026-08-05,2026-08-13,2026-08-15,6,6,0
15625,12536,3,9,2026-08-10,2026-08-30,2026-08-31,38,38,0
15626,12537,43,9,2026-07-29,2026-08-03,2026-08-06,112,112,2
15627,12537,43,9,2026-07-28,2026-08-09,2026-08-06,202,202,12
15628,12538,44,3,2026-08-04,2026-08-14,2026-08-17,126,126,1
15629,12539,48,6,2026-08-10,2026-08-23,2026-08-23,346,346,7
15630,12540,39,6,2026-07-29,2026-08-03,2026-08-03,11,11,0
15631,12541,23,4,2026-07-30,2026-08-04,2026-08-07,191,191,8
15632,12542,20,4,2026-08-02,2026-08-02,2026-08-02,620,620,5
15633,12543,8,4,2026-08-02,2026-08-03,2026-08-06,483,483,5
15634,12544,43,8,2026-08-03,2026-08-05,2026-08-07,15,15,0
15635,12545,18,8,2026-07-31,2026-08-03,2026-08-03,9,9,0
15636,12546,6,3,2026-08-01,2026-08-16,2026-08-16,294,294,1
15637,12546,6,3,2026-08-09,2026-08-13,2026-08-16,189,189,1
15638,12546,6,3,2026-08-09,2026-08-16,2026-08-16,215,215,0
15639,12547,20,3,2026-07-30,2026-07-31,2026-08-03,33,33,1
15640,12547,20,3,2026-07-30,2026-07-31,2026-08-03,21,21,0
15641,12548,27,3,2026-08-03,2026-08-09,2026-08-10,51,51,1
15642,12549,35,3,2026-08-03,2026-08-06,2026-08-09,12,12,0
15643,12550,11,8,2026-08-06,2026-08-07,2026-08-10,288,288,7
15644,12551,4,8,2026-08-09,2026-08-21,2026-08-19,87,87,2
15645,12551,4,8,2026-08-09,2026-08-16,2026-08-19,116,116,3
15646,12552,20,10,2026-07-29,2026-08-02,2026-08-03,90,90,2
15647,12553,19,1,2026-07-29,2026-07-30,2026-08-02,5,5,0
15648,12554,36,1,2026-08-04,2026-08-07,2026-08-09,16,16,0
15649,12555,41,1,2026-08-06,2026-08-28,2026-08-16,53,53,2
15650,12556,46,10,2026-08-13,2026-08-30,2026-08-24,1024,1024,37
15651,12557,14,10,2026-07-29,2026-08-09,2026-08-10,260,260,0
15652,12558,18,4,2026-07-31,2026-08-02,2026-08-03,583,583,33
15653,12559,20,5,2026-07-29,2026-08-02,2026-08-03,722,722,19
15654,12560,46,5,2026-08-14,2026-08-23,2026-08-24,7,7,0
15655,12561,8,5,2026-07-31,2026-08-05,2026-08-07,22,22,0
15656,12562,45,3,2026-08-09,2026-08-22,2026-08-22,17,17,0
15657,12563,40,3,2026-08-05,2026-08-17,2026-08-20,18,18,0
15658,12564,19,3,2026-07-29,2026-07-31,2026-08-02,404,404,15
15659,12565,40,2,2026-08-09,2026-08-21,2026-08-21,190,190,1
15660,12566,38,4,2026-07-31,2026-07-31,2026-08-03,15,15,0
15661,12567,20,4,2026-08-02,2026-08-03,2026-08-04,37,37,1
15662,12568,37,4,2026-08-16,2026-08-27,2026-08-29,19,19,0
15663,12569,24,4,2026-08-09,2026-08-20,2026-08-20,51,51,1
15664,12570,2,4,2026-08-08,2026-08-15,2026-08-16,10,10,0
15665,12571,21,4,2026-07-30,2026-08-02,2026-08-05,562,562,22
15666,12572,39,4,2026-08-04,2026-08-05,2026-08-05,23,23,0
15667,12573,9,8,2026-08-09,2026-08-16,2026-08-18,186,186,3
15668,12574,43,8,2026-08-03,2026-08-07,2026-08-08,86,86,4
15669,12575,43,2,2026-08-02,2026-08-07,2026-08-08,34,34,2
15670,12575,43,2,2026-08-09,2026-08-09,2026-08-08,62,62,1
15671,12576,20,8,2026-08-02,2026-08-04,2026-08-04,241,241,3
15672,12577,19,8,2026-08-02,2026-08-03,2026-08-03,5,5,0
15673,12578,27,8,2026-08-01,2026-08-08,2026-08-11,46,46,1
15674,12579,16,8,2026-08-01,2026-08-06,2026-08-05,35,35,0
15675,12579,16,8,2026-08-02,2026-08-02,2026-08-05,17,17,0
15676,12579,16,8,2026-08-02,2026-08-05,2026-08-05,35,35,0
15677,12580,34,2,2026-08-14,2026-09-02,2026-09-02,11,11,0
15678,12581,36,2,2026-07-30,2026-08-09,2026-08-10,23,23,1
15679,12582,39,4,2026-08-04,2026-08-04,2026-08-06,17,17,0
15680,12583,46,4,2026-08-14,2026-08-26,2026-08-26,6,6,0
15681,12584,5,8,2026-07-31,2026-08-03,2026-08-05,38,38,0
15682,12585,20,1,2026-08-02,2026-08-15,2026-08-05,5,5,0
15683,12586,36,1,2026-08-06,2026-08-11,2026-08-11,11,11,0
15684,12587,1,1,2026-07-31,2026-08-10,2026-08-12,97,97,1
15685,12588,42,1,2026-07-31,2026-08-11,2026-08-13,76,76,2
15686,12589,43,1,2026-08-01,2026-08-07,2026-08-09,527,527,28
15687,12590,41,1,2026-08-08,2026-08-18,2026-08-18,365,365,9
15688,12591,4,1,2026-08-09,2026-09-01,2026-08-21,42,42,1
15689,12591,4,1,2026-08-10,2026-08-21,2026-08-21,29,29,1
15690,12592,36,1,2026-08-05,2026-08-11,2026-08-11,6,6,0
15691,12593,2,2,2026-08-06,2026-08-17,2026-08-17,56,56,1
15692,12594,18,10,2026-08-05,2026-08-05,2026-08-05,18,18,1
15693,12594,18,10,2026-08-07,2026-08-07,2026-08-05,18,18,0
15694,12595,50,5,2026-08-07,2026-08-18,2026-08-18,54,54,3
15695,12596,37,2,2026-08-13,2026-08-29,2026-08-30,9,9,0
15696,12597,26,2,2026-08-05,2026-08-12,2026-08-12,988,988,7
15697,12598,15,2,2026-08-03,2026-08-15,2026-08-06,5,5,0
15698,12598,15,2,2026-07-31,2026-08-04,2026-08-06,6,6,0
15699,12599,47,1,2026-08-13,2026-08-18,2026-08-21,424,424,20
15700,12600,20,1,2026-08-03,2026-08-05,2026-08-05,109,109,2
15701,12601,8,1,2026-08-06,2026-08-08,2026-08-09,11,11,0
15702,12602,49,8,2026-08-01,2026-08-04,2026-08-04,34,34,2
15703,12603,6,8,2026-08-03,2026-08-17,2026-08-18,13,13,0
15704,12603,6,8,2026-08-11,2026-08-15,2026-08-18,6,6,0
15705,12603,6,8,2026-08-07,2026-08-17,2026-08-18,10,10,0
15706,12604,2,8,2026-08-10,2026-08-17,2026-08-17,4,4,0
15707,12604,2,8,2026-08-11,2026-08-15,2026-08-17,5,5,0
15708,12605,20,8,2026-08-01,2026-08-03,2026-08-05,63,63,1
15709,12605,20,8,2026-08-04,2026-08-04,2026-08-05,55,55,0
15710,12606,35,8,2026-08-08,2026-08-11,2026-08-11,57,57,1
15711,12607,48,3,2026-08-10,2026-08-25,2026-08-26,499,499,17
15712,12608,19,3,2026-08-04,2026-08-04,2026-08-04,2,2,0
15713,12608,19,3,2026-07-31,2026-08-04,2026-08-04,3,3,0
15714,12609,34,3,2026-08-16,2026-09-01,2026-09-03,415,415,7
15715,12610,35,6,2026-08-09,2026-08-09,2026-08-11,1267,1267,3
15716,12611,45,6,2026-08-07,2026-08-24,2026-08-24,8,8,0
15717,12612,37,6,2026-08-17,2026-08-31,2026-08-30,505,505,15
15718,12613,43,6,2026-08-01,2026-08-09,2026-08-09,14,14,1
15719,12614,43,2,2026-08-06,2026-08-10,2026-08-09,99,99,2
15720,12615,35,2,2026-08-03,2026-08-11,2026-08-11,10,10,0
15721,12615,35,2,2026-08-04,2026-08-09,2026-08-11,10,10,0
15722,12616,12,2,2026-08-07,2026-08-18,2026-08-18,944,944,32
15723,12617,16,7,2026-07-31,2026-08-17,2026-08-06,11,11,0
15724,12618,36,7,2026-08-02,2026-08-11,2026-08-11,756,756,44
15725,12619,43,7,2026-08-03,2026-08-06,2026-08-09,181,181,5
15726,12620,20,7,2026-08-04,2026-08-04,2026-08-05,8,8,0
15727,12621,20,5,2026-08-04,2026-08-08,2026-08-06,232,232,3
15728,12621,20,5,2026-08-08,2026-08-12,2026-08-06,283,283,5
15729,12622,39,5,2026-08-02,2026-08-06,2026-08-07,75,75,0
15730,12623,10,3,2026-08-15,2026-08-25,2026-08-26,44,44,2
15731,12624,20,3,2026-08-03,2026-08-03,2026-08-06,11,11,0
15732,12625,33,1,2026-08-12,2026-08-25,2026-08-26,62,62,0
15733,12626,13,1,2026-08-07,2026-08-23,2026-08-13,464,464,10
15734,12627,41,1,2026-08-11,2026-08-17,2026-08-19,587,587,34
15735,12628,1,1,2026-08-08,2026-08-12,2026-08-13,9,9,0
15736,12629,9,1,2026-08-07,2026-08-19,2026-08-20,609,609,12
15737,12630,19,8,2026-08-05,2026-08-05,2026-08-05,310,310,8
15738,12631,46,8,2026-08-08,2026-08-25,2026-08-27,58,58,2
15739,12632,16,8,2026-08-01,2026-08-04,2026-08-07,70,70,1
15740,12633,35,8,2026-08-05,2026-08-09,2026-08-12,4,4,0
15741,12633,35,8,2026-08-05,2026-08-10,2026-08-12,5,5,0
15742,12634,2,8,2026-08-07,2026-08-18,2026-08-18,63,63,1
15743,12635,17,8,2026-08-11,2026-08-12,2026-08-12,8,8,1
15744,12636,45,5,2026-08-13,2026-08-24,2026-08-25,11,11,0
15745,12637,13,5,2026-08-12,2026-08-12,2026-08-13,23,23,0
15746,12637,13,5,2026-08-05,2026-08-13,2026-08-13,42,42,1
15747,12638,42,5,2026-08-13,2026-08-13,2026-08-14,7,7,0
15748,12639,43,7,2026-08-05,2026-08-07,2026-08-10,30,30,1
15749,12640,30,7,2026-08-06,2026-08-09,2026-08-11,8,8,0
15750,12641,47,7,2026-08-10,2026-08-27,2026-08-22,176,176,7
15751,12642,41,7,2026-08-10,2026-08-24,2026-08-19,37,37,2
15752,12643,29,10,2026-08-10,2026-08-22,2026-08-25,147,147,2
15753,12643,29,10,2026-08-12,2026-08-23,2026-08-25,109,109,1
15754,12644,12,10,2026-08-07,2026-08-17,2026-08-20,321,321,8
15755,12645,39,10,2026-08-02,2026-08-07,2026-08-08,143,143,2
15756,12646,43,6,2026-08-04,2026-08-11,2026-08-11,16,16,1
15757,12647,35,6,2026-08-03,2026-08-13,2026-08-13,56,56,0
15758,12648,39,6,2026-08-06,2026-08-08,2026-08-08,751,751,0
15759,12649,37,7,2026-08-16,2026-09-01,2026-09-01,81,81,1
15760,12650,23,7,2026-08-10,2026-08-22,2026-08-12,87,87,6
15761,12651,36,1,2026-08-06,2026-08-13,2026-08-13,34,34,0
15762,12652,19,8,2026-08-08,2026-08-08,2026-08-07,61,61,3
15763,12652,19,8,2026-08-03,2026-08-10,2026-08-07,115,115,3
15764,12653,15,8,2026-08-05,2026-08-06,2026-08-09,540,540,27
15765,12654,11,3,2026-08-15,2026-08-15,2026-08-15,30,30,1
15766,12655,36,3,2026-08-08,2026-08-13,2026-08-14,6,6,0
15767,12656,17,3,2026-08-07,2026-08-12,2026-08-14,10,10,1
15768,12656,17,3,2026-08-12,2026-08-14,2026-08-14,8,8,1
15769,12657,3,7,2026-08-22,2026-09-06,2026-09-07,4,4,0
15770,12657,3,7,2026-08-27,2026-09-07,2026-09-07,4,4,0
15771,12658,11,7,2026-08-05,2026-08-13,2026-08-16,114,114,2
15772,12658,11,7,2026-08-05,2026-08-16,2026-08-16,96,96,4
15773,12659,27,10,2026-08-12,2026-08-16,2026-08-16,621,621,16
15774,12660,41,10,2026-08-12,2026-08-20,2026-08-22,15,15,1
15775,12661,11,8,2026-08-11,2026-08-14,2026-08-16,279,279,12
15776,12662,19,8,2026-08-04,2026-08-08,2026-08-08,9,9,0
15777,12663,8,8,2026-08-04,2026-08-10,2026-08-13,198,198,0
15778,12663,8,8,2026-08-10,2026-08-11,2026-08-13,418,418,5
15779,12664,48,8,2026-08-16,2026-08-29,2026-08-30,109,109,3
15780,12665,16,9,2026-08-07,2026-08-08,2026-08-10,29,29,0
15781,12666,41,7,2026-08-08,2026-08-20,2026-08-22,184,184,7
15782,12666,41,7,2026-08-14,2026-08-19,2026-08-22,236,236,3
15783,12667,45,4,2026-08-14,2026-08-27,2026-08-28,119,119,1
15784,12668,43,4,2026-08-06,2026-08-12,2026-08-13,15,15,1
15785,12669,11,10,2026-08-09,2026-08-18,2026-08-16,25,25,1
15786,12670,36,10,2026-08-11,2026-08-15,2026-08-15,193,193,15
15787,12671,13,10,2026-08-06,2026-08-15,2026-08-16,193,193,4
15788,12671,13,10,2026-08-07,2026-08-13,2026-08-16,289,289,5
15789,12672,49,10,2026-08-08,2026-08-08,2026-08-08,86,86,4
15790,12673,35,10,2026-08-10,2026-08-12,2026-08-15,209,209,2
15791,12674,19,10,2026-08-08,2026-08-08,2026-08-08,407,407,2
15792,12675,20,4,2026-08-11,2026-08-11,2026-08-09,190,190,1
15793,12676,37,4,2026-08-26,2026-08-31,2026-09-03,557,557,10
15794,12677,30,4,2026-08-15,2026-08-15,2026-08-14,1528,1528,0
15795,12678,20,7,2026-08-07,2026-08-08,2026-08-10,80,80,3
15796,12679,45,7,2026-08-17,2026-08-26,2026-08-29,454,454,2
15797,12680,30,7,2026-08-12,2026-08-14,2026-08-15,267,267,3
15798,12681,22,6,2026-08-12,2026-08-22,2026-08-10,16,16,0
15799,12681,22,6,2026-08-05,2026-08-07,2026-08-10,20,20,1
15800,12682,17,6,2026-08-09,2026-08-14,2026-08-16,12,12,2
15801,12683,40,6,2026-08-12,2026-08-25,2026-08-27,14,14,0
15802,12683,40,6,2026-08-13,2026-08-25,2026-08-27,10,10,0
15803,12683,40,6,2026-08-14,2026-08-27,2026-08-27,8,8,0
15804,12684,20,6,2026-08-05,2026-08-09,2026-08-10,89,89,2
15805,12685,45,6,2026-08-14,2026-09-05,2026-08-29,90,90,0
15806,12686,49,4,2026-08-05,2026-08-06,2026-08-09,212,212,8
15807,12687,36,4,2026-08-08,2026-08-16,2026-08-16,72,72,5
15808,12687,36,4,2026-08-08,2026-08-15,2026-08-16,54,54,1
15809,12688,24,1,2026-08-14,2026-08-26,2026-08-26,47,47,0
15810,12689,18,1,2026-08-05,2026-08-10,2026-08-10,6,6,0
15811,12690,40,1,2026-08-14,2026-08-24,2026-08-27,912,912,5
15812,12691,41,1,2026-08-12,2026-08-20,2026-08-23,244,244,4
15813,12691,41,1,2026-08-13,2026-08-20,2026-08-23,174,174,12
15814,12692,45,3,2026-08-16,2026-08-26,2026-08-29,99,99,0
15815,12693,15,3,2026-08-08,2026-08-11,2026-08-11,5,5,0
15816,12694,12,3,2026-08-07,2026-08-22,2026-08-23,60,60,1
15817,12695,36,3,2026-08-08,2026-08-14,2026-08-16,10,10,0
15818,12696,22,3,2026-08-06,2026-08-10,2026-08-10,2,2,0
15819,12696,22,3,2026-08-09,2026-08-09,2026-08-10,2,2,0
15820,12697,28,7,2026-08-13,2026-08-22,2026-08-23,74,74,1
15821,12698,17,7,2026-08-12,2026-08-16,2026-08-16,8,8,1
15822,12699,2,6,2026-08-18,2026-08-19,2026-08-22,11,11,0
15823,12700,22,6,2026-08-06,2026-08-07,2026-08-10,40,40,1
15824,12700,22,6,2026-08-07,2026-08-09,2026-08-10,39,39,1
15825,12701,19,6,2026-08-05,2026-08-07,2026-08-09,23,23,1
15826,12702,44,9,2026-08-11,2026-08-23,2026-08-25,242,242,3
15827,12703,13,9,2026-08-10,2026-08-17,2026-08-17,1167,1167,6
15828,12704,30,9,2026-08-08,2026-08-12,2026-08-15,185,185,0
15829,12705,20,5,2026-08-06,2026-08-10,2026-08-10,585,585,9
15830,12706,29,5,2026-08-18,2026-08-28,2026-08-28,27,27,1
15831,12707,19,5,2026-08-06,2026-08-08,2026-08-09,9,9,0
15832,12707,19,5,2026-08-05,2026-08-09,2026-08-09,7,7,0
15833,12708,33,5,2026-08-18,2026-08-30,2026-08-30,89,89,4
15834,12709,30,5,2026-08-07,2026-08-15,2026-08-15,208,208,1
15835,12710,10,7,2026-08-18,2026-09-05,2026-08-31,12,12,0
15836,12710,10,7,2026-08-15,2026-08-30,2026-08-31,9,9,0
15837,12711,50,7,2026-08-12,2026-08-24,2026-08-24,24,24,1
15838,12712,36,7,2026-08-13,2026-08-14,2026-08-17,22,22,2
15839,12712,36,7,2026-08-06,2026-08-14,2026-08-17,20,20,1
15840,12713,3,6,2026-08-27,2026-09-09,2026-09-09,130,130,3
15841,12714,22,7,2026-08-09,2026-08-11,2026-08-11,482,482,2
15842,12715,19,7,2026-08-07,2026-08-22,2026-08-10,33,33,1
15843,12716,15,7,2026-08-09,2026-08-09,2026-08-12,132,132,3
15844,12717,31,7,2026-08-22,2026-09-03,2026-09-06,11,11,0
15845,12718,3,2,2026-08-26,2026-09-06,2026-09-09,8,8,0
15846,12719,8,2,2026-08-07,2026-08-14,2026-08-15,270,270,4
15847,12720,20,2,2026-08-06,2026-08-08,2026-08-11,253,253,0
15848,12721,5,7,2026-08-09,2026-08-11,2026-08-11,36,36,0
15849,12722,29,2,2026-08-12,2026-08-29,2026-08-29,6,6,0
15850,12723,35,2,2026-08-14,2026-08-28,2026-08-17,68,68,0
15851,12724,11,6,2026-08-08,2026-08-17,2026-08-18,120,120,2
15852,12725,4,6,2026-08-17,2026-08-27,2026-08-27,360,360,3
15853,12725,4,6,2026-08-16,2026-09-03,2026-08-27,418,418,29
15854,12726,26,6,2026-08-14,2026-08-18,2026-08-18,3,3,0
15855,12726,26,6,2026-08-09,2026-08-18,2026-08-18,5,5,0
15856,12727,40,6,2026-08-10,2026-08-27,2026-08-28,25,25,0
15857,12728,15,6,2026-08-07,2026-08-12,2026-08-12,3,3,0
15858,12728,15,6,2026-08-07,2026-08-23,2026-08-12,4,4,0
15859,12729,27,6,2026-08-06,2026-08-16,2026-08-18,7,7,0
15860,12730,33,6,2026-08-12,2026-08-30,2026-08-31,44,44,1
15861,12731,18,1,2026-08-06,2026-08-10,2026-08-11,32,32,1
15862,12732,43,1,2026-08-12,2026-08-14,2026-08-15,50,50,0
15863,12733,10,1,2026-08-20,2026-08-28,2026-08-31,728,728,19
15864,12734,29,1,2026-08-12,2026-08-29,2026-08-29,1312,1312,15
15865,12735,41,9,2026-08-17,2026-08-23,2026-08-25,284,284,21
15866,12735,41,9,2026-08-15,2026-08-25,2026-08-25,462,462,23
15867,12736,34,9,2026-08-17,2026-09-08,2026-09-10,85,85,1
15868,12737,36,9,2026-08-12,2026-08-17,2026-08-18,3,3,0
15869,12737,36,9,2026-08-13,2026-08-18,2026-08-18,7,7,0
15870,12738,39,9,2026-08-12,2026-08-12,2026-08-13,16,16,0
15871,12739,2,9,2026-08-16,2026-08-21,2026-08-24,6,6,0
15872,12740,33,2,2026-08-18,2026-09-03,2026-09-01,216,216,1
15873,12741,10,2,2026-08-21,2026-08-31,2026-09-01,31,31,1
15874,12741,10,2,2026-08-16,2026-08-31,2026-09-01,70,70,3
15875,12742,28,7,2026-08-20,2026-08-22,2026-08-25,73,73,0
15876,12743,2,7,2026-08-11,2026-08-23,2026-08-24,1217,1217,14
15877,12744,20,7,2026-08-07,2026-08-09,2026-08-12,2,2,0
15878,12744,20,7,2026-08-16,2026-08-16,2026-08-12,4,4,0
15879,12745,45,7,2026-08-14,2026-08-29,2026-08-31,254,254,0
15880,12746,21,7,2026-08-14,2026-08-14,2026-08-13,46,46,2
15881,12747,39,7,2026-08-13,2026-08-13,2026-08-13,52,52,1
15882,12748,28,7,2026-08-17,2026-08-23,2026-08-25,3,3,0
15883,12748,28,7,2026-08-11,2026-08-22,2026-08-25,4,4,0
15884,12749,16,7,2026-08-07,2026-08-13,2026-08-13,70,70,0
15885,12750,20,7,2026-08-07,2026-08-11,2026-08-12,5,5,0
15886,12751,39,2,2026-08-08,2026-08-11,2026-08-13,111,111,2
15887,12752,16,10,2026-08-17,2026-08-17,2026-08-14,331,331,2
15888,12752,16,10,2026-08-08,2026-08-11,2026-08-14,310,310,2
15889,12753,30,10,2026-08-17,2026-08-18,2026-08-18,166,166,1
15890,12754,17,10,2026-08-11,2026-08-16,2026-08-19,521,521,30
15891,12755,1,10,2026-08-11,2026-08-19,2026-08-20,165,165,0
15892,12755,1,10,2026-08-13,2026-08-20,2026-08-20,63,63,1
15893,12755,1,10,2026-08-15,2026-08-30,2026-08-20,59,59,1
15894,12756,10,10,2026-08-23,2026-09-01,2026-09-02,29,29,1
15895,12757,26,10,2026-08-16,2026-08-18,2026-08-20,11,11,0
15896,12758,16,10,2026-08-14,2026-08-14,2026-08-14,7,7,0
15897,12758,16,10,2026-08-11,2026-08-18,2026-08-14,6,6,0
15898,12759,14,10,2026-08-09,2026-08-18,2026-08-20,38,38,0
15899,12759,14,10,2026-08-17,2026-08-18,2026-08-20,50,50,0
15900,12760,23,10,2026-08-10,2026-08-28,2026-08-18,396,396,15
15901,12761,44,6,2026-08-15,2026-08-28,2026-08-28,295,295,4
15902,12762,3,6,2026-08-23,2026-09-17,2026-09-11,287,287,12
15903,12763,12,7,2026-08-12,2026-08-24,2026-08-26,729,729,8
15904,12764,34,7,2026-08-22,2026-09-09,2026-09-11,15,15,0
15905,12764,34,7,2026-08-25,2026-09-08,2026-09-11,38,38,1
15906,12765,2,1,2026-08-10,2026-08-24,2026-08-25,8,8,0
15907,12766,39,1,2026-08-11,2026-08-18,2026-08-14,63,63,0
15908,12767,5,1,2026-08-11,2026-08-11,2026-08-13,167,167,2
15909,12767,5,1,2026-08-08,2026-08-15,2026-08-13,219,219,10
15910,12768,35,1,2026-08-08,2026-08-18,2026-08-19,1048,1048,7
15911,12769,12,1,2026-08-16,2026-08-23,2026-08-26,11,11,0
15912,12770,1,1,2026-08-14,2026-08-18,2026-08-20,18,18,0
15913,12771,23,1,2026-08-15,2026-08-16,2026-08-18,374,374,13
15914,12772,22,2,2026-08-09,2026-08-13,2026-08-13,119,119,3
15915,12773,46,2,2026-08-21,2026-08-31,2026-09-03,342,342,15
15916,12774,49,2,2026-08-12,2026-08-12,2026-08-12,880,880,20
15917,12775,50,1,2026-08-18,2026-08-24,2026-08-26,112,112,4
15918,12776,14,1,2026-08-11,2026-08-19,2026-08-20,13,13,0
15919,12777,24,4,2026-08-13,2026-08-27,2026-08-29,557,557,8
15920,12778,4,4,2026-08-14,2026-09-02,2026-08-29,634,634,19
15921,12779,25,4,2026-08-11,2026-08-12,2026-08-15,620,620,9
15922,12780,11,4,2026-08-13,2026-08-17,2026-08-20,612,612,18
15923,12781,2,4,2026-08-16,2026-08-28,2026-08-25,43,43,1
15924,12782,46,4,2026-08-15,2026-08-31,2026-09-03,9,9,0
15925,12783,30,4,2026-08-13,2026-08-15,2026-08-18,10,10,0
15926,12784,3,4,2026-08-22,2026-09-21,2026-09-11,425,425,8
15927,12785,12,4,2026-08-18,2026-08-24,2026-08-26,472,472,7
15928,12786,19,4,2026-08-08,2026-08-09,2026-08-12,91,91,3
15929,12787,7,8,2026-08-26,2026-09-10,2026-09-11,48,48,0
15930,12788,19,8,2026-08-08,2026-08-10,2026-08-12,20,20,1
15931,12789,12,8,2026-08-16,2026-08-25,2026-08-26,40,40,0
15932,12790,43,8,2026-08-08,2026-08-16,2026-08-17,159,159,1
15933,12791,5,1,2026-08-09,2026-08-12,2026-08-14,246,246,14
15934,12792,2,1,2026-08-11,2026-08-25,2026-08-26,61,61,1
15935,12792,2,1,2026-08-16,2026-08-26,2026-08-26,46,46,1
15936,12793,2,10,2026-08-13,2026-08-24,2026-08-26,121,121,2
15937,12793,2,10,2026-08-20,2026-08-24,2026-08-26,66,66,1
15938,12793,2,10,2026-08-22,2026-08-26,2026-08-26,66,66,1
15939,12794,39,10,2026-08-14,2026-08-14,2026-08-15,7,7,0
15940,12795,48,10,2026-08-23,2026-09-01,2026-09-04,983,983,41
15941,12796,43,10,2026-08-13,2026-08-16,2026-08-18,117,117,6
15942,12796,43,10,2026-08-13,2026-08-17,2026-08-18,191,191,8
15943,12797,25,10,2026-08-09,2026-08-16,2026-08-16,632,632,6
15944,12798,46,10,2026-08-22,2026-09-03,2026-09-04,10,10,0
15945,12799,44,10,2026-08-16,2026-08-29,2026-08-29,202,202,5
15946,12800,11,10,2026-08-20,2026-08-21,2026-08-21,298,298,5
15947,12800,11,10,2026-08-12,2026-08-18,2026-08-21,399,399,11
15948,12801,18,8,2026-08-11,2026-08-13,2026-08-15,7,7,0
15949,12802,2,8,2026-08-16,2026-08-27,2026-08-27,7,7,0
15950,12803,47,8,2026-08-20,2026-08-30,2026-08-31,847,847,44
15951,12804,43,8,2026-08-12,2026-08-16,2026-08-19,111,111,5
15952,12804,43,8,2026-08-10,2026-08-29,2026-08-19,91,91,8
15953,12805,21,5,2026-08-12,2026-08-13,2026-08-16,125,125,3
15954,12806,37,5,2026-08-27,2026-09-07,2026-09-09,21,21,0
15955,12806,37,5,2026-08-29,2026-09-08,2026-09-09,25,25,0
15956,12807,43,1,2026-08-12,2026-08-16,2026-08-19,53,53,1
15957,12808,25,1,2026-08-20,2026-08-20,2026-08-17,238,238,4
15958,12809,27,1,2026-08-16,2026-08-20,2026-08-22,725,725,15
15959,12810,12,1,2026-08-19,2026-08-25,2026-08-28,12,12,0
15960,12811,35,9,2026-08-23,2026-08-23,2026-08-22,279,279,1
15961,12812,41,9,2026-08-15,2026-08-28,2026-08-29,181,181,7
15962,12812,41,9,2026-08-22,2026-08-28,2026-08-29,397,397,21
15963,12813,30,9,2026-08-18,2026-08-21,2026-08-21,82,82,0
15964,12814,2,10,2026-08-15,2026-08-27,2026-08-28,50,50,1
15965,12815,12,1,2026-08-18,2026-08-29,2026-08-29,340,340,8
15966,12816,9,1,2026-08-24,2026-08-28,2026-08-30,712,712,15
15967,12817,39,5,2026-08-16,2026-08-16,2026-08-17,241,241,2
15968,12817,39,5,2026-08-11,2026-08-14,2026-08-17,425,425,9
15969,12818,1,3,2026-08-18,2026-08-23,2026-08-23,10,10,0
15970,12819,11,2,2026-08-12,2026-08-23,2026-08-23,128,128,1
15971,12820,3,8,2026-08-25,2026-09-22,2026-09-14,120,120,3
15972,12821,2,8,2026-08-22,2026-08-25,2026-08-28,80,80,0
15973,12822,47,8,2026-08-18,2026-08-31,2026-09-01,42,42,0
15974,12823,1,8,2026-08-12,2026-08-23,2026-08-23,1137,1137,0
15975,12824,29,8,2026-08-20,2026-09-02,2026-09-03,4,4,0
15976,12824,29,8,2026-08-23,2026-09-03,2026-09-03,5,5,0
15977,12825,32,4,2026-08-11,2026-08-15,2026-08-16,13,13,0
15978,12826,27,4,2026-08-15,2026-08-22,2026-08-23,7,7,0
15979,12827,21,4,2026-08-11,2026-08-14,2026-08-17,1018,1018,32
15980,12828,26,8,2026-08-17,2026-08-20,2026-08-23,344,344,17
15981,12828,26,8,2026-08-14,2026-08-23,2026-08-23,174,174,5
15982,12828,26,8,2026-08-18,2026-08-23,2026-08-23,152,152,4
15983,12829,48,8,2026-08-19,2026-09-06,2026-09-06,23,23,0
15984,12830,14,8,2026-08-18,2026-08-22,2026-08-23,5,5,0
15985,12831,1,8,2026-08-11,2026-08-22,2026-08-23,72,72,1
15986,12831,1,8,2026-08-16,2026-08-23,2026-08-23,123,123,1
15987,12832,18,7,2026-08-18,2026-08-18,2026-08-16,11,11,0
15988,12833,3,7,2026-08-28,2026-09-12,2026-09-14,705,705,37
15989,12834,28,6,2026-08-23,2026-08-28,2026-08-29,54,54,0
15990,12835,46,1,2026-08-19,2026-09-03,2026-09-06,46,46,0
15991,12836,16,1,2026-08-16,2026-08-16,2026-08-17,836,836,4
15992,12837,8,1,2026-08-14,2026-08-20,2026-08-20,81,81,1
15993,12837,8,1,2026-08-12,2026-08-19,2026-08-20,54,54,0
15994,12837,8,1,2026-08-14,2026-08-17,2026-08-20,66,66,1
15995,12838,34,9,2026-08-26,2026-09-12,2026-09-15,277,277,5
15996,12839,1,9,2026-08-24,2026-08-24,2026-08-24,1345,1345,0
15997,12840,27,10,2026-08-16,2026-08-22,2026-08-24,123,123,3
15998,12841,20,10,2026-08-17,2026-08-17,2026-08-17,96,96,2
15999,12842,18,10,2026-08-15,2026-08-16,2026-08-17,22,22,0
16000,12843,43,10,2026-08-16,2026-08-19,2026-08-21,18,18,0
16001,12844,30,10,2026-08-17,2026-08-21,2026-08-22,515,515,2
16002,12845,31,10,2026-08-28,2026-09-10,2026-09-12,5,5,0
16003,12845,31,10,2026-08-25,2026-09-12,2026-09-12,5,5,0
16004,12846,43,4,2026-08-16,2026-08-20,2026-08-21,9,9,0
16005,12847,23,4,2026-08-16,2026-08-21,2026-08-22,67,67,3
16006,12848,10,4,2026-08-17,2026-09-05,2026-09-06,720,720,28
16007,12849,45,2,2026-08-27,2026-09-02,2026-09-05,266,266,1
16008,12849,45,2,2026-08-25,2026-09-03,2026-09-05,87,87,0
16009,12849,45,2,2026-08-18,2026-09-03,2026-09-05,199,199,0
16010,12850,4,2,2026-08-20,2026-08-30,2026-09-02,287,287,8
16011,12851,39,2,2026-08-16,2026-08-18,2026-08-18,22,22,0
16012,12852,20,2,2026-08-19,2026-08-19,2026-08-17,54,54,0
16013,12853,20,2,2026-08-12,2026-08-15,2026-08-17,399,399,0
16014,12854,23,2,2026-08-16,2026-08-22,2026-08-22,150,150,12
16015,12855,43,2,2026-08-16,2026-08-21,2026-08-21,8,8,0
16016,12856,5,5,2026-08-20,2026-08-20,2026-08-17,6,6,0
16017,12857,22,5,2026-08-12,2026-08-16,2026-08-17,2,2,0
16018,12857,22,5,2026-08-12,2026-08-15,2026-08-17,2,2,0
16019,12857,22,5,2026-08-12,2026-08-16,2026-08-17,1,1,0
16020,12858,35,9,2026-08-19,2026-08-20,2026-08-23,105,105,1
16021,12859,40,2,2026-08-20,2026-09-02,2026-09-03,6,6,0
16022,12860,14,2,2026-08-16,2026-08-23,2026-08-24,152,152,1
16023,12861,35,2,2026-08-16,2026-08-23,2026-08-23,86,86,1
16024,12862,7,7,2026-08-21,2026-09-17,2026-09-15,12,12,0
16025,12863,25,7,2026-08-12,2026-08-16,2026-08-19,5,5,0
16026,12863,25,7,2026-08-13,2026-08-19,2026-08-19,3,3,0
16027,12863,25,7,2026-08-21,2026-08-21,2026-08-19,2,2,0
16028,12864,4,3,2026-08-23,2026-08-31,2026-09-02,555,555,37
16029,12865,23,3,2026-08-23,2026-08-23,2026-08-22,165,165,3
16030,12866,6,3,2026-08-20,2026-08-29,2026-08-30,340,340,1
16031,12866,6,3,2026-08-17,2026-08-29,2026-08-30,145,145,0
16032,12866,6,3,2026-08-21,2026-08-28,2026-08-30,372,372,1
16033,12867,36,3,2026-08-17,2026-08-21,2026-08-23,59,59,1
16034,12867,36,3,2026-08-14,2026-08-20,2026-08-23,46,46,2
16035,12868,37,10,2026-08-26,2026-09-10,2026-09-11,12,12,0
16036,12869,36,10,2026-08-15,2026-08-23,2026-08-23,32,32,1
16037,12870,39,10,2026-08-15,2026-08-18,2026-08-18,87,87,1
16038,12871,15,4,2026-08-15,2026-08-17,2026-08-18,42,42,4
16039,12872,3,4,2026-08-30,2026-09-15,2026-09-15,11,11,0
16040,12873,8,4,2026-08-15,2026-08-19,2026-08-21,705,705,7
16041,12874,5,2,2026-08-16,2026-08-17,2026-08-17,5,5,0
16042,12874,5,2,2026-08-18,2026-08-18,2026-08-17,4,4,0
16043,12875,12,5,2026-08-21,2026-08-28,2026-08-30,1074,1074,14
16044,12876,18,5,2026-08-15,2026-08-17,2026-08-17,218,218,3
16045,12877,11,5,2026-08-12,2026-08-22,2026-08-24,78,78,1
16046,12878,7,5,2026-08-24,2026-09-13,2026-09-15,921,921,13
16047,12879,11,5,2026-08-12,2026-08-29,2026-08-24,88,88,4
16048,12880,36,5,2026-08-15,2026-08-22,2026-08-23,2,2,0
16049,12880,36,5,2026-08-18,2026-08-23,2026-08-23,4,4,0
16050,12881,25,5,2026-08-17,2026-08-17,2026-08-19,29,29,1
16051,12882,47,2,2026-08-22,2026-09-01,2026-09-03,41,41,2
16052,12883,47,2,2026-08-26,2026-09-03,2026-09-03,223,223,4
16053,12884,36,2,2026-08-14,2026-08-24,2026-08-24,5,5,0
16054,12885,1,2,2026-08-17,2026-08-25,2026-08-25,13,13,0
16055,12886,43,8,2026-08-19,2026-08-20,2026-08-22,744,744,41
16056,12887,37,8,2026-08-26,2026-09-10,2026-09-12,8,8,0
16057,12888,46,3,2026-08-24,2026-09-05,2026-09-08,7,7,0
16058,12889,15,3,2026-08-13,2026-08-19,2026-08-19,30,30,1
16059,12890,17,10,2026-08-17,2026-08-24,2026-08-24,5,5,0
16060,12891,22,10,2026-08-16,2026-08-18,2026-08-18,5,5,0
16061,12892,25,10,2026-08-14,2026-08-19,2026-08-20,13,13,0
16062,12893,17,8,2026-08-22,2026-08-24,2026-08-24,5,5,0
16063,12894,13,8,2026-08-15,2026-08-24,2026-08-25,26,26,1
16064,12895,30,4,2026-08-17,2026-08-22,2026-08-23,21,21,0
16065,12896,30,4,2026-08-21,2026-08-23,2026-08-23,26,26,0
16066,12897,30,9,2026-08-16,2026-08-20,2026-08-23,25,25,0
16067,12898,4,9,2026-08-23,2026-09-01,2026-09-03,46,46,1
16068,12899,38,9,2026-08-13,2026-08-16,2026-08-17,137,137,2
16069,12900,39,9,2026-08-16,2026-08-18,2026-08-19,15,15,0
16070,12900,39,9,2026-08-19,2026-08-19,2026-08-19,12,12,0
16071,12900,39,9,2026-08-13,2026-08-17,2026-08-19,20,20,0
16072,12901,11,9,2026-08-13,2026-09-04,2026-08-25,27,27,1
16073,12901,11,9,2026-08-20,2026-09-05,2026-08-25,25,25,0
16074,12901,11,9,2026-08-27,2026-08-27,2026-08-25,25,25,0
16075,12902,10,9,2026-08-26,2026-09-07,2026-09-07,45,45,2
16076,12903,15,4,2026-08-16,2026-08-17,2026-08-19,26,26,1
16077,12904,20,4,2026-08-16,2026-08-16,2026-08-18,10,10,0
16078,12905,21,4,2026-08-13,2026-08-19,2026-08-19,154,154,6
16079,12906,44,4,2026-08-18,2026-09-01,2026-09-02,61,61,2
16080,12907,17,1,2026-08-20,2026-08-21,2026-08-24,271,271,0
16081,12908,27,1,2026-08-18,2026-08-24,2026-08-25,25,25,0
16082,12909,2,10,2026-08-23,2026-08-30,2026-08-31,206,206,4
16083,12910,2,10,2026-08-22,2026-08-28,2026-08-31,157,157,1
16084,12911,41,5,2026-08-26,2026-08-29,2026-09-01,7,7,0
16085,12912,43,5,2026-08-14,2026-08-21,2026-08-23,491,491,17
16086,12913,49,5,2026-08-14,2026-08-18,2026-08-18,23,23,1
16087,12914,40,2,2026-08-21,2026-09-04,2026-09-05,11,11,0
16088,12915,39,8,2026-08-14,2026-08-19,2026-08-20,259,259,7
16089,12916,7,8,2026-09-04,2026-09-15,2026-09-17,603,603,9
16090,12917,27,10,2026-08-23,2026-08-23,2026-08-26,44,44,1
16091,12918,32,10,2026-08-14,2026-08-16,2026-08-19,60,60,0
16092,12919,6,10,2026-08-19,2026-09-01,2026-09-01,68,68,0
16093,12919,6,10,2026-08-23,2026-08-29,2026-09-01,122,122,0
16094,12920,7,2,2026-08-31,2026-09-15,2026-09-17,620,620,9
16095,12921,12,3,2026-08-22,2026-08-30,2026-09-02,7,7,0
16096,12921,12,3,2026-08-25,2026-09-02,2026-09-02,8,8,0
16097,12922,20,10,2026-08-20,2026-08-20,2026-08-20,460,460,18
16098,12922,20,10,2026-08-19,2026-08-19,2026-08-20,336,336,6
16099,12923,39,10,2026-08-15,2026-09-01,2026-08-21,49,49,1
16100,12924,21,10,2026-08-19,2026-08-19,2026-08-21,8,8,0
16101,12925,13,5,2026-08-18,2026-08-25,2026-08-27,105,105,0
16102,12926,20,5,2026-08-17,2026-08-17,2026-08-20,12,12,0
16103,12927,41,5,2026-08-28,2026-09-05,2026-09-02,52,52,3
16104,12928,11,5,2026-08-16,2026-08-25,2026-08-27,13,13,0
16105,12928,11,5,2026-08-17,2026-09-05,2026-08-27,25,25,1
16106,12929,36,5,2026-08-16,2026-08-24,2026-08-26,11,11,0
16107,12930,12,7,2026-08-23,2026-09-01,2026-09-02,4,4,0
16108,12931,6,7,2026-08-22,2026-09-02,2026-09-02,19,19,0
16109,12932,46,5,2026-08-25,2026-09-07,2026-09-10,54,54,1
16110,12933,1,4,2026-08-20,2026-08-25,2026-08-27,460,460,3
16111,12934,6,4,2026-08-22,2026-08-30,2026-09-02,876,876,5
16112,12935,19,4,2026-08-18,2026-08-19,2026-08-19,30,30,1
16113,12936,43,4,2026-08-22,2026-08-22,2026-08-24,71,71,3
16114,12936,43,4,2026-08-18,2026-08-22,2026-08-24,84,84,3
16115,12937,25,4,2026-08-20,2026-08-21,2026-08-22,23,23,1
16116,12937,25,4,2026-08-23,2026-08-23,2026-08-22,15,15,0
16117,12937,25,4,2026-08-18,2026-08-19,2026-08-22,19,19,0
16118,12938,36,4,2026-08-16,2026-08-25,2026-08-26,30,30,1
16119,12939,30,4,2026-08-15,2026-08-22,2026-08-25,1058,1058,3
16120,12940,22,1,2026-08-16,2026-08-19,2026-08-20,52,52,2
16121,12941,39,1,2026-08-21,2026-08-21,2026-08-21,31,31,0
16122,12942,21,1,2026-08-15,2026-08-18,2026-08-21,291,291,17
16123,12943,21,1,2026-08-16,2026-08-19,2026-08-21,80,80,2
16124,12944,21,1,2026-08-15,2026-08-28,2026-08-21,1,1,0
16125,12944,21,1,2026-08-20,2026-08-20,2026-08-21,2,2,0
16126,12945,50,1,2026-08-26,2026-09-02,2026-09-02,73,73,4
16127,12946,35,1,2026-08-22,2026-08-23,2026-08-26,84,84,1
16128,12947,20,8,2026-08-16,2026-08-20,2026-08-20,46,46,0
16129,12948,2,3,2026-08-22,2026-09-01,2026-09-02,18,18,0
16130,12949,50,3,2026-08-24,2026-09-01,2026-09-03,4,4,0
16131,12950,35,3,2026-08-21,2026-08-26,2026-08-27,114,114,2
16132,12951,5,3,2026-08-17,2026-08-21,2026-08-21,18,18,1
16133,12952,6,3,2026-08-28,2026-09-03,2026-09-03,492,492,0
16134,12953,25,3,2026-08-17,2026-08-22,2026-08-23,657,657,0
16135,12954,17,2,2026-08-19,2026-08-25,2026-08-27,202,202,14
16136,12955,14,2,2026-08-23,2026-08-27,2026-08-28,948,948,4
16137,12956,45,5,2026-08-29,2026-09-06,2026-09-09,13,13,0
16138,12957,11,5,2026-08-18,2026-08-27,2026-08-28,7,7,0
16139,12957,11,5,2026-08-21,2026-08-27,2026-08-28,18,18,0
16140,12958,14,9,2026-08-30,2026-08-30,2026-08-29,72,72,0
16141,12958,14,9,2026-08-23,2026-08-29,2026-08-29,81,81,0
16142,12959,10,9,2026-08-29,2026-09-11,2026-09-11,6,6,0
16143,12959,10,9,2026-08-27,2026-09-10,2026-09-11,4,4,0
16144,12960,39,1,2026-08-17,2026-08-21,2026-08-23,253,253,4
16145,12961,48,1,2026-08-30,2026-09-11,2026-09-12,120,120,4
16146,12962,40,1,2026-08-27,2026-09-05,2026-09-08,202,202,1
16147,12963,49,2,2026-08-18,2026-08-20,2026-08-21,59,59,3
16148,12963,49,2,2026-08-17,2026-08-18,2026-08-21,30,30,0
16149,12963,49,2,2026-08-18,2026-08-21,2026-08-21,56,56,0
16150,12964,17,2,2026-08-19,2026-09-01,2026-08-28,20,20,0
16151,12965,41,2,2026-08-26,2026-09-02,2026-09-04,29,29,3
16152,12966,44,6,2026-08-24,2026-09-06,2026-09-06,5,5,0
16153,12966,44,6,2026-08-30,2026-09-04,2026-09-06,5,5,0
16154,12967,11,5,2026-08-22,2026-09-02,2026-08-29,180,180,4
16155,12968,2,5,2026-08-26,2026-09-03,2026-09-03,945,945,18
16156,12969,20,5,2026-08-21,2026-08-21,2026-08-22,261,261,6
16157,12970,35,5,2026-08-21,2026-08-27,2026-08-28,11,11,0
16158,12971,41,5,2026-08-27,2026-09-02,2026-09-04,14,14,1
16159,12972,23,10,2026-08-19,2026-08-25,2026-08-28,14,14,1
16160,12973,41,1,2026-08-26,2026-09-03,2026-09-05,106,106,12
16161,12974,27,7,2026-08-22,2026-08-29,2026-08-30,20,20,0
16162,12974,27,7,2026-08-19,2026-08-27,2026-08-30,8,8,0
16163,12974,27,7,2026-08-24,2026-08-27,2026-08-30,19,19,1
16164,12975,33,1,2026-08-30,2026-09-12,2026-09-12,23,23,0
16165,12976,29,1,2026-08-24,2026-09-07,2026-09-10,72,72,1
16166,12977,4,9,2026-08-25,2026-09-08,2026-09-08,2,2,0
16167,12977,4,9,2026-08-28,2026-09-06,2026-09-08,2,2,0
16168,12977,4,9,2026-08-29,2026-09-06,2026-09-08,2,2,0
16169,12978,43,10,2026-08-21,2026-09-04,2026-08-27,457,457,22
16170,12979,35,10,2026-08-20,2026-08-28,2026-08-29,65,65,0
16171,12980,23,4,2026-08-22,2026-08-26,2026-08-28,15,15,1
16172,12981,15,4,2026-08-18,2026-08-24,2026-08-24,364,364,6
16173,12982,4,9,2026-08-22,2026-09-06,2026-09-08,121,121,2
16174,12983,42,9,2026-08-20,2026-08-29,2026-08-31,8,8,0
16175,12984,6,9,2026-08-26,2026-09-04,2026-09-05,26,26,0
16176,12984,6,9,2026-08-24,2026-09-02,2026-09-05,38,38,0
16177,12985,30,9,2026-08-23,2026-08-25,2026-08-28,338,338,1
16178,12985,30,9,2026-08-20,2026-08-27,2026-08-28,322,322,3
16179,12986,17,9,2026-08-24,2026-08-26,2026-08-29,24,24,1
16180,12987,45,10,2026-08-24,2026-09-09,2026-09-11,47,47,0
16181,12988,12,10,2026-08-30,2026-09-05,2026-09-05,34,34,0
16182,12988,12,10,2026-08-25,2026-09-05,2026-09-05,31,31,0
16183,12989,35,1,2026-08-19,2026-08-28,2026-08-30,23,23,0
16184,12990,1,1,2026-08-29,2026-08-29,2026-08-31,192,192,5
16185,12990,1,1,2026-08-28,2026-08-30,2026-08-31,273,273,0
16186,12991,35,2,2026-08-24,2026-08-28,2026-08-30,183,183,4
16187,12991,35,2,2026-08-23,2026-08-28,2026-08-30,178,178,3
16188,12991,35,2,2026-08-25,2026-08-27,2026-08-30,220,220,3
16189,12992,42,2,2026-08-26,2026-09-01,2026-09-01,5,5,0
16190,12992,42,2,2026-08-19,2026-08-30,2026-09-01,4,4,0
16191,12993,35,2,2026-08-23,2026-08-29,2026-08-30,52,52,0
16192,12994,11,3,2026-08-28,2026-08-28,2026-08-31,5,5,0
16193,12995,36,3,2026-08-22,2026-08-28,2026-08-30,9,9,0
16194,12996,47,3,2026-08-29,2026-09-06,2026-09-09,1055,1055,10
16195,12997,5,3,2026-08-24,2026-09-04,2026-08-24,4,4,0
16196,12997,5,3,2026-08-19,2026-08-24,2026-08-24,7,7,1
16197,12998,39,1,2026-08-19,2026-08-24,2026-08-25,9,9,0
16198,12999,2,10,2026-08-27,2026-09-03,2026-09-05,1206,1206,6
16199,13000,2,6,2026-08-26,2026-09-03,2026-09-05,238,238,1
16200,13001,18,6,2026-08-19,2026-08-21,2026-08-24,53,53,1
16201,13002,18,6,2026-08-19,2026-08-24,2026-08-24,558,558,30
16202,13003,29,6,2026-09-03,2026-09-11,2026-09-11,18,18,0
16203,13004,16,6,2026-08-19,2026-08-23,2026-08-25,13,13,0
16204,13005,8,6,2026-08-22,2026-08-31,2026-08-28,441,441,3
16205,13006,7,1,2026-09-07,2026-09-20,2026-09-22,219,219,4
16206,13007,19,1,2026-08-23,2026-08-29,2026-08-23,12,12,0
16207,13008,22,1,2026-08-21,2026-08-22,2026-08-24,1169,1169,6
16208,13009,20,1,2026-08-20,2026-08-22,2026-08-24,117,117,2
16209,13010,47,4,2026-08-26,2026-09-06,2026-09-09,50,50,1
16210,13011,32,4,2026-08-19,2026-08-24,2026-08-24,750,750,5
16211,13012,43,4,2026-08-26,2026-08-26,2026-08-28,49,49,2
16212,13013,30,5,2026-08-23,2026-08-29,2026-08-29,949,949,12
16213,13014,21,5,2026-08-19,2026-08-22,2026-08-25,427,427,17
16214,13015,21,5,2026-08-22,2026-08-26,2026-08-25,13,13,0
16215,13016,48,5,2026-08-30,2026-09-14,2026-09-14,114,114,7
16216,13017,1,5,2026-08-25,2026-08-31,2026-08-31,138,138,1
16217,13018,19,8,2026-08-25,2026-08-25,2026-08-24,35,35,1
16218,13019,18,8,2026-08-20,2026-08-23,2026-08-25,1071,1071,42
16219,13020,15,8,2026-08-23,2026-08-24,2026-08-26,836,836,53
16220,13021,35,9,2026-08-20,2026-08-28,2026-08-31,570,570,3
16221,13021,35,9,2026-08-21,2026-08-31,2026-08-31,700,700,1
16222,13022,15,9,2026-08-26,2026-08-26,2026-08-26,50,50,2
16223,13023,8,9,2026-08-22,2026-08-28,2026-08-29,199,199,6
16224,13024,19,9,2026-08-21,2026-08-23,2026-08-24,6,6,0
16225,13024,19,9,2026-08-20,2026-08-22,2026-08-24,11,11,1
16226,13025,6,9,2026-08-21,2026-09-05,2026-09-07,668,668,3
16227,13026,14,9,2026-08-24,2026-08-30,2026-09-01,445,445,1
16228,13026,14,9,2026-08-22,2026-08-30,2026-09-01,875,875,6
16229,13027,9,10,2026-08-31,2026-09-06,2026-09-08,355,355,2
16230,13028,48,10,2026-09-03,2026-09-22,2026-09-15,10,10,1
16231,13028,48,10,2026-08-29,2026-09-13,2026-09-15,22,22,1
16232,13029,35,10,2026-08-27,2026-08-28,2026-08-31,22,22,0
16233,13030,5,10,2026-08-26,2026-08-26,2026-08-25,189,189,11
16234,13031,21,10,2026-08-24,2026-08-26,2026-08-26,22,22,0
16235,13032,35,5,2026-08-25,2026-08-30,2026-08-31,16,16,0
16236,13033,3,5,2026-09-07,2026-09-21,2026-09-23,181,181,6
16237,13033,3,5,2026-08-30,2026-09-22,2026-09-23,83,83,5
16238,13033,3,5,2026-09-06,2026-10-03,2026-09-23,51,51,2
16239,13034,16,5,2026-08-20,2026-08-23,2026-08-26,125,125,2
16240,13035,43,5,2026-08-23,2026-08-26,2026-08-29,29,29,1
16241,13035,43,5,2026-08-21,2026-09-10,2026-08-29,23,23,1
16242,13036,48,6,2026-09-04,2026-09-19,2026-09-15,23,23,0
16243,13036,48,6,2026-09-02,2026-09-13,2026-09-15,14,14,0
16244,13036,48,6,2026-08-28,2026-09-15,2026-09-15,25,25,0
16245,13037,26,6,2026-08-22,2026-08-31,2026-09-01,313,313,16
16246,13038,47,6,2026-09-02,2026-09-09,2026-09-10,6,6,0
16247,13039,37,6,2026-09-05,2026-09-17,2026-09-19,34,34,1
16248,13040,22,5,2026-08-22,2026-08-22,2026-08-25,39,39,0
16249,13041,46,5,2026-08-28,2026-09-12,2026-09-15,5,5,0
16250,13042,47,3,2026-09-02,2026-09-10,2026-09-10,293,293,1
16251,13043,43,3,2026-08-26,2026-08-27,2026-08-29,150,150,7
16252,13044,42,3,2026-08-27,2026-09-01,2026-09-02,5,5,0
16253,13045,40,1,2026-08-26,2026-09-09,2026-09-11,56,56,0
16254,13045,40,1,2026-08-23,2026-09-11,2026-09-11,61,61,0
16255,13046,12,1,2026-08-27,2026-09-07,2026-09-07,458,458,2
16256,13046,12,1,2026-09-01,2026-09-04,2026-09-07,444,444,10
16257,13047,19,6,2026-08-24,2026-08-24,2026-08-24,187,187,5
16258,13048,13,6,2026-08-31,2026-08-31,2026-09-01,51,51,0
16259,13049,2,6,2026-08-23,2026-09-05,2026-09-06,128,128,3
16260,13050,1,10,2026-08-22,2026-08-30,2026-09-01,13,13,0
16261,13051,36,6,2026-08-24,2026-08-28,2026-08-31,41,41,3
16262,13052,2,6,2026-09-01,2026-09-04,2026-09-06,142,142,3
16263,13052,2,6,2026-08-28,2026-09-04,2026-09-06,93,93,2
16264,13053,41,6,2026-08-31,2026-09-06,2026-09-07,13,13,1
16265,13054,50,6,2026-08-27,2026-09-05,2026-09-07,161,161,5
16266,13055,25,1,2026-08-25,2026-09-07,2026-08-27,216,216,3
16267,13056,37,1,2026-09-07,2026-09-18,2026-09-19,7,7,0
16268,13057,20,10,2026-08-23,2026-08-24,2026-08-25,59,59,2
16269,13058,39,10,2026-08-27,2026-09-03,2026-08-26,1298,1298,26
16270,13059,43,10,2026-08-23,2026-08-26,2026-08-29,552,552,21
16271,13060,21,1,2026-08-25,2026-08-27,2026-08-27,2,2,0
16272,13060,21,1,2026-08-21,2026-08-24,2026-08-27,3,3,0
16273,13061,35,1,2026-08-26,2026-08-31,2026-09-01,753,753,7
16274,13062,8,3,2026-08-22,2026-08-30,2026-08-30,1163,1163,18
16275,13063,1,3,2026-08-24,2026-09-02,2026-09-02,9,9,0
16276,13063,1,3,2026-08-25,2026-09-10,2026-09-02,17,17,0
16277,13064,35,8,2026-08-26,2026-09-01,2026-09-01,48,48,1
16278,13065,28,8,2026-08-28,2026-09-15,2026-09-08,86,86,1
16279,13066,5,4,2026-08-23,2026-08-23,2026-08-26,57,57,1
16280,13067,34,1,2026-09-11,2026-09-23,2026-09-24,400,400,16
16281,13068,44,1,2026-08-31,2026-09-09,2026-09-10,75,75,1
16282,13068,44,1,2026-08-28,2026-09-07,2026-09-10,149,149,3
16283,13069,27,1,2026-08-25,2026-08-30,2026-09-02,214,214,5
16284,13070,25,6,2026-08-22,2026-08-25,2026-08-28,37,37,1
16285,13071,16,6,2026-08-22,2026-08-26,2026-08-27,43,43,0
16286,13072,44,6,2026-08-24,2026-09-09,2026-09-10,21,21,0
16287,13073,17,8,2026-08-27,2026-08-30,2026-09-01,7,7,0
16288,13074,21,8,2026-08-22,2026-08-25,2026-08-27,6,6,0
16289,13075,38,8,2026-08-21,2026-08-23,2026-08-25,20,20,1
16290,13076,12,8,2026-08-29,2026-09-05,2026-09-08,33,33,1
16291,13077,43,8,2026-08-26,2026-09-06,2026-08-30,15,15,1
16292,13077,43,8,2026-08-23,2026-08-30,2026-08-30,13,13,0
16293,13078,43,6,2026-08-29,2026-08-30,2026-08-30,8,8,0
16294,13078,43,6,2026-08-27,2026-09-02,2026-08-30,3,3,0
16295,13078,43,6,2026-08-22,2026-09-03,2026-08-30,7,7,0
16296,13079,10,2,2026-08-26,2026-09-26,2026-09-15,17,17,1
16297,13079,10,2,2026-08-28,2026-09-12,2026-09-15,6,6,0
16298,13079,10,2,2026-08-31,2026-09-15,2026-09-15,7,7,0
16299,13080,43,2,2026-08-21,2026-08-30,2026-08-30,70,70,2
16300,13081,50,2,2026-08-30,2026-09-20,2026-09-08,36,36,1
16301,13082,1,8,2026-08-29,2026-09-02,2026-09-02,139,139,3
16302,13082,1,8,2026-08-28,2026-09-01,2026-09-02,214,214,5
16303,13083,48,6,2026-08-30,2026-09-14,2026-09-16,186,186,3
16304,13084,12,6,2026-09-03,2026-09-08,2026-09-08,515,515,15
16305,13085,5,8,2026-08-26,2026-08-27,2026-08-27,7,7,0
16306,13086,12,8,2026-08-29,2026-09-06,2026-09-09,6,6,0
16307,13087,1,8,2026-08-29,2026-09-02,2026-09-03,7,7,0
16308,13087,1,8,2026-08-26,2026-09-01,2026-09-03,6,6,0
16309,13088,11,8,2026-08-29,2026-09-11,2026-09-03,21,21,0
16310,13089,4,2,2026-08-31,2026-09-09,2026-09-12,351,351,12
16311,13090,26,2,2026-08-27,2026-09-03,2026-09-03,12,12,0
16312,13091,50,2,2026-08-24,2026-09-07,2026-09-09,192,192,8
16313,13092,17,2,2026-08-27,2026-09-02,2026-09-02,154,154,11
16314,13093,36,2,2026-08-25,2026-08-31,2026-09-02,46,46,2
16315,13094,47,1,2026-08-30,2026-09-17,2026-09-12,336,336,6
16316,13095,10,1,2026-09-02,2026-09-13,2026-09-16,21,21,0
16317,13095,10,1,2026-09-09,2026-09-14,2026-09-16,20,20,1
16318,13096,34,1,2026-09-07,2026-09-22,2026-09-25,143,143,2
16319,13097,8,1,2026-08-28,2026-09-01,2026-08-31,7,7,0
16320,13098,26,10,2026-08-26,2026-09-01,2026-09-03,19,19,0
16321,13099,2,7,2026-08-31,2026-09-05,2026-09-08,333,333,7
16322,13099,2,7,2026-09-02,2026-09-05,2026-09-08,144,144,2
16323,13099,2,7,2026-09-04,2026-09-07,2026-09-08,169,169,3
16324,13100,18,5,2026-08-24,2026-08-26,2026-08-27,415,415,10
16325,13101,40,5,2026-09-04,2026-09-13,2026-09-13,51,51,0
16326,13102,37,5,2026-09-07,2026-10-01,2026-09-21,11,11,0
16327,13103,30,5,2026-08-22,2026-08-31,2026-09-01,215,215,2
16328,13104,36,3,2026-08-23,2026-09-01,2026-09-02,61,61,4
16329,13105,7,3,2026-09-05,2026-09-25,2026-09-25,128,128,0
16330,13106,1,6,2026-09-02,2026-09-02,2026-09-03,33,33,0
16331,13106,1,6,2026-08-28,2026-09-01,2026-09-03,78,78,1
16332,13107,20,6,2026-08-22,2026-08-27,2026-08-27,182,182,4
16333,13108,10,6,2026-09-02,2026-09-13,2026-09-16,499,499,21
16334,13109,17,4,2026-08-22,2026-09-03,2026-09-02,68,68,9
16335,13110,37,4,2026-09-03,2026-09-19,2026-09-21,14,14,0
16336,13111,39,8,2026-08-23,2026-08-25,2026-08-28,103,103,2
16337,13112,19,8,2026-08-22,2026-08-25,2026-08-26,202,202,9
16338,13113,2,8,2026-08-28,2026-09-08,2026-09-08,79,79,1
16339,13114,4,8,2026-08-31,2026-09-12,2026-09-12,81,81,4
16340,13114,4,8,2026-09-03,2026-09-10,2026-09-12,37,37,1
16341,13114,4,8,2026-09-03,2026-09-12,2026-09-12,58,58,1
16342,13115,3,3,2026-09-07,2026-09-23,2026-09-25,8,8,0
16343,13115,3,3,2026-09-04,2026-09-22,2026-09-25,11,11,0
16344,13116,9,3,2026-08-31,2026-09-09,2026-09-10,41,41,0
16345,13117,12,3,2026-08-23,2026-09-10,2026-09-10,13,13,0
16346,13118,35,3,2026-08-26,2026-08-31,2026-09-03,63,63,0
16347,13119,16,3,2026-08-24,2026-08-28,2026-08-29,132,132,1
16348,13120,22,1,2026-08-27,2026-08-27,2026-08-28,38,38,1
16349,13121,45,1,2026-09-02,2026-09-13,2026-09-16,1066,1066,5
16350,13122,7,1,2026-09-07,2026-09-24,2026-09-26,5,5,0
16351,13122,7,1,2026-09-08,2026-09-23,2026-09-26,12,12,0
16352,13123,43,1,2026-08-24,2026-08-30,2026-09-01,29,29,1
16353,13124,11,1,2026-08-26,2026-09-04,2026-09-04,119,119,4
16354,13125,6,9,2026-08-29,2026-09-10,2026-09-10,14,14,0
16355,13126,43,1,2026-08-30,2026-09-05,2026-09-01,41,41,2
16356,13127,36,6,2026-09-02,2026-09-02,2026-09-03,74,74,1
16357,13128,21,7,2026-08-27,2026-08-30,2026-08-30,492,492,10
16358,13128,21,7,2026-08-24,2026-08-29,2026-08-30,446,446,2
16359,13129,44,7,2026-08-29,2026-09-11,2026-09-13,599,599,7
16360,13130,21,8,2026-08-28,2026-08-28,2026-08-30,467,467,13
16361,13131,30,8,2026-08-26,2026-09-02,2026-09-03,160,160,1
16362,13132,7,2,2026-09-14,2026-09-27,2026-09-28,25,25,0
16363,13133,2,2,2026-09-01,2026-09-10,2026-09-11,10,10,0
16364,13134,23,2,2026-08-26,2026-09-04,2026-09-04,14,14,1
16365,13135,20,4,2026-08-27,2026-08-27,2026-08-30,780,780,27
16366,13136,4,4,2026-08-30,2026-09-13,2026-09-15,161,161,2
16367,13136,4,4,2026-08-30,2026-09-12,2026-09-15,112,112,1
16368,13137,10,8,2026-09-04,2026-09-19,2026-09-19,193,193,1
16369,13138,5,8,2026-08-27,2026-08-27,2026-08-30,83,83,5
16370,13139,14,6,2026-08-29,2026-09-04,2026-09-06,559,559,1
16371,13139,14,6,2026-08-30,2026-09-03,2026-09-06,680,680,1
16372,13140,25,6,2026-08-28,2026-08-31,2026-09-01,335,335,1
16373,13140,25,6,2026-08-27,2026-09-11,2026-09-01,233,233,6
16374,13141,16,6,2026-08-25,2026-09-05,2026-08-31,8,8,0
16375,13142,41,6,2026-09-04,2026-09-10,2026-09-12,357,357,0
16376,13143,12,6,2026-09-08,2026-09-12,2026-09-12,53,53,1
16377,13143,12,6,2026-09-03,2026-09-12,2026-09-12,38,38,0
16378,13144,18,6,2026-08-28,2026-08-28,2026-08-30,5,5,0
16379,13145,19,6,2026-08-25,2026-08-26,2026-08-29,243,243,4
16380,13146,50,2,2026-08-27,2026-09-12,2026-09-12,149,149,7
16381,13147,18,1,2026-08-25,2026-09-04,2026-08-30,187,187,6
16382,13148,11,1,2026-08-31,2026-09-06,2026-09-06,18,18,0
16383,13149,41,5,2026-08-28,2026-09-11,2026-09-12,623,623,45
16384,13150,19,5,2026-08-25,2026-09-06,2026-08-29,470,470,4
16385,13151,30,5,2026-08-29,2026-09-01,2026-09-04,5,5,0
16386,13151,30,5,2026-08-27,2026-09-04,2026-09-04,2,2,0
16387,13151,30,5,2026-08-31,2026-09-02,2026-09-04,3,3,0
16388,13152,13,3,2026-09-04,2026-09-04,2026-09-06,126,126,3
16389,13153,13,3,2026-08-29,2026-09-05,2026-09-06,42,42,1
16390,13153,13,3,2026-09-02,2026-09-04,2026-09-06,41,41,1
16391,13154,15,3,2026-08-31,2026-08-31,2026-08-31,13,13,0
16392,13155,38,1,2026-08-26,2026-08-30,2026-08-30,95,95,1
16393,13155,38,1,2026-08-28,2026-08-30,2026-08-30,134,134,5
16394,13156,35,8,2026-09-01,2026-09-06,2026-09-06,287,287,4
16395,13157,38,8,2026-08-26,2026-08-27,2026-08-30,87,87,3
16396,13158,7,8,2026-09-15,2026-09-28,2026-09-29,65,65,1
16397,13159,36,8,2026-08-26,2026-09-10,2026-09-06,10,10,0
16398,13160,19,1,2026-08-26,2026-08-29,2026-08-30,6,6,0
16399,13160,19,1,2026-08-29,2026-09-11,2026-08-30,5,5,0
16400,13161,25,1,2026-08-28,2026-09-02,2026-09-02,303,303,7
16401,13162,39,6,2026-08-29,2026-08-29,2026-09-01,346,346,9
16402,13163,12,6,2026-09-01,2026-09-14,2026-09-13,438,438,10
16403,13164,8,5,2026-08-30,2026-09-01,2026-09-04,263,263,2
16404,13165,1,4,2026-08-28,2026-09-04,2026-09-07,334,334,7
16405,13166,43,4,2026-08-26,2026-09-03,2026-09-04,10,10,0
16406,13167,40,4,2026-09-06,2026-09-15,2026-09-17,10,10,0
16407,13168,37,4,2026-09-09,2026-10-03,2026-09-25,18,18,0
16408,13169,19,4,2026-08-26,2026-08-28,2026-08-30,158,158,9
16409,13170,42,4,2026-08-27,2026-09-07,2026-09-08,85,85,1
16410,13171,36,4,2026-09-01,2026-09-08,2026-09-06,67,67,0
16411,13172,39,4,2026-08-30,2026-08-30,2026-09-01,82,82,2
16412,13173,40,4,2026-09-04,2026-09-15,2026-09-17,310,310,5
16413,13174,43,4,2026-09-02,2026-09-02,2026-09-04,13,13,0
16414,13175,17,4,2026-08-31,2026-09-05,2026-09-06,537,537,47
16415,13176,41,7,2026-09-05,2026-09-11,2026-09-14,106,106,4
16416,13177,18,10,2026-08-28,2026-09-01,2026-09-01,9,9,0
16417,13178,39,10,2026-08-31,2026-09-02,2026-09-02,32,32,1
16418,13179,39,10,2026-09-01,2026-09-01,2026-09-02,912,912,21
16419,13180,8,10,2026-08-29,2026-09-04,2026-09-05,26,26,1
16420,13181,16,10,2026-08-30,2026-09-02,2026-09-02,667,667,6
16421,13182,30,10,2026-08-29,2026-09-05,2026-09-06,9,9,0
16422,13183,3,10,2026-09-12,2026-09-30,2026-09-30,455,455,0
16423,13184,9,9,2026-08-30,2026-09-14,2026-09-15,19,19,1
16424,13185,22,9,2026-08-28,2026-08-29,2026-09-01,397,397,10
16425,13186,8,9,2026-08-30,2026-09-05,2026-09-05,445,445,8
16426,13187,15,7,2026-08-30,2026-09-01,2026-09-02,10,10,1
16427,13188,40,7,2026-09-03,2026-09-18,2026-09-18,248,248,1
16428,13189,35,7,2026-09-01,2026-09-06,2026-09-07,5,5,0
16429,13189,35,7,2026-08-28,2026-09-05,2026-09-07,6,6,0
16430,13190,39,7,2026-08-27,2026-08-30,2026-09-02,6,6,0
16431,13191,21,7,2026-08-30,2026-08-31,2026-09-02,214,214,9
16432,13192,16,7,2026-08-29,2026-09-02,2026-09-02,17,17,0
16433,13193,17,7,2026-08-28,2026-09-05,2026-09-07,48,48,4
16434,13194,7,7,2026-09-17,2026-09-29,2026-09-30,13,13,0
16435,13195,17,8,2026-08-29,2026-09-07,2026-09-07,28,28,6
16436,13195,17,8,2026-08-31,2026-09-15,2026-09-07,28,28,5
16437,13195,17,8,2026-09-02,2026-09-10,2026-09-07,23,23,0
16438,13196,8,8,2026-08-30,2026-09-02,2026-09-05,4,4,0
16439,13197,2,8,2026-09-01,2026-09-19,2026-09-13,227,227,1
16440,13198,33,1,2026-09-12,2026-09-20,2026-09-21,71,71,0
16441,13198,33,1,2026-09-05,2026-09-19,2026-09-21,157,157,1
16442,13199,36,1,2026-08-30,2026-09-05,2026-09-07,52,52,1
16443,13200,36,1,2026-09-03,2026-09-18,2026-09-07,58,58,4
16444,13200,36,1,2026-08-28,2026-09-05,2026-09-07,43,43,2
16445,13201,9,1,2026-08-31,2026-09-15,2026-09-15,94,94,1
16446,13201,9,1,2026-09-06,2026-09-12,2026-09-15,135,135,4
16447,13202,20,3,2026-08-27,2026-09-01,2026-09-01,486,486,20
16448,13203,5,3,2026-09-02,2026-09-02,2026-09-01,52,52,3
16449,13203,5,3,2026-08-29,2026-09-01,2026-09-01,40,40,2
16450,13204,12,9,2026-09-01,2026-09-11,2026-09-14,165,165,3
16451,13205,19,9,2026-08-31,2026-08-31,2026-08-31,35,35,1
16452,13206,19,9,2026-08-30,2026-08-30,2026-08-31,56,56,3
16453,13207,43,9,2026-08-31,2026-09-04,2026-09-05,4,4,0
16454,13208,8,3,2026-08-29,2026-09-04,2026-09-05,742,742,0
16455,13209,30,3,2026-09-02,2026-09-03,2026-09-06,252,252,0
16456,13210,43,3,2026-08-28,2026-09-04,2026-09-05,22,22,1
16457,13211,35,1,2026-08-30,2026-09-05,2026-09-08,18,18,0
16458,13212,40,1,2026-09-07,2026-09-17,2026-09-19,924,924,7
16459,13213,37,1,2026-09-14,2026-09-25,2026-09-27,50,50,0
16460,13214,24,1,2026-09-06,2026-09-16,2026-09-18,66,66,2
16461,13214,24,1,2026-09-07,2026-09-18,2026-09-18,57,57,1
16462,13215,46,6,2026-09-15,2026-09-23,2026-09-23,5,5,0
16463,13216,10,6,2026-09-04,2026-09-19,2026-09-22,494,494,4
16464,13216,10,6,2026-09-08,2026-09-20,2026-09-22,430,430,11
16465,13217,32,6,2026-08-31,2026-09-01,2026-09-02,879,879,3
16466,13218,5,6,2026-08-31,2026-08-31,2026-09-02,94,94,7
16467,13219,37,6,2026-09-12,2026-09-25,2026-09-27,137,137,2
16468,13219,37,6,2026-09-11,2026-09-27,2026-09-27,100,100,2
16469,13220,8,5,2026-09-02,2026-09-05,2026-09-06,4,4,0
16470,13220,8,5,2026-09-01,2026-09-03,2026-09-06,9,9,0
16471,13221,41,7,2026-09-07,2026-09-24,2026-09-15,143,143,7
16472,13222,38,7,2026-08-28,2026-08-31,2026-09-01,60,60,2
16473,13223,30,7,2026-09-01,2026-09-06,2026-09-07,8,8,0
16474,13224,40,7,2026-09-11,2026-09-17,2026-09-19,28,28,0
16475,13225,36,7,2026-09-03,2026-09-08,2026-09-08,433,433,0
16476,13226,18,6,2026-09-03,2026-09-03,2026-09-02,113,113,4
16477,13227,7,7,2026-09-15,2026-09-29,2026-10-01,865,865,16
16478,13228,30,3,2026-08-28,2026-09-07,2026-09-07,37,37,0
16479,13229,6,3,2026-09-05,2026-09-15,2026-09-15,6,6,0
16480,13230,50,9,2026-09-01,2026-09-17,2026-09-15,495,495,5
16481,13231,37,9,2026-09-12,2026-09-25,2026-09-27,52,52,1
16482,13231,37,9,2026-09-11,2026-09-24,2026-09-27,52,52,2
16483,13232,20,9,2026-08-28,2026-09-01,2026-09-02,21,21,0
16484,13233,30,6,2026-09-07,2026-09-07,2026-09-07,12,12,0
16485,13234,25,5,2026-09-03,2026-09-03,2026-09-04,32,32,0
16486,13235,35,2,2026-09-05,2026-09-05,2026-09-08,51,51,0
16487,13235,35,2,2026-09-06,2026-09-07,2026-09-08,47,47,0
16488,13236,8,2,2026-09-02,2026-09-06,2026-09-06,74,74,0
16489,13237,8,2,2026-08-31,2026-09-03,2026-09-06,310,310,2
16490,13238,30,2,2026-08-31,2026-09-06,2026-09-07,47,47,0
16491,13239,42,7,2026-09-05,2026-09-09,2026-09-11,171,171,4
16492,13239,42,7,2026-09-02,2026-09-11,2026-09-11,53,53,3
16493,13239,42,7,2026-08-31,2026-09-11,2026-09-11,73,73,3
16494,13240,47,7,2026-09-08,2026-09-24,2026-09-19,13,13,1
16495,13240,47,7,2026-09-07,2026-09-19,2026-09-19,9,9,0
16496,13241,16,7,2026-09-03,2026-09-03,2026-09-04,636,636,6
16497,13242,25,7,2026-09-03,2026-09-03,2026-09-05,136,136,3
16498,13243,48,7,2026-09-10,2026-09-23,2026-09-24,6,6,0
16499,13244,49,3,2026-08-29,2026-08-30,2026-09-02,786,786,27
16500,13245,8,3,2026-09-01,2026-09-04,2026-09-07,42,42,0
16501,13246,20,3,2026-09-03,2026-09-03,2026-09-03,535,535,10
16502,13247,2,3,2026-09-05,2026-09-13,2026-09-15,4,4,0
16503,13247,2,3,2026-09-06,2026-09-15,2026-09-15,2,2,0
16504,13247,2,3,2026-09-10,2026-09-22,2026-09-15,3,3,0
16505,13248,19,3,2026-08-29,2026-08-31,2026-09-02,679,679,40
16506,13249,33,7,2026-09-11,2026-09-21,2026-09-23,67,67,2
16507,13250,4,2,2026-09-07,2026-09-16,2026-09-19,247,247,5
16508,13251,44,2,2026-09-06,2026-09-18,2026-09-18,593,593,1
16509,13252,5,2,2026-08-30,2026-09-10,2026-09-03,21,21,1
16510,13253,30,2,2026-09-03,2026-09-14,2026-09-08,30,30,0
16511,13253,30,2,2026-09-02,2026-09-08,2026-09-08,52,52,1
16512,13254,29,4,2026-09-09,2026-09-19,2026-09-21,647,647,12
16513,13255,19,4,2026-08-29,2026-08-31,2026-09-02,9,9,1
16514,13256,6,4,2026-09-08,2026-09-16,2026-09-16,12,12,0
16515,13257,11,2,2026-09-04,2026-09-07,2026-09-10,830,830,23
16516,13258,17,2,2026-09-03,2026-09-08,2026-09-09,43,43,4
16517,13259,6,2,2026-09-04,2026-09-13,2026-09-16,136,136,0
16518,13260,19,7,2026-08-31,2026-09-01,2026-09-02,19,19,1
16519,13260,19,7,2026-08-29,2026-09-02,2026-09-02,17,17,0
16520,13261,36,7,2026-09-06,2026-09-06,2026-09-09,327,327,19
16521,13262,37,7,2026-09-13,2026-09-28,2026-09-28,239,239,6
16522,13263,4,7,2026-09-09,2026-09-16,2026-09-19,92,92,3
16523,13264,16,7,2026-09-02,2026-09-02,2026-09-04,65,65,1
16524,13265,6,7,2026-09-06,2026-09-13,2026-09-16,14,14,0
16525,13266,19,7,2026-08-29,2026-09-04,2026-09-02,104,104,5
16526,13267,36,9,2026-09-04,2026-09-07,2026-09-09,16,16,0
16527,13268,8,9,2026-08-30,2026-09-04,2026-09-07,736,736,15
16528,13269,10,9,2026-09-09,2026-09-20,2026-09-23,5,5,0
16529,13270,49,7,2026-09-04,2026-09-04,2026-09-02,429,429,24
16530,13271,23,7,2026-08-29,2026-09-06,2026-09-08,4,4,0
16531,13271,23,7,2026-09-05,2026-09-05,2026-09-08,4,4,0
16532,13272,45,7,2026-09-04,2026-09-19,2026-09-22,72,72,0
16533,13272,45,7,2026-09-13,2026-09-21,2026-09-22,71,71,0
16534,13272,45,7,2026-09-12,2026-09-21,2026-09-22,82,82,0
16535,13273,19,3,2026-09-04,2026-09-04,2026-09-02,874,874,61
16536,13274,37,6,2026-09-09,2026-09-25,2026-09-28,48,48,1
16537,13275,45,6,2026-09-11,2026-09-21,2026-09-22,6,6,0
16538,13275,45,6,2026-09-06,2026-09-21,2026-09-22,11,11,0
16539,13276,5,6,2026-08-29,2026-09-03,2026-09-03,340,340,27
16540,13277,16,6,2026-09-05,2026-09-05,2026-09-04,580,580,3
16541,13278,43,4,2026-08-31,2026-09-06,2026-09-07,17,17,1
16542,13279,2,1,2026-09-03,2026-09-14,2026-09-15,51,51,1
16543,13280,17,6,2026-09-01,2026-09-09,2026-09-09,22,22,2
16544,13281,21,6,2026-08-30,2026-09-01,2026-09-04,695,695,14
16545,13282,17,6,2026-09-06,2026-09-07,2026-09-09,87,87,6
16546,13283,43,6,2026-08-29,2026-09-06,2026-09-07,39,39,2
16547,13283,43,6,2026-09-08,2026-09-08,2026-09-07,35,35,2
16548,13284,43,2,2026-09-01,2026-09-04,2026-09-07,3,3,0
16549,13284,43,2,2026-08-29,2026-09-14,2026-09-07,3,3,0
16550,13285,39,2,2026-09-01,2026-09-04,2026-09-04,352,352,2
16551,13285,39,2,2026-09-01,2026-09-03,2026-09-04,155,155,3
16552,13285,39,2,2026-08-29,2026-09-03,2026-09-04,173,173,2
16553,13286,35,9,2026-08-30,2026-09-07,2026-09-09,58,58,1
16554,13287,47,9,2026-09-06,2026-09-17,2026-09-19,34,34,1
16555,13288,10,9,2026-09-18,2026-09-21,2026-09-24,25,25,0
16556,13289,2,9,2026-09-07,2026-09-13,2026-09-16,202,202,6
16557,13290,36,9,2026-09-06,2026-09-12,2026-09-10,7,7,0
16558,13291,8,1,2026-09-01,2026-09-07,2026-09-09,24,24,0
16559,13291,8,1,2026-09-06,2026-09-09,2026-09-09,18,18,0
16560,13292,39,3,2026-09-04,2026-09-04,2026-09-06,296,296,3
16561,13293,4,3,2026-09-06,2026-09-20,2026-09-21,88,88,2
16562,13294,38,3,2026-09-01,2026-09-01,2026-09-04,512,512,11
16563,13295,16,5,2026-09-08,2026-09-08,2026-09-07,31,31,0
16564,13296,41,4,2026-09-08,2026-09-30,2026-09-19,159,159,9
16565,13297,17,4,2026-09-06,2026-09-10,2026-09-12,683,683,32
16566,13298,46,4,2026-09-08,2026-09-25,2026-09-27,6,6,0
16567,13299,41,9,2026-09-04,2026-09-22,2026-09-19,6,6,0
16568,13300,2,9,2026-09-08,2026-09-17,2026-09-18,26,26,0
16569,13301,24,10,2026-09-11,2026-09-19,2026-09-22,5,5,0
16570,13301,24,10,2026-09-16,2026-09-22,2026-09-22,8,8,0
16571,13302,30,10,2026-09-06,2026-09-10,2026-09-11,31,31,0
16572,13302,30,10,2026-09-03,2026-09-09,2026-09-11,66,66,0
16573,13303,6,10,2026-09-09,2026-09-19,2026-09-19,16,16,0
16574,13304,8,2,2026-09-13,2026-09-13,2026-09-10,39,39,1
16575,13305,17,2,2026-09-05,2026-09-10,2026-09-12,14,14,2
16576,13306,20,2,2026-09-02,2026-09-05,2026-09-06,49,49,1
16577,13307,28,2,2026-09-09,2026-09-17,2026-09-19,11,11,0
16578,13308,21,2,2026-09-03,2026-09-07,2026-09-07,765,765,4
16579,13309,12,5,2026-09-09,2026-09-16,2026-09-19,63,63,1
16580,13310,13,5,2026-09-04,2026-09-13,2026-09-13,13,13,0
16581,13310,13,5,2026-09-04,2026-09-13,2026-09-13,18,18,0
16582,13311,8,5,2026-09-07,2026-09-08,2026-09-10,139,139,1
16583,13311,8,5,2026-09-10,2026-09-10,2026-09-10,306,306,11
16584,13312,1,5,2026-09-12,2026-09-13,2026-09-13,1098,1098,18
16585,13313,27,5,2026-09-11,2026-09-12,2026-09-13,14,14,0
16586,13314,39,10,2026-09-09,2026-09-09,2026-09-08,49,49,1
16587,13315,47,10,2026-09-09,2026-09-21,2026-09-23,43,43,2
16588,13316,18,10,2026-09-02,2026-09-06,2026-09-07,942,942,19
16589,13317,1,10,2026-09-02,2026-09-12,2026-09-14,738,738,3
16590,13318,35,10,2026-09-07,2026-09-10,2026-09-13,735,735,17
16591,13319,44,10,2026-09-12,2026-09-22,2026-09-22,7,7,0
16592,13320,39,8,2026-09-07,2026-09-20,2026-09-08,600,600,15
16593,13321,46,8,2026-09-21,2026-09-27,2026-09-28,77,77,1
16594,13322,1,2,2026-09-11,2026-09-12,2026-09-14,11,11,0
16595,13323,6,2,2026-09-09,2026-09-18,2026-09-20,6,6,0
16596,13324,22,8,2026-09-08,2026-09-08,2026-09-07,189,189,3
16597,13325,42,8,2026-09-05,2026-09-25,2026-09-15,182,182,3
16598,13326,37,8,2026-09-15,2026-09-29,2026-10-02,18,18,0
16599,13327,18,8,2026-09-02,2026-09-05,2026-09-07,644,644,15
16600,13328,8,4,2026-09-04,2026-09-11,2026-09-11,1276,1276,0
16601,13329,10,4,2026-09-16,2026-09-24,2026-09-27,75,75,1
16602,13329,10,4,2026-09-11,2026-09-27,2026-09-27,85,85,3
16603,13330,27,4,2026-09-07,2026-09-13,2026-09-14,6,6,0
16604,13331,43,4,2026-09-03,2026-09-16,2026-09-11,275,275,18
16605,13332,43,5,2026-09-07,2026-09-08,2026-09-11,6,6,0
16606,13333,35,5,2026-09-05,2026-09-10,2026-09-13,37,37,0
16607,13333,35,5,2026-09-04,2026-09-13,2026-09-13,50,50,0
16608,13334,16,5,2026-09-03,2026-09-06,2026-09-08,15,15,0
16609,13335,2,5,2026-09-08,2026-09-17,2026-09-19,36,36,0
16610,13335,2,5,2026-09-10,2026-09-17,2026-09-19,37,37,1
16611,13336,25,5,2026-09-02,2026-09-06,2026-09-09,474,474,3
16612,13337,45,5,2026-09-10,2026-09-26,2026-09-26,637,637,1
16613,13338,50,5,2026-09-09,2026-09-17,2026-09-20,40,40,2
16614,13338,50,5,2026-09-12,2026-09-23,2026-09-20,34,34,0
16615,13338,50,5,2026-09-12,2026-09-18,2026-09-20,50,50,0
16616,13339,11,5,2026-09-12,2026-09-12,2026-09-14,79,79,2
16617,13340,44,4,2026-09-10,2026-09-20,2026-09-22,60,60,1
16618,13341,20,4,2026-09-03,2026-09-04,2026-09-07,662,662,13
16619,13342,12,1,2026-09-07,2026-09-26,2026-09-20,131,131,2
16620,13342,12,1,2026-09-11,2026-09-18,2026-09-20,30,30,0
16621,13342,12,1,2026-09-09,2026-09-19,2026-09-20,66,66,2
16622,13343,21,1,2026-09-07,2026-09-07,2026-09-08,411,411,7
16623,13344,30,8,2026-09-06,2026-09-10,2026-09-12,47,47,0
16624,13345,18,8,2026-09-02,2026-09-04,2026-09-07,172,172,7
16625,13346,29,2,2026-09-14,2026-09-22,2026-09-25,179,179,1
16626,13346,29,2,2026-09-05,2026-09-23,2026-09-25,38,38,0
16627,13346,29,2,2026-09-04,2026-09-25,2026-09-25,103,103,0
16628,13347,19,2,2026-09-02,2026-09-05,2026-09-06,15,15,0
16629,13348,30,2,2026-09-09,2026-09-20,2026-09-12,521,521,3
16630,13349,3,2,2026-09-20,2026-10-05,2026-10-06,18,18,1
16631,13350,17,2,2026-09-09,2026-09-22,2026-09-13,6,6,0
16632,13351,16,2,2026-09-04,2026-09-08,2026-09-08,4,4,0
16633,13351,16,2,2026-09-10,2026-09-10,2026-09-08,9,9,0
16634,13352,10,2,2026-09-11,2026-09-25,2026-09-27,141,141,6
16635,13352,10,2,2026-09-18,2026-09-27,2026-09-27,149,149,6
16636,13353,8,1,2026-09-02,2026-09-09,2026-09-11,13,13,1
16637,13354,24,1,2026-09-10,2026-09-23,2026-09-23,22,22,0
16638,13354,24,1,2026-09-11,2026-09-21,2026-09-23,31,31,0
16639,13355,40,4,2026-09-10,2026-09-21,2026-09-24,14,14,0
16640,13356,38,4,2026-09-02,2026-09-05,2026-09-06,7,7,0
16641,13357,21,6,2026-09-04,2026-09-13,2026-09-08,41,41,1
16642,13358,4,6,2026-09-05,2026-09-20,2026-09-23,121,121,3
16643,13358,4,6,2026-09-18,2026-10-03,2026-09-23,73,73,1
16644,13359,47,6,2026-09-10,2026-09-20,2026-09-23,11,11,0
16645,13360,19,5,2026-09-03,2026-09-05,2026-09-06,8,8,0
16646,13361,29,5,2026-09-12,2026-09-25,2026-09-25,13,13,0
16647,13362,1,5,2026-09-05,2026-09-13,2026-09-14,755,755,12
16648,13363,16,4,2026-09-03,2026-09-09,2026-09-09,18,18,0
16649,13364,6,10,2026-09-12,2026-09-20,2026-09-21,161,161,1
16650,13365,23,10,2026-09-04,2026-09-10,2026-09-13,45,45,1
16651,13366,29,10,2026-09-09,2026-09-24,2026-09-26,42,42,0
16652,13367,7,1,2026-09-14,2026-10-07,2026-10-07,203,203,1
16653,13367,7,1,2026-09-19,2026-10-09,2026-10-07,158,158,1
16654,13368,20,1,2026-09-07,2026-09-07,2026-09-08,496,496,16
16655,13369,23,1,2026-09-09,2026-09-12,2026-09-13,6,6,0
16656,13370,5,1,2026-09-07,2026-09-07,2026-09-08,15,15,1
16657,13371,23,7,2026-09-08,2026-09-12,2026-09-13,35,35,1
16658,13371,23,7,2026-09-10,2026-09-12,2026-09-13,47,47,1
16659,13372,35,7,2026-09-08,2026-09-11,2026-09-14,56,56,1
16660,13373,43,7,2026-09-10,2026-09-10,2026-09-12,837,837,19
16661,13374,21,7,2026-09-08,2026-09-08,2026-09-09,3,3,0
16662,13374,21,7,2026-09-08,2026-09-08,2026-09-09,4,4,0
16663,13375,1,7,2026-09-09,2026-09-15,2026-09-15,245,245,2
16664,13376,20,7,2026-09-04,2026-09-05,2026-09-08,10,10,0
16665,13377,43,7,2026-09-07,2026-09-12,2026-09-12,10,10,0
16666,13377,43,7,2026-09-06,2026-09-11,2026-09-12,3,3,0
16667,13377,43,7,2026-09-05,2026-09-10,2026-09-12,4,4,0
16668,13378,26,7,2026-09-09,2026-09-15,2026-09-15,39,39,0
16669,13378,26,7,2026-09-05,2026-09-16,2026-09-15,40,40,1
16670,13378,26,7,2026-09-09,2026-09-21,2026-09-15,38,38,1
16671,13379,18,4,2026-09-05,2026-09-06,2026-09-08,57,57,3
16672,13380,21,4,2026-09-07,2026-09-07,2026-09-09,7,7,0
16673,13381,4,4,2026-09-11,2026-09-25,2026-09-24,545,545,7
16674,13382,47,4,2026-09-11,2026-09-29,2026-09-24,8,8,0
16675,13383,31,2,2026-09-18,2026-10-04,2026-10-04,5,5,0
16676,13383,31,2,2026-09-15,2026-10-05,2026-10-04,6,6,0
16677,13384,18,2,2026-09-07,2026-09-07,2026-09-08,927,927,23
16678,13385,22,2,2026-09-04,2026-09-06,2026-09-08,4,4,0
16679,13386,18,2,2026-09-06,2026-09-08,2026-09-08,123,123,4
16680,13387,48,2,2026-09-16,2026-09-27,2026-09-29,52,52,2
16681,13388,47,2,2026-09-13,2026-09-23,2026-09-24,553,553,21
16682,13389,39,6,2026-09-04,2026-09-09,2026-09-10,39,39,1
16683,13390,3,6,2026-09-21,2026-10-12,2026-10-08,86,86,1
16684,13391,24,8,2026-09-13,2026-09-23,2026-09-25,6,6,0
16685,13391,24,8,2026-09-16,2026-09-22,2026-09-25,7,7,0
16686,13392,43,8,2026-09-11,2026-09-11,2026-09-13,103,103,4
16687,13393,33,8,2026-09-18,2026-09-29,2026-09-29,8,8,0
16688,13394,22,1,2026-09-06,2026-09-06,2026-09-09,978,978,22
16689,13395,42,1,2026-09-13,2026-09-16,2026-09-17,157,157,8
16690,13396,42,1,2026-09-08,2026-09-22,2026-09-17,88,88,0
16691,13396,42,1,2026-09-11,2026-09-16,2026-09-17,32,32,1
16692,13396,42,1,2026-09-10,2026-09-16,2026-09-17,34,34,1
16693,13397,19,1,2026-09-04,2026-09-06,2026-09-08,14,14,0
16694,13398,43,1,2026-09-05,2026-09-12,2026-09-13,187,187,2
16695,13399,41,1,2026-09-10,2026-09-21,2026-09-22,3,3,0
16696,13399,41,1,2026-09-11,2026-09-22,2026-09-22,1,1,0
16697,13399,41,1,2026-09-04,2026-09-22,2026-09-22,3,3,0
16698,13400,42,1,2026-09-06,2026-09-15,2026-09-17,9,9,0
16699,13401,42,1,2026-09-13,2026-09-14,2026-09-17,379,379,20
16700,13402,34,1,2026-09-24,2026-10-08,2026-10-08,198,198,6
16701,13403,47,1,2026-09-17,2026-09-25,2026-09-25,218,218,9
16702,13403,47,1,2026-09-12,2026-09-24,2026-09-25,234,234,5
16703,13403,47,1,2026-09-13,2026-10-04,2026-09-25,166,166,2
16704,13404,19,8,2026-09-04,2026-09-16,2026-09-08,554,554,18
16705,13405,21,8,2026-09-07,2026-09-10,2026-09-10,275,275,10
16706,13405,21,8,2026-09-04,2026-09-07,2026-09-10,283,283,7
16707,13405,21,8,2026-09-11,2026-09-11,2026-09-10,216,216,6
16708,13406,12,8,2026-09-04,2026-09-22,2026-09-22,22,22,0
16709,13407,48,9,2026-09-18,2026-09-28,2026-09-30,487,487,21
16710,13408,30,9,2026-09-09,2026-09-12,2026-09-14,42,42,0
16711,13409,35,9,2026-09-09,2026-09-15,2026-09-15,138,138,1
16712,13410,22,9,2026-09-09,2026-09-09,2026-09-09,71,71,0
16713,13410,22,9,2026-09-04,2026-09-08,2026-09-09,86,86,3
16714,13411,46,9,2026-09-18,2026-09-27,2026-09-30,9,9,0
16715,13412,30,3,2026-09-05,2026-09-11,2026-09-14,61,61,0
16716,13413,11,3,2026-09-04,2026-09-15,2026-09-16,504,504,12
16717,13414,27,3,2026-09-09,2026-09-15,2026-09-16,368,368,7
16718,13415,47,10,2026-09-13,2026-09-24,2026-09-25,463,463,16
16719,13416,29,6,2026-09-17,2026-09-26,2026-09-27,892,892,7
16720,13417,47,6,2026-09-14,2026-09-24,2026-09-25,378,378,11
16721,13418,48,6,2026-09-14,2026-09-30,2026-09-30,182,182,9
16722,13419,12,5,2026-09-12,2026-09-22,2026-09-22,839,839,13
16723,13420,35,1,2026-09-06,2026-09-13,2026-09-15,14,14,0
16724,13421,20,1,2026-09-12,2026-09-12,2026-09-09,609,609,8
16725,13422,37,1,2026-09-20,2026-10-03,2026-10-04,12,12,0
16726,13423,18,4,2026-09-09,2026-09-09,2026-09-09,552,552,19
16727,13424,39,9,2026-09-06,2026-09-11,2026-09-11,613,613,0
16728,13425,50,7,2026-09-16,2026-09-28,2026-09-23,33,33,1
16729,13426,39,10,2026-09-10,2026-09-10,2026-09-11,25,25,0
16730,13427,2,10,2026-09-16,2026-09-20,2026-09-22,261,261,5
16731,13428,9,4,2026-09-11,2026-09-21,2026-09-24,12,12,0
16732,13428,9,4,2026-09-13,2026-09-23,2026-09-24,32,32,0
16733,13429,39,4,2026-09-08,2026-09-10,2026-09-11,11,11,0
16734,13430,32,6,2026-09-07,2026-09-10,2026-09-10,65,65,1
16735,13431,30,6,2026-09-08,2026-09-13,2026-09-15,582,582,3
16736,13432,3,6,2026-09-17,2026-10-09,2026-10-09,26,26,1
16737,13432,3,6,2026-09-20,2026-10-10,2026-10-09,19,19,0
16738,13432,3,6,2026-09-21,2026-10-19,2026-10-09,28,28,2
16739,13433,50,6,2026-09-14,2026-09-22,2026-09-23,81,81,3
16740,13434,41,6,2026-09-20,2026-09-20,2026-09-23,18,18,1
16741,13435,43,6,2026-09-09,2026-09-14,2026-09-14,3,3,0
16742,13435,43,6,2026-09-09,2026-09-11,2026-09-14,2,2,0
16743,13435,43,6,2026-09-05,2026-09-13,2026-09-14,4,4,0
16744,13436,10,7,2026-09-12,2026-09-27,2026-09-30,280,280,4
16745,13437,38,7,2026-09-05,2026-09-06,2026-09-09,101,101,3
16746,13438,22,7,2026-09-09,2026-09-09,2026-09-10,360,360,15
16747,13438,22,7,2026-09-09,2026-09-09,2026-09-10,618,618,24
16748,13439,11,2,2026-09-11,2026-09-16,2026-09-17,27,27,1
16749,13439,11,2,2026-09-07,2026-09-29,2026-09-17,50,50,1
16750,13440,32,3,2026-09-05,2026-09-09,2026-09-10,102,102,0
16751,13441,46,3,2026-09-14,2026-09-28,2026-10-01,143,143,3
16752,13442,35,10,2026-09-13,2026-09-14,2026-09-16,588,588,0
16753,13443,10,10,2026-09-17,2026-09-27,2026-09-30,288,288,2
16754,13444,46,10,2026-09-18,2026-09-28,2026-10-01,31,31,0
16755,13445,3,10,2026-09-23,2026-10-09,2026-10-09,46,46,2
16756,13446,21,10,2026-09-05,2026-09-19,2026-09-11,325,325,13
16757,13447,30,10,2026-09-13,2026-09-15,2026-09-15,68,68,0
16758,13448,18,10,2026-09-08,2026-09-09,2026-09-10,22,22,1
16759,13448,18,10,2026-09-10,2026-09-10,2026-09-10,18,18,1
16760,13449,36,10,2026-09-13,2026-09-13,2026-09-16,28,28,0
16761,13450,3,10,2026-09-19,2026-10-16,2026-10-09,113,113,7
16762,13451,14,7,2026-09-10,2026-09-17,2026-09-17,55,55,0
16763,13452,39,7,2026-09-05,2026-09-09,2026-09-11,1195,1195,0
16764,13453,20,7,2026-09-12,2026-09-14,2026-09-10,10,10,0
16765,13454,6,7,2026-09-14,2026-09-22,2026-09-23,14,14,0
16766,13455,42,6,2026-09-09,2026-09-17,2026-09-18,246,246,9
16767,13456,43,1,2026-09-08,2026-09-14,2026-09-15,28,28,1
16768,13457,35,1,2026-09-10,2026-09-16,2026-09-17,1389,1389,27
16769,13458,41,5,2026-09-14,2026-09-21,2026-09-24,620,620,38
16770,13459,11,5,2026-09-09,2026-09-16,2026-09-18,3,3,0
16771,13459,11,5,2026-09-12,2026-09-16,2026-09-18,1,1,0
16772,13459,11,5,2026-09-11,2026-09-18,2026-09-18,2,2,0
16773,13460,7,5,2026-09-22,2026-10-10,2026-10-10,38,38,1
16774,13460,7,5,2026-09-21,2026-10-09,2026-10-10,71,71,0
16775,13461,30,5,2026-09-10,2026-09-20,2026-09-16,50,50,1
16776,13462,4,5,2026-09-12,2026-09-24,2026-09-27,23,23,0
16777,13462,4,5,2026-09-16,2026-10-02,2026-09-27,32,32,0
16778,13463,8,4,2026-09-09,2026-09-14,2026-09-15,81,81,1
16779,13464,40,9,2026-09-17,2026-09-25,2026-09-28,154,154,1
16780,13465,30,2,2026-09-15,2026-09-17,2026-09-17,178,178,0
16781,13466,2,3,2026-09-19,2026-09-24,2026-09-24,35,35,0
16782,13467,17,3,2026-09-13,2026-09-18,2026-09-18,206,206,22
16783,13468,4,3,2026-09-16,2026-09-27,2026-09-28,34,34,1
16784,13469,19,9,2026-09-07,2026-09-09,2026-09-11,165,165,3
16785,13470,28,9,2026-09-14,2026-09-23,2026-09-25,558,558,7
16786,13471,15,9,2026-09-12,2026-09-12,2026-09-13,231,231,4
16787,13472,4,9,2026-09-20,2026-09-27,2026-09-28,10,10,0
16788,13473,32,9,2026-09-11,2026-09-11,2026-09-12,665,665,2
16789,13474,25,3,2026-09-10,2026-09-14,2026-09-14,9,9,0
16790,13474,25,3,2026-09-09,2026-09-12,2026-09-14,20,20,1
16791,13475,24,3,2026-09-19,2026-09-26,2026-09-28,58,58,1
16792,13476,14,3,2026-09-09,2026-09-18,2026-09-19,887,887,2
16793,13477,18,3,2026-09-07,2026-09-12,2026-09-12,37,37,2
16794,13478,20,7,2026-09-07,2026-09-12,2026-09-12,41,41,0
16795,13478,20,7,2026-09-07,2026-09-12,2026-09-12,65,65,1
16796,13479,36,7,2026-09-07,2026-09-24,2026-09-18,86,86,2
16797,13480,25,7,2026-09-08,2026-09-13,2026-09-14,532,532,5
16798,13481,3,3,2026-09-22,2026-10-12,2026-10-12,84,84,3
16799,13482,22,3,2026-09-15,2026-09-15,2026-09-13,92,92,2
16800,13483,4,3,2026-09-21,2026-09-28,2026-09-29,170,170,5
16801,13484,25,10,2026-09-08,2026-09-15,2026-09-15,988,988,8
16802,13485,19,10,2026-09-10,2026-09-10,2026-09-12,9,9,0
16803,13486,50,10,2026-09-13,2026-09-25,2026-09-26,22,22,0
16804,13487,22,9,2026-09-10,2026-09-11,2026-09-13,54,54,2
16805,13488,5,9,2026-09-14,2026-09-15,2026-09-13,5,5,0
16806,13488,5,9,2026-09-15,2026-09-15,2026-09-13,7,7,0
16807,13489,2,3,2026-09-18,2026-09-25,2026-09-25,651,651,2
16808,13490,6,3,2026-09-12,2026-09-23,2026-09-26,15,15,0
16809,13490,6,3,2026-09-19,2026-09-25,2026-09-26,14,14,0
16810,13491,18,1,2026-09-08,2026-09-12,2026-09-13,139,139,3
16811,13492,11,1,2026-09-17,2026-09-20,2026-09-20,807,807,7
16812,13493,25,1,2026-09-10,2026-09-15,2026-09-15,570,570,15
16813,13494,2,1,2026-09-20,2026-09-24,2026-09-25,9,9,0
16814,13495,39,1,2026-09-12,2026-09-13,2026-09-14,5,5,0
16815,13496,21,10,2026-09-09,2026-09-14,2026-09-14,319,319,8
16816,13497,43,8,2026-09-08,2026-09-16,2026-09-17,328,328,21
16817,13498,13,8,2026-09-08,2026-09-25,2026-09-20,844,844,21
16818,13499,1,9,2026-09-15,2026-09-19,2026-09-20,143,143,3
16819,13499,1,9,2026-09-08,2026-09-17,2026-09-20,121,121,2
16820,13500,36,9,2026-09-18,2026-09-18,2026-09-19,44,44,1
16821,13501,27,9,2026-09-12,2026-09-17,2026-09-20,434,434,8
16822,13502,41,5,2026-09-13,2026-09-23,2026-09-26,229,229,16
16823,13503,22,6,2026-09-08,2026-09-19,2026-09-13,11,11,0
16824,13504,19,6,2026-09-13,2026-09-13,2026-09-12,67,67,1
16825,13505,19,6,2026-09-08,2026-09-12,2026-09-12,19,19,1
16826,13506,29,6,2026-09-21,2026-09-29,2026-10-01,140,140,1
16827,13507,28,6,2026-09-22,2026-09-25,2026-09-26,352,352,5
16828,13507,28,6,2026-09-13,2026-09-24,2026-09-26,318,318,2
16829,13508,24,6,2026-09-14,2026-09-27,2026-09-29,201,201,2
16830,13509,12,6,2026-09-21,2026-09-25,2026-09-26,41,41,0
16831,13510,36,1,2026-09-18,2026-09-18,2026-09-19,39,39,1
16832,13511,36,1,2026-09-15,2026-09-18,2026-09-19,158,158,1
16833,13511,36,1,2026-09-17,2026-09-17,2026-09-19,151,151,5
16834,13512,8,8,2026-09-15,2026-09-18,2026-09-18,19,19,0
16835,13513,20,8,2026-09-10,2026-09-13,2026-09-14,14,14,0
16836,13514,22,8,2026-09-09,2026-09-21,2026-09-14,306,306,3
16837,13514,22,8,2026-09-14,2026-09-14,2026-09-14,571,571,10
16838,13515,30,8,2026-09-13,2026-09-16,2026-09-19,574,574,6
16839,13516,25,9,2026-09-09,2026-09-15,2026-09-16,632,632,1
16840,13517,6,9,2026-09-12,2026-09-24,2026-09-27,27,27,0
16841,13518,44,10,2026-09-20,2026-09-29,2026-09-29,51,51,0
16842,13519,21,10,2026-09-09,2026-09-12,2026-09-15,5,5,0
16843,13519,21,10,2026-09-09,2026-09-12,2026-09-15,5,5,0
16844,13520,12,6,2026-09-12,2026-09-24,2026-09-27,756,756,15
16845,13521,30,6,2026-09-09,2026-09-17,2026-09-19,604,604,3
16846,13522,49,6,2026-09-09,2026-09-12,2026-09-13,1141,1141,18
16847,13523,47,1,2026-09-22,2026-10-06,2026-09-30,5,5,0
16848,13524,19,1,2026-09-09,2026-09-11,2026-09-13,190,190,1
16849,13525,5,8,2026-09-18,2026-09-18,2026-09-14,660,660,21
16850,13526,4,1,2026-09-21,2026-09-27,2026-09-30,45,45,1
16851,13527,2,1,2026-09-18,2026-09-24,2026-09-26,70,70,1
16852,13528,16,1,2026-09-13,2026-09-13,2026-09-15,198,198,2
16853,13529,43,1,2026-09-11,2026-09-17,2026-09-18,59,59,2
16854,13530,7,1,2026-09-26,2026-10-12,2026-10-13,289,289,4
16855,13531,33,1,2026-09-21,2026-10-02,2026-10-04,516,516,6
16856,13531,33,1,2026-09-21,2026-10-03,2026-10-04,538,538,6
16857,13532,16,3,2026-09-10,2026-09-12,2026-09-15,172,172,2
16858,13533,12,1,2026-09-18,2026-09-27,2026-09-28,431,431,6
16859,13534,40,1,2026-09-18,2026-10-02,2026-10-02,8,8,0
16860,13535,5,6,2026-09-10,2026-09-15,2026-09-15,457,457,35
16861,13536,30,6,2026-09-11,2026-09-19,2026-09-20,838,838,8
16862,13537,5,6,2026-09-14,2026-09-14,2026-09-15,192,192,3
16863,13537,5,6,2026-09-11,2026-09-25,2026-09-15,187,187,8
16864,13538,1,6,2026-09-11,2026-09-22,2026-09-22,59,59,1
16865,13539,35,6,2026-09-17,2026-09-18,2026-09-21,516,516,6
16866,13540,30,1,2026-09-19,2026-09-19,2026-09-20,176,176,1
16867,13540,30,1,2026-09-19,2026-09-20,2026-09-20,180,180,0
16868,13541,19,1,2026-09-10,2026-09-11,2026-09-14,5,5,0
16869,13541,19,1,2026-09-10,2026-09-12,2026-09-14,5,5,0
16870,13542,18,1,2026-09-10,2026-09-12,2026-09-15,10,10,0
16871,13543,1,9,2026-09-16,2026-09-20,2026-09-22,42,42,0
16872,13544,2,9,2026-09-25,2026-09-25,2026-09-27,9,9,0
16873,13545,35,9,2026-09-16,2026-09-20,2026-09-21,989,989,4
16874,13546,28,1,2026-09-17,2026-09-28,2026-09-28,54,54,1
16875,13547,42,1,2026-09-14,2026-09-23,2026-09-23,21,21,1
16876,13548,2,1,2026-09-17,2026-09-25,2026-09-27,10,10,0
16877,13549,50,5,2026-09-17,2026-10-07,2026-09-28,119,119,6
16878,13550,30,5,2026-09-12,2026-09-20,2026-09-20,8,8,0
16879,13551,21,5,2026-09-10,2026-09-15,2026-09-16,149,149,8
16880,13552,19,5,2026-09-11,2026-09-13,2026-09-14,28,28,1
16881,13553,22,3,2026-09-10,2026-09-15,2026-09-15,6,6,0
16882,13553,22,3,2026-09-10,2026-09-13,2026-09-15,4,4,0
16883,13554,11,3,2026-09-16,2026-09-22,2026-09-22,115,115,1
16884,13555,39,9,2026-09-14,2026-09-16,2026-09-16,23,23,0
16885,13556,19,9,2026-09-10,2026-09-12,2026-09-14,35,35,0
16886,13557,2,9,2026-09-17,2026-09-26,2026-09-27,6,6,0
16887,13557,2,9,2026-09-18,2026-09-25,2026-09-27,8,8,0
16888,13558,44,4,2026-09-18,2026-10-04,2026-10-01,102,102,1
16889,13559,8,4,2026-09-15,2026-09-19,2026-09-20,53,53,1
16890,13560,7,8,2026-09-25,2026-10-15,2026-10-15,8,8,0
16891,13561,7,8,2026-09-26,2026-10-14,2026-10-15,340,340,3
16892,13562,24,8,2026-09-21,2026-10-04,2026-10-02,45,45,0
16893,13563,5,10,2026-09-11,2026-09-15,2026-09-16,225,225,6
16894,13563,5,10,2026-09-13,2026-09-16,2026-09-16,87,87,2
16895,13563,5,10,2026-09-15,2026-09-15,2026-09-16,181,181,9
16896,13564,2,10,2026-09-23,2026-09-26,2026-09-28,1083,1083,15
16897,13565,30,10,2026-09-13,2026-09-20,2026-09-21,15,15,0
16898,13566,20,9,2026-09-16,2026-09-16,2026-09-16,384,384,9
16899,13567,46,4,2026-10-03,2026-10-06,2026-10-07,43,43,3
16900,13568,44,4,2026-09-19,2026-09-30,2026-10-01,13,13,0
16901,13568,44,4,2026-09-19,2026-09-30,2026-10-01,12,12,0
16902,13569,29,9,2026-09-21,2026-10-01,2026-10-04,11,11,0
16903,13570,49,9,2026-09-13,2026-09-14,2026-09-15,10,10,0
16904,13571,35,4,2026-09-15,2026-09-19,2026-09-22,3,3,0
16905,13571,35,4,2026-09-20,2026-09-20,2026-09-22,3,3,0
16906,13572,30,4,2026-09-11,2026-09-18,2026-09-21,826,826,4
16907,13573,42,4,2026-09-17,2026-09-23,2026-09-24,376,376,34
16908,13573,42,4,2026-09-18,2026-09-24,2026-09-24,247,247,3
16909,13573,42,4,2026-09-16,2026-10-02,2026-09-24,307,307,13
16910,13574,27,4,2026-09-18,2026-09-20,2026-09-23,6,6,0
16911,13575,19,4,2026-09-11,2026-09-13,2026-09-15,170,170,1
16912,13575,19,4,2026-09-12,2026-09-15,2026-09-15,166,166,7
16913,13576,3,4,2026-10-01,2026-10-12,2026-10-15,3,3,0
16914,13576,3,4,2026-09-27,2026-10-15,2026-10-15,3,3,0
16915,13577,12,4,2026-09-19,2026-09-26,2026-09-29,95,95,2
16916,13577,12,4,2026-09-19,2026-09-26,2026-09-29,105,105,2
16917,13578,40,8,2026-09-15,2026-09-30,2026-10-03,92,92,0
16918,13579,5,8,2026-09-15,2026-09-15,2026-09-16,66,66,4
16919,13580,16,4,2026-09-14,2026-09-17,2026-09-17,295,295,0
16920,13580,16,4,2026-09-12,2026-09-17,2026-09-17,350,350,3
16921,13581,3,1,2026-09-27,2026-10-12,2026-10-15,21,21,1
16922,13581,3,1,2026-09-23,2026-10-15,2026-10-15,21,21,1
16923,13582,45,1,2026-09-22,2026-10-04,2026-10-05,118,118,0
16924,13583,21,5,2026-09-11,2026-09-16,2026-09-17,6,6,0
16925,13584,4,9,2026-09-18,2026-09-30,2026-10-03,495,495,7
16926,13584,4,9,2026-09-26,2026-09-30,2026-10-03,682,682,19
16927,13585,5,9,2026-09-12,2026-09-14,2026-09-17,6,6,0
16928,13586,18,7,2026-09-12,2026-09-21,2026-09-17,516,516,14
16929,13587,46,7,2026-09-25,2026-10-08,2026-10-08,23,23,1
16930,13588,39,7,2026-09-14,2026-09-16,2026-09-18,11,11,0
16931,13589,20,7,2026-09-20,2026-09-20,2026-09-17,100,100,0
16932,13589,20,7,2026-09-18,2026-09-18,2026-09-17,83,83,1
16933,13590,36,9,2026-09-19,2026-09-22,2026-09-23,9,9,0
16934,13591,20,9,2026-09-12,2026-09-17,2026-09-17,12,12,0
16935,13592,40,9,2026-09-22,2026-10-01,2026-10-04,635,635,5
16936,13593,31,9,2026-09-25,2026-10-11,2026-10-13,12,12,0
16937,13594,36,6,2026-09-19,2026-10-05,2026-09-23,206,206,5
16938,13595,1,6,2026-09-20,2026-09-21,2026-09-24,150,150,2
16939,13596,43,6,2026-09-12,2026-09-23,2026-09-21,12,12,0
16940,13597,30,6,2026-09-16,2026-09-19,2026-09-22,35,35,0
16941,13598,39,6,2026-09-16,2026-09-18,2026-09-18,13,13,0
16942,13599,20,6,2026-09-12,2026-09-16,2026-09-17,595,595,19
16943,13600,14,6,2026-09-19,2026-09-22,2026-09-24,510,510,2
16944,13601,16,3,2026-09-13,2026-09-18,2026-09-18,5,5,0
16945,13602,41,3,2026-09-21,2026-09-27,2026-09-30,15,15,0
16946,13603,2,2,2026-09-16,2026-09-26,2026-09-29,10,10,0
16947,13604,30,2,2026-09-18,2026-09-21,2026-09-22,76,76,1
16948,13604,30,2,2026-09-20,2026-09-21,2026-09-22,133,133,0
16949,13605,46,2,2026-09-29,2026-10-05,2026-10-08,10,10,0
16950,13606,20,2,2026-09-12,2026-09-15,2026-09-17,244,244,4
16951,13607,17,10,2026-09-13,2026-09-23,2026-09-23,196,196,19
16952,13608,37,10,2026-09-26,2026-10-09,2026-10-12,651,651,17
16953,13609,19,1,2026-09-18,2026-09-18,2026-09-16,88,88,4
16954,13610,18,1,2026-09-12,2026-09-27,2026-09-17,29,29,1
16955,13611,25,1,2026-09-20,2026-09-20,2026-09-19,195,195,0
16956,13612,41,1,2026-09-20,2026-09-27,2026-09-30,33,33,2
16957,13613,16,1,2026-09-18,2026-09-18,2026-09-18,7,7,0
16958,13614,7,2,2026-09-30,2026-10-14,2026-10-16,516,516,4
16959,13615,30,2,2026-09-16,2026-09-20,2026-09-22,1328,1328,0
16960,13616,18,2,2026-09-12,2026-09-14,2026-09-17,112,112,2
16961,13617,36,10,2026-09-15,2026-09-21,2026-09-23,284,284,7
16962,13617,36,10,2026-09-13,2026-09-20,2026-09-23,188,188,6
16963,13618,26,10,2026-09-18,2026-09-29,2026-09-24,15,15,1
16964,13619,41,10,2026-09-25,2026-09-29,2026-09-30,42,42,2
16965,13620,26,10,2026-09-17,2026-09-21,2026-09-24,97,97,4
16966,13621,17,10,2026-09-12,2026-09-22,2026-09-23,9,9,1
16967,13622,50,10,2026-09-18,2026-09-28,2026-09-30,125,125,5
16968,13623,20,10,2026-09-19,2026-09-19,2026-09-17,647,647,21
16969,13624,45,8,2026-09-26,2026-10-03,2026-10-06,1360,1360,0
16970,13625,18,8,2026-09-12,2026-09-16,2026-09-17,40,40,1
16971,13626,44,9,2026-09-19,2026-10-01,2026-10-02,225,225,2
16972,13626,44,9,2026-09-15,2026-10-01,2026-10-02,100,100,1
16973,13626,44,9,2026-09-18,2026-09-29,2026-10-02,165,165,2
16974,13627,13,9,2026-09-17,2026-09-21,2026-09-24,13,13,0
16975,13628,14,9,2026-09-21,2026-09-22,2026-09-24,13,13,0
16976,13629,16,1,2026-09-12,2026-09-17,2026-09-18,323,323,0
16977,13629,16,1,2026-09-12,2026-09-15,2026-09-18,228,228,1
16978,13630,47,1,2026-09-14,2026-10-01,2026-10-03,5,5,0
16979,13630,47,1,2026-09-18,2026-10-01,2026-10-03,2,2,0
16980,13630,47,1,2026-09-21,2026-10-02,2026-10-03,2,2,0
16981,13631,30,9,2026-09-16,2026-10-02,2026-09-22,617,617,1
16982,13632,18,9,2026-09-14,2026-09-14,2026-09-17,324,324,7
16983,13633,21,7,2026-09-12,2026-09-16,2026-09-18,20,20,1
16984,13634,41,7,2026-09-22,2026-09-30,2026-09-30,54,54,2
16985,13635,20,9,2026-09-15,2026-09-26,2026-09-18,13,13,0
16986,13636,21,9,2026-09-14,2026-09-16,2026-09-19,479,479,14
16987,13637,3,4,2026-10-03,2026-10-15,2026-10-17,199,199,6
16988,13637,3,4,2026-09-26,2026-10-16,2026-10-17,494,494,30
16989,13638,16,4,2026-09-18,2026-09-18,2026-09-19,251,251,1
16990,13639,18,4,2026-09-18,2026-09-28,2026-09-18,729,729,1
16991,13640,33,4,2026-09-26,2026-10-07,2026-10-08,11,11,0
16992,13641,41,3,2026-09-19,2026-10-05,2026-10-02,349,349,29
16993,13642,27,3,2026-09-21,2026-09-24,2026-09-26,31,31,0
16994,13642,27,3,2026-09-22,2026-09-24,2026-09-26,23,23,1
16995,13642,27,3,2026-09-22,2026-09-24,2026-09-26,42,42,1
16996,13643,37,3,2026-09-26,2026-10-14,2026-10-14,56,56,1
16997,13644,4,4,2026-09-28,2026-10-02,2026-10-05,17,17,1
16998,13645,11,4,2026-09-22,2026-09-23,2026-09-26,249,249,3
16999,13646,5,7,2026-09-14,2026-09-18,2026-09-19,16,16,1
17000,13647,26,7,2026-09-21,2026-09-25,2026-09-26,11,11,0
17001,13648,37,7,2026-09-29,2026-10-12,2026-10-14,81,81,2
17002,13649,41,9,2026-09-25,2026-10-07,2026-10-02,13,13,1
17003,13650,18,9,2026-09-18,2026-09-18,2026-09-19,528,528,8
17004,13650,18,9,2026-09-17,2026-09-17,2026-09-19,473,473,14
17005,13651,42,9,2026-09-17,2026-09-26,2026-09-27,198,198,3
17006,13651,42,9,2026-09-14,2026-09-26,2026-09-27,306,306,1
17007,13652,30,9,2026-09-14,2026-09-24,2026-09-24,12,12,0
17008,13653,10,9,2026-09-24,2026-10-06,2026-10-09,222,222,3
17009,13654,41,9,2026-09-22,2026-09-29,2026-10-02,17,17,1
17010,13654,41,9,2026-09-25,2026-09-30,2026-10-02,25,25,2
17011,13655,10,1,2026-09-23,2026-10-07,2026-10-09,39,39,2
17012,13656,32,1,2026-09-14,2026-09-16,2026-09-19,21,21,0
17013,13657,12,1,2026-09-23,2026-10-05,2026-10-02,62,62,1
17014,13658,13,2,2026-09-20,2026-09-27,2026-09-27,14,14,0
17015,13659,40,2,2026-09-29,2026-10-05,2026-10-07,32,32,0
17016,13660,10,2,2026-09-26,2026-10-07,2026-10-10,160,160,5
17017,13661,29,4,2026-09-21,2026-10-05,2026-10-08,433,433,3
17018,13662,32,3,2026-09-15,2026-09-17,2026-09-20,4,4,0
17019,13662,32,3,2026-09-18,2026-09-20,2026-09-20,2,2,0
17020,13663,30,3,2026-09-15,2026-09-25,2026-09-25,47,47,0
17021,13663,30,3,2026-09-19,2026-09-23,2026-09-25,20,20,0
17022,13663,30,3,2026-09-22,2026-09-23,2026-09-25,15,15,0
17023,13664,49,3,2026-09-16,2026-09-16,2026-09-19,62,62,1
17024,13664,49,3,2026-09-15,2026-09-16,2026-09-19,46,46,2
17025,13664,49,3,2026-09-17,2026-09-18,2026-09-19,44,44,1
17026,13665,38,3,2026-09-22,2026-09-22,2026-09-19,2,2,0
17027,13665,38,3,2026-09-16,2026-09-16,2026-09-19,5,5,0
17028,13666,37,2,2026-09-28,2026-10-13,2026-10-15,136,136,3
17029,13667,4,2,2026-09-25,2026-10-05,2026-10-06,8,8,0
17030,13668,30,1,2026-09-19,2026-09-25,2026-09-25,51,51,0
17031,13669,13,1,2026-09-19,2026-09-27,2026-09-27,12,12,0
17032,13670,9,1,2026-09-29,2026-10-01,2026-10-04,8,8,0
17033,13670,9,1,2026-09-26,2026-10-04,2026-10-04,5,5,0
17034,13670,9,1,2026-09-22,2026-10-16,2026-10-04,10,10,0
17035,13671,33,10,2026-09-27,2026-10-07,2026-10-10,877,877,32
17036,13672,17,9,2026-09-17,2026-09-25,2026-09-26,11,11,1
17037,13673,32,9,2026-09-15,2026-09-19,2026-09-20,62,62,1
17038,13674,36,9,2026-09-15,2026-10-08,2026-09-26,122,122,2
17039,13675,10,8,2026-09-27,2026-10-09,2026-10-10,10,10,0
17040,13676,36,8,2026-09-28,2026-09-28,2026-09-26,47,47,2
17041,13676,36,8,2026-09-22,2026-09-24,2026-09-26,15,15,1
17042,13676,36,8,2026-09-19,2026-09-24,2026-09-26,30,30,1
17043,13677,46,8,2026-09-30,2026-10-10,2026-10-11,7,7,0
17044,13677,46,8,2026-09-23,2026-10-10,2026-10-11,8,8,0
17045,13678,11,8,2026-09-20,2026-09-26,2026-09-27,1012,1012,27
17046,13679,2,8,2026-09-26,2026-09-30,2026-10-02,14,14,0
17047,13680,49,8,2026-09-21,2026-09-21,2026-09-19,6,6,0
17048,13681,48,8,2026-10-01,2026-10-16,2026-10-11,10,10,1
17049,13682,24,8,2026-09-27,2026-10-03,2026-10-06,6,6,0
17050,13683,11,6,2026-09-22,2026-09-28,2026-09-27,6,6,0
17051,13684,43,6,2026-09-15,2026-09-22,2026-09-24,186,186,4
17052,13685,2,6,2026-09-22,2026-10-01,2026-10-02,30,30,1
17053,13686,39,6,2026-09-20,2026-09-20,2026-09-21,139,139,2
17054,13687,36,5,2026-09-17,2026-09-25,2026-09-27,10,10,0
17055,13688,50,5,2026-09-25,2026-10-01,2026-10-04,58,58,3
17056,13689,2,5,2026-09-22,2026-10-02,2026-10-03,50,50,1
17057,13690,35,4,2026-09-24,2026-09-25,2026-09-27,38,38,0
17058,13691,11,4,2026-09-20,2026-09-26,2026-09-28,211,211,0
17059,13692,20,4,2026-09-16,2026-09-19,2026-09-21,109,109,3
17060,13693,16,5,2026-09-16,2026-09-22,2026-09-22,84,84,0
17061,13694,40,5,2026-09-22,2026-10-07,2026-10-08,194,194,3
17062,13695,10,1,2026-09-22,2026-10-09,2026-10-11,9,9,0
17063,13696,25,1,2026-09-17,2026-10-05,2026-09-23,252,252,8
17064,13697,3,1,2026-10-04,2026-10-20,2026-10-20,416,416,30
17065,13698,39,9,2026-09-17,2026-09-20,2026-09-22,13,13,0
17066,13699,10,9,2026-10-03,2026-10-09,2026-10-11,6,6,0
17067,13700,6,1,2026-09-19,2026-10-02,2026-10-04,141,141,0
17068,13701,11,1,2026-09-24,2026-09-26,2026-09-28,129,129,3
17069,13702,2,1,2026-09-27,2026-09-30,2026-10-03,10,10,0
17070,13703,20,9,2026-09-16,2026-09-28,2026-09-21,17,17,1
17071,13704,28,9,2026-09-23,2026-10-04,2026-10-04,13,13,0
17072,13705,19,9,2026-09-16,2026-09-26,2026-09-20,3,3,0
17073,13705,19,9,2026-09-16,2026-09-18,2026-09-20,6,6,0
17074,13706,48,3,2026-09-25,2026-10-09,2026-10-12,426,426,8
17075,13707,13,2,2026-09-20,2026-09-27,2026-09-28,233,233,6
17076,13708,7,2,2026-10-06,2026-10-20,2026-10-20,942,942,3
17077,13709,36,5,2026-09-20,2026-09-27,2026-09-27,3,3,0
17078,13710,15,5,2026-09-25,2026-09-25,2026-09-22,56,56,2
17079,13711,31,2,2026-10-03,2026-10-16,2026-10-17,156,156,4
17080,13712,20,2,2026-09-20,2026-09-20,2026-09-21,21,21,0
17081,13712,20,2,2026-09-16,2026-09-21,2026-09-21,41,41,1
17082,13713,47,2,2026-09-25,2026-10-05,2026-10-07,64,64,0
17083,13714,18,3,2026-09-16,2026-09-20,2026-09-21,587,587,22
17084,13715,11,6,2026-09-20,2026-09-27,2026-09-28,928,928,41
17085,13716,24,6,2026-09-28,2026-10-07,2026-10-07,20,20,0
17086,13716,24,6,2026-09-24,2026-10-05,2026-10-07,19,19,0
17087,13717,28,6,2026-09-25,2026-10-04,2026-10-04,16,16,0
17088,13717,28,6,2026-09-26,2026-10-02,2026-10-04,6,6,0
17089,13717,28,6,2026-09-27,2026-10-03,2026-10-04,6,6,0
17090,13718,20,6,2026-09-17,2026-09-20,2026-09-22,22,22,0
17091,13719,1,10,2026-09-25,2026-09-26,2026-09-29,120,120,2
17092,13720,3,10,2026-10-05,2026-10-18,2026-10-21,4,4,0
17093,13721,43,10,2026-09-26,2026-09-26,2026-09-26,47,47,2
17094,13722,5,10,2026-09-20,2026-09-21,2026-09-22,40,40,2
17095,13723,30,5,2026-09-17,2026-09-25,2026-09-27,1035,1035,9
17096,13724,11,5,2026-09-27,2026-09-28,2026-09-29,173,173,6
17097,13725,40,5,2026-09-30,2026-10-09,2026-10-09,14,14,0
17098,13726,12,5,2026-09-28,2026-10-08,2026-10-05,221,221,5
17099,13727,11,1,2026-09-23,2026-09-30,2026-09-29,160,160,2
17100,13728,45,1,2026-09-29,2026-10-11,2026-10-11,15,15,0
17101,13729,16,2,2026-09-19,2026-09-22,2026-09-23,34,34,0
17102,13730,30,2,2026-09-20,2026-09-26,2026-09-27,814,814,3
17103,13731,46,7,2026-09-27,2026-10-13,2026-10-13,913,913,43
17104,13732,6,7,2026-09-25,2026-10-02,2026-10-05,562,562,1
17105,13733,30,10,2026-09-21,2026-09-25,2026-09-27,736,736,2
17106,13734,8,10,2026-09-20,2026-09-28,2026-09-26,645,645,9
17107,13735,30,10,2026-09-22,2026-09-27,2026-09-27,995,995,2
17108,13736,19,10,2026-09-18,2026-09-19,2026-09-21,18,18,1
17109,13736,19,10,2026-09-19,2026-09-19,2026-09-21,15,15,1
17110,13736,19,10,2026-09-20,2026-09-21,2026-09-21,14,14,1
17111,13737,41,5,2026-09-23,2026-10-06,2026-10-05,350,350,9
17112,13738,24,5,2026-09-29,2026-10-08,2026-10-08,143,143,2
17113,13739,39,5,2026-09-18,2026-09-22,2026-09-23,650,650,10
17114,13740,24,9,2026-09-26,2026-10-08,2026-10-08,55,55,0
17115,13741,36,9,2026-09-24,2026-09-28,2026-09-28,28,28,1
17116,13742,4,9,2026-09-26,2026-10-07,2026-10-08,209,209,11
17117,13743,44,9,2026-09-30,2026-10-07,2026-10-07,24,24,0
17118,13744,28,9,2026-09-25,2026-10-03,2026-10-05,63,63,1
17119,13745,35,9,2026-09-23,2026-09-26,2026-09-28,6,6,0
17120,13746,6,9,2026-09-25,2026-10-03,2026-10-05,614,614,2
17121,13747,9,9,2026-09-25,2026-10-04,2026-10-06,6,6,0
17122,13748,11,9,2026-09-23,2026-09-29,2026-09-29,245,245,4
17123,13748,11,9,2026-09-21,2026-09-27,2026-09-29,131,131,2
17124,13748,11,9,2026-09-24,2026-09-29,2026-09-29,269,269,4
17125,13749,11,3,2026-09-22,2026-09-29,2026-09-29,1181,1181,13
17126,13750,47,3,2026-09-24,2026-10-07,2026-10-08,173,173,4
17127,13750,47,3,2026-09-28,2026-10-07,2026-10-08,187,187,6
17128,13751,48,3,2026-09-26,2026-10-10,2026-10-13,47,47,1
17129,13752,47,3,2026-09-25,2026-10-08,2026-10-08,43,43,0
17130,13753,12,9,2026-09-28,2026-10-03,2026-10-05,117,117,0
17131,13754,3,9,2026-09-29,2026-10-21,2026-10-21,370,370,9
17132,13755,33,4,2026-10-01,2026-10-12,2026-10-13,602,602,8
17133,13756,15,4,2026-09-22,2026-09-23,2026-09-24,67,67,3
17134,13757,41,4,2026-09-27,2026-10-05,2026-10-06,159,159,7
17135,13757,41,4,2026-09-28,2026-10-06,2026-10-06,119,119,4
17136,13758,16,9,2026-09-19,2026-09-21,2026-09-24,24,24,0
17137,13758,16,9,2026-09-25,2026-09-25,2026-09-24,22,22,0
17138,13758,16,9,2026-09-23,2026-09-23,2026-09-24,27,27,0
17139,13759,20,9,2026-09-18,2026-09-28,2026-09-23,42,42,1
17140,13760,40,9,2026-09-28,2026-10-08,2026-10-10,62,62,0
17141,13760,40,9,2026-09-25,2026-10-10,2026-10-10,61,61,1
17142,13761,8,1,2026-09-23,2026-09-24,2026-09-27,5,5,0
17143,13761,8,1,2026-09-23,2026-09-27,2026-09-27,6,6,0
17144,13762,22,1,2026-09-21,2026-09-21,2026-09-23,81,81,1
17145,13763,39,1,2026-09-18,2026-09-21,2026-09-24,1245,1245,26
17146,13764,17,1,2026-09-22,2026-09-28,2026-09-29,98,98,6
17147,13764,17,1,2026-09-22,2026-09-27,2026-09-29,112,112,3
17148,13765,50,7,2026-09-27,2026-10-06,2026-10-06,118,118,3
17149,13766,3,7,2026-10-06,2026-10-20,2026-10-22,73,73,5
17150,13767,36,7,2026-09-21,2026-09-30,2026-09-29,1016,1016,30
17151,13768,19,7,2026-09-19,2026-09-22,2026-09-22,18,18,1
17152,13769,37,9,2026-10-02,2026-10-18,2026-10-18,14,14,0
17153,13770,45,9,2026-10-04,2026-10-11,2026-10-12,11,11,0
17154,13771,13,9,2026-09-21,2026-09-27,2026-09-30,85,85,2
17155,13772,32,7,2026-09-24,2026-09-24,2026-09-23,529,529,11
17156,13773,11,7,2026-09-22,2026-09-30,2026-09-30,25,25,0
17157,13774,31,7,2026-10-02,2026-10-18,2026-10-19,151,151,1
17158,13775,3,7,2026-10-07,2026-10-20,2026-10-22,53,53,3
17159,13775,3,7,2026-10-08,2026-10-24,2026-10-22,54,54,4
17160,13776,25,6,2026-09-22,2026-09-24,2026-09-25,466,466,7
17161,13777,45,1,2026-09-25,2026-10-09,2026-10-12,109,109,1
17162,13778,41,5,2026-09-24,2026-10-18,2026-10-07,148,148,7
17163,13779,43,5,2026-09-26,2026-09-26,2026-09-28,119,119,3
17164,13780,33,5,2026-09-30,2026-10-17,2026-10-14,130,130,3
17165,13781,47,7,2026-09-27,2026-10-10,2026-10-10,28,28,1
17166,13781,47,7,2026-09-28,2026-10-09,2026-10-10,56,56,0
17167,13782,7,1,2026-10-06,2026-10-25,2026-10-23,68,68,1
17168,13783,30,1,2026-09-19,2026-09-29,2026-09-29,90,90,1
17169,13784,16,3,2026-09-25,2026-09-25,2026-09-25,5,5,0
17170,13784,16,3,2026-09-24,2026-09-24,2026-09-25,7,7,0
17171,13785,28,3,2026-09-27,2026-10-07,2026-10-07,262,262,1
17172,13786,30,3,2026-09-19,2026-09-29,2026-09-29,1248,1248,6
17173,13787,5,3,2026-09-20,2026-10-01,2026-09-24,163,163,5
17174,13787,5,3,2026-09-19,2026-09-23,2026-09-24,279,279,14
17175,13788,37,5,2026-10-06,2026-10-17,2026-10-19,74,74,2
17176,13789,30,5,2026-09-25,2026-09-26,2026-09-29,48,48,0
17177,13790,41,5,2026-09-27,2026-10-04,2026-10-07,6,6,0
17178,13791,8,5,2026-09-20,2026-09-27,2026-09-28,12,12,0
17179,13792,41,5,2026-09-30,2026-10-05,2026-10-07,23,23,1
17180,13793,8,10,2026-09-20,2026-09-25,2026-09-28,43,43,0
17181,13794,41,10,2026-09-28,2026-10-07,2026-10-07,295,295,18
17182,13795,11,10,2026-09-23,2026-10-01,2026-10-01,892,892,30
17183,13796,2,2,2026-09-30,2026-10-05,2026-10-06,1336,1336,33
17184,13797,39,2,2026-09-19,2026-09-23,2026-09-25,224,224,3
17185,13798,23,2,2026-09-19,2026-09-26,2026-09-29,5,5,0
17186,13799,17,9,2026-09-21,2026-09-27,2026-09-30,19,19,2
17187,13800,10,9,2026-10-01,2026-10-12,2026-10-14,171,171,8
17188,13800,10,9,2026-10-03,2026-10-19,2026-10-14,143,143,6
17189,13801,7,9,2026-10-03,2026-10-22,2026-10-23,823,823,7
17190,13802,15,9,2026-09-19,2026-09-23,2026-09-25,25,25,0
17191,13802,15,9,2026-09-19,2026-09-24,2026-09-25,23,23,0
17192,13802,15,9,2026-09-22,2026-09-23,2026-09-25,30,30,1
17193,13803,50,6,2026-09-29,2026-10-18,2026-10-07,958,958,46
17194,13804,14,6,2026-09-24,2026-09-28,2026-10-01,410,410,1
17195,13805,14,6,2026-09-19,2026-09-29,2026-10-01,4,4,0
17196,13805,14,6,2026-09-27,2026-09-29,2026-10-01,7,7,0
17197,13806,15,9,2026-09-20,2026-09-23,2026-09-25,10,10,0
17198,13807,36,9,2026-09-26,2026-09-30,2026-09-30,219,219,10
17199,13808,2,9,2026-10-03,2026-10-05,2026-10-06,22,22,0
17200,13809,12,9,2026-09-24,2026-10-07,2026-10-07,36,36,0
17201,13810,36,1,2026-09-22,2026-09-30,2026-09-30,2,2,0
17202,13810,36,1,2026-09-26,2026-09-30,2026-09-30,3,3,0
17203,13811,38,1,2026-09-21,2026-09-22,2026-09-23,427,427,13
17204,13811,38,1,2026-09-19,2026-09-20,2026-09-23,304,304,5
17205,13811,38,1,2026-09-20,2026-09-27,2026-09-23,241,241,4
17206,13812,10,1,2026-10-05,2026-10-13,2026-10-14,226,226,6
17207,13813,3,1,2026-09-30,2026-10-20,2026-10-23,403,403,12
17208,13814,24,1,2026-09-27,2026-10-09,2026-10-10,46,46,1
17209,13815,21,1,2026-09-20,2026-09-25,2026-09-25,351,351,8
17210,13816,20,1,2026-09-21,2026-09-23,2026-09-24,245,245,7
17211,13817,23,1,2026-09-21,2026-09-26,2026-09-29,181,181,7
17212,13818,18,2,2026-09-19,2026-09-24,2026-09-24,14,14,0
17213,13819,30,2,2026-09-23,2026-09-28,2026-09-29,550,550,2
17214,13820,41,2,2026-10-01,2026-10-14,2026-10-07,29,29,1
17215,13821,33,9,2026-10-01,2026-10-11,2026-10-14,48,48,1
17216,13822,43,9,2026-09-24,2026-10-04,2026-09-28,80,80,2
17217,13823,43,2,2026-09-24,2026-09-28,2026-09-29,7,7,0
17218,13824,12,2,2026-09-30,2026-10-05,2026-10-08,102,102,1
17219,13825,23,2,2026-09-28,2026-09-29,2026-09-30,138,138,4
17220,13826,43,2,2026-09-23,2026-10-04,2026-09-29,8,8,0
17221,13827,29,2,2026-09-26,2026-10-13,2026-10-13,6,6,0
17222,13828,24,9,2026-09-28,2026-10-08,2026-10-11,352,352,5
17223,13828,24,9,2026-10-04,2026-10-11,2026-10-11,562,562,1
17224,13829,18,9,2026-09-22,2026-09-22,2026-09-25,9,9,0
17225,13830,45,2,2026-09-30,2026-10-15,2026-10-15,542,542,3
17226,13831,36,2,2026-09-24,2026-09-30,2026-10-02,419,419,8
17227,13832,29,1,2026-09-29,2026-10-12,2026-10-14,216,216,3
17228,13832,29,1,2026-10-03,2026-10-12,2026-10-14,150,150,2
17229,13832,29,1,2026-09-29,2026-10-13,2026-10-14,196,196,5
17230,13833,1,1,2026-10-01,2026-10-01,2026-10-03,567,567,13
17231,13834,20,1,2026-09-23,2026-09-23,2026-09-26,51,51,1
17232,13835,16,10,2026-09-22,2026-09-26,2026-09-27,55,55,0
17233,13836,18,7,2026-09-21,2026-09-24,2026-09-26,96,96,1
17234,13837,17,7,2026-09-25,2026-10-01,2026-10-02,56,56,11
17235,13838,18,7,2026-09-21,2026-09-25,2026-09-26,7,7,0
17236,13839,44,6,2026-10-02,2026-10-11,2026-10-11,44,44,1
17237,13840,17,6,2026-09-25,2026-10-02,2026-10-02,5,5,0
17238,13840,17,6,2026-09-22,2026-09-29,2026-10-02,6,6,1
17239,13841,36,6,2026-09-22,2026-10-01,2026-10-02,8,8,0
17240,13842,5,4,2026-09-21,2026-09-25,2026-09-26,35,35,1
17241,13842,5,4,2026-09-26,2026-09-26,2026-09-26,32,32,1
17242,13843,5,4,2026-09-22,2026-09-23,2026-09-26,45,45,3
17243,13843,5,4,2026-09-21,2026-09-24,2026-09-26,26,26,1
17244,13843,5,4,2026-09-23,2026-09-23,2026-09-26,23,23,1
17245,13844,3,4,2026-10-07,2026-10-23,2026-10-25,476,476,27
17246,13845,17,4,2026-09-23,2026-09-29,2026-10-02,7,7,1
17247,13846,12,4,2026-09-28,2026-10-08,2026-10-09,562,562,8
17248,13847,2,4,2026-09-30,2026-10-07,2026-10-08,12,12,0
17249,13848,7,4,2026-10-05,2026-10-26,2026-10-26,925,925,10
17250,13849,4,4,2026-10-02,2026-10-24,2026-10-13,67,67,2
17251,13849,4,4,2026-10-03,2026-10-19,2026-10-13,173,173,3
17252,13850,36,4,2026-09-30,2026-10-01,2026-10-03,2,2,0
17253,13850,36,4,2026-10-01,2026-10-01,2026-10-03,3,3,0
17254,13851,2,4,2026-09-26,2026-10-08,2026-10-09,585,585,12
17255,13852,15,4,2026-09-24,2026-09-25,2026-09-28,43,43,2
17256,13853,38,4,2026-09-24,2026-09-24,2026-09-26,57,57,0
17257,13854,27,4,2026-09-25,2026-10-03,2026-10-04,76,76,2
17258,13854,27,4,2026-09-22,2026-10-01,2026-10-04,98,98,1
17259,13855,30,4,2026-09-24,2026-09-30,2026-10-02,40,40,0
17260,13856,28,4,2026-09-30,2026-10-09,2026-10-10,798,798,7
17261,13857,36,4,2026-09-26,2026-10-02,2026-10-03,14,14,0
17262,13858,36,4,2026-09-27,2026-10-03,2026-10-03,21,21,1
17263,13859,11,4,2026-09-29,2026-10-12,2026-10-04,19,19,0
17264,13860,22,4,2026-09-26,2026-10-09,2026-09-27,415,415,11
17265,13861,2,4,2026-10-02,2026-10-08,2026-10-09,7,7,0
17266,13862,30,4,2026-09-27,2026-10-02,2026-10-02,2,2,0
17267,13862,30,4,2026-10-02,2026-10-07,2026-10-02,3,3,0
17268,13863,21,4,2026-09-25,2026-09-27,2026-09-28,82,82,5
17269,13864,41,4,2026-10-04,2026-10-11,2026-10-10,1,1,0
17270,13864,41,4,2026-10-01,2026-10-10,2026-10-10,2,2,0
17271,13865,30,2,2026-10-02,2026-10-02,2026-10-02,141,141,1
17272,13866,37,2,2026-10-09,2026-10-20,2026-10-22,41,41,0
17273,13867,21,2,2026-09-25,2026-09-26,2026-09-28,147,147,3
17274,13868,25,2,2026-09-22,2026-09-29,2026-09-29,119,119,3
17275,13869,50,7,2026-09-29,2026-10-07,2026-10-10,18,18,1
17276,13870,31,7,2026-10-09,2026-10-20,2026-10-23,26,26,0
17277,13871,17,5,2026-09-22,2026-09-30,2026-10-03,82,82,4
17278,13872,28,5,2026-09-27,2026-10-09,2026-10-10,166,166,2
17279,13872,28,5,2026-09-27,2026-10-08,2026-10-10,184,184,3
17280,13872,28,5,2026-10-06,2026-10-07,2026-10-10,149,149,0
17281,13873,17,5,2026-09-27,2026-10-03,2026-10-03,19,19,2
17282,13874,21,4,2026-09-28,2026-09-28,2026-09-28,110,110,2
17283,13875,18,4,2026-09-30,2026-10-04,2026-09-27,10,10,0
17284,13876,7,4,2026-10-12,2026-10-25,2026-10-26,11,11,0
17285,13877,28,9,2026-09-30,2026-10-10,2026-10-10,214,214,1
17286,13877,28,9,2026-09-30,2026-10-08,2026-10-10,245,245,2
17287,13878,49,9,2026-09-22,2026-09-24,2026-09-26,2,2,0
17288,13878,49,9,2026-09-28,2026-09-28,2026-09-26,2,2,0
17289,13878,49,9,2026-09-24,2026-10-07,2026-09-26,2,2,0
17290,13879,11,9,2026-09-24,2026-10-03,2026-10-04,226,226,0
17291,13880,2,9,2026-10-02,2026-10-12,2026-10-09,456,456,7
17292,13880,2,9,2026-10-01,2026-10-06,2026-10-09,654,654,4
17293,13881,40,9,2026-09-29,2026-10-11,2026-10-14,7,7,0
17294,13881,40,9,2026-10-06,2026-10-11,2026-10-14,8,8,0
17295,13882,10,9,2026-10-05,2026-10-17,2026-10-17,9,9,0
17296,13883,43,8,2026-09-25,2026-09-30,2026-10-02,447,447,21
17297,13884,9,8,2026-10-06,2026-10-19,2026-10-12,8,8,0
17298,13885,15,8,2026-09-28,2026-10-02,2026-09-29,43,43,3
17299,13886,47,8,2026-10-03,2026-10-11,2026-10-14,42,42,1
17300,13886,47,8,2026-10-06,2026-10-14,2026-10-14,81,81,4
17301,13887,19,7,2026-09-23,2026-10-05,2026-09-27,33,33,1
17302,13887,19,7,2026-09-24,2026-09-26,2026-09-27,43,43,2
17303,13888,42,7,2026-10-03,2026-10-06,2026-10-06,34,34,1
17304,13889,41,10,2026-10-06,2026-10-19,2026-10-11,6,6,0
17305,13890,14,10,2026-09-28,2026-10-02,2026-10-05,6,6,0
17306,13890,14,10,2026-10-03,2026-10-03,2026-10-05,5,5,0
17307,13891,1,10,2026-10-02,2026-10-03,2026-10-05,30,30,0
17308,13891,1,10,2026-09-23,2026-10-02,2026-10-05,29,29,0
17309,13892,15,10,2026-09-25,2026-09-26,2026-09-29,97,97,6
17310,13893,19,10,2026-09-27,2026-09-27,2026-09-27,261,261,2
17311,13894,43,2,2026-09-24,2026-09-30,2026-10-02,6,6,0
17312,13894,43,2,2026-09-28,2026-09-30,2026-10-02,4,4,0
17313,13894,43,2,2026-09-27,2026-10-01,2026-10-02,3,3,0
17314,13895,39,2,2026-09-23,2026-09-26,2026-09-29,13,13,0
17315,13896,30,9,2026-09-28,2026-10-03,2026-10-03,713,713,2
17316,13897,39,9,2026-09-23,2026-09-29,2026-09-29,147,147,3
17317,13898,44,9,2026-10-03,2026-10-13,2026-10-13,21,21,0
17318,13899,45,9,2026-10-07,2026-10-16,2026-10-17,15,15,0
17319,13900,40,9,2026-10-04,2026-10-14,2026-10-15,50,50,0
17320,13901,17,8,2026-09-24,2026-10-01,2026-10-04,394,394,31
17321,13902,35,8,2026-09-27,2026-10-04,2026-10-04,478,478,6
17322,13903,7,6,2026-10-10,2026-10-24,2026-10-27,55,55,1
17323,13904,2,8,2026-10-05,2026-10-08,2026-10-10,34,34,0
17324,13905,43,2,2026-10-03,2026-10-11,2026-10-02,445,445,10
17325,13906,44,2,2026-10-03,2026-10-11,2026-10-13,16,16,0
17326,13907,25,7,2026-09-24,2026-09-27,2026-09-30,502,502,11
17327,13908,30,7,2026-09-29,2026-10-02,2026-10-03,426,426,4
17328,13908,30,7,2026-09-24,2026-09-30,2026-10-03,351,351,1
17329,13909,20,2,2026-09-25,2026-09-29,2026-09-29,201,201,4
17330,13910,50,2,2026-09-29,2026-10-11,2026-10-12,136,136,1
17331,13911,26,2,2026-10-03,2026-10-13,2026-10-06,34,34,0
17332,13912,20,10,2026-09-28,2026-09-28,2026-09-29,11,11,0
17333,13913,10,7,2026-10-04,2026-10-16,2026-10-19,56,56,2
17334,13914,2,7,2026-10-04,2026-10-09,2026-10-11,100,100,2
17335,13915,44,7,2026-10-01,2026-10-11,2026-10-14,612,612,2
17336,13916,16,7,2026-10-06,2026-10-06,2026-09-30,119,119,0
17337,13916,16,7,2026-09-25,2026-09-28,2026-09-30,166,166,0
17338,13917,12,7,2026-10-04,2026-10-12,2026-10-12,11,11,0
17339,13918,11,3,2026-09-26,2026-10-08,2026-10-06,94,94,1
17340,13919,43,3,2026-09-28,2026-09-30,2026-10-03,12,12,0
17341,13920,16,3,2026-09-26,2026-09-27,2026-09-30,6,6,0
17342,13921,8,10,2026-09-27,2026-10-02,2026-10-03,278,278,6
17343,13922,3,1,2026-10-08,2026-10-28,2026-10-28,471,471,16
17344,13923,36,1,2026-09-26,2026-10-12,2026-10-05,98,98,2
17345,13924,39,4,2026-09-28,2026-09-29,2026-09-30,11,11,0
17346,13924,39,4,2026-09-27,2026-09-29,2026-09-30,13,13,0
17347,13925,21,4,2026-09-24,2026-09-29,2026-09-30,176,176,4
17348,13926,15,4,2026-09-24,2026-10-03,2026-09-30,47,47,1
17349,13927,43,9,2026-10-01,2026-10-01,2026-10-03,39,39,1
17350,13928,5,9,2026-10-01,2026-10-01,2026-09-29,371,371,25
17351,13929,20,10,2026-09-24,2026-09-28,2026-09-29,6,6,0
17352,13930,20,10,2026-09-24,2026-09-29,2026-09-29,10,10,0
17353,13931,44,10,2026-09-29,2026-10-13,2026-10-14,269,269,5
17354,13932,18,10,2026-09-28,2026-09-28,2026-09-29,5,5,0
17355,13933,7,5,2026-10-17,2026-10-27,2026-10-28,260,260,3
17356,13933,7,5,2026-10-13,2026-10-27,2026-10-28,74,74,1
17357,13933,7,5,2026-10-10,2026-10-27,2026-10-28,95,95,2
17358,13934,37,5,2026-10-02,2026-10-22,2026-10-24,34,34,1
17359,13934,37,5,2026-10-06,2026-10-29,2026-10-24,73,73,2
17360,13935,45,5,2026-09-27,2026-10-16,2026-10-18,87,87,0
17361,13936,15,5,2026-09-28,2026-09-29,2026-09-30,28,28,1
17362,13937,30,1,2026-09-24,2026-10-05,2026-10-04,231,231,2
17363,13938,7,1,2026-10-10,2026-10-28,2026-10-28,108,108,3
17364,13939,44,1,2026-09-29,2026-10-15,2026-10-14,373,373,3
17365,13940,30,1,2026-09-26,2026-10-01,2026-10-04,61,61,1
17366,13941,5,6,2026-09-28,2026-09-28,2026-09-29,89,89,2
17367,13942,40,6,2026-10-11,2026-10-14,2026-10-16,1292,1292,0
17368,13943,32,9,2026-10-01,2026-10-01,2026-09-29,152,152,3
17369,13944,47,9,2026-09-30,2026-10-15,2026-10-15,6,6,0
17370,13945,30,9,2026-09-28,2026-10-01,2026-10-04,271,271,2
17371,13946,22,9,2026-09-28,2026-09-28,2026-09-29,84,84,2
17372,13947,5,9,2026-09-26,2026-09-26,2026-09-29,5,5,0
17373,13948,17,9,2026-09-30,2026-10-02,2026-10-05,47,47,7
17374,13949,30,9,2026-09-29,2026-10-03,2026-10-04,178,178,1
17375,13949,30,9,2026-09-28,2026-10-02,2026-10-04,81,81,1
17376,13949,30,9,2026-09-24,2026-10-02,2026-10-04,108,108,1
17377,13950,39,1,2026-09-24,2026-09-28,2026-09-30,10,10,0
17378,13951,20,1,2026-09-25,2026-09-27,2026-09-29,54,54,1
17379,13951,20,1,2026-09-24,2026-09-27,2026-09-29,21,21,0
17380,13951,20,1,2026-09-24,2026-09-27,2026-09-29,39,39,1
17381,13952,23,1,2026-09-24,2026-10-04,2026-10-04,356,356,23
17382,13953,20,3,2026-09-26,2026-09-26,2026-09-29,962,962,11
17383,13954,8,3,2026-09-25,2026-10-01,2026-10-03,13,13,0
17384,13955,46,3,2026-10-09,2026-10-20,2026-10-20,17,17,0
17385,13956,12,3,2026-10-04,2026-10-12,2026-10-12,12,12,0
17386,13957,16,1,2026-09-26,2026-09-30,2026-09-30,68,68,0
17387,13957,16,1,2026-09-24,2026-09-29,2026-09-30,110,110,1
17388,13958,30,2,2026-10-03,2026-10-03,2026-10-05,6,6,0
17389,13959,18,2,2026-09-28,2026-09-28,2026-09-30,92,92,2
17390,13960,1,2,2026-09-30,2026-10-07,2026-10-07,457,457,8
17391,13961,16,2,2026-09-27,2026-10-01,2026-10-01,22,22,0
17392,13961,16,2,2026-09-26,2026-09-29,2026-10-01,43,43,0
17393,13962,35,4,2026-09-28,2026-10-06,2026-10-06,11,11,0
17394,13962,35,4,2026-10-02,2026-10-04,2026-10-06,3,3,0
17395,13962,35,4,2026-10-04,2026-10-04,2026-10-06,5,5,0
17396,13963,43,4,2026-10-02,2026-10-04,2026-10-04,67,67,1
17397,13964,35,4,2026-10-05,2026-10-06,2026-10-06,745,745,5
17398,13965,2,9,2026-10-07,2026-10-10,2026-10-12,75,75,2
17399,13966,22,10,2026-09-26,2026-09-30,2026-09-30,379,379,7
17400,13967,16,10,2026-09-25,2026-10-01,2026-10-01,26,26,0
17401,13968,34,10,2026-10-11,2026-11-03,2026-10-29,1115,1115,34
17402,13969,45,10,2026-10-06,2026-10-16,2026-10-19,398,398,1
17403,13970,2,10,2026-09-29,2026-10-10,2026-10-12,51,51,1
17404,13970,2,10,2026-10-06,2026-10-09,2026-10-12,16,16,0
17405,13970,2,10,2026-10-05,2026-10-11,2026-10-12,30,30,1
17406,13971,43,10,2026-09-28,2026-10-01,2026-10-04,64,64,1
17407,13972,4,10,2026-10-05,2026-10-15,2026-10-16,153,153,8
17408,13973,42,1,2026-10-02,2026-10-07,2026-10-08,77,77,0
17409,13974,43,1,2026-09-28,2026-10-02,2026-10-04,330,330,17
17410,13975,12,9,2026-10-02,2026-10-11,2026-10-13,31,31,1
17411,13976,14,9,2026-09-27,2026-10-05,2026-10-07,154,154,0
17412,13976,14,9,2026-09-30,2026-10-04,2026-10-07,307,307,1
17413,13977,3,9,2026-10-15,2026-10-28,2026-10-29,13,13,1
17414,13978,25,9,2026-09-25,2026-10-13,2026-10-02,218,218,2
17415,13979,43,7,2026-09-25,2026-10-02,2026-10-04,18,18,0
17416,13980,29,4,2026-10-04,2026-10-15,2026-10-18,13,13,0
17417,13981,5,4,2026-09-25,2026-09-27,2026-09-30,12,12,1
17418,13981,5,4,2026-09-26,2026-09-30,2026-09-30,19,19,1
17419,13982,19,4,2026-10-04,2026-10-04,2026-09-29,208,208,12
17420,13983,41,8,2026-10-05,2026-10-25,2026-10-13,41,41,1
17421,13984,35,8,2026-09-25,2026-10-03,2026-10-06,99,99,2
17422,13985,10,8,2026-10-07,2026-10-18,2026-10-20,42,42,1
17423,13986,48,4,2026-10-08,2026-10-20,2026-10-21,171,171,2
17424,13987,1,4,2026-09-25,2026-10-05,2026-10-07,41,41,0
17425,13988,13,4,2026-10-01,2026-10-05,2026-10-07,22,22,0
17426,13988,13,4,2026-09-28,2026-10-05,2026-10-07,33,33,0
17427,13989,15,4,2026-09-26,2026-09-30,2026-10-01,98,98,9
17428,13990,16,8,2026-09-28,2026-09-28,2026-10-01,420,420,4
17429,13991,30,8,2026-09-25,2026-10-03,2026-10-05,196,196,2
17430,13992,36,8,2026-09-25,2026-10-04,2026-10-06,10,10,0
